configuration_id,checkpoint_step,rep,grid_step,train_ce,cal_ce,train_token_exact,cal_token_exact,is_selected
L19_SEED_1,16,0,0,3.53113138675,3.52642973633,0,0,false
L19_SEED_1,16,0,25,0.988639649273,0.779405741657,28,144,false
L19_SEED_1,16,0,50,0.458868874634,0.245067143942,28,144,false
L19_SEED_1,16,0,75,0.35409093022,0.192764769167,28,144,false
L19_SEED_1,16,0,100,0.322088514818,0.154074740799,28,144,false
L19_SEED_1,16,0,125,0.306905279543,0.140148228879,28,144,false
L19_SEED_1,16,0,150,0.297861169079,0.131859299142,28,144,false
L19_SEED_1,16,0,175,0.29187729695,0.125947392546,28,144,false
L19_SEED_1,16,0,200,0.287655975718,0.121826668529,28,144,false
L19_SEED_1,16,0,225,0.284540096042,0.118807946487,28,144,false
L19_SEED_1,16,0,250,0.282160038336,0.116499800535,28,144,false
L19_SEED_1,16,0,275,0.280292230497,0.114685931353,28,144,false
L19_SEED_1,16,0,300,0.27879390472,0.113229909131,28,144,false
L19_SEED_1,16,0,325,0.27756989587,0.112040008839,28,144,false
L19_SEED_1,16,0,350,0.276554507384,0.111052620204,28,144,false
L19_SEED_1,16,0,375,0.275701039995,0.110222469081,28,144,false
L19_SEED_1,16,0,400,0.274975463707,0.109516549713,28,144,false
L19_SEED_1,16,0,425,0.274352445007,0.108910282892,28,144,false
L19_SEED_1,16,0,450,0.27381277032,0.108385020844,28,144,false
L19_SEED_1,16,0,475,0.273341627366,0.10792638288,28,144,false
L19_SEED_1,16,0,500,0.272927430284,0.107523117473,28,144,false
L19_SEED_1,16,0,525,0.272560998878,0.107166307031,28,144,false
L19_SEED_1,16,0,550,0.272234974091,0.106848801338,28,144,false
L19_SEED_1,16,0,575,0.27194339448,0.106564806897,28,144,false
L19_SEED_1,16,0,600,0.271681384528,0.106309584628,28,144,false
L19_SEED_1,16,0,625,0.271444922002,0.106079224164,28,144,false
L19_SEED_1,16,0,650,0.271230662078,0.105870473179,28,144,false
L19_SEED_1,16,0,675,0.271035802803,0.105680606795,28,144,false
L19_SEED_1,16,0,700,0.270857981067,0.105507326584,28,144,false
L19_SEED_1,16,0,725,0.270695191365,0.105348681679,28,144,false
L19_SEED_1,16,0,750,0.27054572176,0.105203006587,28,144,false
L19_SEED_1,16,0,775,0.270408102995,0.10506887174,28,144,false
L19_SEED_1,16,0,800,0.270281067706,0.104945043884,28,144,false
L19_SEED_1,16,0,825,0.270163517506,0.104830454083,28,144,false
L19_SEED_1,16,0,850,0.270054496238,0.10472417173,28,144,false
L19_SEED_1,16,0,875,0.269953168087,0.10462538327,28,144,false
L19_SEED_1,16,0,900,0.269858799567,0.104533374691,28,144,false
L19_SEED_1,16,0,925,0.269770744619,0.104447517034,28,144,false
L19_SEED_1,16,0,950,0.269688432197,0.104367254327,28,144,false
L19_SEED_1,16,0,975,0.269611355896,0.104292093495,28,144,false
L19_SEED_1,16,0,1000,0.269539065227,0.104221595875,28,144,false
L19_SEED_1,16,0,1025,0.269471158255,0.104155370058,28,144,false
L19_SEED_1,16,0,1050,0.269407275352,0.104093065812,28,144,false
L19_SEED_1,16,0,1075,0.269347093884,0.104034368911,28,144,false
L19_SEED_1,16,0,1100,0.269290323662,0.103978996713,28,144,false
L19_SEED_1,16,0,1125,0.269236703045,0.103926694366,28,144,false
L19_SEED_1,16,0,1150,0.269185995584,0.103877231543,28,144,false
L19_SEED_1,16,0,1175,0.269137987118,0.103830399618,28,144,false
L19_SEED_1,16,0,1200,0.269092483265,0.103786009223,28,144,false
L19_SEED_1,16,0,1225,0.26904930723,0.103743888113,28,144,false
L19_SEED_1,16,0,1250,0.269008297906,0.103703879322,28,144,false
L19_SEED_1,16,0,1275,0.268969308202,0.103665839532,28,144,false
L19_SEED_1,16,0,1300,0.268932203587,0.103629637655,28,144,false
L19_SEED_1,16,0,1325,0.2688968608,0.103595153584,28,144,false
L19_SEED_1,16,0,1350,0.268863166723,0.103562277084,28,144,false
L19_SEED_1,16,0,1375,0.268831017374,0.103530906826,28,144,false
L19_SEED_1,16,0,1400,0.268800317031,0.103500949521,28,144,false
L19_SEED_1,16,0,1425,0.268770977435,0.103472319153,28,144,false
L19_SEED_1,16,0,1450,0.2687429171,0.103444936303,28,144,false
L19_SEED_1,16,0,1475,0.268716060684,0.103418727537,28,144,false
L19_SEED_1,16,0,1500,0.268690338435,0.103393624868,28,144,false
L19_SEED_1,16,0,1525,0.268665685694,0.103369565269,28,144,false
L19_SEED_1,16,0,1550,0.268642042445,0.103346490238,28,144,false
L19_SEED_1,16,0,1575,0.268619352918,0.103324345412,28,144,false
L19_SEED_1,16,0,1600,0.268597565226,0.103303080208,28,144,false
L19_SEED_1,16,0,1625,0.268576631041,0.103282647512,28,144,false
L19_SEED_1,16,0,1650,0.268556505301,0.103263003394,28,144,false
L19_SEED_1,16,0,1675,0.268537145943,0.103244106845,28,144,false
L19_SEED_1,16,0,1700,0.268518513665,0.103225919547,28,144,false
L19_SEED_1,16,0,1725,0.268500571706,0.103208405708,28,144,false
L19_SEED_1,16,0,1750,0.268483285652,0.103191266589,28,144,false
L19_SEED_1,16,0,1775,0.268466623313,0.103173783299,28,144,false
L19_SEED_1,16,0,1800,0.268450554669,0.103155650578,28,144,false
L19_SEED_1,16,0,1825,0.26843505041,0.103142781264,28,144,false
L19_SEED_1,16,0,1850,0.268420084708,0.103129404924,28,144,false
L19_SEED_1,16,0,1875,0.268405632285,0.103115703238,28,144,false
L19_SEED_1,16,0,1900,0.268391669473,0.103102116905,28,144,false
L19_SEED_1,16,0,1925,0.268378174021,0.103088896376,28,144,false
L19_SEED_1,16,0,1950,0.268365124961,0.103076168886,28,144,false
L19_SEED_1,16,0,1975,0.26835250251,0.10306384266,28,144,false
L19_SEED_1,16,0,2000,0.268340287993,0.10305191692,28,144,true
L19_SEED_1,16,4,0,3.36074288124,3.35568485998,2,12,false
L19_SEED_1,16,4,25,1.39176781111,1.82853597993,26,111,false
L19_SEED_1,16,4,50,0.777272669337,1.34912003434,29,109,false
L19_SEED_1,16,4,75,0.530696324434,1.17688699229,29,120,false
L19_SEED_1,16,4,100,0.416115559801,1.11563110508,29,120,false
L19_SEED_1,16,4,125,0.352260704154,1.09493955394,29,121,false
L19_SEED_1,16,4,150,0.31095202408,1.09395729567,29,121,true
L19_SEED_1,16,4,175,0.281306553816,1.10330520129,29,120,false
L19_SEED_1,16,4,200,0.258458176421,1.11849773365,29,121,false
L19_SEED_1,16,4,225,0.239938967381,1.13722681515,29,120,false
L19_SEED_1,16,4,250,0.224370323999,1.15809450217,29,120,false
L19_SEED_1,16,4,275,0.210923724124,1.18026691739,29,120,false
L19_SEED_1,16,4,300,0.199072203815,1.20323019871,29,120,false
L19_SEED_1,16,4,325,0.188464981945,1.22666174005,30,114,false
L19_SEED_1,16,4,350,0.178859495463,1.25035539038,30,114,false
L19_SEED_1,16,4,375,0.170082368683,1.27417756902,30,114,false
L19_SEED_1,16,4,400,0.16200592623,1.29803999576,30,114,false
L19_SEED_1,16,4,425,0.154533511259,1.32188258889,30,114,false
L19_SEED_1,16,4,450,0.147590019264,1.34566290324,31,102,false
L19_SEED_1,16,4,475,0.141115640001,1.36934967191,31,102,false
L19_SEED_1,16,4,500,0.135061636102,1.39291890353,31,102,false
L19_SEED_1,16,4,525,0.129387448654,1.41635155467,31,102,false
L19_SEED_1,16,4,550,0.124058685166,1.43963215112,31,102,false
L19_SEED_1,16,4,575,0.119045703447,1.46274796657,31,102,false
L19_SEED_1,16,4,600,0.114322602496,1.48568851944,31,102,false
L19_SEED_1,16,4,625,0.10986649369,1.50844524556,31,102,false
L19_SEED_1,16,4,650,0.105656966206,1.53101126544,32,97,false
L19_SEED_1,16,4,675,0.101675687807,1.55338120088,32,97,false
L19_SEED_1,16,4,700,0.0979061005445,1.5755510175,32,97,false
L19_SEED_1,16,4,725,0.0943331835433,1.59751788163,32,97,false
L19_SEED_1,16,4,750,0.0909432636987,1.6192800266,32,97,false
L19_SEED_1,16,4,775,0.087723861075,1.64083662671,32,97,false
L19_SEED_1,16,4,800,0.084663559899,1.66218767844,32,97,false
L19_SEED_1,16,4,825,0.0817518988437,1.68333388945,32,97,false
L19_SEED_1,16,4,850,0.0789792762174,1.70427657528,32,97,false
L19_SEED_1,16,4,875,0.0763368669751,1.72501756435,32,97,false
L19_SEED_1,16,4,900,0.0738165493582,1.74555911101,32,96,false
L19_SEED_1,16,4,925,0.0714108395667,1.76590381667,32,96,false
L19_SEED_1,16,4,950,0.0691128332756,1.78605455875,32,96,false
L19_SEED_1,16,4,975,0.0669161530853,1.80601442725,32,96,false
L19_SEED_1,16,4,1000,0.0648149011871,1.82578666842,32,96,false
L19_SEED_1,16,4,1025,0.0628036166558,1.84537463547,32,96,false
L19_SEED_1,16,4,1050,0.0608772368794,1.8647817457,32,96,false
L19_SEED_1,16,4,1075,0.0590310627026,1.88401144391,32,96,false
L19_SEED_1,16,4,1100,0.0572607269148,1.90306717155,32,96,false
L19_SEED_1,16,4,1125,0.0555621657561,1.92195234139,32,96,false
L19_SEED_1,16,4,1150,0.0539315931463,1.94067031722,32,96,false
L19_SEED_1,16,4,1175,0.0523654773733,1.95922439812,32,96,false
L19_SEED_1,16,4,1200,0.0508605200011,1.97761780692,32,96,false
L19_SEED_1,16,4,1225,0.0494136367803,1.99585368243,32,96,false
L19_SEED_1,16,4,1250,0.0480219403647,2.0139350747,32,96,false
L19_SEED_1,16,4,1275,0.046682724655,2.03186494312,32,95,false
L19_SEED_1,16,4,1300,0.0453934506073,2.04964615669,32,95,false
L19_SEED_1,16,4,1325,0.0441517333618,2.06728149596,32,95,false
L19_SEED_1,16,4,1350,0.0429553305571,2.08477365635,32,95,false
L19_SEED_1,16,4,1375,0.0418021317124,2.10212525232,32,94,false
L19_SEED_1,16,4,1400,0.0406901485689,2.11933882209,32,94,false
L19_SEED_1,16,4,1425,0.0396175062943,2.13641683263,32,94,false
L19_SEED_1,16,4,1450,0.038582435462,2.15336168466,32,94,false
L19_SEED_1,16,4,1475,0.0375832647281,2.17017571744,32,94,false
L19_SEED_1,16,4,1500,0.0366184141357,2.1868612133,32,94,false
L19_SEED_1,16,4,1525,0.035686388983,2.20342040174,32,94,false
L19_SEED_1,16,4,1550,0.0347857741997,2.2198554631,32,94,false
L19_SEED_1,16,4,1575,0.0339152291819,2.23616853179,32,94,false
L19_SEED_1,16,4,1600,0.033073483039,2.25236169896,32,94,false
L19_SEED_1,16,4,1625,0.0322593302146,2.26843701489,32,93,false
L19_SEED_1,16,4,1650,0.0314716264441,2.28439649085,32,93,false
L19_SEED_1,16,4,1675,0.0307092850183,2.30024210067,32,93,false
L19_SEED_1,16,4,1700,0.0299712733236,2.31597578205,32,93,false
L19_SEED_1,16,4,1725,0.0292566096347,2.33159943756,32,93,false
L19_SEED_1,16,4,1750,0.0285643601356,2.34711493543,32,93,false
L19_SEED_1,16,4,1775,0.0278936361505,2.36252411029,32,93,false
L19_SEED_1,16,4,1800,0.0272435915653,2.37782876369,32,93,false
L19_SEED_1,16,4,1825,0.0266134204239,2.39303066456,32,93,false
L19_SEED_1,16,4,1850,0.0260023546855,2.40813154967,32,93,false
L19_SEED_1,16,4,1875,0.0254096621284,2.423133124,32,93,false
L19_SEED_1,16,4,1900,0.0248346443904,2.43803706117,32,93,false
L19_SEED_1,16,4,1925,0.0242766351338,2.45284500375,32,92,false
L19_SEED_1,16,4,1950,0.0237349983265,2.46755856375,32,92,false
L19_SEED_1,16,4,1975,0.0232091266297,2.48217932297,32,92,false
L19_SEED_1,16,4,2000,0.0226984398855,2.49670883349,32,92,false
L19_SEED_1,16,8,0,3.35099145061,3.33827780376,2,13,false
L19_SEED_1,16,8,25,1.43371590064,2.21670094317,26,63,false
L19_SEED_1,16,8,50,0.848696675592,2.00160429546,28,77,false
L19_SEED_1,16,8,75,0.592986784923,1.95665946588,29,80,true
L19_SEED_1,16,8,100,0.459360916525,1.96172425883,29,82,false
L19_SEED_1,16,8,125,0.379540019118,1.99496127819,29,82,false
L19_SEED_1,16,8,150,0.326975734108,2.03783476746,29,83,false
L19_SEED_1,16,8,175,0.289740019605,2.08469771151,30,72,false
L19_SEED_1,16,8,200,0.261867377158,2.13315145146,30,72,false
L19_SEED_1,16,8,225,0.240102857095,2.18175167209,30,71,false
L19_SEED_1,16,8,250,0.222536052979,2.22982219647,30,71,false
L19_SEED_1,16,8,275,0.207975921557,2.27702340038,30,70,false
L19_SEED_1,16,8,300,0.195642400778,2.32320749826,30,70,false
L19_SEED_1,16,8,325,0.185003756675,2.36833099134,30,69,false
L19_SEED_1,16,8,350,0.175685527804,2.41240656592,30,71,false
L19_SEED_1,16,8,375,0.167416823055,2.45547698506,30,71,false
L19_SEED_1,16,8,400,0.159997198498,2.49759994667,30,71,false
L19_SEED_1,16,8,425,0.153275436806,2.53883933753,30,71,false
L19_SEED_1,16,8,450,0.14713551,2.57926015222,30,70,false
L19_SEED_1,16,8,475,0.141487039006,2.61892561141,30,69,false
L19_SEED_1,16,8,500,0.136258657846,2.6578955849,30,69,false
L19_SEED_1,16,8,525,0.131393305198,2.69622578975,31,63,false
L19_SEED_1,16,8,550,0.126844825073,2.73396744349,31,63,false
L19_SEED_1,16,8,575,0.122575475035,2.77116717944,31,63,false
L19_SEED_1,16,8,600,0.118554074989,2.80786711148,31,62,false
L19_SEED_1,16,8,625,0.114754615373,2.84410498503,31,62,false
L19_SEED_1,16,8,650,0.111155199531,2.87991438113,31,62,false
L19_SEED_1,16,8,675,0.107737232229,2.91532495833,31,61,false
L19_SEED_1,16,8,700,0.104484791503,2.95036272568,31,61,false
L19_SEED_1,16,8,725,0.101384138408,2.98505034316,31,61,false
L19_SEED_1,16,8,750,0.0984233313959,3.01940744502,31,61,false
L19_SEED_1,16,8,775,0.0955919207059,3.05345097918,31,61,false
L19_SEED_1,16,8,800,0.0928807043436,3.08719555319,31,61,false
L19_SEED_1,16,8,825,0.0902815317651,3.1206537756,31,61,false
L19_SEED_1,16,8,850,0.0877871446928,3.15383658139,31,61,false
L19_SEED_1,16,8,875,0.0853910469627,3.18675353106,31,61,false
L19_SEED_1,16,8,900,0.0830873971485,3.21941307494,31,61,false
L19_SEED_1,16,8,925,0.0808709191061,3.25182277695,32,56,false
L19_SEED_1,16,8,950,0.0787368266548,3.28398949406,32,56,false
L19_SEED_1,16,8,975,0.0766807594463,3.31591951046,32,56,false
L19_SEED_1,16,8,1000,0.0746987277378,3.34761862696,32,56,false
L19_SEED_1,16,8,1025,0.0727870643321,3.37909220836,32,56,false
L19_SEED_1,16,8,1050,0.0709423824033,3.41034519296,32,56,false
L19_SEED_1,16,8,1075,0.0691615383239,3.44138207046,32,56,false
L19_SEED_1,16,8,1100,0.0674415989407,3.47220683603,32,56,false
L19_SEED_1,16,8,1125,0.0657798130193,3.50282293049,32,56,false
L19_SEED_1,16,8,1150,0.0641735867739,3.53323317766,32,56,false
L19_SEED_1,16,8,1175,0.0626204634984,3.56343973088,32,56,false
L19_SEED_1,16,8,1200,0.0611181073117,3.59344404021,32,56,false
L19_SEED_1,16,8,1225,0.0596642909236,3.62324685007,32,54,false
L19_SEED_1,16,8,1250,0.0582568871387,3.65284823376,32,54,false
L19_SEED_1,16,8,1275,0.056893863592,3.68224766699,32,54,false
L19_SEED_1,16,8,1300,0.0555732800055,3.71144413725,32,55,false
L19_SEED_1,16,8,1325,0.0542932871257,3.74043628144,32,55,false
L19_SEED_1,16,8,1350,0.0530521264797,3.76922254027,32,55,false
L19_SEED_1,16,8,1375,0.0518481301839,3.79780131665,32,55,false
L19_SEED_1,16,8,1400,0.0506797202245,3.82617112503,32,55,false
L19_SEED_1,16,8,1425,0.0495454068606,3.85433072138,32,55,false
L19_SEED_1,16,8,1450,0.0484437860322,3.88227920643,32,55,false
L19_SEED_1,16,8,1475,0.0473735358378,3.91001609863,32,55,false
L19_SEED_1,16,8,1500,0.0463334122747,3.93754137708,32,55,false
L19_SEED_1,16,8,1525,0.0453222444884,3.96485549695,32,55,false
L19_SEED_1,16,8,1550,0.044338929784,3.99195938216,32,55,false
L19_SEED_1,16,8,1575,0.0433824286171,4.01885440036,32,55,false
L19_SEED_1,16,8,1600,0.0424517597347,4.04554232584,32,55,false
L19_SEED_1,16,8,1625,0.0415459955788,4.07202529485,32,55,false
L19_SEED_1,16,8,1650,0.0406642580219,4.09830575743,32,55,false
L19_SEED_1,16,8,1675,0.0398057144602,4.12438642885,32,55,false
L19_SEED_1,16,8,1700,0.0389695742685,4.15027024271,32,55,false
L19_SEED_1,16,8,1725,0.0381550855993,4.17596030728,32,54,false
L19_SEED_1,16,8,1750,0.0373615325006,4.20145986582,32,54,false
L19_SEED_1,16,8,1775,0.0365882323222,4.22677226139,32,54,false
L19_SEED_1,16,8,1800,0.0358345333808,4.25190090602,32,54,false
L19_SEED_1,16,8,1825,0.0350998128519,4.27684925427,32,54,false
L19_SEED_1,16,8,1850,0.0343834748654,4.30162078081,32,54,false
L19_SEED_1,16,8,1875,0.0336849487771,4.32621896157,32,54,false
L19_SEED_1,16,8,1900,0.033003687598,4.35064725821,32,54,false
L19_SEED_1,16,8,1925,0.0323391665621,4.37490910535,32,54,false
L19_SEED_1,16,8,1950,0.0316908818166,4.39900790031,32,54,false
L19_SEED_1,16,8,1975,0.0310583492219,4.42294699487,32,54,false
L19_SEED_1,16,8,2000,0.0304411032491,4.44672968889,32,54,false
L19_SEED_1,16,12,0,3.34259701646,3.33495515782,1,7,false
L19_SEED_1,16,12,25,1.58218568187,2.58440139496,21,58,false
L19_SEED_1,16,12,50,1.09575293693,2.5202745741,26,65,false
L19_SEED_1,16,12,75,0.845843339188,2.50462770427,27,69,true
L19_SEED_1,16,12,100,0.688394148993,2.5136376711,29,69,false
L19_SEED_1,16,12,125,0.579242155072,2.53408657067,29,73,false
L19_SEED_1,16,12,150,0.499439106827,2.56297069223,29,73,false
L19_SEED_1,16,12,175,0.43899980438,2.59702753857,29,72,false
L19_SEED_1,16,12,200,0.391978705659,2.63376736606,29,75,false
L19_SEED_1,16,12,225,0.354570574861,2.67199334781,29,75,false
L19_SEED_1,16,12,250,0.324227660424,2.7109021349,29,75,false
L19_SEED_1,16,12,275,0.299190605342,2.74998487034,30,63,false
L19_SEED_1,16,12,300,0.278214926667,2.7889153723,30,63,false
L19_SEED_1,16,12,325,0.260401994927,2.8274823438,30,63,false
L19_SEED_1,16,12,350,0.245090705485,2.86555268041,30,63,false
L19_SEED_1,16,12,375,0.231786256257,2.90304602108,30,63,false
L19_SEED_1,16,12,400,0.220112361912,2.93991766846,30,64,false
L19_SEED_1,16,12,425,0.209778616096,2.97614707931,30,64,false
L19_SEED_1,16,12,450,0.200557828392,3.01172978418,30,64,false
L19_SEED_1,16,12,475,0.192270038611,3.04667166031,30,64,false
L19_SEED_1,16,12,500,0.184771070278,3.08098483121,30,64,false
L19_SEED_1,16,12,525,0.177944215443,3.11468473047,30,64,false
L19_SEED_1,16,12,550,0.171694110421,3.14778803019,30,63,false
L19_SEED_1,16,12,575,0.165942165496,3.18031123103,30,63,false
L19_SEED_1,16,12,600,0.160623111389,3.21226976786,30,63,false
L19_SEED_1,16,12,625,0.155682358494,3.24367751738,30,63,false
L19_SEED_1,16,12,650,0.15107395486,3.27454661364,30,63,false
L19_SEED_1,16,12,675,0.146758990475,3.3048874902,30,63,false
L19_SEED_1,16,12,700,0.142704338077,3.33470907914,30,63,false
L19_SEED_1,16,12,725,0.138881650546,3.36401910813,30,63,false
L19_SEED_1,16,12,750,0.135266556099,3.39282444831,30,63,false
L19_SEED_1,16,12,775,0.131838007583,3.42113147668,30,63,false
L19_SEED_1,16,12,800,0.128577753009,3.44894642607,30,63,false
L19_SEED_1,16,12,825,0.125469902337,3.4762757037,30,63,false
L19_SEED_1,16,12,850,0.122500571256,3.50312616503,30,63,false
L19_SEED_1,16,12,875,0.119657586898,3.52950533356,30,63,false
L19_SEED_1,16,12,900,0.116930243594,3.55542156111,30,61,false
L19_SEED_1,16,12,925,0.114309099142,3.58088412567,30,61,false
L19_SEED_1,16,12,950,0.111785803937,3.60590326763,30,61,false
L19_SEED_1,16,12,975,0.109352956793,3.63049016819,30,61,false
L19_SEED_1,16,12,1000,0.107003982504,3.65465687728,32,50,false
L19_SEED_1,16,12,1025,0.1047330272,3.67841620088,32,52,false
L19_SEED_1,16,12,1050,0.102534868356,3.70178155949,32,52,false
L19_SEED_1,16,12,1075,0.100404837009,3.72476683013,32,52,false
L19_SEED_1,16,12,1100,0.0983387502177,3.74738618352,32,52,false
L19_SEED_1,16,12,1125,0.0963328522439,3.76965392667,32,52,false
L19_SEED_1,16,12,1150,0.0943837631955,3.79158435873,32,52,false
L19_SEED_1,16,12,1175,0.0924884341294,3.81319164533,32,52,false
L19_SEED_1,16,12,1200,0.0906441077593,3.83448971439,32,51,false
L19_SEED_1,16,12,1225,0.088848284052,3.85549217406,32,51,false
L19_SEED_1,16,12,1250,0.0870986900888,3.87621225188,32,51,false
L19_SEED_1,16,12,1275,0.085393253658,3.89666275314,32,51,false
L19_SEED_1,16,12,1300,0.0837300801056,3.91685603575,32,51,false
L19_SEED_1,16,12,1325,0.082107432037,3.93680399866,32,51,false
L19_SEED_1,16,12,1350,0.0805237115082,3.956518081,32,51,false
L19_SEED_1,16,12,1375,0.0789774443963,3.97600926922,32,51,false
L19_SEED_1,16,12,1400,0.0774672666733,3.99528811002,32,50,false
L19_SEED_1,16,12,1425,0.0759919123473,4.01436472703,32,50,false
L19_SEED_1,16,12,1450,0.0745502028604,4.03324883981,32,50,false
L19_SEED_1,16,12,1475,0.0731410377644,4.05194978397,32,50,false
L19_SEED_1,16,12,1500,0.0717633865145,4.07047653144,32,50,false
L19_SEED_1,16,12,1525,0.0704162812443,4.08883771035,32,50,false
L19_SEED_1,16,12,1550,0.0690988104,4.10704162411,32,50,false
L19_SEED_1,16,12,1575,0.0678101131294,4.12509626924,32,50,false
L19_SEED_1,16,12,1600,0.0665493743335,4.14300935204,32,50,false
L19_SEED_1,16,12,1625,0.0653158202996,4.16078830379,32,50,false
L19_SEED_1,16,12,1650,0.0641087148451,4.17844029461,32,50,false
L19_SEED_1,16,12,1675,0.0629273559102,4.19597224594,32,50,false
L19_SEED_1,16,12,1700,0.061771072546,4.21339084166,32,50,false
L19_SEED_1,16,12,1725,0.060639222248,4.23070253799,32,50,false
L19_SEED_1,16,12,1750,0.0595311885958,4.24791357209,32,51,false
L19_SEED_1,16,12,1775,0.0584463791602,4.26502996964,32,51,false
L19_SEED_1,16,12,1800,0.0573842236467,4.28205755127,32,51,false
L19_SEED_1,16,12,1825,0.0563441722462,4.29900193801,32,51,false
L19_SEED_1,16,12,1850,0.0553256941679,4.31586855587,32,52,false
L19_SEED_1,16,12,1875,0.0543282763335,4.33266263966,32,52,false
L19_SEED_1,16,12,1900,0.0533514222123,4.34938923604,32,52,false
L19_SEED_1,16,12,1925,0.0523946507805,4.36605320606,32,53,false
L19_SEED_1,16,12,1950,0.0514574955902,4.38265922729,32,53,false
L19_SEED_1,16,12,1975,0.0505395039347,4.39921179564,32,53,false
L19_SEED_1,16,12,2000,0.049640236099,4.41571522713,32,53,false
L19_SEED_1,16,16,0,3.37053806126,3.36318567351,2,7,false
L19_SEED_1,16,16,25,1.59826679171,2.61631192958,22,36,true
L19_SEED_1,16,16,50,1.13631890966,2.62495112242,24,63,false
L19_SEED_1,16,16,75,0.901985998357,2.67866556833,26,62,false
L19_SEED_1,16,16,100,0.753590439318,2.71612504893,27,66,false
L19_SEED_1,16,16,125,0.648703301265,2.74971281576,28,68,false
L19_SEED_1,16,16,150,0.56951357541,2.78350688377,29,68,false
L19_SEED_1,16,16,175,0.507240222252,2.81796930558,29,70,false
L19_SEED_1,16,16,200,0.456927159661,2.85368101462,29,69,false
L19_SEED_1,16,16,225,0.415470724812,2.89057603653,29,69,false
L19_SEED_1,16,16,250,0.380780950998,2.92843094007,29,70,false
L19_SEED_1,16,16,275,0.351379635697,2.96700498587,29,70,false
L19_SEED_1,16,16,300,0.326184891158,3.00608739333,29,70,false
L19_SEED_1,16,16,325,0.304384699205,3.04549540399,30,58,false
L19_SEED_1,16,16,350,0.285357497864,3.08507840086,30,58,false
L19_SEED_1,16,16,375,0.268619783265,3.12471363391,30,59,false
L19_SEED_1,16,16,400,0.253790256931,3.16430092305,30,59,false
L19_SEED_1,16,16,425,0.240564603929,3.20375783101,30,59,false
L19_SEED_1,16,16,450,0.228697352224,3.24301557647,30,59,false
L19_SEED_1,16,16,475,0.217988582619,3.28201582872,30,59,false
L19_SEED_1,16,16,500,0.208274038696,3.32070838903,30,60,false
L19_SEED_1,16,16,525,0.199417668876,3.35904972779,30,60,false
L19_SEED_1,16,16,550,0.191305941097,3.39700231074,30,60,false
L19_SEED_1,16,16,575,0.183843471225,3.43453458045,30,60,false
L19_SEED_1,16,16,600,0.176949637614,3.47162137038,30,60,false
L19_SEED_1,16,16,625,0.170555940778,3.50824445733,30,60,false
L19_SEED_1,16,16,650,0.16460392593,3.54439294775,30,60,false
L19_SEED_1,16,16,675,0.159043529041,3.58006326437,30,60,false
L19_SEED_1,16,16,700,0.153831741171,3.61525863425,31,56,false
L19_SEED_1,16,16,725,0.148931513874,3.64998812895,31,56,false
L19_SEED_1,16,16,750,0.1443108509,3.68426541806,31,56,false
L19_SEED_1,16,16,775,0.139942047858,3.71810743896,31,56,false
L19_SEED_1,16,16,800,0.135801052509,3.75153316131,31,56,false
L19_SEED_1,16,16,825,0.131866925255,3.78456256138,31,56,false
L19_SEED_1,16,16,850,0.12812138361,3.81721585071,31,56,false
L19_SEED_1,16,16,875,0.124548417293,3.84951294837,31,56,false
L19_SEED_1,16,16,900,0.121133962695,3.8814731545,31,56,false
L19_SEED_1,16,16,925,0.117865627238,3.91311497209,31,56,false
L19_SEED_1,16,16,950,0.114732455653,3.94445602734,32,51,false
L19_SEED_1,16,16,975,0.11172473149,3.9755130493,32,50,false
L19_SEED_1,16,16,1000,0.108833808297,4.00630188086,32,50,false
L19_SEED_1,16,16,1025,0.106051965791,4.0368375035,32,50,false
L19_SEED_1,16,16,1050,0.103372287142,4.06713406584,32,50,false
L19_SEED_1,16,16,1075,0.100788554091,4.09720491133,32,50,false
L19_SEED_1,16,16,1100,0.0982951571817,4.12706260348,32,49,false
L19_SEED_1,16,16,1125,0.0958870187957,4.15671894884,32,49,false
L19_SEED_1,16,16,1150,0.0935595270557,4.18618501854,32,49,false
L19_SEED_1,16,16,1175,0.0913084789688,4.21547116961,32,49,false
L19_SEED_1,16,16,1200,0.0891300314294,4.24458706685,32,49,false
L19_SEED_1,16,16,1225,0.0870206589212,4.27354170608,32,49,false
L19_SEED_1,16,16,1250,0.0849771169359,4.30234343913,32,49,false
L19_SEED_1,16,16,1275,0.0829964102766,4.33100000074,32,49,false
L19_SEED_1,16,16,1300,0.0810757655449,4.35951853729,32,49,false
L19_SEED_1,16,16,1325,0.0792126072128,4.38790563732,32,49,false
L19_SEED_1,16,16,1350,0.0774045367758,4.41616736337,32,49,false
L19_SEED_1,16,16,1375,0.0756493145555,4.44430928493,32,49,false
L19_SEED_1,16,16,1400,0.0739448437861,4.47233651209,32,49,false
L19_SEED_1,16,16,1425,0.0722891566718,4.50025372951,32,49,false
L19_SEED_1,16,16,1450,0.0706804021489,4.52806523033,32,49,false
L19_SEED_1,16,16,1475,0.069116835122,4.55577494966,32,49,false
L19_SEED_1,16,16,1500,0.0675968069802,4.58338649738,32,49,false
L19_SEED_1,16,16,1525,0.0661187572226,4.61090318984,32,49,false
L19_SEED_1,16,16,1550,0.0646812060497,4.63832808028,32,49,false
L19_SEED_1,16,16,1575,0.063282747794,4.66566398759,32,49,false
L19_SEED_1,16,16,1600,0.0619220450834,4.69291352343,32,49,false
L19_SEED_1,16,16,1625,0.0605978236417,4.72007911723,32,49,false
L19_SEED_1,16,16,1650,0.059308867649,4.74716303922,32,49,false
L19_SEED_1,16,16,1675,0.0580540155885,4.77416742124,32,49,false
L19_SEED_1,16,16,1700,0.056832156522,4.80109427523,32,49,false
L19_SEED_1,16,16,1725,0.0556422267392,4.82794550959,32,49,false
L19_SEED_1,16,16,1750,0.0544832067379,4.8547229432,32,49,false
L19_SEED_1,16,16,1775,0.0533541184924,4.88142831731,32,49,false
L19_SEED_1,16,16,1800,0.0522540229786,4.90806330538,32,49,false
L19_SEED_1,16,16,1825,0.0511820179233,4.93462952091,32,49,false
L19_SEED_1,16,16,1850,0.0501372357533,4.96112852343,32,49,false
L19_SEED_1,16,16,1875,0.0491188417206,4.98756182296,32,49,false
L19_SEED_1,16,16,1900,0.0481260321836,5.0139308828,32,49,false
L19_SEED_1,16,16,1925,0.0471580330278,5.04023712115,32,49,false
L19_SEED_1,16,16,1950,0.0462140982096,5.06648191152,32,49,false
L19_SEED_1,16,16,1975,0.0452935084105,5.09266658216,32,49,false
L19_SEED_1,16,16,2000,0.0443955697901,5.11879241469,32,49,false
L19_SEED_1,16,19,0,3.37707803927,3.36201527605,2,15,false
L19_SEED_1,16,19,25,1.65282704606,2.81229369906,13,53,true
L19_SEED_1,16,19,50,1.24206531826,2.8984602456,23,58,false
L19_SEED_1,16,19,75,1.01965858818,2.92969766099,23,58,false
L19_SEED_1,16,19,100,0.870899418865,2.96793022155,26,64,false
L19_SEED_1,16,19,125,0.762252242495,3.01152573772,28,70,false
L19_SEED_1,16,19,150,0.678522798884,3.05447754116,28,70,false
L19_SEED_1,16,19,175,0.611564739794,3.09580760742,29,70,false
L19_SEED_1,16,19,200,0.556576161784,3.13602229046,29,70,false
L19_SEED_1,16,19,225,0.510513580292,3.17526298269,29,72,false
L19_SEED_1,16,19,250,0.471333762192,3.21362005195,29,72,false
L19_SEED_1,16,19,275,0.437599983331,3.25120044328,29,71,false
L19_SEED_1,16,19,300,0.408263068706,3.28809112886,29,70,false
L19_SEED_1,16,19,325,0.382532796065,3.32435640062,29,70,false
L19_SEED_1,16,19,350,0.359798877596,3.36004338429,29,70,false
L19_SEED_1,16,19,375,0.339580403414,3.3951868344,29,69,false
L19_SEED_1,16,19,400,0.321492249845,3.42981311458,29,69,false
L19_SEED_1,16,19,425,0.305221957801,3.46394345083,29,68,false
L19_SEED_1,16,19,450,0.290513299078,3.49759632673,29,68,false
L19_SEED_1,16,19,475,0.277154263617,3.5307891662,29,68,false
L19_SEED_1,16,19,500,0.264968067761,3.56353945061,29,68,false
L19_SEED_1,16,19,525,0.253806291408,3.59586541083,29,67,false
L19_SEED_1,16,19,550,0.243543556845,3.62778640035,30,56,false
L19_SEED_1,16,19,575,0.234073350229,3.65932302624,30,56,false
L19_SEED_1,16,19,600,0.22530470636,3.69049709051,30,55,false
L19_SEED_1,16,19,625,0.217159555915,3.72133138016,30,54,false
L19_SEED_1,16,19,650,0.209570587479,3.75184933752,30,54,false
L19_SEED_1,16,19,675,0.202479513738,3.78207464448,30,54,false
L19_SEED_1,16,19,700,0.195835657629,3.81203075957,30,55,false
L19_SEED_1,16,19,725,0.189594793451,3.84174045406,31,50,false
L19_SEED_1,16,19,750,0.18371819219,3.8712253967,31,50,false
L19_SEED_1,16,19,775,0.178171830951,3.90050583321,31,51,false
L19_SEED_1,16,19,800,0.172925734553,3.92960039467,31,51,false
L19_SEED_1,16,19,825,0.167953423753,3.95852604952,31,51,false
L19_SEED_1,16,19,850,0.163231449694,3.98729819112,31,51,false
L19_SEED_1,16,19,875,0.158738998421,4.0159308319,31,51,false
L19_SEED_1,16,19,900,0.154457552758,4.04443686183,31,51,false
L19_SEED_1,16,19,925,0.150370601655,4.0728283246,31,51,false
L19_SEED_1,16,19,950,0.146463389319,4.1011166708,31,51,false
L19_SEED_1,16,19,975,0.142722698059,4.12931295891,31,51,false
L19_SEED_1,16,19,1000,0.139136660031,4.15742798942,31,52,false
L19_SEED_1,16,19,1025,0.135694593878,4.18547237113,31,52,false
L19_SEED_1,16,19,1050,0.132386862912,4.21345652831,31,52,false
L19_SEED_1,16,19,1075,0.12920475195,4.24139066368,31,52,false
L19_SEED_1,16,19,1100,0.126140360286,4.26928469389,31,52,false
L19_SEED_1,16,19,1125,0.123186508597,4.29714817303,32,46,false
L19_SEED_1,16,19,1150,0.120336657868,4.32499021714,32,46,false
L19_SEED_1,16,19,1175,0.117584838679,4.35281943875,32,46,false
L19_SEED_1,16,19,1200,0.114925589395,4.38064389683,32,46,false
L19_SEED_1,16,19,1225,0.112353902044,4.40847106471,32,46,false
L19_SEED_1,16,19,1250,0.109865174802,4.43630781567,32,46,false
L19_SEED_1,16,19,1275,0.107455170194,4.46416042446,32,45,false
L19_SEED_1,16,19,1300,0.10511997824,4.49203458217,32,45,false
L19_SEED_1,16,19,1325,0.102855983873,4.51993542112,32,45,false
L19_SEED_1,16,19,1350,0.100659838098,4.54786754676,32,45,false
L19_SEED_1,16,19,1375,0.0985284323829,4.57583507364,32,45,false
L19_SEED_1,16,19,1400,0.0964588759052,4.60384166298,32,45,false
L19_SEED_1,16,19,1425,0.0944484752753,4.63189055999,32,45,false
L19_SEED_1,16,19,1450,0.0924947164565,4.65998462918,32,45,false
L19_SEED_1,16,19,1475,0.0905952486112,4.68812638685,32,45,false
L19_SEED_1,16,19,1500,0.0887478696491,4.71631802984,32,45,false
L19_SEED_1,16,19,1525,0.0869505132832,4.74456146028,32,45,false
L19_SEED_1,16,19,1550,0.0852012374201,4.7728583062,32,44,false
L19_SEED_1,16,19,1575,0.0834982137352,4.80120993802,32,44,false
L19_SEED_1,16,19,1600,0.081839718301,4.8296174812,32,44,false
L19_SEED_1,16,19,1625,0.0802241231527,4.85808182553,32,44,false
L19_SEED_1,16,19,1650,0.0786498886874,4.88660363131,32,44,false
L19_SEED_1,16,19,1675,0.0771155568081,4.91518333333,32,44,false
L19_SEED_1,16,19,1700,0.0756197447308,4.94382114297,32,44,false
L19_SEED_1,16,19,1725,0.0741611393844,4.97251704928,32,44,false
L19_SEED_1,16,19,1750,0.0727384923402,5.00127081971,32,44,false
L19_SEED_1,16,19,1775,0.0713506152147,5.03008200108,32,44,false
L19_SEED_1,16,19,1800,0.0699963754954,5.05894992148,32,44,false
L19_SEED_1,16,19,1825,0.068674692747,5.08787369357,32,44,false
L19_SEED_1,16,19,1850,0.067384535156,5.11685221986,32,44,false
L19_SEED_1,16,19,1875,0.0661249163803,5.14588420008,32,44,false
L19_SEED_1,16,19,1900,0.0648948926724,5.17496814094,32,44,false
L19_SEED_1,16,19,1925,0.0636935602466,5.20410236827,32,44,false
L19_SEED_1,16,19,1950,0.0625200528681,5.23328504137,32,44,false
L19_SEED_1,16,19,1975,0.0613735396393,5.26251416929,32,44,false
L19_SEED_1,16,19,2000,0.0602532229648,5.2917876287,32,44,false
L19_SEED_1,16,20,0,3.3770251578,3.36292141141,2,15,false
L19_SEED_1,16,20,25,1.66201784679,2.83647597555,12,44,true
L19_SEED_1,16,20,50,1.25878904406,2.91630630088,23,58,false
L19_SEED_1,16,20,75,1.03765612071,2.93663532758,23,64,false
L19_SEED_1,16,20,100,0.887822776256,2.96529639626,26,63,false
L19_SEED_1,16,20,125,0.777603149736,3.00284465999,28,69,false
L19_SEED_1,16,20,150,0.692354583405,3.04115854699,28,70,false
L19_SEED_1,16,20,175,0.624031648152,3.07831523856,29,70,false
L19_SEED_1,16,20,200,0.567834419646,3.11466121885,29,72,false
L19_SEED_1,16,20,225,0.520704843559,3.15031311285,29,72,false
L19_SEED_1,16,20,250,0.480583518478,3.18535659105,29,72,false
L19_SEED_1,16,20,275,0.446018762746,3.21987857693,29,71,false
L19_SEED_1,16,20,300,0.415948179165,3.25394087684,29,70,false
L19_SEED_1,16,20,325,0.3895699895,3.28758480596,29,70,false
L19_SEED_1,16,20,350,0.366263776895,3.32083526157,29,70,false
L19_SEED_1,16,20,375,0.345539689784,3.3537064417,29,70,false
L19_SEED_1,16,20,400,0.327004666536,3.38620643973,29,70,false
L19_SEED_1,16,20,425,0.310339186439,3.41834085122,29,69,false
L19_SEED_1,16,20,450,0.295280746764,3.450115234,29,69,false
L19_SEED_1,16,20,475,0.281611781043,3.48153665963,29,68,false
L19_SEED_1,16,20,500,0.269150606619,3.51261458381,29,68,false
L19_SEED_1,16,20,525,0.257744503242,3.54336123428,29,68,false
L19_SEED_1,16,20,550,0.247264333401,3.57379166197,30,57,false
L19_SEED_1,16,20,575,0.237600305492,3.60392355156,30,57,false
L19_SEED_1,16,20,600,0.228658601541,3.63377684701,30,56,false
L19_SEED_1,16,20,625,0.220358669982,3.66337322335,30,56,false
L19_SEED_1,16,20,650,0.212631037068,3.69273542898,30,56,false
L19_SEED_1,16,20,675,0.205415527325,3.72188653098,30,56,false
L19_SEED_1,16,20,700,0.198659809579,3.7508491142,30,56,false
L19_SEED_1,16,20,725,0.192318203988,3.77964450556,30,58,false
L19_SEED_1,16,20,750,0.18635069926,3.8082921078,31,53,false
L19_SEED_1,16,20,775,0.180722139435,3.83680892453,31,52,false
L19_SEED_1,16,20,800,0.175401547359,3.86520933566,31,52,false
L19_SEED_1,16,20,825,0.170361558124,3.89350514339,31,52,false
L19_SEED_1,16,20,850,0.165577940944,3.92170586277,31,52,false
L19_SEED_1,16,20,875,0.161029192395,3.94981919093,31,52,false
L19_SEED_1,16,20,900,0.156696187811,3.9778515659,31,52,false
L19_SEED_1,16,20,925,0.152561880776,4.00580872444,31,52,false
L19_SEED_1,16,20,950,0.14861104308,4.03369618507,31,51,false
L19_SEED_1,16,20,975,0.144830039259,4.06151961012,31,52,false
L19_SEED_1,16,20,1000,0.141206630994,4.08928503018,31,52,false
L19_SEED_1,16,20,1025,0.137729807438,4.1169989384,31,52,false
L19_SEED_1,16,20,1050,0.134389638078,4.14466827829,31,52,false
L19_SEED_1,16,20,1075,0.131177145113,4.17230035556,31,52,false
L19_SEED_1,16,20,1100,0.128084192727,4.19990270518,31,52,false
L19_SEED_1,16,20,1125,0.125103390904,4.22748294028,32,46,false
L19_SEED_1,16,20,1150,0.122228011743,4.25504860352,32,46,false
L19_SEED_1,16,20,1175,0.119451916523,4.28260703479,32,46,false
L19_SEED_1,16,20,1200,0.11676949197,4.310165263,32,46,false
L19_SEED_1,16,20,1225,0.114175594446,4.33772992498,32,46,false
L19_SEED_1,16,20,1250,0.111665500954,4.36530721114,32,46,false
L19_SEED_1,16,20,1275,0.109234866,4.39290283513,32,46,false
L19_SEED_1,16,20,1300,0.106879683535,4.42052202363,32,46,false
L19_SEED_1,16,20,1325,0.1045962533,4.44816952191,32,46,false
L19_SEED_1,16,20,1350,0.102381150976,4.47584961089,32,46,false
L19_SEED_1,16,20,1375,0.100231201687,4.50356613181,32,46,false
L19_SEED_1,16,20,1400,0.0981434564041,4.53132251531,32,45,false
L19_SEED_1,16,20,1425,0.0961151709119,4.55912181199,32,45,false
L19_SEED_1,16,20,1450,0.0941437870269,4.58696672282,32,45,false
L19_SEED_1,16,20,1475,0.0922269157961,4.61485962749,32,45,false
L19_SEED_1,16,20,1500,0.0903623224508,4.64280260998,32,45,false
L19_SEED_1,16,20,1525,0.0885479129133,4.67079748073,32,45,false
L19_SEED_1,16,20,1550,0.0867817216813,4.69884579498,32,45,false
L19_SEED_1,16,20,1575,0.0850619009383,4.72694886744,32,45,false
L19_SEED_1,16,20,1600,0.0833867107525,4.75510778354,32,45,false
L19_SEED_1,16,20,1625,0.0817545102492,4.78332340738,32,46,false
L19_SEED_1,16,20,1650,0.0801637496489,4.81159638714,32,46,false
L19_SEED_1,16,20,1675,0.0786129630801,4.83992715836,32,46,false
L19_SEED_1,16,20,1700,0.0771007620848,4.86831594577,32,46,false
L19_SEED_1,16,20,1725,0.0756258297423,4.89676276432,32,46,false
L19_SEED_1,16,20,1750,0.0741869153488,4.92526741998,32,46,false
L19_SEED_1,16,20,1775,0.0727828295927,4.95382951101,32,46,false
L19_SEED_1,16,20,1800,0.0714124401761,4.98244843011,32,45,false
L19_SEED_1,16,20,1825,0.0700746678354,5.01112336795,32,45,false
L19_SEED_1,16,20,1850,0.0687684827213,5.0398533183,32,45,false
L19_SEED_1,16,20,1875,0.0674929011002,5.06863708494,32,45,false
L19_SEED_1,16,20,1900,0.0662469823457,5.09747329042,32,45,false
L19_SEED_1,16,20,1925,0.0650298261905,5.12636038648,32,45,false
L19_SEED_1,16,20,1950,0.0638405702124,5.15529666593,32,45,false
L19_SEED_1,16,20,1975,0.0626783875319,5.18428027568,32,45,false
L19_SEED_1,16,20,2000,0.0615424846989,5.21330923054,32,45,false
L19_SEED_1,16,21,0,3.37217999988,3.38249861015,2,5,false
L19_SEED_1,16,21,25,1.64192304716,3.01730808307,14,34,true
L19_SEED_1,16,21,50,1.32204338089,3.31549813854,22,49,false
L19_SEED_1,16,21,75,1.14735947732,3.45730278671,24,57,false
L19_SEED_1,16,21,100,1.01622187433,3.57277426638,24,57,false
L19_SEED_1,16,21,125,0.910856579912,3.67507274573,28,63,false
L19_SEED_1,16,21,150,0.823841230014,3.76603526463,28,66,false
L19_SEED_1,16,21,175,0.750808607642,3.84582780202,29,66,false
L19_SEED_1,16,21,200,0.688779769639,3.91656976761,29,66,false
L19_SEED_1,16,21,225,0.635588049823,3.98024831358,29,66,false
L19_SEED_1,16,21,250,0.589603541308,4.03865033911,29,60,false
L19_SEED_1,16,21,275,0.549570370211,4.09323512336,29,63,false
L19_SEED_1,16,21,300,0.514501458596,4.14506832501,29,64,false
L19_SEED_1,16,21,325,0.483607742601,4.19485073958,29,64,false
L19_SEED_1,16,21,350,0.456249462717,4.24300881703,29,66,false
L19_SEED_1,16,21,375,0.431901970755,4.2897994343,29,67,false
L19_SEED_1,16,21,400,0.410131173136,4.33538943237,29,67,false
L19_SEED_1,16,21,425,0.390575411482,4.37990259393,29,67,false
L19_SEED_1,16,21,450,0.37293171126,4.42344283388,29,73,false
L19_SEED_1,16,21,475,0.356945086621,4.46610418098,29,71,false
L19_SEED_1,16,21,500,0.342400068325,4.50797467648,29,72,false
L19_SEED_1,16,21,525,0.329113906105,4.5491379275,29,72,false
L19_SEED_1,16,21,550,0.316931063904,4.58967394283,29,72,false
L19_SEED_1,16,21,575,0.305718730001,4.62965979435,29,72,false
L19_SEED_1,16,21,600,0.295363133363,4.6691701929,29,72,false
L19_SEED_1,16,21,625,0.285766506607,4.70827793255,29,73,false
L19_SEED_1,16,21,650,0.276844571643,4.74705414672,29,73,false
L19_SEED_1,16,21,675,0.268524450706,4.78556834226,29,73,false
L19_SEED_1,16,21,700,0.260742925575,4.82388820136,29,73,false
L19_SEED_1,16,21,725,0.253444983369,4.86207916553,29,73,false
L19_SEED_1,16,21,750,0.246582599336,4.90020384289,29,72,false
L19_SEED_1,16,21,775,0.240113716521,4.93832130864,29,72,false
L19_SEED_1,16,21,800,0.234001389516,4.97648639409,29,72,false
L19_SEED_1,16,21,825,0.228213065096,5.01474907007,29,72,false
L19_SEED_1,16,21,850,0.222719976916,5.05315401888,29,72,false
L19_SEED_1,16,21,875,0.217496634897,5.09174045147,29,72,false
L19_SEED_1,16,21,900,0.212520392836,5.13054217154,29,72,false
L19_SEED_1,16,21,925,0.207771080474,5.16958783181,29,72,false
L19_SEED_1,16,21,950,0.203230688678,5.20890129072,29,72,false
L19_SEED_1,16,21,975,0.19888309872,5.2485019731,30,60,false
L19_SEED_1,16,21,1000,0.19471384855,5.2884051653,30,60,false
L19_SEED_1,16,21,1025,0.190709930523,5.32862221909,30,61,false
L19_SEED_1,16,21,1050,0.186859616199,5.36916067658,30,61,false
L19_SEED_1,16,21,1075,0.183152304563,5.41002434729,30,61,false
L19_SEED_1,16,21,1100,0.179578390592,5.45121336696,30,61,false
L19_SEED_1,16,21,1125,0.176129151404,5.49272426166,30,61,false
L19_SEED_1,16,21,1150,0.172796647588,5.53455004226,30,61,false
L19_SEED_1,16,21,1175,0.169573637537,5.57668036684,30,62,false
L19_SEED_1,16,21,1200,0.1664535029,5.61910181845,30,62,false
L19_SEED_1,16,21,1225,0.163430183525,5.66179833746,30,62,false
L19_SEED_1,16,21,1250,0.160498120488,5.70475181678,30,62,false
L19_SEED_1,16,21,1275,0.157652206048,5.74794282399,30,62,false
L19_SEED_1,16,21,1300,0.154887739526,5.79135137843,30,62,false
L19_SEED_1,16,21,1325,0.152200388298,5.83495769675,30,62,false
L19_SEED_1,16,21,1350,0.149586153194,5.87874283256,30,62,false
L19_SEED_1,16,21,1375,0.147041337729,5.92268916364,31,57,false
L19_SEED_1,16,21,1400,0.144562520664,5.96678071275,31,57,false
L19_SEED_1,16,21,1425,0.142146531478,6.01100331366,31,57,false
L19_SEED_1,16,21,1450,0.139790428384,6.05534464963,31,57,false
L19_SEED_1,16,21,1475,0.137491478585,6.0997941963,31,57,false
L19_SEED_1,16,21,1500,0.135247140489,6.14434310001,31,57,false
L19_SEED_1,16,21,1525,0.133055047667,6.18898401676,31,56,false
L19_SEED_1,16,21,1550,0.13091299434,6.23371093161,31,56,false
L19_SEED_1,16,21,1575,0.128818922215,6.27851897234,31,55,false
L19_SEED_1,16,21,1600,0.126770908545,6.3234042272,31,55,false
L19_SEED_1,16,21,1625,0.124767155245,6.36836357328,31,55,false
L19_SEED_1,16,21,1650,0.122805978981,6.41339451973,31,55,false
L19_SEED_1,16,21,1675,0.120885802113,6.45849506854,32,49,false
L19_SEED_1,16,21,1700,0.119005144412,6.50366359442,32,49,false
L19_SEED_1,16,21,1725,0.117162615474,6.54889874415,32,49,false
L19_SEED_1,16,21,1750,0.115356907766,6.59419935508,32,49,false
L19_SEED_1,16,21,1775,0.113586790242,6.6395643915,32,49,false
L19_SEED_1,16,21,1800,0.111851102485,6.68499289702,32,49,false
L19_SEED_1,16,21,1825,0.110148749326,6.73048396066,32,49,false
L19_SEED_1,16,21,1850,0.108478695897,6.77603669389,32,49,false
L19_SEED_1,16,21,1875,0.106839963101,6.82165021595,32,49,false
L19_SEED_1,16,21,1900,0.105231623442,6.86732364487,32,49,false
L19_SEED_1,16,21,1925,0.103652797217,6.91305609181,32,49,false
L19_SEED_1,16,21,1950,0.102102649029,6.95884665708,32,49,false
L19_SEED_1,16,21,1975,0.100580384591,7.00469442626,32,49,false
L19_SEED_1,16,21,2000,0.099085247833,7.05059846583,32,49,false
L19_SEED_1,32,0,0,3.53170835288,3.52653038692,0,0,false
L19_SEED_1,32,0,25,1.01269588904,0.799667546889,28,144,false
L19_SEED_1,32,0,50,0.468997636212,0.25443451785,28,144,false
L19_SEED_1,32,0,75,0.357632920556,0.196800207262,28,144,false
L19_SEED_1,32,0,100,0.323927983092,0.156258567999,28,144,false
L19_SEED_1,32,0,125,0.308082482989,0.141308637447,28,144,false
L19_SEED_1,32,0,150,0.298697994872,0.132747550477,28,144,false
L19_SEED_1,32,0,175,0.292514325743,0.126664876094,28,144,false
L19_SEED_1,32,0,200,0.288162665501,0.1224028008,28,144,false
L19_SEED_1,32,0,225,0.284956074496,0.11928069615,28,144,false
L19_SEED_1,32,0,250,0.282509778128,0.116898029268,28,144,false
L19_SEED_1,32,0,275,0.280591798349,0.115028101317,28,144,false
L19_SEED_1,32,0,300,0.279054353858,0.113528204349,28,144,false
L19_SEED_1,32,0,325,0.27779911969,0.112303066473,28,144,false
L19_SEED_1,32,0,350,0.276758317568,0.11128685543,28,144,false
L19_SEED_1,32,0,375,0.275883825849,0.110432772091,28,144,false
L19_SEED_1,32,0,400,0.2751406125,0.109706718997,28,144,false
L19_SEED_1,32,0,425,0.274502619487,0.109083318445,28,144,false
L19_SEED_1,32,0,450,0.273950097491,0.10854332801,28,144,false
L19_SEED_1,32,0,475,0.273467830274,0.108071916293,28,144,false
L19_SEED_1,32,0,500,0.273043922114,0.107657484584,28,144,false
L19_SEED_1,32,0,525,0.272668951492,0.107290843924,28,144,false
L19_SEED_1,32,0,550,0.27233536885,0.10696462919,28,144,false
L19_SEED_1,32,0,575,0.272037060519,0.106672874677,28,144,false
L19_SEED_1,32,0,600,0.271769028001,0.106410701831,28,144,false
L19_SEED_1,32,0,625,0.271527148716,0.106174086231,28,144,false
L19_SEED_1,32,0,650,0.27130799522,0.105959681448,28,144,false
L19_SEED_1,32,0,675,0.271108696963,0.105764684337,28,144,false
L19_SEED_1,32,0,700,0.270926833455,0.105586730891,28,144,false
L19_SEED_1,32,0,725,0.270760350845,0.105423814911,28,144,false
L19_SEED_1,32,0,750,0.270607496212,0.105274223926,28,144,false
L19_SEED_1,32,0,775,0.27046676533,0.105136488248,28,144,false
L19_SEED_1,32,0,800,0.270336860845,0.105009340166,28,144,false
L19_SEED_1,32,0,825,0.27021665851,0.10489168101,28,144,false
L19_SEED_1,32,0,850,0.270105179762,0.104782554381,28,144,false
L19_SEED_1,32,0,875,0.270001569282,0.104681124258,28,144,false
L19_SEED_1,32,0,900,0.269905076538,0.104586656978,28,144,false
L19_SEED_1,32,0,925,0.269815040508,0.10449850632,28,144,false
L19_SEED_1,32,0,950,0.269730876967,0.1044161011,28,144,false
L19_SEED_1,32,0,975,0.269652067857,0.104338934782,28,144,false
L19_SEED_1,32,0,1000,0.269578152353,0.104266556761,28,144,false
L19_SEED_1,32,0,1025,0.269508719322,0.10419856499,28,144,false
L19_SEED_1,32,0,1050,0.269443400925,0.104134599742,28,144,false
L19_SEED_1,32,0,1075,0.269381867178,0.104074338286,28,144,false
L19_SEED_1,32,0,1100,0.269323821297,0.104017490344,28,144,false
L19_SEED_1,32,0,1125,0.269268995703,0.103963794191,28,144,false
L19_SEED_1,32,0,1150,0.269217148592,0.103913013296,28,144,false
L19_SEED_1,32,0,1175,0.26916806096,0.103864933423,28,144,false
L19_SEED_1,32,0,1200,0.269121534034,0.103819360114,28,144,false
L19_SEED_1,32,0,1225,0.269077387035,0.103776116509,28,144,false
L19_SEED_1,32,0,1250,0.269035455226,0.10373504143,28,144,false
L19_SEED_1,32,0,1275,0.26899558821,0.103695987727,28,144,false
L19_SEED_1,32,0,1300,0.26895764843,0.103658820804,28,144,false
L19_SEED_1,32,0,1325,0.26892150986,0.103623417345,28,144,false
L19_SEED_1,32,0,1350,0.268887056843,0.103589664172,28,144,false
L19_SEED_1,32,0,1375,0.26885418307,0.103557457255,28,144,false
L19_SEED_1,32,0,1400,0.268822790672,0.103526700815,28,144,false
L19_SEED_1,32,0,1425,0.268792789419,0.103497306547,28,144,false
L19_SEED_1,32,0,1450,0.268764096,0.103469192916,28,144,false
L19_SEED_1,32,0,1475,0.268736633391,0.103442284536,28,144,false
L19_SEED_1,32,0,1500,0.268710330282,0.10341651161,28,144,false
L19_SEED_1,32,0,1525,0.268685120569,0.103391809437,28,144,false
L19_SEED_1,32,0,1550,0.268660942898,0.103368117962,28,144,false
L19_SEED_1,32,0,1575,0.268637740255,0.103345381375,28,144,false
L19_SEED_1,32,0,1600,0.268615459596,0.103323547752,28,144,false
L19_SEED_1,32,0,1625,0.268594051515,0.10330256873,28,144,false
L19_SEED_1,32,0,1650,0.268573469946,0.103282399211,28,144,false
L19_SEED_1,32,0,1675,0.268553671889,0.1032629971,28,144,false
L19_SEED_1,32,0,1700,0.268534617167,0.103244323062,28,144,false
L19_SEED_1,32,0,1725,0.2685162682,0.103226340307,28,144,false
L19_SEED_1,32,0,1750,0.268498589806,0.103209014389,28,144,false
L19_SEED_1,32,0,1775,0.268481549016,0.103192313028,28,144,false
L19_SEED_1,32,0,1800,0.268465114907,0.103176205948,28,144,false
L19_SEED_1,32,0,1825,0.268449258446,0.103160664722,28,144,false
L19_SEED_1,32,0,1850,0.268433952357,0.103145662642,28,144,false
L19_SEED_1,32,0,1875,0.268419170988,0.103131174589,28,144,false
L19_SEED_1,32,0,1900,0.268404890194,0.103117176923,28,144,false
L19_SEED_1,32,0,1925,0.268391087237,0.103103647375,28,144,false
L19_SEED_1,32,0,1950,0.268377740679,0.103090564955,28,144,false
L19_SEED_1,32,0,1975,0.268364830299,0.103077909859,28,144,false
L19_SEED_1,32,0,2000,0.268352337005,0.103065663392,28,144,true
L19_SEED_1,32,4,0,3.40944766501,3.39488174451,3,23,false
L19_SEED_1,32,4,25,1.17439508543,1.34504728964,27,122,false
L19_SEED_1,32,4,50,0.591940238022,0.857503039166,28,123,false
L19_SEED_1,32,4,75,0.420393488601,0.745505462085,28,120,false
L19_SEED_1,32,4,100,0.342202723725,0.703928475029,28,120,false
L19_SEED_1,32,4,125,0.294412890473,0.690550854861,29,115,true
L19_SEED_1,32,4,150,0.260273695594,0.690965536325,29,115,false
L19_SEED_1,32,4,175,0.233752687072,0.698765297118,30,106,false
L19_SEED_1,32,4,200,0.212113161889,0.71151814424,31,101,false
L19_SEED_1,32,4,225,0.19390134437,0.727631121019,31,102,false
L19_SEED_1,32,4,250,0.178253130246,0.74609452829,31,102,false
L19_SEED_1,32,4,275,0.164610294786,0.766214080877,31,103,false
L19_SEED_1,32,4,300,0.152588573086,0.787495213692,31,103,false
L19_SEED_1,32,4,325,0.14190980308,0.809572851591,31,104,false
L19_SEED_1,32,4,350,0.13236401372,0.832178022227,32,99,false
L19_SEED_1,32,4,375,0.123786843518,0.855112783713,32,98,false
L19_SEED_1,32,4,400,0.116045562675,0.878230888856,32,98,false
L19_SEED_1,32,4,425,0.109030368865,0.901422084159,32,98,false
L19_SEED_1,32,4,450,0.102649038337,0.924599978806,32,98,false
L19_SEED_1,32,4,475,0.0968235730006,0.947693740631,32,99,false
L19_SEED_1,32,4,500,0.0914878524686,0.970643583127,32,99,false
L19_SEED_1,32,4,525,0.0865857218259,0.993399163994,32,99,false
L19_SEED_1,32,4,550,0.0820693177584,1.0159194353,32,99,false
L19_SEED_1,32,4,575,0.0778976227816,1.03817263098,32,99,false
L19_SEED_1,32,4,600,0.0740352643765,1.06013572721,32,99,false
L19_SEED_1,32,4,625,0.0704515457094,1.08179333838,32,99,false
L19_SEED_1,32,4,650,0.0671196716523,1.1031363169,32,99,false
L19_SEED_1,32,4,675,0.0640161294627,1.12416034412,32,99,false
L19_SEED_1,32,4,700,0.0611201891296,1.1448646927,32,100,false
L19_SEED_1,32,4,725,0.0584134962429,1.16525122853,32,100,false
L19_SEED_1,32,4,750,0.0558797370504,1.18532364833,32,100,false
L19_SEED_1,32,4,775,0.0535043604993,1.20508691658,32,100,false
L19_SEED_1,32,4,800,0.0512743457797,1.2245468574,32,100,false
L19_SEED_1,32,4,825,0.0491780065803,1.24370986181,32,102,false
L19_SEED_1,32,4,850,0.0472048252367,1.26258267815,32,102,false
L19_SEED_1,32,4,875,0.0453453114165,1.28117226203,32,102,false
L19_SEED_1,32,4,900,0.0435908810954,1.29948566844,32,102,false
L19_SEED_1,32,4,925,0.0419337524196,1.31752997399,32,102,false
L19_SEED_1,32,4,950,0.0403668557114,1.33531222049,32,102,false
L19_SEED_1,32,4,975,0.0388837553796,1.35283937409,32,102,false
L19_SEED_1,32,4,1000,0.0374785819073,1.37011829562,32,101,false
L19_SEED_1,32,4,1025,0.0361459724077,1.38715571922,32,102,false
L19_SEED_1,32,4,1050,0.0348810184978,1.40395823708,32,102,false
L19_SEED_1,32,4,1075,0.0336792204469,1.42053228882,32,102,false
L19_SEED_1,32,4,1100,0.0325364467298,1.43688415431,32,102,false
L19_SEED_1,32,4,1125,0.0314488982473,1.45301994917,32,102,false
L19_SEED_1,32,4,1150,0.0304130765957,1.46894562236,32,102,false
L19_SEED_1,32,4,1175,0.0294257558577,1.4846669553,32,102,false
L19_SEED_1,32,4,1200,0.0284839574656,1.50018956229,32,102,false
L19_SEED_1,32,4,1225,0.0275849277539,1.51551889182,32,102,false
L19_SEED_1,32,4,1250,0.0267261178714,1.53066022868,32,101,false
L19_SEED_1,32,4,1275,0.0259051657688,1.54561869667,32,101,false
L19_SEED_1,32,4,1300,0.0251198800181,1.56039926167,32,102,false
L19_SEED_1,32,4,1325,0.0243682252499,1.57500673519,32,102,false
L19_SEED_1,32,4,1350,0.0236483090257,1.589445778,32,102,false
L19_SEED_1,32,4,1375,0.0229583699828,1.60372090411,32,102,false
L19_SEED_1,32,4,1400,0.0222967671132,1.61783648475,32,102,false
L19_SEED_1,32,4,1425,0.0216619700522,1.63179675251,32,102,false
L19_SEED_1,32,4,1450,0.021052550269,1.64560580546,32,102,false
L19_SEED_1,32,4,1475,0.0204671730645,1.65926761128,32,102,false
L19_SEED_1,32,4,1500,0.019904590293,1.67278601147,32,102,false
L19_SEED_1,32,4,1525,0.0193636337325,1.68616472535,32,102,false
L19_SEED_1,32,4,1550,0.0188432090391,1.69940735413,32,102,false
L19_SEED_1,32,4,1575,0.0183422902278,1.71251738489,32,102,false
L19_SEED_1,32,4,1600,0.0178599146258,1.72549819445,32,102,false
L19_SEED_1,32,4,1625,0.0173951782557,1.73835305313,32,102,false
L19_SEED_1,32,4,1650,0.0169472316046,1.75108512849,32,102,false
L19_SEED_1,32,4,1675,0.0165152757435,1.76369748891,32,102,false
L19_SEED_1,32,4,1700,0.0160985587656,1.77619310706,32,102,false
L19_SEED_1,32,4,1725,0.0156963725115,1.7885748633,32,102,false
L19_SEED_1,32,4,1750,0.0153080495576,1.80084554896,32,102,false
L19_SEED_1,32,4,1775,0.0149329604422,1.8130078695,32,102,false
L19_SEED_1,32,4,1800,0.0145705111089,1.82506444759,32,102,false
L19_SEED_1,32,4,1825,0.0142201405481,1.83701782602,32,102,false
L19_SEED_1,32,4,1850,0.013881318619,1.84887047061,32,102,false
L19_SEED_1,32,4,1875,0.0135535440367,1.86062477294,32,102,false
L19_SEED_1,32,4,1900,0.0132363425104,1.87228305297,32,102,false
L19_SEED_1,32,4,1925,0.0129292650196,1.88384756163,32,102,false
L19_SEED_1,32,4,1950,0.0126318862172,1.89532048327,32,102,false
L19_SEED_1,32,4,1975,0.0123438029487,1.90670393799,32,102,false
L19_SEED_1,32,4,2000,0.0120646328775,1.91799998397,32,102,false
L19_SEED_1,32,8,0,3.41414881421,3.39654542548,0,4,false
L19_SEED_1,32,8,25,1.19809953311,1.54184248494,25,92,false
L19_SEED_1,32,8,50,0.646381689505,1.17137382883,28,102,false
L19_SEED_1,32,8,75,0.466102564945,1.13997008434,28,103,true
L19_SEED_1,32,8,100,0.37608670811,1.14736848227,29,93,false
L19_SEED_1,32,8,125,0.320418600019,1.17155715486,29,94,false
L19_SEED_1,32,8,150,0.281498018916,1.20555621299,29,95,false
L19_SEED_1,32,8,175,0.252056962682,1.24324726033,31,78,false
L19_SEED_1,32,8,200,0.228591756454,1.28241111808,31,78,false
L19_SEED_1,32,8,225,0.209211067691,1.32208480131,31,77,false
L19_SEED_1,32,8,250,0.192795925021,1.36169384482,31,77,false
L19_SEED_1,32,8,275,0.178633150195,1.40089623185,31,77,false
L19_SEED_1,32,8,300,0.166240186632,1.43947804045,31,77,false
L19_SEED_1,32,8,325,0.155274617611,1.47729821284,31,77,false
L19_SEED_1,32,8,350,0.145484163086,1.51426579261,31,77,false
L19_SEED_1,32,8,375,0.136677350126,1.55033011275,32,71,false
L19_SEED_1,32,8,400,0.128705368223,1.58547349156,32,71,false
L19_SEED_1,32,8,425,0.121450298678,1.61970428495,32,71,false
L19_SEED_1,32,8,450,0.114817159518,1.65305002835,32,71,false
L19_SEED_1,32,8,475,0.108728344668,1.68555097643,32,71,false
L19_SEED_1,32,8,500,0.103119632218,1.71725458462,32,71,false
L19_SEED_1,32,8,525,0.0979372596996,1.74821122846,32,71,false
L19_SEED_1,32,8,550,0.0931357462102,1.77847117607,32,71,false
L19_SEED_1,32,8,575,0.088676248617,1.80808264614,32,71,false
L19_SEED_1,32,8,600,0.0845253058139,1.83709070591,32,72,false
L19_SEED_1,32,8,625,0.0806538684596,1.86553676347,32,72,false
L19_SEED_1,32,8,650,0.0770365409993,1.89345844828,32,72,false
L19_SEED_1,32,8,675,0.0736509831192,1.92088972517,32,72,false
L19_SEED_1,32,8,700,0.0704774321156,1.94786113479,32,72,false
L19_SEED_1,32,8,725,0.0674983178631,1.9744000911,32,72,false
L19_SEED_1,32,8,750,0.0646979493922,2.00053119373,32,72,false
L19_SEED_1,32,8,775,0.0620622573871,2.02627653163,32,72,false
L19_SEED_1,32,8,800,0.0595785807691,2.05165596586,32,72,false
L19_SEED_1,32,8,825,0.0572354883649,2.07668738656,32,72,false
L19_SEED_1,32,8,850,0.0550226287469,2.10138694322,32,72,false
L19_SEED_1,32,8,875,0.0529306028936,2.12576924929,32,72,false
L19_SEED_1,32,8,900,0.0509508554876,2.14984756331,32,72,false
L19_SEED_1,32,8,925,0.0490755815534,2.17363394905,32,71,false
L19_SEED_1,32,8,950,0.0472976458166,2.19713941691,32,71,false
L19_SEED_1,32,8,975,0.0456105126855,2.22037404888,32,70,false
L19_SEED_1,32,8,1000,0.0440081851612,2.24334710896,32,70,false
L19_SEED_1,32,8,1025,0.0424851513003,2.26606714068,32,70,false
L19_SEED_1,32,8,1050,0.041036337102,2.28854205328,32,70,false
L19_SEED_1,32,8,1075,0.0396570648908,2.31077919764,32,71,false
L19_SEED_1,32,8,1100,0.0383430164249,2.33278543314,32,71,false
L19_SEED_1,32,8,1125,0.0370902000885,2.35456718639,32,71,false
L19_SEED_1,32,8,1150,0.0358949216264,2.37613050267,32,71,false
L19_SEED_1,32,8,1175,0.0347537579688,2.39748109082,32,71,false
L19_SEED_1,32,8,1200,0.0336635337587,2.41862436232,32,71,false
L19_SEED_1,32,8,1225,0.0326213002531,2.43956546519,32,71,false
L19_SEED_1,32,8,1250,0.0316243163173,2.46030931327,32,71,false
L19_SEED_1,32,8,1275,0.0306700312693,2.48086061143,32,71,false
L19_SEED_1,32,8,1300,0.0297560693642,2.50122387724,32,71,false
L19_SEED_1,32,8,1325,0.0288802157383,2.5214034595,32,71,false
L19_SEED_1,32,8,1350,0.0280404036534,2.54140355407,32,71,false
L19_SEED_1,32,8,1375,0.0272347029042,2.56122821736,32,71,false
L19_SEED_1,32,8,1400,0.0264613092655,2.5808813778,32,71,false
L19_SEED_1,32,8,1425,0.0257185348751,2.6003668456,32,71,false
L19_SEED_1,32,8,1450,0.0250047994562,2.61968832109,32,71,false
L19_SEED_1,32,8,1475,0.0243186222965,2.63884940174,32,71,false
L19_SEED_1,32,8,1500,0.0236586149103,2.65785358823,32,71,false
L19_SEED_1,32,8,1525,0.0230234743184,2.67670428964,32,71,false
L19_SEED_1,32,8,1550,0.0224119768854,2.69540482784,32,71,false
L19_SEED_1,32,8,1575,0.0218229726649,2.71395844141,32,71,false
L19_SEED_1,32,8,1600,0.0212553802023,2.73236828897,32,71,false
L19_SEED_1,32,8,1625,0.0207081817569,2.75063745215,32,71,false
L19_SEED_1,32,8,1650,0.0201804189032,2.76876893821,32,71,false
L19_SEED_1,32,8,1675,0.0196711884778,2.78676568243,32,71,false
L19_SEED_1,32,8,1700,0.0191796388424,2.80463055021,32,71,false
L19_SEED_1,32,8,1725,0.018704966435,2.82236633906,32,71,false
L19_SEED_1,32,8,1750,0.0182464125834,2.83997578043,32,71,false
L19_SEED_1,32,8,1775,0.0178032605602,2.85746154137,32,71,false
L19_SEED_1,32,8,1800,0.0173748328578,2.8748262262,32,71,false
L19_SEED_1,32,8,1825,0.0169604886654,2.89207237799,32,71,false
L19_SEED_1,32,8,1850,0.016559621531,2.90920248006,32,71,false
L19_SEED_1,32,8,1875,0.0161716571935,2.92621895738,32,71,false
L19_SEED_1,32,8,1900,0.0157960515711,2.94312417793,32,71,false
L19_SEED_1,32,8,1925,0.0154322888931,2.95992045408,32,65,false
L19_SEED_1,32,8,1950,0.0150798799635,2.97661004381,32,65,false
L19_SEED_1,32,8,1975,0.014738360547,2.99319515206,32,65,false
L19_SEED_1,32,8,2000,0.0144072898665,3.0096779319,32,65,false
L19_SEED_1,32,12,0,3.4047206951,3.38178652898,1,9,false
L19_SEED_1,32,12,25,1.39475252505,1.96987863325,23,82,false
L19_SEED_1,32,12,50,0.844018251049,1.63165668477,25,79,false
L19_SEED_1,32,12,75,0.629842080008,1.54728105989,29,75,true
L19_SEED_1,32,12,100,0.513002580459,1.5492209307,29,76,false
L19_SEED_1,32,12,125,0.436488484526,1.58646854226,29,81,false
L19_SEED_1,32,12,150,0.381709072561,1.63662356967,29,81,false
L19_SEED_1,32,12,175,0.34023069446,1.69279583394,29,82,false
L19_SEED_1,32,12,200,0.307485563195,1.7510106901,29,82,false
L19_SEED_1,32,12,225,0.280779852555,1.80957638936,30,75,false
L19_SEED_1,32,12,250,0.258432844921,1.86761484493,30,75,false
L19_SEED_1,32,12,275,0.239347442249,1.9247049623,30,75,false
L19_SEED_1,32,12,300,0.222779112643,1.98064806932,30,75,false
L19_SEED_1,32,12,325,0.208205024714,2.03535932505,30,75,false
L19_SEED_1,32,12,350,0.195246758867,2.08881031945,31,64,false
L19_SEED_1,32,12,375,0.183622972046,2.14100099322,31,64,false
L19_SEED_1,32,12,400,0.173119455294,2.19194607311,31,64,false
L19_SEED_1,32,12,425,0.163569631834,2.24166879012,32,59,false
L19_SEED_1,32,12,450,0.154841511577,2.29019803676,32,59,false
L19_SEED_1,32,12,475,0.146828748188,2.3375669457,32,59,false
L19_SEED_1,32,12,500,0.139444369473,2.38381196196,32,59,false
L19_SEED_1,32,12,525,0.132616291306,2.42897203494,32,59,false
L19_SEED_1,32,12,550,0.126284047902,2.47308782904,32,59,false
L19_SEED_1,32,12,575,0.12039636869,2.51620096376,32,59,false
L19_SEED_1,32,12,600,0.114909355454,2.55835332142,32,59,false
L19_SEED_1,32,12,625,0.109785092252,2.59958645437,32,59,false
L19_SEED_1,32,12,650,0.104990572025,2.6399411064,32,59,false
L19_SEED_1,32,12,675,0.100496858044,2.67945684874,32,59,false
L19_SEED_1,32,12,700,0.0962784215774,2.71817182055,32,58,false
L19_SEED_1,32,12,725,0.0923126132352,2.75612255905,32,58,false
L19_SEED_1,32,12,750,0.0885792367557,2.79334390266,32,58,false
L19_SEED_1,32,12,775,0.0850602020473,2.82986895108,32,58,false
L19_SEED_1,32,12,800,0.081739240126,2.86572906838,32,58,false
L19_SEED_1,32,12,825,0.078601666826,2.90095391691,32,58,false
L19_SEED_1,32,12,850,0.0756341852901,2.93557151269,32,58,false
L19_SEED_1,32,12,875,0.0728247195637,2.96960829463,32,58,false
L19_SEED_1,32,12,900,0.0701622733484,3.00308920195,32,58,false
L19_SEED_1,32,12,925,0.0676368092813,3.03603775551,32,58,false
L19_SEED_1,32,12,950,0.0652391450906,3.06847614015,32,58,false
L19_SEED_1,32,12,975,0.0629608637387,3.10042528579,32,58,false
L19_SEED_1,32,12,1000,0.0607942352436,3.13190494599,32,58,false
L19_SEED_1,32,12,1025,0.0587321483166,3.16293377293,32,58,false
L19_SEED_1,32,12,1050,0.056768050312,3.19352938847,32,58,false
L19_SEED_1,32,12,1075,0.0548958942518,3.22370845089,32,58,false
L19_SEED_1,32,12,1100,0.0531100919144,3.25348671729,32,58,false
L19_SEED_1,32,12,1125,0.0514054721445,3.28287910176,32,58,false
L19_SEED_1,32,12,1150,0.0497772436834,3.31189972945,32,58,false
L19_SEED_1,32,12,1175,0.0482209619318,3.34056198664,32,59,false
L19_SEED_1,32,12,1200,0.0467324991473,3.36887856731,32,59,false
L19_SEED_1,32,12,1225,0.0453080176553,3.39686151611,32,59,false
L19_SEED_1,32,12,1250,0.0439439457133,3.42452226829,32,59,false
L19_SEED_1,32,12,1275,0.0426369557192,3.45187168671,32,59,false
L19_SEED_1,32,12,1300,0.0413839444973,3.47892009611,32,59,false
L19_SEED_1,32,12,1325,0.0401820154318,3.50567731497,32,59,false
L19_SEED_1,32,12,1350,0.0390284622476,3.5321526852,32,59,false
L19_SEED_1,32,12,1375,0.0379207542619,3.55835509973,32,59,false
L19_SEED_1,32,12,1400,0.0368565229548,3.58429302824,32,59,false
L19_SEED_1,32,12,1425,0.0358335497231,3.60997454125,32,59,false
L19_SEED_1,32,12,1450,0.0348497546986,3.63540733264,32,59,false
L19_SEED_1,32,12,1475,0.0339031865258,3.66059874077,32,59,false
L19_SEED_1,32,12,1500,0.0329920130045,3.6855557683,32,59,false
L19_SEED_1,32,12,1525,0.0321145125163,3.71028510084,32,59,false
L19_SEED_1,32,12,1550,0.0312690661585,3.7347931245,32,59,false
L19_SEED_1,32,12,1575,0.0304541505213,3.75908594237,32,59,false
L19_SEED_1,32,12,1600,0.0296683310479,3.78316939019,32,59,false
L19_SEED_1,32,12,1625,0.0289102559243,3.80704905102,32,59,false
L19_SEED_1,32,12,1650,0.0281786504521,3.8307302691,32,59,false
L19_SEED_1,32,12,1675,0.0274723118607,3.85421816305,32,59,false
L19_SEED_1,32,12,1700,0.0267901045196,3.87751763821,32,59,false
L19_SEED_1,32,12,1725,0.0261309555172,3.90063339833,32,59,false
L19_SEED_1,32,12,1750,0.0254938505743,3.9235699567,32,53,false
L19_SEED_1,32,12,1775,0.0248778302626,3.94633164651,32,53,false
L19_SEED_1,32,12,1800,0.0242819865042,3.96892263076,32,53,false
L19_SEED_1,32,12,1825,0.023705459327,3.99134691152,32,53,false
L19_SEED_1,32,12,1850,0.0231474338564,4.01360833872,32,53,false
L19_SEED_1,32,12,1875,0.022607137523,4.03571061842,32,53,false
L19_SEED_1,32,12,1900,0.0220838374685,4.05765732057,32,53,false
L19_SEED_1,32,12,1925,0.0215768381349,4.07945188633,32,53,false
L19_SEED_1,32,12,1950,0.021085479022,4.10109763502,32,53,false
L19_SEED_1,32,12,1975,0.0206091325999,4.12259777054,32,53,false
L19_SEED_1,32,12,2000,0.0201472023636,4.1439553875,32,53,false
L19_SEED_1,32,16,0,3.40642790355,3.38603381857,2,6,false
L19_SEED_1,32,16,25,1.49742481006,2.22219816402,20,69,false
L19_SEED_1,32,16,50,0.988053303956,1.96059980966,25,74,false
L19_SEED_1,32,16,75,0.757822208414,1.85647665959,26,73,false
L19_SEED_1,32,16,100,0.624431492495,1.83807558435,29,79,true
L19_SEED_1,32,16,125,0.534681656289,1.86239106667,29,80,false
L19_SEED_1,32,16,150,0.469079037585,1.9059752458,29,80,false
L19_SEED_1,32,16,175,0.418637265891,1.95970409177,29,80,false
L19_SEED_1,32,16,200,0.378432326697,2.01797406309,29,80,false
L19_SEED_1,32,16,225,0.345494387819,2.07806507086,30,75,false
L19_SEED_1,32,16,250,0.317914276143,2.13848457494,30,75,false
L19_SEED_1,32,16,275,0.294406103055,2.19843832176,30,75,false
L19_SEED_1,32,16,300,0.274071334887,2.25750700733,30,75,false
L19_SEED_1,32,16,325,0.256262765955,2.31547693204,30,75,false
L19_SEED_1,32,16,350,0.240502131625,2.37224832195,30,75,false
L19_SEED_1,32,16,375,0.226428188049,2.4277850585,30,75,false
L19_SEED_1,32,16,400,0.213762869224,2.48208674881,30,75,false
L19_SEED_1,32,16,425,0.202288567359,2.53517307589,30,74,false
L19_SEED_1,32,16,450,0.19183247855,2.5870748695,31,69,false
L19_SEED_1,32,16,475,0.182255565795,2.63782894172,31,69,false
L19_SEED_1,32,16,500,0.173444618353,2.68747505135,32,58,false
L19_SEED_1,32,16,525,0.165306436633,2.7360540905,32,58,false
L19_SEED_1,32,16,550,0.157763507373,2.78360699101,32,59,false
L19_SEED_1,32,16,575,0.150750743737,2.83017406446,32,59,false
L19_SEED_1,32,16,600,0.144212999223,2.87579460767,32,59,false
L19_SEED_1,32,16,625,0.138103152209,2.92050667038,32,59,false
L19_SEED_1,32,16,650,0.132380616673,2.96434691916,32,58,false
L19_SEED_1,32,16,675,0.127010174665,3.00735055621,32,58,false
L19_SEED_1,32,16,700,0.121961053983,3.04955126873,32,58,false
L19_SEED_1,32,16,725,0.117206194165,3.09098119698,32,58,false
L19_SEED_1,32,16,750,0.112721658153,3.13167091737,32,58,false
L19_SEED_1,32,16,775,0.108486157304,3.17164944143,32,58,false
L19_SEED_1,32,16,800,0.104480665137,3.21094423257,32,58,false
L19_SEED_1,32,16,825,0.100688100935,3.24958124198,32,56,false
L19_SEED_1,32,16,850,0.0970930686385,3.28758496301,32,56,false
L19_SEED_1,32,16,875,0.0936816397926,3.3249785016,32,56,false
L19_SEED_1,32,16,900,0.0904411717795,3.36178365871,32,55,false
L19_SEED_1,32,16,925,0.0873601545221,3.39802102027,32,55,false
L19_SEED_1,32,16,950,0.0844280803016,3.43371004998,32,55,false
L19_SEED_1,32,16,975,0.0816353324733,3.46886918099,32,56,false
L19_SEED_1,32,16,1000,0.0789730897451,3.50351590346,32,56,false
L19_SEED_1,32,16,1025,0.076433243358,3.53766684582,32,56,false
L19_SEED_1,32,16,1050,0.0740083250396,3.57133784863,32,56,false
L19_SEED_1,32,16,1075,0.0716914440124,3.6045440307,32,56,false
L19_SEED_1,32,16,1100,0.0694762316623,3.6372998475,32,56,false
L19_SEED_1,32,16,1125,0.0673567927277,3.66961914245,32,56,false
L19_SEED_1,32,16,1150,0.0653276620708,3.70151519178,32,56,false
L19_SEED_1,32,16,1175,0.0633837662554,3.73300074368,32,56,false
L19_SEED_1,32,16,1200,0.0615203892821,3.7640880526,32,56,false
L19_SEED_1,32,16,1225,0.0597331419392,3.79478890931,32,56,false
L19_SEED_1,32,16,1250,0.0580179343098,3.82511466742,32,56,false
L19_SEED_1,32,16,1275,0.0563709510459,3.85507626694,32,56,false
L19_SEED_1,32,16,1300,0.0547886290783,3.88468425531,32,56,false
L19_SEED_1,32,16,1325,0.0532676374767,3.9139488063,32,56,false
L19_SEED_1,32,16,1350,0.0518048592156,3.94287973718,32,56,false
L19_SEED_1,32,16,1375,0.0503973746326,3.97148652439,32,56,false
L19_SEED_1,32,16,1400,0.0490424463961,3.99977831797,32,56,false
L19_SEED_1,32,16,1425,0.0477375058194,4.02776395491,32,56,false
L19_SEED_1,32,16,1450,0.0464801403831,4.05545197164,32,56,false
L19_SEED_1,32,16,1475,0.0452680823399,4.08285061574,32,56,false
L19_SEED_1,32,16,1500,0.0440991982933,4.10996785697,32,56,false
L19_SEED_1,32,16,1525,0.0429714796551,4.13681139776,32,56,false
L19_SEED_1,32,16,1550,0.0418830338947,4.16338868318,32,56,false
L19_SEED_1,32,16,1575,0.0408320765055,4.18970691047,32,56,false
L19_SEED_1,32,16,1600,0.0398169236208,4.21577303814,32,56,false
L19_SEED_1,32,16,1625,0.0388359852183,4.24159379471,32,56,false
L19_SEED_1,32,16,1650,0.0378877588605,4.26717568714,32,56,false
L19_SEED_1,32,16,1675,0.0369708239214,4.29252500885,32,56,false
L19_SEED_1,32,16,1700,0.0360838362573,4.31764784755,32,56,false
L19_SEED_1,32,16,1725,0.0352255232822,4.34255009269,32,56,false
L19_SEED_1,32,16,1750,0.0343946794124,4.36723744267,32,56,false
L19_SEED_1,32,16,1775,0.0335901618497,4.39171541179,32,56,false
L19_SEED_1,32,16,1800,0.0328108866732,4.41598933694,32,56,false
L19_SEED_1,32,16,1825,0.032055825215,4.440064384,32,56,false
L19_SEED_1,32,16,1850,0.0313240006954,4.46394555409,32,56,false
L19_SEED_1,32,16,1875,0.0306144850974,4.48763768947,32,56,false
L19_SEED_1,32,16,1900,0.0299263962598,4.51114547935,32,56,false
L19_SEED_1,32,16,1925,0.0292588951724,4.53447346537,32,56,false
L19_SEED_1,32,16,1950,0.0286111834577,4.55762604692,32,56,false
L19_SEED_1,32,16,1975,0.0279825010224,4.58060748627,32,56,false
L19_SEED_1,32,16,2000,0.027372123868,4.60342191345,32,56,false
L19_SEED_1,32,19,0,3.40793908432,3.38420364087,0,5,false
L19_SEED_1,32,19,25,1.58525088771,2.42104373922,15,52,false
L19_SEED_1,32,19,50,1.10091065855,2.24042191033,23,67,false
L19_SEED_1,32,19,75,0.861963046301,2.16093533902,26,69,false
L19_SEED_1,32,19,100,0.717011815565,2.15837462805,27,69,true
L19_SEED_1,32,19,125,0.617254379014,2.1924138595,29,70,false
L19_SEED_1,32,19,150,0.542922073249,2.24442228782,29,70,false
L19_SEED_1,32,19,175,0.484865024549,2.30541177948,29,70,false
L19_SEED_1,32,19,200,0.438082118408,2.3710907267,29,70,false
L19_SEED_1,32,19,225,0.399510446183,2.43893392271,29,71,false
L19_SEED_1,32,19,250,0.367131660286,2.50746687981,30,65,false
L19_SEED_1,32,19,275,0.339545470213,2.57581451902,30,66,false
L19_SEED_1,32,19,300,0.315744068172,2.64346680693,30,66,false
L19_SEED_1,32,19,325,0.294982021555,2.71013930794,30,66,false
L19_SEED_1,32,19,350,0.276696002538,2.77568753282,30,66,false
L19_SEED_1,32,19,375,0.260452707248,2.84005305771,30,66,false
L19_SEED_1,32,19,400,0.245913774517,2.90322941266,30,66,false
L19_SEED_1,32,19,425,0.232811469256,2.96524040819,30,66,false
L19_SEED_1,32,19,450,0.220931437761,3.02612623663,30,66,false
L19_SEED_1,32,19,475,0.210100242408,3.08593445237,30,66,false
L19_SEED_1,32,19,500,0.200176200517,3.14471410922,30,66,false
L19_SEED_1,32,19,525,0.191042551509,3.20251206356,30,66,false
L19_SEED_1,32,19,550,0.182602292257,3.25937086872,31,61,false
L19_SEED_1,32,19,575,0.174774225803,3.31532788286,32,50,false
L19_SEED_1,32,19,600,0.167489904884,3.37041527899,32,50,false
L19_SEED_1,32,19,625,0.160691243843,3.42466065943,32,50,false
L19_SEED_1,32,19,650,0.154328635811,3.47808799264,32,50,false
L19_SEED_1,32,19,675,0.148359456086,3.53071863387,32,50,false
L19_SEED_1,32,19,700,0.142746863762,3.58257225777,32,50,false
L19_SEED_1,32,19,725,0.137458835844,3.63366760667,32,50,false
L19_SEED_1,32,19,750,0.132467384136,3.68402302239,32,50,false
L19_SEED_1,32,19,775,0.127747916924,3.73365677462,32,50,false
L19_SEED_1,32,19,800,0.123278716126,3.78258722288,32,50,false
L19_SEED_1,32,19,825,0.119040507104,3.83083285669,32,50,false
L19_SEED_1,32,19,850,0.11501610318,3.87841225571,32,50,false
L19_SEED_1,32,19,875,0.111190110681,3.92534400398,32,50,false
L19_SEED_1,32,19,900,0.107548683227,3.97164658351,32,50,false
L19_SEED_1,32,19,925,0.104079316205,4.01733826427,32,50,false
L19_SEED_1,32,19,950,0.100770674163,4.06243700138,32,50,false
L19_SEED_1,32,19,975,0.097612445264,4.10696034544,32,50,false
L19_SEED_1,32,19,1000,0.0945952180227,4.15092536868,32,50,false
L19_SEED_1,32,19,1025,0.0917103764859,4.19434860772,32,50,false
L19_SEED_1,32,19,1050,0.0889500106952,4.23724602214,32,50,false
L19_SEED_1,32,19,1075,0.0863068398705,4.27963296766,32,50,false
L19_SEED_1,32,19,1100,0.0837741462129,4.32152418212,32,50,false
L19_SEED_1,32,19,1125,0.0813457176007,4.36293378248,32,50,false
L19_SEED_1,32,19,1150,0.079015797765,4.40387527095,32,50,false
L19_SEED_1,32,19,1175,0.0767790427737,4.4443615486,32,50,false
L19_SEED_1,32,19,1200,0.0746304828608,4.48440493471,32,50,false
L19_SEED_1,32,19,1225,0.0725654887999,4.52401719055,32,50,false
L19_SEED_1,32,19,1250,0.0705797421572,4.5632095462,32,50,false
L19_SEED_1,32,19,1275,0.0686692088712,4.6019927294,32,49,false
L19_SEED_1,32,19,1300,0.0668301156951,4.64037699542,32,49,false
L19_SEED_1,32,19,1325,0.0650589291139,4.67837215722,32,49,false
L19_SEED_1,32,19,1350,0.0633523364109,4.71598761522,32,49,false
L19_SEED_1,32,19,1375,0.0617072286063,4.75323238625,32,49,false
L19_SEED_1,32,19,1400,0.0601206850366,4.79011513123,32,49,false
L19_SEED_1,32,19,1425,0.0585899593763,4.82664418137,32,49,false
L19_SEED_1,32,19,1450,0.0571124669314,4.86282756255,32,49,false
L19_SEED_1,32,19,1475,0.0556857730626,4.89867301809,32,49,false
L19_SEED_1,32,19,1500,0.0543075826119,4.93418802947,32,49,false
L19_SEED_1,32,19,1525,0.0529757302264,4.9693798353,32,49,false
L19_SEED_1,32,19,1550,0.0516881714848,5.0042554485,32,49,false
L19_SEED_1,32,19,1575,0.0504429747478,5.03882167167,32,49,false
L19_SEED_1,32,19,1600,0.0492383136591,5.07308511095,32,49,false
L19_SEED_1,32,19,1625,0.0480724602359,5.10705218828,32,48,false
L19_SEED_1,32,19,1650,0.0469437784941,5.14072915229,32,48,false
L19_SEED_1,32,19,1675,0.0458507185589,5.17412208802,32,48,false
L19_SEED_1,32,19,1700,0.0447918112173,5.20723692537,32,48,false
L19_SEED_1,32,19,1725,0.0437656628744,5.24007944667,32,48,false
L19_SEED_1,32,19,1750,0.0427709508788,5.27265529328,32,48,false
L19_SEED_1,32,19,1775,0.0418064191849,5.3049699715,32,48,false
L19_SEED_1,32,19,1800,0.0408708743255,5.33702885768,32,48,false
L19_SEED_1,32,19,1825,0.0399631816684,5.36883720292,32,48,false
L19_SEED_1,32,19,1850,0.0390822619343,5.40040013713,32,48,false
L19_SEED_1,32,19,1875,0.0382270879545,5.43172267272,32,48,false
L19_SEED_1,32,19,1900,0.037396681651,5.46280970799,32,48,false
L19_SEED_1,32,19,1925,0.0365901112201,5.49366603017,32,48,false
L19_SEED_1,32,19,1950,0.0358064885048,5.52429631818,32,48,false
L19_SEED_1,32,19,1975,0.0350449665408,5.55470514531,32,48,false
L19_SEED_1,32,19,2000,0.034304737264,5.58489698161,32,48,false
L19_SEED_1,32,20,0,3.40957917984,3.38467531959,0,3,false
L19_SEED_1,32,20,25,1.58980604183,2.42468629887,15,51,false
L19_SEED_1,32,20,50,1.10245026837,2.23364629134,24,71,false
L19_SEED_1,32,20,75,0.861130705562,2.14584541484,26,69,false
L19_SEED_1,32,20,100,0.715098835182,2.13886460697,27,70,true
L19_SEED_1,32,20,125,0.614861343358,2.17089238832,29,70,false
L19_SEED_1,32,20,150,0.540375088869,2.22180809648,29,70,false
L19_SEED_1,32,20,175,0.482350890379,2.28222891265,29,70,false
L19_SEED_1,32,20,200,0.435698561403,2.34759304625,29,70,false
L19_SEED_1,32,20,225,0.397303010056,2.41526248253,29,71,false
L19_SEED_1,32,20,250,0.365115829124,2.48369150934,30,66,false
L19_SEED_1,32,20,275,0.33772006087,2.55196415428,30,66,false
L19_SEED_1,32,20,300,0.314099246778,2.61954504586,30,66,false
L19_SEED_1,32,20,325,0.293503981429,2.68613304645,30,66,false
L19_SEED_1,32,20,350,0.275369607089,2.7515720019,30,66,false
L19_SEED_1,32,20,375,0.259262920619,2.81579474491,30,66,false
L19_SEED_1,32,20,400,0.244846386261,2.87878802415,30,74,false
L19_SEED_1,32,20,425,0.231853417327,2.94057044323,30,74,false
L19_SEED_1,32,20,450,0.220070909259,3.00117852721,30,72,false
L19_SEED_1,32,20,475,0.209326656201,3.06065783333,30,66,false
L19_SEED_1,32,20,500,0.199480131306,3.11905723154,30,66,false
L19_SEED_1,32,20,525,0.190415628752,3.17642523924,30,66,false
L19_SEED_1,32,20,550,0.182037092266,3.23280776108,31,61,false
L19_SEED_1,32,20,575,0.174264166616,3.2882468477,32,50,false
L19_SEED_1,32,20,600,0.167029148565,3.34278021814,32,50,false
L19_SEED_1,32,20,625,0.160274608129,3.39644134303,32,50,false
L19_SEED_1,32,20,650,0.15395151548,3.44925990471,32,50,false
L19_SEED_1,32,20,675,0.14801775368,3.5012624647,32,50,false
L19_SEED_1,32,20,700,0.142436928901,3.55247319476,32,50,false
L19_SEED_1,32,20,725,0.137177412235,3.60291456324,32,50,false
L19_SEED_1,32,20,750,0.132211563365,3.65260791034,32,50,false
L19_SEED_1,32,20,775,0.127515098169,3.70157388263,32,50,false
L19_SEED_1,32,20,800,0.123066571003,3.7498327267,32,50,false
L19_SEED_1,32,20,825,0.118846948943,3.79740445908,32,50,false
L19_SEED_1,32,20,850,0.114839260122,3.84430893834,32,50,false
L19_SEED_1,32,20,875,0.111028302077,3.89056586668,32,50,false
L19_SEED_1,32,20,900,0.107400398872,3.93619474567,32,50,false
L19_SEED_1,32,20,925,0.103943198038,3.9812148061,32,50,false
L19_SEED_1,32,20,950,0.100645500093,4.02564492713,32,50,false
L19_SEED_1,32,20,975,0.097497114852,4.06950355547,32,50,false
L19_SEED_1,32,20,1000,0.094488739781,4.11280863146,32,50,false
L19_SEED_1,32,20,1025,0.0916118565917,4.15557752614,32,50,false
L19_SEED_1,32,20,1050,0.0888586429495,4.19782699154,32,50,false
L19_SEED_1,32,20,1075,0.0862218967525,4.23957312455,32,50,false
L19_SEED_1,32,20,1100,0.0836949709032,4.28083134419,32,50,false
L19_SEED_1,32,20,1125,0.0812717168627,4.32161638108,32,50,false
L19_SEED_1,32,20,1150,0.0789464355876,4.36194227799,32,50,false
L19_SEED_1,32,20,1175,0.0767138346905,4.40182239964,32,50,false
L19_SEED_1,32,20,1200,0.0745689908711,4.44126945037,32,50,false
L19_SEED_1,32,20,1225,0.0725073168252,4.48029549799,32,50,false
L19_SEED_1,32,20,1250,0.0705245319753,4.5189120023,32,50,false
L19_SEED_1,32,20,1275,0.068616636474,4.55712984707,32,49,false
L19_SEED_1,32,20,1300,0.0667798880248,4.59495937405,32,49,false
L19_SEED_1,32,20,1325,0.0650107811353,4.63241041816,32,49,false
L19_SEED_1,32,20,1350,0.0633060284828,4.66949234287,32,49,false
L19_SEED_1,32,20,1375,0.0616625441194,4.70621407503,32,49,false
L19_SEED_1,32,20,1400,0.0600774282879,4.74258413863,32,49,false
L19_SEED_1,32,20,1425,0.0585479536537,4.77861068698,32,49,false
L19_SEED_1,32,20,1450,0.0570715527864,4.81430153307,32,49,false
L19_SEED_1,32,20,1475,0.0556458067493,4.8496641778,32,49,false
L19_SEED_1,32,20,1500,0.0542684346749,4.88470583603,32,49,false
L19_SEED_1,32,20,1525,0.0529372842213,4.91943346036,32,49,false
L19_SEED_1,32,20,1550,0.0516503228178,4.95385376271,32,49,false
L19_SEED_1,32,20,1575,0.0504056296206,4.98797323366,32,49,false
L19_SEED_1,32,20,1600,0.0492013881101,5.02179815982,32,49,false
L19_SEED_1,32,20,1625,0.0480358792663,5.05533463917,32,49,false
L19_SEED_1,32,20,1650,0.0469074752716,5.08858859467,32,49,false
L19_SEED_1,32,20,1675,0.0458146336906,5.12156578616,32,48,false
L19_SEED_1,32,20,1700,0.0447558920861,5.15427182083,32,48,false
L19_SEED_1,32,20,1725,0.0437298630321,5.18671216236,32,48,false
L19_SEED_1,32,20,1750,0.0427352294911,5.21889213886,32,48,false
L19_SEED_1,32,20,1775,0.0417707405239,5.25081694977,32,48,false
L19_SEED_1,32,20,1800,0.0408352073047,5.28249167191,32,48,false
L19_SEED_1,32,20,1825,0.0399274994175,5.31392126469,32,48,false
L19_SEED_1,32,20,1850,0.0390465414091,5.34511057472,32,48,false
L19_SEED_1,32,20,1875,0.0381913095804,5.3760643398,32,48,false
L19_SEED_1,32,20,1900,0.0373608289962,5.40678719249,32,48,false
L19_SEED_1,32,20,1925,0.036554170696,5.43728366322,32,48,false
L19_SEED_1,32,20,1950,0.035770449092,5.46755818312,32,48,false
L19_SEED_1,32,20,1975,0.0350088195381,5.4976150866,32,48,false
L19_SEED_1,32,20,2000,0.0342684760587,5.52745861362,32,48,false
L19_SEED_1,32,21,0,3.40228597926,3.39026660877,2,5,false
L19_SEED_1,32,21,25,1.619425614,2.51282083048,17,64,false
L19_SEED_1,32,21,50,1.1887533112,2.43595352816,23,70,false
L19_SEED_1,32,21,75,0.964069668291,2.36593380626,23,67,false
L19_SEED_1,32,21,100,0.817250385307,2.33321385826,26,66,false
L19_SEED_1,32,21,125,0.712026704848,2.33133211361,27,72,true
L19_SEED_1,32,21,150,0.631929686577,2.34723749412,28,77,false
L19_SEED_1,32,21,175,0.568441737601,2.37534596703,28,77,false
L19_SEED_1,32,21,200,0.516661380181,2.41294313722,29,78,false
L19_SEED_1,32,21,225,0.473501866058,2.45739556426,29,78,false
L19_SEED_1,32,21,250,0.43691433245,2.50597795742,29,78,false
L19_SEED_1,32,21,275,0.40548589219,2.55644787007,29,78,false
L19_SEED_1,32,21,300,0.378197774509,2.60733113524,30,72,false
L19_SEED_1,32,21,325,0.354286241174,2.65777317733,30,72,false
L19_SEED_1,32,21,350,0.333162897562,2.70730153441,30,72,false
L19_SEED_1,32,21,375,0.31436564729,2.75566262452,30,72,false
L19_SEED_1,32,21,400,0.297526322873,2.80273020361,30,72,false
L19_SEED_1,32,21,425,0.282348223884,2.84845405452,30,71,false
L19_SEED_1,32,21,450,0.26858995869,2.89282957138,30,70,false
L19_SEED_1,32,21,475,0.256053510266,2.9358794883,30,70,false
L19_SEED_1,32,21,500,0.244575246123,2.97764310318,30,69,false
L19_SEED_1,32,21,525,0.234019041621,3.01817002141,30,69,false
L19_SEED_1,32,21,550,0.2242709544,3.05751642632,30,69,false
L19_SEED_1,32,21,575,0.215235057007,3.09574266128,30,69,false
L19_SEED_1,32,21,600,0.206830146306,3.13291148022,30,69,false
L19_SEED_1,32,21,625,0.198987124353,3.16908667675,30,69,false
L19_SEED_1,32,21,650,0.191646898619,3.20433197819,30,69,false
L19_SEED_1,32,21,675,0.184758687486,3.23871015906,30,69,false
L19_SEED_1,32,21,700,0.178278644525,3.27228234361,30,69,false
L19_SEED_1,32,21,725,0.172168735409,3.30510746587,31,64,false
L19_SEED_1,32,21,750,0.166395816389,3.33724185287,32,53,false
L19_SEED_1,32,21,775,0.160930874717,3.36873889797,32,53,false
L19_SEED_1,32,21,800,0.155748399949,3.39964879746,32,53,false
L19_SEED_1,32,21,825,0.150825861739,3.43001833226,32,53,false
L19_SEED_1,32,21,850,0.146143274784,3.45989068712,32,53,false
L19_SEED_1,32,21,875,0.14168283548,3.48930530998,32,53,false
L19_SEED_1,32,21,900,0.137428617884,3.51829782184,32,53,false
L19_SEED_1,32,21,925,0.133366318867,3.54689999203,32,53,false
L19_SEED_1,32,21,950,0.12948304411,3.57513979312,32,53,false
L19_SEED_1,32,21,975,0.125767127976,3.60304154475,32,53,false
L19_SEED_1,32,21,1000,0.122207981388,3.63062614675,32,53,false
L19_SEED_1,32,21,1025,0.118795962773,3.65791139156,32,53,false
L19_SEED_1,32,21,1050,0.115522267943,3.68491233655,32,53,false
L19_SEED_1,32,21,1075,0.112378835516,3.7116417103,32,53,false
L19_SEED_1,32,21,1100,0.10935826517,3.73811032465,32,53,false
L19_SEED_1,32,21,1125,0.106453746558,3.76432746664,32,53,false
L19_SEED_1,32,21,1150,0.103658997219,3.79030124984,32,53,false
L19_SEED_1,32,21,1175,0.100968208161,3.81603891191,32,53,false
L19_SEED_1,32,21,1200,0.0983759960725,3.84154705289,32,53,false
L19_SEED_1,32,21,1225,0.0958773612995,3.86683181509,32,53,false
L19_SEED_1,32,21,1250,0.0934676508686,3.89189901026,32,53,false
L19_SEED_1,32,21,1275,0.0911425259146,3.91675420263,32,53,false
L19_SEED_1,32,21,1300,0.088897932962,3.9414027573,32,53,false
L19_SEED_1,32,21,1325,0.086730078563,3.96584986348,32,53,false
L19_SEED_1,32,21,1350,0.0846354068555,3.99010054075,32,53,false
L19_SEED_1,32,21,1375,0.0826105796548,4.01415963542,32,53,false
L19_SEED_1,32,21,1400,0.0806524587436,4.03803181198,32,53,false
L19_SEED_1,32,21,1425,0.0787580900673,4.06172154368,32,53,false
L19_SEED_1,32,21,1450,0.0769246895832,4.08523310458,32,53,false
L19_SEED_1,32,21,1475,0.075149630549,4.10857056454,32,53,false
L19_SEED_1,32,21,1500,0.0734304320627,4.13173778796,32,53,false
L19_SEED_1,32,21,1525,0.0717647487001,4.15473843628,32,53,false
L19_SEED_1,32,21,1550,0.0701503611103,4.17757597399,32,53,false
L19_SEED_1,32,21,1575,0.068585167459,4.20025367778,32,53,false
L19_SEED_1,32,21,1600,0.0670671756165,4.22277464815,32,53,false
L19_SEED_1,32,21,1625,0.0655944960085,4.24514182281,32,53,false
L19_SEED_1,32,21,1650,0.0641653350569,4.26735799138,32,52,false
L19_SEED_1,32,21,1675,0.0627779891463,4.28942581071,32,52,false
L19_SEED_1,32,21,1700,0.0614308390634,4.31134782039,32,52,false
L19_SEED_1,32,21,1725,0.0601223448611,4.33312645795,32,52,false
L19_SEED_1,32,21,1750,0.0588510411072,4.35476407358,32,52,false
L19_SEED_1,32,21,1775,0.0576155324806,4.37626294396,32,52,false
L19_SEED_1,32,21,1800,0.0564144896833,4.39762528509,32,52,false
L19_SEED_1,32,21,1825,0.055246645641,4.41885326404,32,52,false
L19_SEED_1,32,21,1850,0.0541107919666,4.43994900951,32,52,false
L19_SEED_1,32,21,1875,0.0530057756641,4.46091462121,32,52,false
L19_SEED_1,32,21,1900,0.0519304960546,4.48175217808,32,52,false
L19_SEED_1,32,21,1925,0.0508839019043,4.50246374543,32,52,false
L19_SEED_1,32,21,1950,0.0498649887406,4.52305138098,32,52,false
L19_SEED_1,32,21,1975,0.0488727963402,4.54351713999,32,52,false
L19_SEED_1,32,21,2000,0.0479064063771,4.56386307954,32,52,false
L19_SEED_1,320,0,0,3.52403873616,3.52198689903,0,0,false
L19_SEED_1,320,0,25,1.04171947213,0.853122322973,28,144,false
L19_SEED_1,320,0,50,0.47167012494,0.274586427806,28,144,false
L19_SEED_1,320,0,75,0.360534035628,0.19627498156,28,144,false
L19_SEED_1,320,0,100,0.326383199732,0.160236392935,28,144,false
L19_SEED_1,320,0,125,0.30988567921,0.143847236315,28,144,false
L19_SEED_1,320,0,150,0.300093454881,0.134165823003,28,144,false
L19_SEED_1,320,0,175,0.293630840964,0.127919751892,28,144,false
L19_SEED_1,320,0,200,0.289080246596,0.123475769793,28,144,false
L19_SEED_1,320,0,225,0.285726299932,0.120177419657,28,144,false
L19_SEED_1,320,0,250,0.283167451538,0.117661084532,28,144,false
L19_SEED_1,320,0,275,0.281161299326,0.115687970763,28,144,false
L19_SEED_1,320,0,300,0.279553310431,0.114105842303,28,144,false
L19_SEED_1,320,0,325,0.27824062375,0.112813894503,28,144,false
L19_SEED_1,320,0,350,0.277152316299,0.111742532785,28,144,false
L19_SEED_1,320,0,375,0.276238026765,0.110842294235,28,144,false
L19_SEED_1,320,0,400,0.275461090286,0.110077157497,28,144,false
L19_SEED_1,320,0,425,0.274794233857,0.109420322458,28,144,false
L19_SEED_1,320,0,450,0.274216787708,0.108851472419,28,144,false
L19_SEED_1,320,0,475,0.273712827079,0.10835495039,28,144,false
L19_SEED_1,320,0,500,0.273269903043,0.107918513817,28,144,false
L19_SEED_1,320,0,525,0.272878156606,0.107532465043,28,144,false
L19_SEED_1,320,0,550,0.272529688245,0.107189032324,28,144,false
L19_SEED_1,320,0,575,0.272218101393,0.106881921485,28,144,false
L19_SEED_1,320,0,600,0.271938166684,0.106605986069,28,144,false
L19_SEED_1,320,0,625,0.27168557149,0.10635698122,28,144,false
L19_SEED_1,320,0,650,0.271456730661,0.106131377671,28,144,false
L19_SEED_1,320,0,675,0.271248641821,0.105926219496,28,144,false
L19_SEED_1,320,0,700,0.27105877353,0.10573901414,28,144,false
L19_SEED_1,320,0,725,0.270884977972,0.10556764657,28,144,false
L19_SEED_1,320,0,750,0.270725422175,0.105410311615,28,144,false
L19_SEED_1,320,0,775,0.270578533347,0.105265460206,28,144,false
L19_SEED_1,320,0,800,0.270442955101,0.105131756302,28,144,false
L19_SEED_1,320,0,825,0.270317512126,0.105008042134,28,144,false
L19_SEED_1,320,0,850,0.270201181487,0.104893309959,28,144,false
L19_SEED_1,320,0,875,0.270093069148,0.10478667896,28,144,false
L19_SEED_1,320,0,900,0.269992390659,0.104687376236,28,144,false
L19_SEED_1,320,0,925,0.269898455173,0.10459472107,28,144,false
L19_SEED_1,320,0,950,0.269810652147,0.104508111835,28,144,false
L19_SEED_1,320,0,975,0.269728440222,0.10442701505,28,144,false
L19_SEED_1,320,0,1000,0.269651337878,0.104350956175,28,144,false
L19_SEED_1,320,0,1025,0.269578915544,0.104279511847,28,144,false
L19_SEED_1,320,0,1050,0.269510788912,0.104212303294,28,144,false
L19_SEED_1,320,0,1075,0.269446613242,0.104148990725,28,144,false
L19_SEED_1,320,0,1100,0.269386078497,0.104089268541,28,144,false
L19_SEED_1,320,0,1125,0.269328905167,0.104032861223,28,144,false
L19_SEED_1,320,0,1150,0.269274840679,0.103979519794,28,144,false
L19_SEED_1,320,0,1175,0.26922365629,0.103929018757,28,144,false
L19_SEED_1,320,0,1200,0.269175144397,0.103881153451,28,144,false
L19_SEED_1,320,0,1225,0.269129116201,0.103835737743,28,144,false
L19_SEED_1,320,0,1250,0.269085399667,0.103792602022,28,144,false
L19_SEED_1,320,0,1275,0.26904383774,0.103751591443,28,144,false
L19_SEED_1,320,0,1300,0.269004286785,0.103712564385,28,144,false
L19_SEED_1,320,0,1325,0.26896661521,0.103675391099,28,144,false
L19_SEED_1,320,0,1350,0.268930702258,0.103639952515,28,144,false
L19_SEED_1,320,0,1375,0.268896436937,0.103606139188,28,144,false
L19_SEED_1,320,0,1400,0.268863717072,0.103573850365,28,144,false
L19_SEED_1,320,0,1425,0.268832448465,0.103542993156,28,144,false
L19_SEED_1,320,0,1450,0.268802544148,0.103513481799,28,144,false
L19_SEED_1,320,0,1475,0.268773923717,0.103485237004,28,144,false
L19_SEED_1,320,0,1500,0.268746512737,0.103458185364,28,144,false
L19_SEED_1,320,0,1525,0.268720242212,0.103432258832,28,144,false
L19_SEED_1,320,0,1550,0.268695048104,0.103407394254,28,144,false
L19_SEED_1,320,0,1575,0.268670870906,0.103383532942,28,144,false
L19_SEED_1,320,0,1600,0.268647655261,0.103360620296,28,144,false
L19_SEED_1,320,0,1625,0.268625349608,0.103338605464,28,144,false
L19_SEED_1,320,0,1650,0.268603905872,0.103317441029,28,144,false
L19_SEED_1,320,0,1675,0.268583279184,0.103297082732,28,144,false
L19_SEED_1,320,0,1700,0.268563427617,0.103277489222,28,144,false
L19_SEED_1,320,0,1725,0.268544311959,0.10325862182,28,144,false
L19_SEED_1,320,0,1750,0.268525895502,0.103240444316,28,144,false
L19_SEED_1,320,0,1775,0.268508143844,0.103222922778,28,144,false
L19_SEED_1,320,0,1800,0.268491024723,0.10320602538,28,144,false
L19_SEED_1,320,0,1825,0.26847450785,0.103189722245,28,144,false
L19_SEED_1,320,0,1850,0.268458564767,0.103173985299,28,144,false
L19_SEED_1,320,0,1875,0.268443168712,0.103158788144,28,144,false
L19_SEED_1,320,0,1900,0.2684282945,0.103144105933,28,144,false
L19_SEED_1,320,0,1925,0.268413918408,0.103129915264,28,144,false
L19_SEED_1,320,0,1950,0.268400018075,0.103116194078,28,144,false
L19_SEED_1,320,0,1975,0.268386572408,0.103102921564,28,144,false
L19_SEED_1,320,0,2000,0.268373561493,0.103090078079,28,144,true
L19_SEED_1,320,1,0,3.44210135292,3.4343580093,0,0,false
L19_SEED_1,320,1,25,1.1516932645,1.10143927367,25,120,false
L19_SEED_1,320,1,50,0.557607673759,0.515890113948,28,142,false
L19_SEED_1,320,1,75,0.397335828838,0.351868718029,28,143,false
L19_SEED_1,320,1,100,0.336221174669,0.283835598859,28,143,false
L19_SEED_1,320,1,125,0.303968476079,0.252146887602,28,143,false
L19_SEED_1,320,1,150,0.283127344477,0.234564455234,28,143,false
L19_SEED_1,320,1,175,0.267923141982,0.225440495627,28,142,false
L19_SEED_1,320,1,200,0.255899384176,0.221691475803,28,140,true
L19_SEED_1,320,1,225,0.245836944762,0.221712550105,28,140,false
L19_SEED_1,320,1,250,0.237068474402,0.224588166555,28,140,false
L19_SEED_1,320,1,275,0.229203060241,0.229709903338,28,140,false
L19_SEED_1,320,1,300,0.221999928964,0.236636136469,28,140,false
L19_SEED_1,320,1,325,0.215304793243,0.245030474897,28,138,false
L19_SEED_1,320,1,350,0.209015371318,0.254628639754,28,138,false
L19_SEED_1,320,1,375,0.203061617297,0.265219173895,28,138,false
L19_SEED_1,320,1,400,0.197393910576,0.27663069358,29,127,false
L19_SEED_1,320,1,425,0.191975854268,0.28872244968,29,127,false
L19_SEED_1,320,1,450,0.186779883375,0.301377287335,29,127,false
L19_SEED_1,320,1,475,0.181784588621,0.314496686842,30,121,false
L19_SEED_1,320,1,500,0.176973028328,0.327997445079,30,121,false
L19_SEED_1,320,1,525,0.172331574259,0.341809386526,30,119,false
L19_SEED_1,320,1,550,0.167849060931,0.355873551918,30,119,false
L19_SEED_1,320,1,575,0.163516144428,0.370140557357,30,119,false
L19_SEED_1,320,1,600,0.159324827677,0.384569053576,30,119,false
L19_SEED_1,320,1,625,0.155268117697,0.399124327568,30,119,false
L19_SEED_1,320,1,650,0.15133978187,0.413777094545,30,119,false
L19_SEED_1,320,1,675,0.14753417536,0.42850249423,31,113,false
L19_SEED_1,320,1,700,0.143846118721,0.443279276463,31,113,false
L19_SEED_1,320,1,725,0.140270810842,0.458089148379,31,113,false
L19_SEED_1,320,1,750,0.136803766745,0.472916254278,31,113,false
L19_SEED_1,320,1,775,0.133440772796,0.48774676292,31,113,false
L19_SEED_1,320,1,800,0.130177853974,0.50256854143,31,113,false
L19_SEED_1,320,1,825,0.127011249342,0.517370898655,31,113,false
L19_SEED_1,320,1,850,0.12393739302,0.532144383704,31,113,false
L19_SEED_1,320,1,875,0.120952898787,0.546880627544,31,113,false
L19_SEED_1,320,1,900,0.118054547101,0.561572217543,31,113,false
L19_SEED_1,320,1,925,0.115239273773,0.576212596556,31,113,false
L19_SEED_1,320,1,950,0.112504159818,0.590795979918,31,113,false
L19_SEED_1,320,1,975,0.109846422217,0.605317285215,31,113,false
L19_SEED_1,320,1,1000,0.107263405427,0.619772071123,32,108,false
L19_SEED_1,320,1,1025,0.104752573543,0.634156482723,32,107,false
L19_SEED_1,320,1,1050,0.102311503034,0.648467201591,32,107,false
L19_SEED_1,320,1,1075,0.099937876019,0.662701399636,32,107,false
L19_SEED_1,320,1,1100,0.0976294740262,0.676856696064,32,107,false
L19_SEED_1,320,1,1125,0.0953841722088,0.690931117159,32,107,false
L19_SEED_1,320,1,1150,0.0931999339749,0.70492305872,32,107,false
L19_SEED_1,320,1,1175,0.0910748060034,0.718831251059,32,107,false
L19_SEED_1,320,1,1200,0.0890069136141,0.732654726503,32,107,false
L19_SEED_1,320,1,1225,0.0869944564653,0.746392789342,32,107,false
L19_SEED_1,320,1,1250,0.0850357045514,0.760044988145,32,107,false
L19_SEED_1,320,1,1275,0.0831289944785,0.773611090357,32,107,false
L19_SEED_1,320,1,1300,0.0812727259944,0.787091059051,32,107,false
L19_SEED_1,320,1,1325,0.079465358755,0.800485031738,32,106,false
L19_SEED_1,320,1,1350,0.0777054093062,0.813793301085,32,106,false
L19_SEED_1,320,1,1375,0.0759914482669,0.827016297413,32,106,false
L19_SEED_1,320,1,1400,0.0743220976963,0.840154572841,32,106,false
L19_SEED_1,320,1,1425,0.0726960286317,0.853208786949,32,106,false
L19_SEED_1,320,1,1450,0.0711119587847,0.866179693823,32,106,false
L19_SEED_1,320,1,1475,0.0695686503826,0.87906813037,32,106,false
L19_SEED_1,320,1,1500,0.0680649081462,0.891875005776,32,105,false
L19_SEED_1,320,1,1525,0.0665995773914,0.904601292022,32,105,false
L19_SEED_1,320,1,1550,0.0651715422485,0.917248015335,32,105,false
L19_SEED_1,320,1,1575,0.0637797239883,0.929816248497,32,105,false
L19_SEED_1,320,1,1600,0.0624230794483,0.942307103928,32,105,false
L19_SEED_1,320,1,1625,0.0611005995519,0.954721727459,32,105,false
L19_SEED_1,320,1,1650,0.0598113079132,0.967061292737,32,105,false
L19_SEED_1,320,1,1675,0.0585542595223,0.979326996181,32,105,false
L19_SEED_1,320,1,1700,0.0573285395042,0.991520052458,32,105,false
L19_SEED_1,320,1,1725,0.0561332619465,1.00364169039,32,105,false
L19_SEED_1,320,1,1750,0.0549675687918,1.01569314931,32,105,false
L19_SEED_1,320,1,1775,0.0538306287884,1.02767567571,32,105,false
L19_SEED_1,320,1,1800,0.0527216364969,1.03959052028,32,105,false
L19_SEED_1,320,1,1825,0.0516398113479,1.05143893522,32,105,false
L19_SEED_1,320,1,1850,0.0505843967468,1.06322217179,32,105,false
L19_SEED_1,320,1,1875,0.0495546592233,1.07494147814,32,105,false
L19_SEED_1,320,1,1900,0.0485498876224,1.08659809725,32,105,false
L19_SEED_1,320,1,1925,0.0475693923329,1.09819326519,32,105,false
L19_SEED_1,320,1,1950,0.0466125045519,1.10972820942,32,105,false
L19_SEED_1,320,1,1975,0.0456785755832,1.12120414732,32,105,false
L19_SEED_1,320,1,2000,0.0447669761659,1.1326222848,32,105,false
L19_SEED_1,320,2,0,3.44832282281,3.42980101789,0,2,false
L19_SEED_1,320,2,25,1.14559339817,1.07560019295,28,134,false
L19_SEED_1,320,2,50,0.560555057498,0.540468396961,28,135,false
L19_SEED_1,320,2,75,0.393267071313,0.419367413474,28,137,false
L19_SEED_1,320,2,100,0.324228723171,0.370997837315,28,138,false
L19_SEED_1,320,2,125,0.285743490357,0.346681287186,28,138,false
L19_SEED_1,320,2,150,0.259924852843,0.338226062008,28,139,false
L19_SEED_1,320,2,175,0.240570538442,0.336567028005,28,138,true
L19_SEED_1,320,2,200,0.225009665466,0.339262701924,29,132,false
L19_SEED_1,320,2,225,0.211899916818,0.344826010367,29,132,false
L19_SEED_1,320,2,250,0.200494335169,0.352367940044,29,131,false
L19_SEED_1,320,2,275,0.190345848031,0.361317957642,30,120,false
L19_SEED_1,320,2,300,0.181171212033,0.371300504992,30,120,false
L19_SEED_1,320,2,325,0.172781979262,0.382052646908,30,120,false
L19_SEED_1,320,2,350,0.16504695096,0.393387272735,30,120,false
L19_SEED_1,320,2,375,0.157870773382,0.405167608095,30,120,false
L19_SEED_1,320,2,400,0.151181366341,0.417291690734,30,119,false
L19_SEED_1,320,2,425,0.144922369617,0.429681892074,31,114,false
L19_SEED_1,320,2,450,0.139048480016,0.44227754288,31,114,false
L19_SEED_1,320,2,475,0.133522458528,0.455029784341,32,109,false
L19_SEED_1,320,2,500,0.128313111965,0.467898026885,32,109,false
L19_SEED_1,320,2,525,0.123393863977,0.480847651781,32,109,false
L19_SEED_1,320,2,550,0.118741708491,0.493848607993,32,109,false
L19_SEED_1,320,2,575,0.114336433356,0.506874599996,32,109,false
L19_SEED_1,320,2,600,0.1101600477,0.519902620099,32,109,false
L19_SEED_1,320,2,625,0.106196366601,0.532912649612,32,109,false
L19_SEED_1,320,2,650,0.102430715399,0.545887419071,32,109,false
L19_SEED_1,320,2,675,0.0988497208178,0.558812169766,32,109,false
L19_SEED_1,320,2,700,0.0954411605607,0.571674395596,32,109,false
L19_SEED_1,320,2,725,0.0921938486859,0.584463567977,32,109,false
L19_SEED_1,320,2,750,0.0890975405888,0.597170859014,32,108,false
L19_SEED_1,320,2,775,0.0861428478945,0.609788881297,32,108,false
L19_SEED_1,320,2,800,0.0833211587836,0.622311458936,32,108,false
L19_SEED_1,320,2,825,0.0806245626607,0.63473343727,32,108,false
L19_SEED_1,320,2,850,0.0780457796996,0.64705053137,32,108,false
L19_SEED_1,320,2,875,0.0755780961597,0.659259208266,32,108,false
L19_SEED_1,320,2,900,0.0732153060867,0.671356595422,32,108,false
L19_SEED_1,320,2,925,0.0709516595335,0.683340407907,32,108,false
L19_SEED_1,320,2,950,0.0687818170264,0.69520888801,32,108,false
L19_SEED_1,320,2,975,0.0667008097399,0.706960752797,32,108,false
L19_SEED_1,320,2,1000,0.0647040047232,0.718595146789,32,108,false
L19_SEED_1,320,2,1025,0.0627870745032,0.730111598172,32,108,false
L19_SEED_1,320,2,1050,0.0609459704336,0.741509977806,32,108,false
L19_SEED_1,320,2,1075,0.0591768992276,0.752790460779,32,108,false
L19_SEED_1,320,2,1100,0.0574763021952,0.763953490489,32,108,false
L19_SEED_1,320,2,1125,0.0558408367761,0.774999745297,32,108,false
L19_SEED_1,320,2,1150,0.0542673600337,0.785930107806,32,108,false
L19_SEED_1,320,2,1175,0.0527529138273,0.796745636774,32,108,false
L19_SEED_1,320,2,1200,0.0512947114319,0.807447541618,32,108,false
L19_SEED_1,320,2,1225,0.0498901254147,0.818037159408,32,108,false
L19_SEED_1,320,2,1250,0.0485366766066,0.828515934244,32,108,false
L19_SEED_1,320,2,1275,0.0472320240377,0.838885398842,32,108,false
L19_SEED_1,320,2,1300,0.0459739557231,0.849147158194,32,108,false
L19_SEED_1,320,2,1325,0.0447603802057,0.859302875105,32,108,false
L19_SEED_1,320,2,1350,0.0435893187742,0.869354257452,32,108,false
L19_SEED_1,320,2,1375,0.042458898288,0.879303047004,32,108,false
L19_SEED_1,320,2,1400,0.0413673445484,0.889151009633,32,108,false
L19_SEED_1,320,2,1425,0.0403129761652,0.898899926788,32,108,false
L19_SEED_1,320,2,1450,0.0392941988721,0.908551588083,32,108,false
L19_SEED_1,320,2,1475,0.0383095002506,0.918107784882,32,108,false
L19_SEED_1,320,2,1500,0.0373574448284,0.927570304768,32,108,false
L19_SEED_1,320,2,1525,0.0364366695186,0.936940926796,32,108,false
L19_SEED_1,320,2,1550,0.0355458793735,0.946221417429,32,108,false
L19_SEED_1,320,2,1575,0.0346838436253,0.955413527091,32,108,false
L19_SEED_1,320,2,1600,0.0338493919926,0.964518987254,32,108,false
L19_SEED_1,320,2,1625,0.0330414112315,0.973539507988,32,108,false
L19_SEED_1,320,2,1650,0.0322588419121,0.982476775933,32,108,false
L19_SEED_1,320,2,1675,0.0315006754036,0.991332452627,32,108,false
L19_SEED_1,320,2,1700,0.0307659510527,1.00010817315,32,108,false
L19_SEED_1,320,2,1725,0.0300537535408,1.00880554505,32,108,false
L19_SEED_1,320,2,1750,0.0293632104073,1.01742614749,32,108,false
L19_SEED_1,320,2,1775,0.0286934897266,1.02597153063,32,108,false
L19_SEED_1,320,2,1800,0.0280437979287,1.03444321518,32,108,false
L19_SEED_1,320,2,1825,0.0274133777528,1.04284269209,32,108,false
L19_SEED_1,320,2,1850,0.0268015063249,1.05117142243,32,108,false
L19_SEED_1,320,2,1875,0.0262074933507,1.05943083732,32,108,false
L19_SEED_1,320,2,1900,0.0256306794163,1.06762233798,32,108,false
L19_SEED_1,320,2,1925,0.0250704343893,1.07574729594,32,108,false
L19_SEED_1,320,2,1950,0.024526155914,1.08380705319,32,108,false
L19_SEED_1,320,2,1975,0.0239972679933,1.09180292251,32,108,false
L19_SEED_1,320,2,2000,0.0234832196535,1.0997361878,32,108,false
L19_SEED_1,320,3,0,3.44443169537,3.42068298335,1,1,false
L19_SEED_1,320,3,25,1.1174334307,1.09298639061,27,127,false
L19_SEED_1,320,3,50,0.549147180002,0.616711164065,28,127,false
L19_SEED_1,320,3,75,0.390109067091,0.528446942475,28,125,false
L19_SEED_1,320,3,100,0.322464040886,0.495297266234,28,125,false
L19_SEED_1,320,3,125,0.283420221578,0.486054053286,29,119,true
L19_SEED_1,320,3,150,0.256392839895,0.486352256304,29,120,false
L19_SEED_1,320,3,175,0.235637733139,0.491723835558,29,120,false
L19_SEED_1,320,3,200,0.218667306786,0.499512990142,29,121,false
L19_SEED_1,320,3,225,0.204223829817,0.508837692019,29,121,false
L19_SEED_1,320,3,250,0.191600101335,0.519137325727,30,116,false
L19_SEED_1,320,3,275,0.180363889861,0.530124084739,30,117,false
L19_SEED_1,320,3,300,0.170231786825,0.541609379492,30,117,false
L19_SEED_1,320,3,325,0.161007013653,0.553463942219,30,117,false
L19_SEED_1,320,3,350,0.152547037326,0.565588508038,30,117,false
L19_SEED_1,320,3,375,0.144745437962,0.577901948322,32,102,false
L19_SEED_1,320,3,400,0.137520681999,0.590337196664,32,102,false
L19_SEED_1,320,3,425,0.130808578014,0.602839356381,32,102,false
L19_SEED_1,320,3,450,0.124557056756,0.615364342483,32,102,false
L19_SEED_1,320,3,475,0.118722588944,0.627877464962,32,102,false
L19_SEED_1,320,3,500,0.113267792179,0.640352154594,32,102,false
L19_SEED_1,320,3,525,0.108159897931,0.652768857405,32,102,false
L19_SEED_1,320,3,550,0.103369815008,0.665113942282,32,102,false
L19_SEED_1,320,3,575,0.0988715631504,0.677378467795,32,102,false
L19_SEED_1,320,3,600,0.0946418947311,0.689556826268,32,102,false
L19_SEED_1,320,3,625,0.0906599874202,0.701645456491,32,102,false
L19_SEED_1,320,3,650,0.0869071573278,0.71364184649,32,103,false
L19_SEED_1,320,3,675,0.0833665864752,0.725543934041,32,103,false
L19_SEED_1,320,3,700,0.0800230745461,0.737349863418,32,103,false
L19_SEED_1,320,3,725,0.0768628233011,0.749057970327,32,103,false
L19_SEED_1,320,3,750,0.0738732554391,0.760666862895,32,103,false
L19_SEED_1,320,3,775,0.071042864738,0.77217550929,32,103,false
L19_SEED_1,320,3,800,0.0683610922837,0.783583290921,32,103,false
L19_SEED_1,320,3,825,0.0658182235285,0.794890013387,32,103,false
L19_SEED_1,320,3,850,0.063405301702,0.806095883204,32,103,false
L19_SEED_1,320,3,875,0.061114054047,0.817201462554,32,103,false
L19_SEED_1,320,3,900,0.0589368281928,0.828207612891,32,103,false
L19_SEED_1,320,3,925,0.0568665366449,0.839115435293,32,103,false
L19_SEED_1,320,3,950,0.0548966078663,0.849926212596,32,103,false
L19_SEED_1,320,3,975,0.0530209427958,0.860641356309,32,103,false
L19_SEED_1,320,3,1000,0.0512338759209,0.871262359875,32,103,false
L19_SEED_1,320,3,1025,0.049530140221,0.881790759046,32,104,false
L19_SEED_1,320,3,1050,0.0479048354466,0.892228099544,32,104,false
L19_SEED_1,320,3,1075,0.046353399311,0.902575911865,32,104,false
L19_SEED_1,320,3,1100,0.0448715812486,0.912835692794,32,104,false
L19_SEED_1,320,3,1125,0.0434554184597,0.923008893058,32,104,false
L19_SEED_1,320,3,1150,0.0421012140023,0.933096910339,32,104,false
L19_SEED_1,320,3,1175,0.0408055167299,0.943101086828,32,105,false
L19_SEED_1,320,3,1200,0.0395651028978,0.953022710411,32,105,false
L19_SEED_1,320,3,1225,0.0383769592838,0.962863018615,32,105,false
L19_SEED_1,320,3,1250,0.0372382676852,0.972623204431,32,105,false
L19_SEED_1,320,3,1275,0.0361463906688,0.98230442328,32,105,false
L19_SEED_1,320,3,1300,0.0350988584629,0.991907800419,32,105,false
L19_SEED_1,320,3,1325,0.0340933568915,1.00143443828,32,105,false
L19_SEED_1,320,3,1350,0.0331277162606,1.01088542329,32,105,false
L19_SEED_1,320,3,1375,0.0321999011143,1.02026183196,32,104,false
L19_SEED_1,320,3,1400,0.031308000787,1.0295647359,32,104,false
L19_SEED_1,320,3,1425,0.0304502206854,1.03879520594,32,104,false
L19_SEED_1,320,3,1450,0.0296248742381,1.04795431511,32,104,false
L19_SEED_1,320,3,1475,0.0288303754589,1.05704314062,32,104,false
L19_SEED_1,320,3,1500,0.0280652320728,1.06606276502,32,104,false
L19_SEED_1,320,3,1525,0.0273280391594,1.07501427653,32,104,false
L19_SEED_1,320,3,1550,0.0266174732716,1.08389876874,32,104,false
L19_SEED_1,320,3,1575,0.0259322869922,1.09271733978,32,104,false
L19_SEED_1,320,3,1600,0.0252713038928,1.10147109112,32,104,false
L19_SEED_1,320,3,1625,0.0246334138634,1.11016112607,32,104,false
L19_SEED_1,320,3,1650,0.0240175687837,1.11878854812,32,104,false
L19_SEED_1,320,3,1675,0.0234227785089,1.12735445916,32,104,false
L19_SEED_1,320,3,1700,0.022848107146,1.13585995766,32,104,false
L19_SEED_1,320,3,1725,0.0222926695971,1.14430613694,32,104,false
L19_SEED_1,320,3,1750,0.0217556283497,1.15269408342,32,104,false
L19_SEED_1,320,3,1775,0.0212361904948,1.161024875,32,105,false
L19_SEED_1,320,3,1800,0.0207336049546,1.16929957962,32,105,false
L19_SEED_1,320,3,1825,0.0202471599052,1.17751925381,32,105,false
L19_SEED_1,320,3,1850,0.0197761803775,1.18568494153,32,105,false
L19_SEED_1,320,3,1875,0.0193200260244,1.19379767307,32,105,false
L19_SEED_1,320,3,1900,0.0188780890404,1.20185846405,32,105,false
L19_SEED_1,320,3,1925,0.0184497922236,1.20986831467,32,105,false
L19_SEED_1,320,3,1950,0.018034587168,1.21782820899,32,105,false
L19_SEED_1,320,3,1975,0.0176319525768,1.22573911433,32,105,false
L19_SEED_1,320,3,2000,0.0172413926889,1.23360198086,32,105,false
L19_SEED_1,320,4,0,3.45807013403,3.42665723074,0,4,false
L19_SEED_1,320,4,25,1.10941126695,1.10254775186,28,124,false
L19_SEED_1,320,4,50,0.535995507555,0.647372657143,28,122,false
L19_SEED_1,320,4,75,0.380179995303,0.572641335214,28,122,false
L19_SEED_1,320,4,100,0.314300732041,0.545095396888,29,116,false
L19_SEED_1,320,4,125,0.275950046509,0.539755474666,29,116,true
L19_SEED_1,320,4,150,0.24941821325,0.541807348587,29,117,false
L19_SEED_1,320,4,175,0.229187118893,0.547324466076,29,118,false
L19_SEED_1,320,4,200,0.212799354484,0.554724555862,30,113,false
L19_SEED_1,320,4,225,0.198979609327,0.563168425695,30,114,false
L19_SEED_1,320,4,250,0.186995597505,0.572241345468,30,114,false
L19_SEED_1,320,4,275,0.17639466146,0.581715377084,30,114,false
L19_SEED_1,320,4,300,0.166880261774,0.591469718296,30,114,false
L19_SEED_1,320,4,325,0.158248512333,0.601440274703,30,114,false
L19_SEED_1,320,4,350,0.150353276289,0.611589834622,30,114,false
L19_SEED_1,320,4,375,0.143085943513,0.621893184348,30,114,false
L19_SEED_1,320,4,400,0.136363186557,0.632329159779,30,114,false
L19_SEED_1,320,4,425,0.130119213706,0.642876928727,31,109,false
L19_SEED_1,320,4,450,0.124300662004,0.653514992136,31,109,false
L19_SEED_1,320,4,475,0.118863167246,0.664221630414,32,98,false
L19_SEED_1,320,4,500,0.11376910199,0.674975941586,32,98,false
L19_SEED_1,320,4,525,0.10898613443,0.685758871225,32,98,false
L19_SEED_1,320,4,550,0.104486298988,0.696553832506,32,98,false
L19_SEED_1,320,4,575,0.100245325049,0.707346768816,32,99,false
L19_SEED_1,320,4,600,0.0962420743254,0.718125783771,32,99,false
L19_SEED_1,320,4,625,0.0924580369401,0.728880611994,32,100,false
L19_SEED_1,320,4,650,0.0888768879618,0.739602165091,32,100,false
L19_SEED_1,320,4,675,0.0854841141439,0.750282250642,32,100,false
L19_SEED_1,320,4,700,0.0822667112262,0.760913448591,32,101,false
L19_SEED_1,320,4,725,0.0792129434589,0.771489084789,32,101,false
L19_SEED_1,320,4,750,0.0763121536795,0.782003245778,32,101,false
L19_SEED_1,320,4,775,0.0735546127407,0.792450799128,32,101,false
L19_SEED_1,320,4,800,0.0709313990339,0.802827401589,32,100,false
L19_SEED_1,320,4,825,0.0684343009425,0.813129488544,32,100,false
L19_SEED_1,320,4,850,0.0660557368316,0.823354244281,32,100,false
L19_SEED_1,320,4,875,0.0637886885391,0.833499555585,32,98,false
L19_SEED_1,320,4,900,0.061626645356,0.843563952501,32,98,false
L19_SEED_1,320,4,925,0.0595635562365,0.853546540622,32,98,false
L19_SEED_1,320,4,950,0.0575937885414,0.863446929123,32,98,false
L19_SEED_1,320,4,975,0.0557120920347,0.873265158354,32,98,false
L19_SEED_1,320,4,1000,0.0539135671594,0.883001630053,32,98,false
L19_SEED_1,320,4,1025,0.0521936368536,0.892657042476,32,99,false
L19_SEED_1,320,4,1050,0.0505480213307,0.902232331918,32,99,false
L19_SEED_1,320,4,1075,0.0489727153795,0.911728621377,32,99,false
L19_SEED_1,320,4,1100,0.0474639678293,0.921147176524,32,99,false
L19_SEED_1,320,4,1125,0.0460182628957,0.930489368716,32,99,false
L19_SEED_1,320,4,1150,0.0446323031771,0.939756644473,32,100,false
L19_SEED_1,320,4,1175,0.0433029941068,0.948950500689,32,100,false
L19_SEED_1,320,4,1200,0.0420274297036,0.958072464794,32,100,false
L19_SEED_1,320,4,1225,0.0408028794812,0.967124079076,32,100,false
L19_SEED_1,320,4,1250,0.0396267764015,0.976106888431,32,100,false
L19_SEED_1,320,4,1275,0.0384967057682,0.985022430893,32,100,false
L19_SEED_1,320,4,1300,0.0374103949746,0.993872230382,32,100,false
L19_SEED_1,320,4,1325,0.0363657040265,1.0026577912,32,100,false
L19_SEED_1,320,4,1350,0.0353606167719,1.01138059386,32,100,false
L19_SEED_1,320,4,1375,0.0343932327771,1.02004209203,32,100,false
L19_SEED_1,320,4,1400,0.0334617597942,1.02864371014,32,100,false
L19_SEED_1,320,4,1425,0.0325645067724,1.0371868417,32,100,false
L19_SEED_1,320,4,1450,0.031699877368,1.04567284796,32,100,false
L19_SEED_1,320,4,1475,0.0308663639141,1.05410305692,32,101,false
L19_SEED_1,320,4,1500,0.0300625418147,1.06247876251,32,101,false
L19_SEED_1,320,4,1525,0.029287064329,1.07080122396,32,101,false
L19_SEED_1,320,4,1550,0.0285386577177,1.07907166518,32,101,false
L19_SEED_1,320,4,1575,0.0278161167234,1.0872912743,32,101,false
L19_SEED_1,320,4,1600,0.0271183003595,1.09546120309,32,101,false
L19_SEED_1,320,4,1625,0.0264441279861,1.10358256655,32,101,false
L19_SEED_1,320,4,1650,0.0257925756507,1.11165644243,32,101,false
L19_SEED_1,320,4,1675,0.0251626726745,1.11968387075,32,101,false
L19_SEED_1,320,4,1700,0.0245534984678,1.12766585343,32,101,false
L19_SEED_1,320,4,1725,0.0239641795552,1.13560335391,32,101,false
L19_SEED_1,320,4,1750,0.0233938867989,1.14349729689,32,101,false
L19_SEED_1,320,4,1775,0.0228418328032,1.1513485681,32,101,false
L19_SEED_1,320,4,1800,0.0223072694889,1.15915801429,32,102,false
L19_SEED_1,320,4,1825,0.0217894858249,1.16692644326,32,102,false
L19_SEED_1,320,4,1850,0.0212878057064,1.17465462409,32,102,false
L19_SEED_1,320,4,1875,0.0208015859689,1.18234328761,32,102,false
L19_SEED_1,320,4,1900,0.0203302145292,1.18999312698,32,102,false
L19_SEED_1,320,4,1925,0.0198731086437,1.19760479851,32,101,false
L19_SEED_1,320,4,1950,0.019429713277,1.20517892273,32,101,false
L19_SEED_1,320,4,1975,0.0189994995721,1.21271608555,32,101,false
L19_SEED_1,320,4,2000,0.0185819634163,1.2202168398,32,101,false
L19_SEED_1,320,5,0,3.48093942837,3.44175599712,0,4,false
L19_SEED_1,320,5,25,1.11307408818,1.13692085715,27,122,false
L19_SEED_1,320,5,50,0.536331278079,0.704455043033,28,120,false
L19_SEED_1,320,5,75,0.378792312961,0.626862577557,29,111,false
L19_SEED_1,320,5,100,0.31117158342,0.60312755944,29,112,false
L19_SEED_1,320,5,125,0.271754754632,0.599606094837,29,111,true
L19_SEED_1,320,5,150,0.244495362154,0.604518622108,29,111,false
L19_SEED_1,320,5,175,0.223675989737,0.612957637536,29,111,false
L19_SEED_1,320,5,200,0.206765775232,0.623430464966,29,111,false
L19_SEED_1,320,5,225,0.192468507389,0.635143753861,29,111,false
L19_SEED_1,320,5,250,0.180050538163,0.647646136303,31,102,false
L19_SEED_1,320,5,275,0.169063758031,0.660695617868,31,102,false
L19_SEED_1,320,5,300,0.159216362247,0.674156349226,31,100,false
L19_SEED_1,320,5,325,0.150307069433,0.687945800451,31,100,false
L19_SEED_1,320,5,350,0.142189532417,0.702006518657,31,100,false
L19_SEED_1,320,5,375,0.134752325016,0.71629060769,31,100,false
L19_SEED_1,320,5,400,0.12790743943,0.73075216666,31,100,false
L19_SEED_1,320,5,425,0.12158352418,0.745345259374,31,100,false
L19_SEED_1,320,5,450,0.115721704004,0.760025251121,31,100,false
L19_SEED_1,320,5,475,0.110272771096,0.774751309213,31,100,false
L19_SEED_1,320,5,500,0.105195140467,0.789488384545,32,89,false
L19_SEED_1,320,5,525,0.100453296374,0.804207968634,32,89,false
L19_SEED_1,320,5,550,0.0960165983575,0.818887761877,32,89,false
L19_SEED_1,320,5,575,0.0918583623133,0.833510743059,32,89,false
L19_SEED_1,320,5,600,0.087955150559,0.84806408681,32,88,false
L19_SEED_1,320,5,625,0.0842862189415,0.862538185562,32,88,false
L19_SEED_1,320,5,650,0.0808330819552,0.876925865953,32,88,false
L19_SEED_1,320,5,675,0.07757916737,0.891221796784,32,88,false
L19_SEED_1,320,5,700,0.0745095396844,0.905422052032,32,89,false
L19_SEED_1,320,5,725,0.0716106772114,0.919523790123,32,89,false
L19_SEED_1,320,5,750,0.0688702913757,0.933525018917,32,90,false
L19_SEED_1,320,5,775,0.0662771793469,0.947424424187,32,90,false
L19_SEED_1,320,5,800,0.0638211028747,0.961221244473,32,90,false
L19_SEED_1,320,5,825,0.0614926874561,0.9749151775,32,90,false
L19_SEED_1,320,5,850,0.0592833370062,0.988506304757,32,90,false
L19_SEED_1,320,5,875,0.057185160173,1.00199502291,32,90,false
L19_SEED_1,320,5,900,0.0551909053732,1.01538197428,32,90,false
L19_SEED_1,320,5,925,0.0532939025051,1.02866797321,32,90,false
L19_SEED_1,320,5,950,0.0514880100307,1.0418539295,32,90,false
L19_SEED_1,320,5,975,0.0497675666752,1.0549407733,32,90,false
L19_SEED_1,320,5,1000,0.0481273473379,1.06792938753,32,90,false
L19_SEED_1,320,5,1025,0.0465625229833,1.08082055288,32,90,false
L19_SEED_1,320,5,1050,0.0450686243304,1.09361490941,32,90,false
L19_SEED_1,320,5,1075,0.0436415091421,1.10631293602,32,90,false
L19_SEED_1,320,5,1100,0.042277332875,1.11891494717,32,90,false
L19_SEED_1,320,5,1125,0.0409725224124,1.13142110441,32,90,false
L19_SEED_1,320,5,1150,0.0397237525834,1.14383143961,32,90,false
L19_SEED_1,320,5,1175,0.0385279251686,1.15614588588,32,90,false
L19_SEED_1,320,5,1200,0.0373821501046,1.16836431288,32,90,false
L19_SEED_1,320,5,1225,0.0362837286221,1.18048656321,32,90,false
L19_SEED_1,320,5,1250,0.0352301380801,1.19251248732,32,90,false
L19_SEED_1,320,5,1275,0.0342190182854,1.20444197521,32,90,false
L19_SEED_1,320,5,1300,0.0332481591177,1.21627498365,32,90,false
L19_SEED_1,320,5,1325,0.0323154893007,1.22801155814,32,90,false
L19_SEED_1,320,5,1350,0.0314190661872,1.23965184954,32,90,false
L19_SEED_1,320,5,1375,0.0305570664409,1.25119612551,32,90,false
L19_SEED_1,320,5,1400,0.0297277775161,1.26264477704,32,90,false
L19_SEED_1,320,5,1425,0.0289295898513,1.27399832078,32,90,false
L19_SEED_1,320,5,1450,0.0281609897007,1.28525739761,32,90,false
L19_SEED_1,320,5,1475,0.0274205525418,1.29642276839,32,90,false
L19_SEED_1,320,5,1500,0.0267069370021,1.30749530721,32,90,false
L19_SEED_1,320,5,1525,0.0260188792561,1.31847599309,32,90,false
L19_SEED_1,320,5,1550,0.0253551878502,1.32936590034,32,90,false
L19_SEED_1,320,5,1575,0.0247147389173,1.34016618833,32,90,false
L19_SEED_1,320,5,1600,0.0240964717466,1.35087809093,32,90,false
L19_SEED_1,320,5,1625,0.0234993846795,1.36150290585,32,90,false
L19_SEED_1,320,5,1650,0.0229225313038,1.3720419844,32,90,false
L19_SEED_1,320,5,1675,0.022365016922,1.38249672161,32,90,false
L19_SEED_1,320,5,1700,0.0218259952723,1.39286854692,32,90,false
L19_SEED_1,320,5,1725,0.0213046654815,1.40315891559,32,90,false
L19_SEED_1,320,5,1750,0.0208002692318,1.41336930087,32,90,false
L19_SEED_1,320,5,1775,0.0203120881264,1.42350118685,32,90,false
L19_SEED_1,320,5,1800,0.0198394412368,1.43355606209,32,90,false
L19_SEED_1,320,5,1825,0.0193816828189,1.44353541403,32,90,false
L19_SEED_1,320,5,1850,0.018938200186,1.45344072407,32,90,false
L19_SEED_1,320,5,1875,0.0185084117258,1.46327346324,32,90,false
L19_SEED_1,320,5,1900,0.0180917650514,1.47303508863,32,90,false
L19_SEED_1,320,5,1925,0.0176877352761,1.48272704022,32,90,false
L19_SEED_1,320,5,1950,0.017295823404,1.49235073838,32,89,false
L19_SEED_1,320,5,1975,0.016915554826,1.50190758165,32,89,false
L19_SEED_1,320,5,2000,0.0165464779156,1.5113989451,32,89,false
L19_SEED_1,320,6,0,3.47993680947,3.43750373433,0,3,false
L19_SEED_1,320,6,25,1.1231716457,1.159145667,26,122,false
L19_SEED_1,320,6,50,0.550252749256,0.722445641783,28,119,false
L19_SEED_1,320,6,75,0.386729709763,0.658801386131,29,112,false
L19_SEED_1,320,6,100,0.315486951974,0.637830777964,29,112,true
L19_SEED_1,320,6,125,0.273647926446,0.640188327623,29,113,false
L19_SEED_1,320,6,150,0.244562406804,0.648462955881,29,113,false
L19_SEED_1,320,6,175,0.222270912772,0.660002511142,29,110,false
L19_SEED_1,320,6,200,0.204145043956,0.673552694793,29,109,false
L19_SEED_1,320,6,225,0.18884162712,0.688297531483,31,99,false
L19_SEED_1,320,6,250,0.175597283637,0.703852249468,31,101,false
L19_SEED_1,320,6,275,0.163939485205,0.719989827892,31,101,false
L19_SEED_1,320,6,300,0.153553712567,0.736567116015,31,101,false
L19_SEED_1,320,6,325,0.14421736427,0.7534833523,31,100,false
L19_SEED_1,320,6,350,0.135764964487,0.770657858986,31,100,false
L19_SEED_1,320,6,375,0.128068890728,0.788021390666,31,100,false
L19_SEED_1,320,6,400,0.121028031985,0.805513508875,31,100,false
L19_SEED_1,320,6,425,0.114560627963,0.823081965015,31,100,false
L19_SEED_1,320,6,450,0.108599452742,0.840682412527,32,89,false
L19_SEED_1,320,6,475,0.103088431363,0.858277804586,32,89,false
L19_SEED_1,320,6,500,0.097980198942,0.87583745594,32,89,false
L19_SEED_1,320,6,525,0.0932343060498,0.893335989892,32,89,false
L19_SEED_1,320,6,550,0.088815876484,0.910752361324,32,89,false
L19_SEED_1,320,6,575,0.0846945864413,0.9280690479,32,89,false
L19_SEED_1,320,6,600,0.0808438756266,0.945271423659,32,89,false
L19_SEED_1,320,6,625,0.0772403286146,0.96234728925,32,88,false
L19_SEED_1,320,6,650,0.0738631833342,0.979286520944,32,88,false
L19_SEED_1,320,6,675,0.0706939359925,0.996080802678,32,88,false
L19_SEED_1,320,6,700,0.0677160201929,1.01272341285,32,88,false
L19_SEED_1,320,6,725,0.0649145438236,1.0292090458,32,88,false
L19_SEED_1,320,6,750,0.0622760713944,1.04553365495,32,88,false
L19_SEED_1,320,6,775,0.0597884424463,1.06169431002,32,88,false
L19_SEED_1,320,6,800,0.0574406188325,1.07768906437,32,88,false
L19_SEED_1,320,6,825,0.0552225552808,1.09351683073,32,88,false
L19_SEED_1,320,6,850,0.0531250888814,1.10917726527,32,88,false
L19_SEED_1,320,6,875,0.0511398440747,1.12467065994,32,88,false
L19_SEED_1,320,6,900,0.0492591504354,1.13999784384,32,88,false
L19_SEED_1,320,6,925,0.0474759711065,1.15516009372,32,88,false
L19_SEED_1,320,6,950,0.0457838401631,1.1701590538,32,88,false
L19_SEED_1,320,6,975,0.0441768075214,1.18499666479,32,88,false
L19_SEED_1,320,6,1000,0.0426493902702,1.1996751018,32,88,false
L19_SEED_1,320,6,1025,0.0411965295035,1.21419672057,32,88,false
L19_SEED_1,320,6,1050,0.039813551895,1.22856401151,32,88,false
L19_SEED_1,320,6,1075,0.0384961353847,1.24277956081,32,88,false
L19_SEED_1,320,6,1100,0.037240278446,1.25684601788,32,88,false
L19_SEED_1,320,6,1125,0.0360422724888,1.27076606853,32,88,false
L19_SEED_1,320,6,1150,0.0348986770183,1.28454241316,32,88,false
L19_SEED_1,320,6,1175,0.033806297225,1.29817774928,32,88,false
L19_SEED_1,320,6,1200,0.0327621637263,1.31167475783,32,88,false
L19_SEED_1,320,6,1225,0.0317635142212,1.32503609267,32,88,false
L19_SEED_1,320,6,1250,0.0308077768458,1.33826437285,32,88,false
L19_SEED_1,320,6,1275,0.0298925550501,1.35136217704,32,88,false
L19_SEED_1,320,6,1300,0.0290156138354,1.36433203992,32,88,false
L19_SEED_1,320,6,1325,0.0281748672123,1.37717644991,32,88,false
L19_SEED_1,320,6,1350,0.0273683667575,1.38989784818,32,88,false
L19_SEED_1,320,6,1375,0.0265942911588,1.40249862845,32,88,false
L19_SEED_1,320,6,1400,0.0258509366533,1.41498113749,32,88,false
L19_SEED_1,320,6,1425,0.0251367082732,1.42734767608,32,88,false
L19_SEED_1,320,6,1450,0.0244501118217,1.43960050018,32,88,false
L19_SEED_1,320,6,1475,0.0237897465128,1.45174182237,32,88,false
L19_SEED_1,320,6,1500,0.0231542982129,1.46377381327,32,88,false
L19_SEED_1,320,6,1525,0.0225425332295,1.47569860297,32,88,false
L19_SEED_1,320,6,1550,0.0219532925997,1.48751828241,32,88,false
L19_SEED_1,320,6,1575,0.0213854868322,1.49923490464,32,88,false
L19_SEED_1,320,6,1600,0.0208380910638,1.51085048598,32,88,false
L19_SEED_1,320,6,1625,0.0203101405957,1.52236700702,32,88,false
L19_SEED_1,320,6,1650,0.0198007267751,1.53378641348,32,88,false
L19_SEED_1,320,6,1675,0.0193089931936,1.54511061702,32,88,false
L19_SEED_1,320,6,1700,0.0188341321761,1.55634149583,32,88,false
L19_SEED_1,320,6,1725,0.0183753815352,1.5674808952,32,88,false
L19_SEED_1,320,6,1750,0.017932021569,1.57853062796,32,88,false
L19_SEED_1,320,6,1775,0.0175033722831,1.58949247484,32,88,false
L19_SEED_1,320,6,1800,0.0170887908174,1.60036818482,32,88,false
L19_SEED_1,320,6,1825,0.0166876690618,1.61115947538,32,88,false
L19_SEED_1,320,6,1850,0.0162994314452,1.62186803271,32,88,false
L19_SEED_1,320,6,1875,0.0159235328844,1.63249551201,32,88,false
L19_SEED_1,320,6,1900,0.0155594568792,1.6430435376,32,88,false
L19_SEED_1,320,6,1925,0.0152067137433,1.65351370318,32,88,false
L19_SEED_1,320,6,1950,0.01486483896,1.663907572,32,88,false
L19_SEED_1,320,6,1975,0.0145333916519,1.67422667709,32,88,false
L19_SEED_1,320,6,2000,0.0142119531577,1.68447252147,32,88,false
L19_SEED_1,320,7,0,3.47482384205,3.42922309355,0,7,false
L19_SEED_1,320,7,25,1.12255960898,1.18000335209,25,113,false
L19_SEED_1,320,7,50,0.555002090265,0.765679004108,28,121,false
L19_SEED_1,320,7,75,0.394570123164,0.696586819498,29,111,false
L19_SEED_1,320,7,100,0.322611828041,0.686088137486,29,112,true
L19_SEED_1,320,7,125,0.279885433557,0.693160187674,29,112,false
L19_SEED_1,320,7,150,0.250140591771,0.706800386093,29,111,false
L19_SEED_1,320,7,175,0.227395917083,0.723180142252,29,111,false
L19_SEED_1,320,7,200,0.20896829169,0.740764633914,29,111,false
L19_SEED_1,320,7,225,0.193473202899,0.759033886533,30,105,false
L19_SEED_1,320,7,250,0.180115725337,0.777781027865,31,98,false
L19_SEED_1,320,7,275,0.168397914635,0.796882942491,31,98,false
L19_SEED_1,320,7,300,0.157984751408,0.816247208442,31,98,false
L19_SEED_1,320,7,325,0.148637947373,0.835795217571,31,99,false
L19_SEED_1,320,7,350,0.140181028751,0.855459023642,31,99,false
L19_SEED_1,320,7,375,0.132479447857,0.875181656863,31,99,false
L19_SEED_1,320,7,400,0.125428261892,0.894916784561,31,99,false
L19_SEED_1,320,7,425,0.118943974084,0.914627151476,32,88,false
L19_SEED_1,320,7,450,0.112958919463,0.934282511061,32,88,false
L19_SEED_1,320,7,475,0.107417324034,0.953857764073,32,88,false
L19_SEED_1,320,7,500,0.102272501728,0.973331602474,32,88,false
L19_SEED_1,320,7,525,0.0974848354628,0.992685646068,32,89,false
L19_SEED_1,320,7,550,0.0930203029666,1.01190394158,32,89,false
L19_SEED_1,320,7,575,0.0888493841803,1.03097268552,32,89,false
L19_SEED_1,320,7,600,0.0849462385242,1.04988006618,32,89,false
L19_SEED_1,320,7,625,0.0812880752119,1.06861615708,32,89,false
L19_SEED_1,320,7,650,0.0778546634413,1.08717282238,32,90,false
L19_SEED_1,320,7,675,0.0746279453781,1.10554361413,32,91,false
L19_SEED_1,320,7,700,0.0715917258084,1.12372365341,32,91,false
L19_SEED_1,320,7,725,0.0687314198568,1.14170949521,32,91,false
L19_SEED_1,320,7,750,0.0660338453477,1.15949898088,32,91,false
L19_SEED_1,320,7,775,0.0634870499952,1.17709108418,32,90,false
L19_SEED_1,320,7,800,0.0610801661414,1.19448575713,32,90,false
L19_SEED_1,320,7,825,0.0588032875635,1.21168378125,32,90,false
L19_SEED_1,320,7,850,0.0566473641666,1.22868662852,32,90,false
L19_SEED_1,320,7,875,0.0546041113248,1.24549633498,32,90,false
L19_SEED_1,320,7,900,0.0526659313302,1.26211538856,32,90,false
L19_SEED_1,320,7,925,0.0508258449347,1.27854663148,32,90,false
L19_SEED_1,320,7,950,0.0490774313662,1.29479317693,32,90,false
L19_SEED_1,320,7,975,0.0474147755083,1.31085833888,32,90,false
L19_SEED_1,320,7,1000,0.0458324211719,1.32674557374,32,90,false
L19_SEED_1,320,7,1025,0.0443253295783,1.34245843241,32,89,false
L19_SEED_1,320,7,1050,0.042888842323,1.35800052124,32,89,false
L19_SEED_1,320,7,1075,0.0415186482171,1.37337547048,32,89,false
L19_SEED_1,320,7,1100,0.0402107534981,1.38858690909,32,89,false
L19_SEED_1,320,7,1125,0.0389614549879,1.40363844472,32,89,false
L19_SEED_1,320,7,1150,0.0377673158411,1.41853364811,32,89,false
L19_SEED_1,320,7,1175,0.0366251435824,1.43327604098,32,89,false
L19_SEED_1,320,7,1200,0.035531970176,1.44786908688,32,89,false
L19_SEED_1,320,7,1225,0.0344850339086,1.4623161844,32,89,false
L19_SEED_1,320,7,1250,0.0334817628959,1.47662066238,32,89,false
L19_SEED_1,320,7,1275,0.0325197600489,1.49078577662,32,89,false
L19_SEED_1,320,7,1300,0.031596789357,1.50481470786,32,89,false
L19_SEED_1,320,7,1325,0.0307107633602,1.51871056077,32,89,false
L19_SEED_1,320,7,1350,0.0298597316986,1.53247636368,32,89,false
L19_SEED_1,320,7,1375,0.0290418706406,1.54611506886,32,89,false
L19_SEED_1,320,7,1400,0.0282554734978,1.5596295533,32,89,false
L19_SEED_1,320,7,1425,0.0274989418477,1.57302261973,32,89,false
L19_SEED_1,320,7,1450,0.0267707774912,1.58629699786,32,89,false
L19_SEED_1,320,7,1475,0.0260695750782,1.59945534577,32,89,false
L19_SEED_1,320,7,1500,0.0253940153431,1.61250025136,32,89,false
L19_SEED_1,320,7,1525,0.0247428588946,1.62543423387,32,89,false
L19_SEED_1,320,7,1550,0.0241149405118,1.63825974535,32,89,false
L19_SEED_1,320,7,1575,0.023509163902,1.65097917216,32,89,false
L19_SEED_1,320,7,1600,0.0229244968789,1.66359483644,32,89,false
L19_SEED_1,320,7,1625,0.0223599669247,1.67610899755,32,89,false
L19_SEED_1,320,7,1650,0.0218146571036,1.68852385349,32,89,false
L19_SEED_1,320,7,1675,0.0212877022949,1.70084154228,32,89,false
L19_SEED_1,320,7,1700,0.0207782857188,1.71306414336,32,89,false
L19_SEED_1,320,7,1725,0.0202856357301,1.72519367893,32,89,false
L19_SEED_1,320,7,1750,0.0198090228562,1.73723211532,32,89,false
L19_SEED_1,320,7,1775,0.0193477570589,1.74918136433,32,89,false
L19_SEED_1,320,7,1800,0.0189011852019,1.76104328458,32,89,false
L19_SEED_1,320,7,1825,0.0184686887056,1.77281968289,32,89,false
L19_SEED_1,320,7,1850,0.018049681374,1.78451231562,32,89,false
L19_SEED_1,320,7,1875,0.0176436073806,1.79612289009,32,89,false
L19_SEED_1,320,7,1900,0.0172499393982,1.80765306589,32,89,false
L19_SEED_1,320,7,1925,0.0168681768626,1.81910445634,32,89,false
L19_SEED_1,320,7,1950,0.0164978443588,1.83047862988,32,89,false
L19_SEED_1,320,7,1975,0.0161384901198,1.84177711143,32,89,false
L19_SEED_1,320,7,2000,0.0157896846289,1.85300138383,32,89,false
L19_SEED_1,320,8,0,3.47737313447,3.43004147307,0,16,false
L19_SEED_1,320,8,25,1.11965774124,1.22192845676,26,103,false
L19_SEED_1,320,8,50,0.557676079152,0.834110391974,28,116,false
L19_SEED_1,320,8,75,0.396470632065,0.763401694532,29,112,false
L19_SEED_1,320,8,100,0.323390574997,0.7555361929,29,112,true
L19_SEED_1,320,8,125,0.28001476966,0.764819557459,29,112,false
L19_SEED_1,320,8,150,0.250034739717,0.779566297169,29,112,false
L19_SEED_1,320,8,175,0.227317126628,0.797217832347,29,112,false
L19_SEED_1,320,8,200,0.209070278157,0.816362156288,29,112,false
L19_SEED_1,320,8,225,0.193839013329,0.836340085793,30,107,false
L19_SEED_1,320,8,250,0.180780445564,0.856861794868,30,108,false
L19_SEED_1,320,8,275,0.169364295086,0.877729862448,31,102,false
L19_SEED_1,320,8,300,0.159235670214,0.898804580482,31,102,false
L19_SEED_1,320,8,325,0.150146102424,0.919991346797,31,102,false
L19_SEED_1,320,8,350,0.14191550958,0.941227304106,31,102,false
L19_SEED_1,320,8,375,0.134409515898,0.962470217638,31,102,false
L19_SEED_1,320,8,400,0.127525190185,0.983689321765,31,102,false
L19_SEED_1,320,8,425,0.121181768879,1.00485944614,32,91,false
L19_SEED_1,320,8,450,0.115314474171,1.02595799134,32,91,false
L19_SEED_1,320,8,475,0.10987030941,1.04696367877,32,89,false
L19_SEED_1,320,8,500,0.104805143969,1.06785627275,32,89,false
L19_SEED_1,320,8,525,0.100081654541,1.08861676228,32,88,false
L19_SEED_1,320,8,550,0.0956678454318,1.10922770603,32,88,false
L19_SEED_1,320,8,575,0.0915359670358,1.12967357613,32,89,false
L19_SEED_1,320,8,600,0.0876617125576,1.14994101794,32,89,false
L19_SEED_1,320,8,625,0.0840236119794,1.17001899175,32,89,false
L19_SEED_1,320,8,650,0.0806025676581,1.18989879261,32,89,false
L19_SEED_1,320,8,675,0.0773814927847,1.20957396191,32,90,false
L19_SEED_1,320,8,700,0.0743450253558,1.22904011405,32,89,false
L19_SEED_1,320,8,725,0.0714792981806,1.24829470521,32,89,false
L19_SEED_1,320,8,750,0.0687717509535,1.26733677071,32,89,false
L19_SEED_1,320,8,775,0.0662109743261,1.28616665415,32,89,false
L19_SEED_1,320,8,800,0.0637865786846,1.3047857463,32,89,false
L19_SEED_1,320,8,825,0.0614890823271,1.32319624641,32,89,false
L19_SEED_1,320,8,850,0.0593098151438,1.34140095325,32,89,false
L19_SEED_1,320,8,875,0.0572408349146,1.3594030889,32,89,false
L19_SEED_1,320,8,900,0.0552748540529,1.37720615505,32,89,false
L19_SEED_1,320,8,925,0.0534051751329,1.39481381943,32,89,false
L19_SEED_1,320,8,950,0.0516256339032,1.41222982886,32,89,false
L19_SEED_1,320,8,975,0.0499305487478,1.42945794482,32,89,false
L19_SEED_1,320,8,1000,0.0483146757476,1.44650189756,32,89,false
L19_SEED_1,320,8,1025,0.0467731686361,1.46336535504,32,89,false
L19_SEED_1,320,8,1050,0.0453015430486,1.48005190334,32,89,false
L19_SEED_1,320,8,1075,0.0438956445501,1.49656503593,32,89,false
L19_SEED_1,320,8,1100,0.0425516199902,1.51290814931,32,89,false
L19_SEED_1,320,8,1125,0.0412658917932,1.5290845433,32,88,false
L19_SEED_1,320,8,1150,0.0400351348368,1.54509742447,32,88,false
L19_SEED_1,320,8,1175,0.0388562556141,1.56094991145,32,88,false
L19_SEED_1,320,8,1200,0.0377263734141,1.57664504142,32,88,false
L19_SEED_1,320,8,1225,0.0366428032842,1.59218577684,32,88,false
L19_SEED_1,320,8,1250,0.0356030405735,1.60757501225,32,88,false
L19_SEED_1,320,8,1275,0.0346047468782,1.62281558053,32,88,false
L19_SEED_1,320,8,1300,0.0336457372369,1.6379102586,32,88,false
L19_SEED_1,320,8,1325,0.0327239684426,1.65286177232,32,88,false
L19_SEED_1,320,8,1350,0.0318375283563,1.66767280068,32,88,false
L19_SEED_1,320,8,1375,0.0309846261234,1.68234597909,32,88,false
L19_SEED_1,320,8,1400,0.0301635832043,1.6968839021,32,88,false
L19_SEED_1,320,8,1425,0.0293728251448,1.71128912531,32,88,false
L19_SEED_1,320,8,1450,0.0286108740175,1.72556416681,32,88,false
L19_SEED_1,320,8,1475,0.0278763414747,1.73971150807,32,88,false
L19_SEED_1,320,8,1500,0.0271679223601,1.75373359449,32,88,false
L19_SEED_1,320,8,1525,0.0264843888295,1.76763283557,32,88,false
L19_SEED_1,320,8,1550,0.0258245849387,1.78141160489,32,88,false
L19_SEED_1,320,8,1575,0.0251874216574,1.79507223989,32,88,false
L19_SEED_1,320,8,1600,0.0245718722744,1.80861704155,32,88,false
L19_SEED_1,320,8,1625,0.0239769681596,1.822048274,32,89,false
L19_SEED_1,320,8,1650,0.0234017948551,1.8353681641,32,89,false
L19_SEED_1,320,8,1675,0.022845488465,1.84857890102,32,89,false
L19_SEED_1,320,8,1700,0.0223072323218,1.86168263586,32,89,false
L19_SEED_1,320,8,1725,0.0217862539038,1.87468148134,32,89,false
L19_SEED_1,320,8,1750,0.0212818219847,1.8875775115,32,89,false
L19_SEED_1,320,8,1775,0.0207932439946,1.90037276155,32,89,false
L19_SEED_1,320,8,1800,0.0203198635756,1.91306922771,32,89,false
L19_SEED_1,320,8,1825,0.019861058317,1.92566886719,32,89,false
L19_SEED_1,320,8,1850,0.019416237653,1.93817359828,32,89,false
L19_SEED_1,320,8,1875,0.0189848409122,1.95058530039,32,89,false
L19_SEED_1,320,8,1900,0.0185663355058,1.96290581432,32,89,false
L19_SEED_1,320,8,1925,0.0181602152423,1.97513694251,32,89,false
L19_SEED_1,320,8,1950,0.0177659987606,1.98728044933,32,89,false
L19_SEED_1,320,8,1975,0.0173832280705,1.99933806155,32,89,false
L19_SEED_1,320,8,2000,0.0170114671937,2.01131146871,32,89,false
L19_SEED_1,320,9,0,3.47219799812,3.41715028705,0,16,false
L19_SEED_1,320,9,25,1.11231136273,1.26214640316,26,101,false
L19_SEED_1,320,9,50,0.547263228139,0.899793455026,28,113,false
L19_SEED_1,320,9,75,0.387731533867,0.843349613833,29,109,true
L19_SEED_1,320,9,100,0.314844164031,0.848928751989,29,110,false
L19_SEED_1,320,9,125,0.27144521977,0.865010803726,29,110,false
L19_SEED_1,320,9,150,0.241465677268,0.88539052526,29,110,false
L19_SEED_1,320,9,175,0.218806347193,0.907894380678,29,111,false
L19_SEED_1,320,9,200,0.200668775386,0.931452192182,29,111,false
L19_SEED_1,320,9,225,0.185584861576,0.955562111246,31,100,false
L19_SEED_1,320,9,250,0.172702426431,0.979992488375,31,101,false
L19_SEED_1,320,9,275,0.161485691775,1.00460122805,31,101,false
L19_SEED_1,320,9,300,0.151575972893,1.02930041763,31,101,false
L19_SEED_1,320,9,325,0.142721209208,1.054032939,31,101,false
L19_SEED_1,320,9,350,0.134737516945,1.07875779313,31,100,false
L19_SEED_1,320,9,375,0.127486688237,1.10344171487,32,89,false
L19_SEED_1,320,9,400,0.120862205327,1.12805448523,32,87,false
L19_SEED_1,320,9,425,0.114780139501,1.15256688448,32,88,false
L19_SEED_1,320,9,450,0.109173033276,1.1769503315,32,88,false
L19_SEED_1,320,9,475,0.103985689778,1.20117738001,32,88,false
L19_SEED_1,320,9,500,0.0991722187726,1.22522247877,32,88,false
L19_SEED_1,320,9,525,0.0946939278748,1.24906266166,32,88,false
L19_SEED_1,320,9,550,0.0905177914247,1.27267803159,32,88,false
L19_SEED_1,320,9,575,0.0866153199725,1.29605201422,32,88,false
L19_SEED_1,320,9,600,0.0829617116204,1.31917140868,32,84,false
L19_SEED_1,320,9,625,0.0795352045567,1.34202627911,32,83,false
L19_SEED_1,320,9,650,0.0763165752977,1.36460973151,32,84,false
L19_SEED_1,320,9,675,0.0732887439707,1.38691761507,32,84,false
L19_SEED_1,320,9,700,0.0704364593378,1.40894818035,32,83,false
L19_SEED_1,320,9,725,0.0677460440333,1.43070172016,32,83,false
L19_SEED_1,320,9,750,0.0652051858734,1.45218021325,32,83,false
L19_SEED_1,320,9,775,0.0628027648803,1.47338698573,32,83,false
L19_SEED_1,320,9,800,0.0605287083477,1.49432640084,32,83,false
L19_SEED_1,320,9,825,0.0583738682062,1.51500358347,32,83,false
L19_SEED_1,320,9,850,0.0563299163436,1.53542418285,32,83,false
L19_SEED_1,320,9,875,0.0543892545628,1.55559417373,32,83,false
L19_SEED_1,320,9,900,0.0525449366096,1.57551969487,32,83,false
L19_SEED_1,320,9,925,0.0507906002647,1.5952069215,32,83,false
L19_SEED_1,320,9,950,0.0491204079105,1.61466196842,32,83,false
L19_SEED_1,320,9,975,0.047528994297,1.63389081917,32,83,false
L19_SEED_1,320,9,1000,0.0460114204718,1.65289927733,32,83,false
L19_SEED_1,320,9,1025,0.0445631330189,1.67169293576,32,83,false
L19_SEED_1,320,9,1050,0.043179927897,1.69027716013,32,84,false
L19_SEED_1,320,9,1075,0.0418579182773,1.70865708347,32,84,false
L19_SEED_1,320,9,1100,0.0405935058723,1.72683760908,32,84,false
L19_SEED_1,320,9,1125,0.0393833553195,1.74482341915,32,84,false
L19_SEED_1,320,9,1150,0.0382243712455,1.76261898748,32,84,false
L19_SEED_1,320,9,1175,0.0371136776852,1.78022859447,32,84,false
L19_SEED_1,320,9,1200,0.0360485995758,1.79765634329,32,84,false
L19_SEED_1,320,9,1225,0.0350266460817,1.81490617624,32,84,false
L19_SEED_1,320,9,1250,0.034045495537,1.8319818906,32,84,false
L19_SEED_1,320,9,1275,0.0331029818231,1.84888715348,32,84,false
L19_SEED_1,320,9,1300,0.0321970820205,1.8656255153,32,84,false
L19_SEED_1,320,9,1325,0.031325905194,1.88220042185,32,84,false
L19_SEED_1,320,9,1350,0.0304876821919,1.8986152247,32,84,false
L19_SEED_1,320,9,1375,0.029680756351,1.91487319012,32,84,false
L19_SEED_1,320,9,1400,0.0289035750161,1.93097750646,32,84,false
L19_SEED_1,320,9,1425,0.0281546817902,1.9469312903,32,84,false
L19_SEED_1,320,9,1450,0.0274327094468,1.96273759126,32,84,false
L19_SEED_1,320,9,1475,0.0267363734368,1.97839939588,32,84,false
L19_SEED_1,320,9,1500,0.0260644659365,1.99391963059,32,84,false
L19_SEED_1,320,9,1525,0.0254158503856,2.00930116397,32,84,false
L19_SEED_1,320,9,1550,0.0247894564698,2.02454680842,32,84,false
L19_SEED_1,320,9,1575,0.0241842755079,2.03965932139,32,84,false
L19_SEED_1,320,9,1600,0.0235993562078,2.05464140632,32,84,false
L19_SEED_1,320,9,1625,0.0230338007581,2.06949571325,32,84,false
L19_SEED_1,320,9,1650,0.0224867612256,2.08422483938,32,84,false
L19_SEED_1,320,9,1675,0.0219574362337,2.09883132944,32,84,false
L19_SEED_1,320,9,1700,0.0214450678947,2.11331767607,32,84,false
L19_SEED_1,320,9,1725,0.0209489389771,2.12768632017,32,84,false
L19_SEED_1,320,9,1750,0.0204683702861,2.14193965126,32,84,false
L19_SEED_1,320,9,1775,0.0200027182397,2.15608000791,32,84,false
L19_SEED_1,320,9,1800,0.0195513726243,2.17010967814,32,84,false
L19_SEED_1,320,9,1825,0.019113754515,2.18403090003,32,84,false
L19_SEED_1,320,9,1850,0.0186893143462,2.19784586217,32,84,false
L19_SEED_1,320,9,1875,0.0182775301211,2.21155670438,32,84,false
L19_SEED_1,320,9,1900,0.0178779057487,2.22516551836,32,84,false
L19_SEED_1,320,9,1925,0.0174899694969,2.23867434841,32,84,false
L19_SEED_1,320,9,1950,0.0171132725541,2.25208519224,32,84,false
L19_SEED_1,320,9,1975,0.0167473876902,2.26540000175,32,84,false
L19_SEED_1,320,9,2000,0.0163919080079,2.27862068393,32,84,false
L19_SEED_1,320,10,0,3.47748942088,3.41578137627,0,16,false
L19_SEED_1,320,10,25,1.10603656896,1.30229797758,26,96,false
L19_SEED_1,320,10,50,0.542602229887,0.94280295135,28,106,false
L19_SEED_1,320,10,75,0.385983482823,0.905373797286,29,103,true
L19_SEED_1,320,10,100,0.312910909148,0.917421319637,29,103,false
L19_SEED_1,320,10,125,0.268650700018,0.939230158262,29,103,false
L19_SEED_1,320,10,150,0.237794689989,0.964282023854,29,105,false
L19_SEED_1,320,10,175,0.214367428337,0.990643823023,30,101,false
L19_SEED_1,320,10,200,0.195576976887,1.01755522735,30,101,false
L19_SEED_1,320,10,225,0.179942819563,1.04468666173,31,97,false
L19_SEED_1,320,10,250,0.166600734598,1.0718671254,31,96,false
L19_SEED_1,320,10,275,0.155005525337,1.0990076995,31,97,false
L19_SEED_1,320,10,300,0.144790810468,1.12605076467,31,97,false
L19_SEED_1,320,10,325,0.135697639689,1.15295393017,32,86,false
L19_SEED_1,320,10,350,0.127535602387,1.17968514987,32,86,false
L19_SEED_1,320,10,375,0.120160204895,1.20621909402,32,86,false
L19_SEED_1,320,10,400,0.113458893843,1.23253434601,32,86,false
L19_SEED_1,320,10,425,0.107341991893,1.25861186986,32,86,false
L19_SEED_1,320,10,450,0.10173661098,1.28443457731,32,86,false
L19_SEED_1,320,10,475,0.0965824638253,1.30998763246,32,84,false
L19_SEED_1,320,10,500,0.0918289269701,1.33525904247,32,84,false
L19_SEED_1,320,10,525,0.0874329464768,1.36024017795,32,84,false
L19_SEED_1,320,10,550,0.0833575190128,1.38492601826,32,84,false
L19_SEED_1,320,10,575,0.0795705697752,1.40931505637,32,84,false
L19_SEED_1,320,10,600,0.0760441063851,1.43340889962,32,83,false
L19_SEED_1,320,10,625,0.0727535663399,1.45721166172,32,83,false
L19_SEED_1,320,10,650,0.0696773018271,1.48072926079,32,83,false
L19_SEED_1,320,10,675,0.0667961637591,1.50396872863,32,83,false
L19_SEED_1,320,10,700,0.0640931592792,1.5269376075,32,83,false
L19_SEED_1,320,10,725,0.0615531653342,1.54964347627,32,83,false
L19_SEED_1,320,10,750,0.059162686379,1.57209361647,32,83,false
L19_SEED_1,320,10,775,0.0569096477879,1.59429480715,32,83,false
L19_SEED_1,320,10,800,0.0547832187666,1.61625322491,32,84,false
L19_SEED_1,320,10,825,0.0527736599915,1.63797442199,32,84,false
L19_SEED_1,320,10,850,0.0508721921605,1.65946335662,32,84,false
L19_SEED_1,320,10,875,0.0490708823272,1.68072445473,32,84,false
L19_SEED_1,320,10,900,0.0473625454108,1.70176168661,32,84,false
L19_SEED_1,320,10,925,0.0457406586908,1.72257864759,32,84,false
L19_SEED_1,320,10,950,0.0441992874353,1.7431786355,32,84,false
L19_SEED_1,320,10,975,0.0427330200945,1.76356472076,32,84,false
L19_SEED_1,320,10,1000,0.0413369117278,1.78373980712,32,84,false
L19_SEED_1,320,10,1025,0.0400064345265,1.80370668253,32,84,false
L19_SEED_1,320,10,1050,0.0387374344629,1.82346806053,32,84,false
L19_SEED_1,320,10,1075,0.0375260932334,1.84302661284,32,84,false
L19_SEED_1,320,10,1100,0.0363688947811,1.86238499444,32,84,false
L19_SEED_1,320,10,1125,0.0352625957843,1.88154586201,32,84,false
L19_SEED_1,320,10,1150,0.0342041995839,1.90051188711,32,84,false
L19_SEED_1,320,10,1175,0.0331909330942,1.91928576482,32,84,false
L19_SEED_1,320,10,1200,0.0322202263091,1.93787021886,32,84,false
L19_SEED_1,320,10,1225,0.0312896940646,1.95626800396,32,84,false
L19_SEED_1,320,10,1250,0.030397119772,1.97448190592,32,84,false
L19_SEED_1,320,10,1275,0.0295404408713,1.99251474016,32,84,false
L19_SEED_1,320,10,1300,0.0287177357923,2.01036934881,32,84,false
L19_SEED_1,320,10,1325,0.0279272122382,2.02804859711,32,84,false
L19_SEED_1,320,10,1350,0.027167196635,2.04555536901,32,84,false
L19_SEED_1,320,10,1375,0.0264361246072,2.06289256242,32,84,false
L19_SEED_1,320,10,1400,0.0257325323641,2.08006308425,32,84,false
L19_SEED_1,320,10,1425,0.0250550488921,2.09706984532,32,84,false
L19_SEED_1,320,10,1450,0.0244023888647,2.11391575528,32,84,false
L19_SEED_1,320,10,1475,0.0237733461925,2.13060371773,32,84,false
L19_SEED_1,320,10,1500,0.0231667881454,2.14713662541,32,84,false
L19_SEED_1,320,10,1525,0.0225816499874,2.16351735573,32,84,false
L19_SEED_1,320,10,1550,0.0220169300724,2.17974876649,32,84,false
L19_SEED_1,320,10,1575,0.0214716853539,2.19583369199,32,84,false
L19_SEED_1,320,10,1600,0.0209450272694,2.21177493939,32,84,false
L19_SEED_1,320,10,1625,0.0204361179623,2.22757528545,32,84,false
L19_SEED_1,320,10,1650,0.0199441668102,2.2432374736,32,84,false
L19_SEED_1,320,10,1675,0.0194684272301,2.25876421132,32,84,false
L19_SEED_1,320,10,1700,0.019008193736,2.27415816783,32,84,false
L19_SEED_1,320,10,1725,0.0185627992262,2.28942197218,32,84,false
L19_SEED_1,320,10,1750,0.0181316124781,2.30455821154,32,84,false
L19_SEED_1,320,10,1775,0.0177140358347,2.31956942979,32,84,false
L19_SEED_1,320,10,1800,0.0173095030647,2.33445812641,32,84,false
L19_SEED_1,320,10,1825,0.0169174773807,2.3492267556,32,84,false
L19_SEED_1,320,10,1850,0.016537449604,2.36387772559,32,84,false
L19_SEED_1,320,10,1875,0.0161689364626,2.37841339819,32,84,false
L19_SEED_1,320,10,1900,0.0158114790104,2.39283608851,32,84,false
L19_SEED_1,320,10,1925,0.0154646411598,2.40714806484,32,84,false
L19_SEED_1,320,10,1950,0.0151280083173,2.42135154873,32,84,false
L19_SEED_1,320,10,1975,0.0148011861133,2.43544871509,32,84,false
L19_SEED_1,320,10,2000,0.0144837992199,2.44944169254,32,84,false
L19_SEED_1,320,11,0,3.47015968778,3.40856423519,0,13,false
L19_SEED_1,320,11,25,1.12758155189,1.29412957299,26,96,false
L19_SEED_1,320,11,50,0.555913850598,0.960348567494,28,105,false
L19_SEED_1,320,11,75,0.394319642889,0.934809561913,29,100,true
L19_SEED_1,320,11,100,0.319542923158,0.955603868804,29,101,false
L19_SEED_1,320,11,125,0.274349919449,0.985365291643,29,101,false
L19_SEED_1,320,11,150,0.242844961943,1.01598226554,29,101,false
L19_SEED_1,320,11,175,0.218920000339,1.04603437573,30,97,false
L19_SEED_1,320,11,200,0.199736071542,1.07571495547,31,92,false
L19_SEED_1,320,11,225,0.183785484702,1.10510593219,31,92,false
L19_SEED_1,320,11,250,0.170184069143,1.13426531715,31,95,false
L19_SEED_1,320,11,275,0.158371521695,1.16321546942,31,94,false
L19_SEED_1,320,11,300,0.147970304553,1.19196105603,31,95,false
L19_SEED_1,320,11,325,0.138713481917,1.22049691746,31,95,false
L19_SEED_1,320,11,350,0.13040506438,1.24881238152,31,95,false
L19_SEED_1,320,11,375,0.12289671212,1.27689276094,32,84,false
L19_SEED_1,320,11,400,0.116073225531,1.30472030492,32,85,false
L19_SEED_1,320,11,425,0.109843093022,1.33227548961,32,85,false
L19_SEED_1,320,11,450,0.104132135585,1.35953863083,32,83,false
L19_SEED_1,320,11,475,0.0988791361388,1.38649151739,32,82,false
L19_SEED_1,320,11,500,0.0940327791924,1.4131188217,32,82,false
L19_SEED_1,320,11,525,0.0895494727407,1.43940911679,32,82,false
L19_SEED_1,320,11,550,0.0853917728374,1.46535541318,32,82,false
L19_SEED_1,320,11,575,0.0815272245882,1.49095520784,32,82,false
L19_SEED_1,320,11,600,0.0779274933954,1.51621010696,32,82,false
L19_SEED_1,320,11,625,0.0745676999335,1.54112513546,32,82,false
L19_SEED_1,320,11,650,0.0714258992516,1.56570787304,32,82,false
L19_SEED_1,320,11,675,0.0684826630821,1.58996755463,32,82,false
L19_SEED_1,320,11,700,0.06572073753,1.61391424677,32,82,false
L19_SEED_1,320,11,725,0.0631247573704,1.63755817174,32,83,false
L19_SEED_1,320,11,750,0.0606810042699,1.66090921013,32,83,false
L19_SEED_1,320,11,775,0.0583772002047,1.68397657879,32,83,false
L19_SEED_1,320,11,800,0.0562023298418,1.70676866013,32,83,false
L19_SEED_1,320,11,825,0.0541464872106,1.72929294859,32,83,false
L19_SEED_1,320,11,850,0.0522007429905,1.7515560794,32,83,false
L19_SEED_1,320,11,875,0.0503570294182,1.77356390872,32,83,false
L19_SEED_1,320,11,900,0.04860804031,1.79532162084,32,83,false
L19_SEED_1,320,11,925,0.046947144084,1.81683384473,32,83,false
L19_SEED_1,320,11,950,0.0453683079827,1.83810476811,32,83,false
L19_SEED_1,320,11,975,0.0438660319593,1.85913824193,32,83,false
L19_SEED_1,320,11,1000,0.0424352909137,1.87993787153,32,83,false
L19_SEED_1,320,11,1025,0.0410714841515,1.9005070932,32,82,false
L19_SEED_1,320,11,1050,0.0397703910956,1.92084923633,32,82,false
L19_SEED_1,320,11,1075,0.0385281324135,1.94096757213,32,82,false
L19_SEED_1,320,11,1100,0.0373411358394,1.9608653507,32,82,false
L19_SEED_1,320,11,1125,0.0362061060648,1.98054582779,32,82,false
L19_SEED_1,320,11,1150,0.0351199981589,2.00001228338,32,82,false
L19_SEED_1,320,11,1175,0.0340799940521,2.01926803314,32,82,false
L19_SEED_1,320,11,1200,0.0330834816798,2.03831643455,32,82,false
L19_SEED_1,320,11,1225,0.0321280364393,2.05716088869,32,82,false
L19_SEED_1,320,11,1250,0.031211404663,2.07580483866,32,82,false
L19_SEED_1,320,11,1275,0.030331488849,2.09425176563,32,82,false
L19_SEED_1,320,11,1300,0.0294863344297,2.11250518304,32,82,false
L19_SEED_1,320,11,1325,0.0286741178889,2.13056862971,32,82,false
L19_SEED_1,320,11,1350,0.0278931360635,2.14844566205,32,82,false
L19_SEED_1,320,11,1375,0.0271417964899,2.16613984607,32,82,false
L19_SEED_1,320,11,1400,0.0264186086746,2.18365474912,32,82,false
L19_SEED_1,320,11,1425,0.0257221761829,2.20099393191,32,82,false
L19_SEED_1,320,11,1450,0.0250511894559,2.21816094073,32,82,false
L19_SEED_1,320,11,1475,0.0244044192774,2.2351593002,32,82,false
L19_SEED_1,320,11,1500,0.02378071082,2.25199250645,32,82,false
L19_SEED_1,320,11,1525,0.0231789782123,2.26866402095,32,82,false
L19_SEED_1,320,11,1550,0.0225981995729,2.28517726492,32,82,false
L19_SEED_1,320,11,1575,0.0220374124651,2.30153561438,32,82,false
L19_SEED_1,320,11,1600,0.0214957097307,2.31774239582,32,82,false
L19_SEED_1,320,11,1625,0.0209722356667,2.33380088251,32,82,false
L19_SEED_1,320,11,1650,0.0204661825125,2.34971429133,32,82,false
L19_SEED_1,320,11,1675,0.0199767872182,2.36548578019,32,82,false
L19_SEED_1,320,11,1700,0.0195033284681,2.381118446,32,82,false
L19_SEED_1,320,11,1725,0.0190451239368,2.39661532298,32,82,false
L19_SEED_1,320,11,1750,0.0186015277564,2.41197938156,32,82,false
L19_SEED_1,320,11,1775,0.0181719281767,2.42721352756,32,82,false
L19_SEED_1,320,11,1800,0.017755745401,2.44232060176,32,82,false
L19_SEED_1,320,11,1825,0.0173524295828,2.45730337971,32,81,false
L19_SEED_1,320,11,1850,0.0169614589694,2.47216457193,32,81,false
L19_SEED_1,320,11,1875,0.0165823381802,2.48690682422,32,81,false
L19_SEED_1,320,11,1900,0.0162145966086,2.50153271825,32,81,false
L19_SEED_1,320,11,1925,0.0158577869365,2.51604477228,32,81,false
L19_SEED_1,320,11,1950,0.0155114837538,2.53044544204,32,81,false
L19_SEED_1,320,11,1975,0.0151752822728,2.54473712174,32,81,false
L19_SEED_1,320,11,2000,0.014848797131,2.55892214513,32,81,false
L19_SEED_1,320,12,0,3.47151323637,3.41012929645,0,14,false
L19_SEED_1,320,12,25,1.14696424978,1.32441569699,26,90,false
L19_SEED_1,320,12,50,0.567198856722,0.996383051768,28,104,false
L19_SEED_1,320,12,75,0.400143616684,0.98259208337,29,99,true
L19_SEED_1,320,12,100,0.322470720035,1.0072634129,29,99,false
L19_SEED_1,320,12,125,0.275648187094,1.03955226248,29,100,false
L19_SEED_1,320,12,150,0.243221579671,1.07184504921,29,100,false
L19_SEED_1,320,12,175,0.218812488585,1.10407272507,30,94,false
L19_SEED_1,320,12,200,0.199415476631,1.13593142583,31,89,false
L19_SEED_1,320,12,225,0.183419265177,1.16739473518,31,89,false
L19_SEED_1,320,12,250,0.169873909193,1.19846141447,31,89,false
L19_SEED_1,320,12,275,0.158176244123,1.22916447472,31,92,false
L19_SEED_1,320,12,300,0.147920446783,1.25952407776,31,93,false
L19_SEED_1,320,12,325,0.138821102048,1.28955001727,31,92,false
L19_SEED_1,320,12,350,0.130670507792,1.31924622998,31,92,false
L19_SEED_1,320,12,375,0.123313241616,1.34861137854,32,75,false
L19_SEED_1,320,12,400,0.116630120526,1.37763948335,32,73,false
L19_SEED_1,320,12,425,0.110527680353,1.4063210176,32,73,false
L19_SEED_1,320,12,450,0.104931094292,1.43464447382,32,75,false
L19_SEED_1,320,12,475,0.0997793134328,1.46259809123,32,75,false
L19_SEED_1,320,12,500,0.0950216758145,1.49017145286,32,75,false
L19_SEED_1,320,12,525,0.0906155031924,1.5173567661,32,75,false
L19_SEED_1,320,12,550,0.0865243730947,1.54414972627,32,75,false
L19_SEED_1,320,12,575,0.0827168595931,1.5705499223,32,75,false
L19_SEED_1,320,12,600,0.0791656033375,1.59656079367,32,75,false
L19_SEED_1,320,12,625,0.0758466145324,1.62218919908,32,75,false
L19_SEED_1,320,12,650,0.0727387410589,1.64744470389,32,75,false
L19_SEED_1,320,12,675,0.0698232536335,1.67233872109,32,75,false
L19_SEED_1,320,12,700,0.0670835140611,1.69688364181,32,75,false
L19_SEED_1,320,12,725,0.0645047030626,1.72109206587,32,75,false
L19_SEED_1,320,12,750,0.0620735917642,1.74497620158,32,75,false
L19_SEED_1,320,12,775,0.0597783463187,1.76854745997,32,75,false
L19_SEED_1,320,12,800,0.0576083587573,1.79181623257,32,75,false
L19_SEED_1,320,12,825,0.0555540994909,1.81479181974,32,75,false
L19_SEED_1,320,12,850,0.0536069882838,1.8374824674,32,75,false
L19_SEED_1,320,12,875,0.051759281335,1.85989547161,32,75,false
L19_SEED_1,320,12,900,0.0500039725574,1.882037317,32,82,false
L19_SEED_1,320,12,925,0.0483347074087,1.90391382461,32,82,false
L19_SEED_1,320,12,950,0.0467457077944,1.92553029286,32,82,false
L19_SEED_1,320,12,975,0.0452317066927,1.94689162258,32,82,false
L19_SEED_1,320,12,1000,0.0437878912684,1.96800242234,32,82,false
L19_SEED_1,320,12,1025,0.0424098533618,1.9888670932,32,82,false
L19_SEED_1,320,12,1050,0.0410935463548,2.00948989451,32,83,false
L19_SEED_1,320,12,1075,0.0398352475336,2.02987499298,32,83,false
L19_SEED_1,320,12,1100,0.038631525182,2.0500264978,32,83,false
L19_SEED_1,320,12,1125,0.0374792097369,2.06994848446,32,83,false
L19_SEED_1,320,12,1150,0.0363753684395,2.08964500979,32,83,false
L19_SEED_1,320,12,1175,0.0353172829919,2.10912012027,32,83,false
L19_SEED_1,320,12,1200,0.0343024298056,2.12837785536,32,83,false
L19_SEED_1,320,12,1225,0.0333284624894,2.14742224743,32,83,false
L19_SEED_1,320,12,1250,0.0323931962764,2.16625731921,32,83,false
L19_SEED_1,320,12,1275,0.0314945941373,2.1848870798,32,83,false
L19_SEED_1,320,12,1300,0.030630754361,2.20331551978,32,83,false
L19_SEED_1,320,12,1325,0.0297998994197,2.22154660607,32,83,false
L19_SEED_1,320,12,1350,0.0290003659583,2.23958427663,32,83,false
L19_SEED_1,320,12,1375,0.0282305957746,2.25743243549,32,83,false
L19_SEED_1,320,12,1400,0.0274891276703,2.27509494808,32,83,false
L19_SEED_1,320,12,1425,0.0267745900742,2.29257563706,32,83,false
L19_SEED_1,320,12,1450,0.0260856943493,2.30987827862,32,83,false
L19_SEED_1,320,12,1475,0.025421228707,2.32700659924,32,83,false
L19_SEED_1,320,12,1500,0.0247800526626,2.34396427296,32,83,false
L19_SEED_1,320,12,1525,0.0241610919741,2.36075491909,32,83,false
L19_SEED_1,320,12,1550,0.0235633340136,2.37738210031,32,83,false
L19_SEED_1,320,12,1575,0.0229858235262,2.39384932112,32,83,false
L19_SEED_1,320,12,1600,0.0224276587371,2.41016002657,32,83,false
L19_SEED_1,320,12,1625,0.0218879877738,2.42631760131,32,83,false
L19_SEED_1,320,12,1650,0.0213660053703,2.44232536883,32,83,false
L19_SEED_1,320,12,1675,0.0208609498288,2.4581865909,32,83,false
L19_SEED_1,320,12,1700,0.0203721002135,2.47390446714,32,82,false
L19_SEED_1,320,12,1725,0.0198987737555,2.4894821348,32,82,false
L19_SEED_1,320,12,1750,0.0194403234508,2.50492266862,32,82,false
L19_SEED_1,320,12,1775,0.0189961358325,2.52022908075,32,82,false
L19_SEED_1,320,12,1800,0.0185656289055,2.53540432088,32,82,false
L19_SEED_1,320,12,1825,0.0181482502262,2.55045127634,32,82,false
L19_SEED_1,320,12,1850,0.0177434751187,2.56537277237,32,82,false
L19_SEED_1,320,12,1875,0.0173508050139,2.58017157242,32,82,false
L19_SEED_1,320,12,1900,0.0169697659038,2.59485037855,32,82,false
L19_SEED_1,320,12,1925,0.0165999069004,2.6094118319,32,82,false
L19_SEED_1,320,12,1950,0.0162407988916,2.62385851319,32,82,false
L19_SEED_1,320,12,1975,0.0158920332877,2.63819294337,32,82,false
L19_SEED_1,320,12,2000,0.0155532208501,2.65241758427,32,82,false
L19_SEED_1,320,13,0,3.46380051734,3.40403789052,1,27,false
L19_SEED_1,320,13,25,1.13483213706,1.32943478476,26,92,false
L19_SEED_1,320,13,50,0.552563003744,1.02207250211,28,103,false
L19_SEED_1,320,13,75,0.387845786871,1.02140346934,29,97,true
L19_SEED_1,320,13,100,0.313096612922,1.05453162869,29,97,false
L19_SEED_1,320,13,125,0.268137404854,1.09213174374,29,97,false
L19_SEED_1,320,13,150,0.236770658936,1.12852485057,29,91,false
L19_SEED_1,320,13,175,0.212967882328,1.16440303413,30,86,false
L19_SEED_1,320,13,200,0.193923688569,1.19973447366,31,81,false
L19_SEED_1,320,13,225,0.178134029744,1.23453232093,31,81,false
L19_SEED_1,320,13,250,0.164709958055,1.26883023666,31,81,false
L19_SEED_1,320,13,275,0.153085766008,1.30266701884,31,81,false
L19_SEED_1,320,13,300,0.142879588379,1.33606283474,31,81,false
L19_SEED_1,320,13,325,0.133821107134,1.36902489845,32,71,false
L19_SEED_1,320,13,350,0.12571156475,1.40155402374,32,69,false
L19_SEED_1,320,13,375,0.11840032408,1.43364724567,32,69,false
L19_SEED_1,320,13,400,0.111770345213,1.4652994518,32,70,false
L19_SEED_1,320,13,425,0.105728732924,1.49650438102,32,70,false
L19_SEED_1,320,13,450,0.100200341611,1.52725544852,32,70,false
L19_SEED_1,320,13,475,0.095123327992,1.55754658965,32,72,false
L19_SEED_1,320,13,500,0.0904459994971,1.58737308768,32,72,false
L19_SEED_1,320,13,525,0.0861245515136,1.61673227537,32,72,false
L19_SEED_1,320,13,550,0.0821214272891,1.64562400902,32,72,false
L19_SEED_1,320,13,575,0.0784041193279,1.67405085898,32,72,false
L19_SEED_1,320,13,600,0.0749442843819,1.70201801571,32,72,false
L19_SEED_1,320,13,625,0.0717170790061,1.72953295849,32,72,false
L19_SEED_1,320,13,650,0.0687006473543,1.75660496597,32,72,false
L19_SEED_1,320,13,675,0.0658757121298,1.7832445589,32,72,false
L19_SEED_1,320,13,700,0.0632252353766,1.80946295715,32,72,false
L19_SEED_1,320,13,725,0.0607341283504,1.83527161128,32,72,false
L19_SEED_1,320,13,750,0.0583889987692,1.86068184211,32,72,false
L19_SEED_1,320,13,775,0.0561779293506,1.88570459692,32,72,false
L19_SEED_1,320,13,800,0.0540902843333,1.91035031259,32,72,false
L19_SEED_1,320,13,825,0.0521165416318,1.93462886519,32,72,false
L19_SEED_1,320,13,850,0.0502481483143,1.95854958168,32,72,false
L19_SEED_1,320,13,875,0.0484773968864,1.98212129024,32,72,false
L19_SEED_1,320,13,900,0.0467973197358,2.00535238995,32,72,false
L19_SEED_1,320,13,925,0.0452015991412,2.02825092517,32,72,false
L19_SEED_1,320,13,950,0.043684490447,2.05082465523,32,72,false
L19_SEED_1,320,13,975,0.0422407562882,2.07308111414,32,72,false
L19_SEED_1,320,13,1000,0.0408656100584,2.095027658,32,72,false
L19_SEED_1,320,13,1025,0.0395546671124,2.11667150018,32,72,false
L19_SEED_1,320,13,1050,0.0383039024531,2.13801973532,32,73,false
L19_SEED_1,320,13,1075,0.0371096138777,2.15907935401,32,73,false
L19_SEED_1,320,13,1100,0.0359683897423,2.17985725016,32,73,false
L19_SEED_1,320,13,1125,0.0348770806523,2.20036022276,32,73,false
L19_SEED_1,320,13,1150,0.0338327745062,2.220594974,32,73,false
L19_SEED_1,320,13,1175,0.0328327744195,2.24056810477,32,73,false
L19_SEED_1,320,13,1200,0.031874579132,2.26028610899,32,73,false
L19_SEED_1,320,13,1225,0.0309558655681,2.27975536727,32,73,false
L19_SEED_1,320,13,1250,0.0300744732681,2.29898214075,32,73,false
L19_SEED_1,320,13,1275,0.0292283904551,2.31797256544,32,74,false
L19_SEED_1,320,13,1300,0.0284157415333,2.33673264725,32,74,false
L19_SEED_1,320,13,1325,0.0276347758465,2.35526825795,32,75,false
L19_SEED_1,320,13,1350,0.0268838575465,2.37358513218,32,82,false
L19_SEED_1,320,13,1375,0.0261614564438,2.39168886529,32,81,false
L19_SEED_1,320,13,1400,0.0254661397289,2.4095849122,32,81,false
L19_SEED_1,320,13,1425,0.0247965644672,2.42727858708,32,80,false
L19_SEED_1,320,13,1450,0.0241514707837,2.44477506377,32,80,false
L19_SEED_1,320,13,1475,0.0235296756631,2.46207937689,32,80,false
L19_SEED_1,320,13,1500,0.0229300673001,2.4791964235,32,80,false
L19_SEED_1,320,13,1525,0.0223515999436,2.49613096521,32,80,false
L19_SEED_1,320,13,1550,0.0217932891839,2.51288763071,32,80,false
L19_SEED_1,320,13,1575,0.0212542076381,2.52947091847,32,80,false
L19_SEED_1,320,13,1600,0.0207334809947,2.54588519983,32,80,false
L19_SEED_1,320,13,1625,0.0202302843826,2.56213472207,32,80,false
L19_SEED_1,320,13,1650,0.0197438390323,2.57822361164,32,80,false
L19_SEED_1,320,13,1675,0.0192734092025,2.59415587745,32,80,false
L19_SEED_1,320,13,1700,0.0188182993476,2.60993541413,32,80,false
L19_SEED_1,320,13,1725,0.0183778515024,2.62556600524,32,80,false
L19_SEED_1,320,13,1750,0.0179514428667,2.64105132648,32,80,false
L19_SEED_1,320,13,1775,0.0175384835698,2.65639494883,32,80,false
L19_SEED_1,320,13,1800,0.0171384146008,2.67160034156,32,80,false
L19_SEED_1,320,13,1825,0.0167507058894,2.68667087516,32,80,false
L19_SEED_1,320,13,1850,0.0163748545252,2.70160982426,32,80,false
L19_SEED_1,320,13,1875,0.0160103831029,2.71642037036,32,80,false
L19_SEED_1,320,13,1900,0.0156568381851,2.73110560454,32,80,false
L19_SEED_1,320,13,1925,0.0153137888702,2.74566853003,32,80,false
L19_SEED_1,320,13,1950,0.0149808254602,2.76011206473,32,80,false
L19_SEED_1,320,13,1975,0.0146575582186,2.77443904369,32,80,false
L19_SEED_1,320,13,2000,0.0143436162115,2.78865222143,32,80,false
L19_SEED_1,320,14,0,3.45836504998,3.39748863218,1,26,false
L19_SEED_1,320,14,25,1.14162416949,1.34029257476,27,95,false
L19_SEED_1,320,14,50,0.556935912318,1.05327864385,28,96,true
L19_SEED_1,320,14,75,0.390186574671,1.06672870517,29,89,false
L19_SEED_1,320,14,100,0.314385794245,1.11073157136,29,89,false
L19_SEED_1,320,14,125,0.268638449779,1.15977351122,29,90,false
L19_SEED_1,320,14,150,0.236714209313,1.20551413257,29,90,false
L19_SEED_1,320,14,175,0.212518306428,1.24896129038,31,81,false
L19_SEED_1,320,14,200,0.193194131521,1.29061127962,31,81,false
L19_SEED_1,320,14,225,0.17720443113,1.3310120271,31,81,false
L19_SEED_1,320,14,250,0.163637466116,1.37045289185,31,81,false
L19_SEED_1,320,14,275,0.15191146071,1.40905616171,31,81,false
L19_SEED_1,320,14,300,0.14163328769,1.44688495492,31,81,false
L19_SEED_1,320,14,325,0.132524843283,1.4839833323,32,71,false
L19_SEED_1,320,14,350,0.1243819882,1.52038333696,32,71,false
L19_SEED_1,320,14,375,0.117050271549,1.55610806367,32,69,false
L19_SEED_1,320,14,400,0.110409833398,1.59117415265,32,69,false
L19_SEED_1,320,14,425,0.104365609714,1.62559339071,32,70,false
L19_SEED_1,320,14,450,0.098840754452,1.65937411026,32,70,false
L19_SEED_1,320,14,475,0.0937720965295,1.69252259498,32,70,false
L19_SEED_1,320,14,500,0.0891069289808,1.72504445734,32,70,false
L19_SEED_1,320,14,525,0.0848006960144,1.75694590034,32,70,false
L19_SEED_1,320,14,550,0.0808153007343,1.78823476244,32,70,false
L19_SEED_1,320,14,575,0.0771178511214,1.81892125246,32,70,false
L19_SEED_1,320,14,600,0.0736797203152,1.84901831229,32,70,false
L19_SEED_1,320,14,625,0.070475834039,1.87854159402,32,70,false
L19_SEED_1,320,14,650,0.0674841220593,1.90750909574,32,70,false
L19_SEED_1,320,14,675,0.0646850873075,1.93594054965,32,70,false
L19_SEED_1,320,14,700,0.0620614588306,1.96385668443,32,70,false
L19_SEED_1,320,14,725,0.059597904586,1.99127848374,32,70,false
L19_SEED_1,320,14,750,0.0572807878332,2.01822653736,32,70,false
L19_SEED_1,320,14,775,0.0550979566629,2.04472054348,32,70,false
L19_SEED_1,320,14,800,0.0530385601879,2.07077898112,32,70,false
L19_SEED_1,320,14,825,0.0510928873877,2.09641894114,32,70,false
L19_SEED_1,320,14,850,0.0492522259304,2.12165608619,32,70,false
L19_SEED_1,320,14,875,0.0475087389033,2.14650470333,32,69,false
L19_SEED_1,320,14,900,0.045855357611,2.17097781489,32,69,false
L19_SEED_1,320,14,925,0.0442856886733,2.19508731905,32,69,false
L19_SEED_1,320,14,950,0.0427939337086,2.21884413949,32,70,false
L19_SEED_1,320,14,975,0.0413748199722,2.24225837018,32,70,false
L19_SEED_1,320,14,1000,0.0400235404454,2.26533940738,32,70,false
L19_SEED_1,320,14,1025,0.0387357020203,2.28809606503,32,70,false
L19_SEED_1,320,14,1050,0.0375072805932,2.31053667245,32,70,false
L19_SEED_1,320,14,1075,0.0363345820398,2.33266915504,32,70,false
L19_SEED_1,320,14,1100,0.0352142081977,2.35450109969,32,69,false
L19_SEED_1,320,14,1125,0.0341430271162,2.37603980688,32,69,false
L19_SEED_1,320,14,1150,0.0331181469493,2.39729233154,32,69,false
L19_SEED_1,320,14,1175,0.0321368929706,2.41826551476,32,69,false
L19_SEED_1,320,14,1200,0.0311967872689,2.43896600803,32,69,false
L19_SEED_1,320,14,1225,0.0302955307551,2.45940029168,32,69,false
L19_SEED_1,320,14,1250,0.0294309871703,2.47957468864,32,69,false
L19_SEED_1,320,14,1275,0.0286011688286,2.49949537476,32,69,false
L19_SEED_1,320,14,1300,0.0278042238751,2.51916838643,32,70,false
L19_SEED_1,320,14,1325,0.0270384248655,2.53859962622,32,70,false
L19_SEED_1,320,14,1350,0.026302158507,2.55779486712,32,70,false
L19_SEED_1,320,14,1375,0.0255939164193,2.57675975569,32,70,false
L19_SEED_1,320,14,1400,0.0249122867982,2.59549981454,32,70,false
L19_SEED_1,320,14,1425,0.0242559468754,2.61402044434,32,70,false
L19_SEED_1,320,14,1450,0.0236236560864,2.6323269255,32,70,false
L19_SEED_1,320,14,1475,0.0230142498681,2.6504244197,32,72,false
L19_SEED_1,320,14,1500,0.0224266340171,2.66831797137,32,72,false
L19_SEED_1,320,14,1525,0.0218597795498,2.68601250904,32,72,false
L19_SEED_1,320,14,1550,0.0213127180113,2.70351284682,32,72,false
L19_SEED_1,320,14,1575,0.0207845371876,2.72082368583,32,72,false
L19_SEED_1,320,14,1600,0.0202743771789,2.7379496157,32,72,false
L19_SEED_1,320,14,1625,0.0197814268001,2.75489511609,32,72,false
L19_SEED_1,320,14,1650,0.0193049202747,2.77166455832,32,72,false
L19_SEED_1,320,14,1675,0.0188441341947,2.78826220693,32,72,false
L19_SEED_1,320,14,1700,0.0183983847205,2.80469222137,32,72,false
L19_SEED_1,320,14,1725,0.017967025,2.82095865765,32,72,false
L19_SEED_1,320,14,1750,0.017549442784,2.83706547005,32,72,false
L19_SEED_1,320,14,1775,0.0171450582235,2.85301651284,32,72,false
L19_SEED_1,320,14,1800,0.0167533218294,2.86881554201,32,72,false
L19_SEED_1,320,14,1825,0.0163737125828,2.88446621701,32,72,false
L19_SEED_1,320,14,1850,0.0160057361823,2.89997210251,32,72,false
L19_SEED_1,320,14,1875,0.0156489234155,2.91533667019,32,72,false
L19_SEED_1,320,14,1900,0.0153028286464,2.93056330052,32,72,false
L19_SEED_1,320,14,1925,0.0149670284074,2.94565528456,32,72,false
L19_SEED_1,320,14,1950,0.0146411200889,2.96061582578,32,72,false
L19_SEED_1,320,14,1975,0.0143247207177,2.9754480419,32,72,false
L19_SEED_1,320,14,2000,0.0140174658178,2.99015496674,32,72,false
L19_SEED_1,320,15,0,3.44956308276,3.38898792051,4,13,false
L19_SEED_1,320,15,25,1.12763993844,1.41220405692,28,89,false
L19_SEED_1,320,15,50,0.547372710752,1.1473770955,28,94,true
L19_SEED_1,320,15,75,0.386086687494,1.17974354629,29,87,false
L19_SEED_1,320,15,100,0.312101471912,1.23681440347,29,88,false
L19_SEED_1,320,15,125,0.26663357065,1.297113635,29,88,false
L19_SEED_1,320,15,150,0.234569379188,1.35550371492,31,78,false
L19_SEED_1,320,15,175,0.210191784448,1.41182128028,31,78,false
L19_SEED_1,320,15,200,0.190731375039,1.46546956186,31,78,false
L19_SEED_1,320,15,225,0.174656684893,1.51658170453,31,79,false
L19_SEED_1,320,15,250,0.161048246771,1.56563529693,31,79,false
L19_SEED_1,320,15,275,0.149316702865,1.61299836691,31,80,false
L19_SEED_1,320,15,300,0.139062587971,1.65891569831,31,78,false
L19_SEED_1,320,15,325,0.130002359677,1.70354885711,32,67,false
L19_SEED_1,320,15,350,0.121927074932,1.74700917824,32,67,false
L19_SEED_1,320,15,375,0.114677970086,1.78937820402,32,66,false
L19_SEED_1,320,15,400,0.108131290334,1.83071915688,32,66,false
L19_SEED_1,320,15,425,0.102188456998,1.871083364,32,66,false
L19_SEED_1,320,15,450,0.0967694706454,1.91051421316,32,66,false
L19_SEED_1,320,15,475,0.0918083652556,1.94904987237,32,66,false
L19_SEED_1,320,15,500,0.0872500119966,1.9867252938,32,67,false
L19_SEED_1,320,15,525,0.0830478342573,2.02357368896,32,67,false
L19_SEED_1,320,15,550,0.0791621448561,2.0596275129,32,67,false
L19_SEED_1,320,15,575,0.0755589073115,2.09491896684,32,67,false
L19_SEED_1,320,15,600,0.0722087846425,2.12948006874,32,68,false
L19_SEED_1,320,15,625,0.0690863844778,2.16334240019,32,68,false
L19_SEED_1,320,15,650,0.066169642782,2.19653667632,32,68,false
L19_SEED_1,320,15,675,0.0634393115155,2.22909228559,32,68,false
L19_SEED_1,320,15,700,0.0608785294256,2.26103691112,32,68,false
L19_SEED_1,320,15,725,0.0584724623266,2.29239629402,32,68,false
L19_SEED_1,320,15,750,0.0562080024213,2.32319414984,32,68,false
L19_SEED_1,320,15,775,0.0540735176327,2.35345221611,32,68,false
L19_SEED_1,320,15,800,0.0520586428242,2.38319039234,32,67,false
L19_SEED_1,320,15,825,0.0501541057097,2.41242693279,32,67,false
L19_SEED_1,320,15,850,0.0483515812572,2.44117865841,32,67,false
L19_SEED_1,320,15,875,0.0466435694067,2.46946116465,32,66,false
L19_SEED_1,320,15,900,0.045023291862,2.49728901077,32,66,false
L19_SEED_1,320,15,925,0.0434846045265,2.52467588389,32,66,false
L19_SEED_1,320,15,950,0.0420219228264,2.5516347363,32,66,false
L19_SEED_1,320,15,975,0.0406301577054,2.57817789724,32,66,false
L19_SEED_1,320,15,1000,0.0393046605042,2.60431716225,32,66,false
L19_SEED_1,320,15,1025,0.038041175278,2.63006386356,32,66,false
L19_SEED_1,320,15,1050,0.0368357973755,2.65542892487,32,66,false
L19_SEED_1,320,15,1075,0.0356849373129,2.6804229039,32,66,false
L19_SEED_1,320,15,1100,0.0345852891488,2.70505602507,32,66,false
L19_SEED_1,320,15,1125,0.0335338026996,2.72933820471,32,66,false
L19_SEED_1,320,15,1150,0.0325276590496,2.75327907054,32,66,false
L19_SEED_1,320,15,1175,0.0315642488936,2.77688797666,32,66,false
L19_SEED_1,320,15,1200,0.0306411533282,2.80017401535,32,66,false
L19_SEED_1,320,15,1225,0.0297561267651,2.82314602637,32,66,false
L19_SEED_1,320,15,1250,0.0289070816905,2.84581260445,32,66,false
L19_SEED_1,320,15,1275,0.0280920750356,2.86818210555,32,66,false
L19_SEED_1,320,15,1300,0.0273092959577,2.8902626521,32,66,false
L19_SEED_1,320,15,1325,0.0265570548597,2.91206213773,32,66,false
L19_SEED_1,320,15,1350,0.025833773501,2.93358823156,32,66,false
L19_SEED_1,320,15,1375,0.025137976071,2.95484838221,32,66,false
L19_SEED_1,320,15,1400,0.0244682811163,2.97584982182,32,66,false
L19_SEED_1,320,15,1425,0.0238233942247,2.99659956993,32,66,false
L19_SEED_1,320,15,1450,0.0232021013836,3.01710443748,32,66,false
L19_SEED_1,320,15,1475,0.0226032629393,3.03737103085,32,66,false
L19_SEED_1,320,15,1500,0.0220258080938,3.05740575605,32,66,false
L19_SEED_1,320,15,1525,0.0214687298835,3.077214823,32,66,false
L19_SEED_1,320,15,1550,0.02093108059,3.0968042499,32,66,false
L19_SEED_1,320,15,1575,0.0204119675402,3.11617986775,32,67,false
L19_SEED_1,320,15,1600,0.0199105492567,3.13534732501,32,67,false
L19_SEED_1,320,15,1625,0.019426031925,3.15431209219,32,67,false
L19_SEED_1,320,15,1650,0.0189576661471,3.17307946673,32,67,false
L19_SEED_1,320,15,1675,0.0185047439546,3.19165457773,32,67,false
L19_SEED_1,320,15,1700,0.0180665960573,3.21004239079,32,67,false
L19_SEED_1,320,15,1725,0.0176425893053,3.2282477129,32,67,false
L19_SEED_1,320,15,1750,0.0172321243471,3.24627519727,32,67,false
L19_SEED_1,320,15,1775,0.0168346334639,3.2641293481,32,67,false
L19_SEED_1,320,15,1800,0.0164495785671,3.28181452544,32,67,false
L19_SEED_1,320,15,1825,0.016076449343,3.29933494986,32,67,false
L19_SEED_1,320,15,1850,0.0157147615341,3.3166947071,32,67,false
L19_SEED_1,320,15,1875,0.0153640553438,3.3338977527,32,67,false
L19_SEED_1,320,15,1900,0.0150238939549,3.35094791646,32,67,false
L19_SEED_1,320,15,1925,0.014693862154,3.36784890686,32,67,false
L19_SEED_1,320,15,1950,0.0143735650503,3.38460431535,32,67,false
L19_SEED_1,320,15,1975,0.0140626268843,3.40121762054,32,67,false
L19_SEED_1,320,15,2000,0.0137606899177,3.41769219228,32,67,false
L19_SEED_1,320,16,0,3.44648462496,3.38687895367,4,15,false
L19_SEED_1,320,16,25,1.12379108781,1.4415193082,28,93,false
L19_SEED_1,320,16,50,0.547515624051,1.18718135712,28,94,true
L19_SEED_1,320,16,75,0.386682110619,1.22395400803,29,87,false
L19_SEED_1,320,16,100,0.312064264913,1.28957266585,29,86,false
L19_SEED_1,320,16,125,0.265921965148,1.35675318233,29,87,false
L19_SEED_1,320,16,150,0.233349020019,1.42240475202,31,77,false
L19_SEED_1,320,16,175,0.208619761128,1.48494531332,31,77,false
L19_SEED_1,320,16,200,0.188921011668,1.54387209194,31,77,false
L19_SEED_1,320,16,225,0.172687153072,1.59959464299,31,75,false
L19_SEED_1,320,16,250,0.158976236714,1.65274540679,31,76,false
L19_SEED_1,320,16,275,0.147183032191,1.70382071022,31,76,false
L19_SEED_1,320,16,300,0.136896301902,1.75315458851,31,77,false
L19_SEED_1,320,16,325,0.127823787215,1.8009651669,32,67,false
L19_SEED_1,320,16,350,0.119750202446,1.84740156434,32,66,false
L19_SEED_1,320,16,375,0.112512259048,1.89257119019,32,66,false
L19_SEED_1,320,16,400,0.10598304507,1.93655528459,32,66,false
L19_SEED_1,320,16,425,0.100061840594,1.97941813638,32,66,false
L19_SEED_1,320,16,450,0.0946672499042,2.02121296999,32,65,false
L19_SEED_1,320,16,475,0.089732444898,2.06198601712,32,65,false
L19_SEED_1,320,16,500,0.0852018010841,2.10177943259,32,64,false
L19_SEED_1,320,16,525,0.0810284777242,2.14063331386,32,64,false
L19_SEED_1,320,16,550,0.0771726496766,2.17858693819,32,64,false
L19_SEED_1,320,16,575,0.0736001929273,2.21567931822,32,64,false
L19_SEED_1,320,16,600,0.0702816866648,2.25194921458,32,64,false
L19_SEED_1,320,16,625,0.067191636816,2.28743478404,32,64,false
L19_SEED_1,320,16,650,0.0643078563675,2.32217305322,32,64,false
L19_SEED_1,320,16,675,0.0616109597519,2.35619938409,32,65,false
L19_SEED_1,320,16,700,0.0590839436918,2.3895470473,32,66,false
L19_SEED_1,320,16,725,0.0567118365426,2.42224696073,32,66,false
L19_SEED_1,320,16,750,0.0544814038244,2.4543276006,32,66,false
L19_SEED_1,320,16,775,0.0523809007581,2.4858150584,32,66,false
L19_SEED_1,320,16,800,0.0503998643564,2.51673320198,32,66,false
L19_SEED_1,320,16,825,0.048528938731,2.54710389718,32,66,false
L19_SEED_1,320,16,850,0.0467597281489,2.57694725334,32,66,false
L19_SEED_1,320,16,875,0.0450846731496,2.60628186611,32,66,false
L19_SEED_1,320,16,900,0.043496945768,2.63512504075,32,66,false
L19_SEED_1,320,16,925,0.0419903605629,2.66349298746,32,66,false
L19_SEED_1,320,16,950,0.0405592987379,2.69140098599,32,66,false
L19_SEED_1,320,16,975,0.03919864313,2.71886352062,32,66,false
L19_SEED_1,320,16,1000,0.0379037222566,2.74589438838,32,66,false
L19_SEED_1,320,16,1025,0.0366702619399,2.77250678472,32,66,false
L19_SEED_1,320,16,1050,0.0354943433055,2.7987133704,32,66,false
L19_SEED_1,320,16,1075,0.0343723661627,2.8245263235,32,66,false
L19_SEED_1,320,16,1100,0.0333010169552,2.84995737986,32,66,false
L19_SEED_1,320,16,1125,0.0322772406074,2.87501786457,32,66,false
L19_SEED_1,320,16,1150,0.0312982157078,2.89971871681,32,66,false
L19_SEED_1,320,16,1175,0.0303613325628,2.92407050969,32,66,false
L19_SEED_1,320,16,1200,0.0294641737282,2.94808346657,32,66,false
L19_SEED_1,320,16,1225,0.0286044966905,2.97176747469,32,66,false
L19_SEED_1,320,16,1250,0.0277802184161,2.99513209703,32,66,false
L19_SEED_1,320,16,1275,0.0269894015334,3.01818658289,32,66,false
L19_SEED_1,320,16,1300,0.026230241943,3.04093987755,32,66,false
L19_SEED_1,320,16,1325,0.0255010576848,3.06340063141,32,67,false
L19_SEED_1,320,16,1350,0.0248002789104,3.08557720862,32,67,false
L19_SEED_1,320,16,1375,0.0241264388334,3.10747769563,32,67,false
L19_SEED_1,320,16,1400,0.0234781655463,3.12910990933,32,67,false
L19_SEED_1,320,16,1425,0.0228541746063,3.15048140527,32,67,false
L19_SEED_1,320,16,1450,0.0222532623056,3.17159948564,32,67,false
L19_SEED_1,320,16,1475,0.021674299554,3.19247120721,32,67,false
L19_SEED_1,320,16,1500,0.021116226307,3.21310338918,32,67,false
L19_SEED_1,320,16,1525,0.0205780464843,3.23350262091,32,67,false
L19_SEED_1,320,16,1550,0.0200588233286,3.25367526958,32,67,false
L19_SEED_1,320,16,1575,0.0195576751592,3.27362748764,32,67,false
L19_SEED_1,320,16,1600,0.0190737714831,3.29336522026,32,67,false
L19_SEED_1,320,16,1625,0.0186063294277,3.3128942125,32,67,false
L19_SEED_1,320,16,1650,0.0181546104653,3.33222001639,32,67,false
L19_SEED_1,320,16,1675,0.0177179174004,3.35134799785,32,67,false
L19_SEED_1,320,16,1700,0.0172955915978,3.37028334336,32,67,false
L19_SEED_1,320,16,1725,0.0168870104267,3.38903106657,32,68,false
L19_SEED_1,320,16,1750,0.0164915849033,3.40759601456,32,68,false
L19_SEED_1,320,16,1775,0.0161087575141,3.42598287406,32,68,false
L19_SEED_1,320,16,1800,0.0157380002022,3.44419617737,32,68,false
L19_SEED_1,320,16,1825,0.0153788125055,3.46224030816,32,68,false
L19_SEED_1,320,16,1850,0.0150307198306,3.48011950698,32,68,false
L19_SEED_1,320,16,1875,0.0146932718534,3.49783787668,32,68,false
L19_SEED_1,320,16,1900,0.0143660410348,3.51539938755,32,68,false
L19_SEED_1,320,16,1925,0.0140486212418,3.53280788235,32,68,false
L19_SEED_1,320,16,1950,0.0137406264656,3.55006708108,32,68,false
L19_SEED_1,320,16,1975,0.0134416896299,3.56718058562,32,68,false
L19_SEED_1,320,16,2000,0.0131514614801,3.58415188417,32,68,false
L19_SEED_1,320,17,0,3.43890643212,3.37917509857,0,13,false
L19_SEED_1,320,17,25,1.12241456915,1.47075934604,28,91,false
L19_SEED_1,320,17,50,0.552614929587,1.2284731282,28,94,true
L19_SEED_1,320,17,75,0.391698991046,1.26992214437,29,87,false
L19_SEED_1,320,17,100,0.316617248259,1.34445800055,29,86,false
L19_SEED_1,320,17,125,0.270003983968,1.41872218987,29,86,false
L19_SEED_1,320,17,150,0.237014088495,1.49224834971,31,76,false
L19_SEED_1,320,17,175,0.211954961002,1.56197626454,31,74,false
L19_SEED_1,320,17,200,0.192011700373,1.62785403645,31,74,false
L19_SEED_1,320,17,225,0.175595293695,1.68987544143,31,74,false
L19_SEED_1,320,17,250,0.16174191531,1.74870833162,31,73,false
L19_SEED_1,320,17,275,0.149832427496,1.80495201323,31,73,false
L19_SEED_1,320,17,300,0.139447213455,1.85904844014,31,75,false
L19_SEED_1,320,17,325,0.13028865679,1.91130202941,31,75,false
L19_SEED_1,320,17,350,0.122137832142,1.96192039535,32,64,false
L19_SEED_1,320,17,375,0.114828900228,2.01105067461,32,64,false
L19_SEED_1,320,17,400,0.108233163946,2.05880218253,32,64,false
L19_SEED_1,320,17,425,0.102248698374,2.10525978476,32,64,false
L19_SEED_1,320,17,450,0.0967933570652,2.15049202142,32,64,false
L19_SEED_1,320,17,475,0.0917999116401,2.19455644241,32,64,false
L19_SEED_1,320,17,500,0.0872125904949,2.23750337049,32,64,false
L19_SEED_1,320,17,525,0.0829845656805,2.27937866448,32,64,false
L19_SEED_1,320,17,550,0.0790761003251,2.32022573126,32,64,false
L19_SEED_1,320,17,575,0.0754531658597,2.360086888,32,64,false
L19_SEED_1,320,17,600,0.072086397615,2.39900413239,32,64,false
L19_SEED_1,320,17,625,0.068950295269,2.43701939376,32,63,false
L19_SEED_1,320,17,650,0.0660226004289,2.47417437585,32,63,false
L19_SEED_1,320,17,675,0.0632838023825,2.51051013349,32,63,false
L19_SEED_1,320,17,700,0.0607167372704,2.54606653266,32,63,false
L19_SEED_1,320,17,725,0.0583062566713,2.58088172345,32,63,false
L19_SEED_1,320,17,750,0.056038949392,2.61499171585,32,63,false
L19_SEED_1,320,17,775,0.0539029055674,2.64843010375,32,64,false
L19_SEED_1,320,17,800,0.0518875155442,2.6812279433,32,65,false
L19_SEED_1,320,17,825,0.0499832980424,2.71341376586,32,65,false
L19_SEED_1,320,17,850,0.048181753268,2.74501369248,32,65,false
L19_SEED_1,320,17,875,0.0464752373689,2.77605161467,32,65,false
L19_SEED_1,320,17,900,0.0448568551245,2.80654941028,32,65,false
L19_SEED_1,320,17,925,0.0433203681611,2.83652717011,32,65,false
L19_SEED_1,320,17,950,0.0418601163357,2.86600341868,32,65,false
L19_SEED_1,320,17,975,0.0404709502616,2.89499531874,32,65,false
L19_SEED_1,320,17,1000,0.0391481732416,2.92351885414,32,65,false
L19_SEED_1,320,17,1025,0.0378874911459,2.95158898945,32,65,false
L19_SEED_1,320,17,1050,0.0366849690019,2.97921980643,32,65,false
L19_SEED_1,320,17,1075,0.0355369932662,3.00642461941,32,65,false
L19_SEED_1,320,17,1100,0.0344402389173,3.03321607159,32,65,false
L19_SEED_1,320,17,1125,0.0333916406523,3.05960621509,32,65,false
L19_SEED_1,320,17,1150,0.032388367586,3.08560657696,32,65,false
L19_SEED_1,320,17,1175,0.031427800953,3.11122821367,32,65,false
L19_SEED_1,320,17,1200,0.0305075143905,3.13648175593,32,65,false
L19_SEED_1,320,17,1225,0.029625256449,3.16137744562,32,65,false
L19_SEED_1,320,17,1250,0.0287789350329,3.18592516638,32,65,false
L19_SEED_1,320,17,1275,0.027966603518,3.21013446888,32,65,false
L19_SEED_1,320,17,1300,0.0271864483316,3.23401459207,32,65,false
L19_SEED_1,320,17,1325,0.0264367778123,3.25757448093,32,65,false
L19_SEED_1,320,17,1350,0.0257160121936,3.28082280163,32,65,false
L19_SEED_1,320,17,1375,0.0250226745764,3.30376795449,32,65,false
L19_SEED_1,320,17,1400,0.0243553827749,3.32641808529,32,65,false
L19_SEED_1,320,17,1425,0.0237128419364,3.3487810952,32,65,false
L19_SEED_1,320,17,1450,0.0230938378478,3.37086464963,32,65,false
L19_SEED_1,320,17,1475,0.0224972308534,3.39267618625,32,65,false
L19_SEED_1,320,17,1500,0.0219219503185,3.41422292233,32,65,false
L19_SEED_1,320,17,1525,0.0213669895814,3.43551186158,32,65,false
L19_SEED_1,320,17,1550,0.0208314013424,3.45654980053,32,66,false
L19_SEED_1,320,17,1575,0.0203142934463,3.47734333458,32,66,false
L19_SEED_1,320,17,1600,0.019814825019,3.4978988638,32,66,false
L19_SEED_1,320,17,1625,0.019332202923,3.51822259853,32,66,false
L19_SEED_1,320,17,1650,0.0188656785012,3.53832056472,32,66,false
L19_SEED_1,320,17,1675,0.0184145445828,3.55819860921,32,66,false
L19_SEED_1,320,17,1700,0.0179781327246,3.57786240481,32,66,false
L19_SEED_1,320,17,1725,0.0175558106686,3.59731745531,32,66,false
L19_SEED_1,320,17,1750,0.0171469799947,3.61656910035,32,66,false
L19_SEED_1,320,17,1775,0.0167510739515,3.6356225202,32,66,false
L19_SEED_1,320,17,1800,0.0163675554501,3.65448274045,32,66,false
L19_SEED_1,320,17,1825,0.0159959152062,3.67315463659,32,67,false
L19_SEED_1,320,17,1850,0.0156356700181,3.69164293853,32,67,false
L19_SEED_1,320,17,1875,0.0152863611688,3.709952235,32,67,false
L19_SEED_1,320,17,1900,0.0149475529433,3.72808697782,32,67,false
L19_SEED_1,320,17,1925,0.0146188312489,3.74605148619,32,67,false
L19_SEED_1,320,17,1950,0.0142998023335,3.76384995073,32,67,false
L19_SEED_1,320,17,1975,0.0139900915911,3.78148643757,32,67,false
L19_SEED_1,320,17,2000,0.0136893424498,3.79896489223,32,67,false
L19_SEED_1,320,18,0,3.43381074542,3.3728933415,0,11,false
L19_SEED_1,320,18,25,1.12521341537,1.52554159449,28,92,false
L19_SEED_1,320,18,50,0.558741746506,1.28387245801,28,88,true
L19_SEED_1,320,18,75,0.396515936246,1.34815682409,29,87,false
L19_SEED_1,320,18,100,0.320578654262,1.4389686767,29,86,false
L19_SEED_1,320,18,125,0.273250761276,1.52488022435,30,81,false
L19_SEED_1,320,18,150,0.239588502001,1.60727682755,31,76,false
L19_SEED_1,320,18,175,0.213954865435,1.68526407328,31,76,false
L19_SEED_1,320,18,200,0.193579184261,1.75879543473,31,73,false
L19_SEED_1,320,18,225,0.176866020611,1.82775390711,31,73,false
L19_SEED_1,320,18,250,0.162816885317,1.89269473271,31,73,false
L19_SEED_1,320,18,275,0.150780379438,1.95429488107,31,74,false
L19_SEED_1,320,18,300,0.140314977838,2.01312903795,31,74,false
L19_SEED_1,320,18,325,0.131108804636,2.0696245526,31,74,false
L19_SEED_1,320,18,350,0.122933271422,2.12408834073,32,63,false
L19_SEED_1,320,18,375,0.115615701368,2.17674408636,32,63,false
L19_SEED_1,320,18,400,0.109022403718,2.22775933561,32,63,false
L19_SEED_1,320,18,425,0.103047719916,2.27726383577,32,63,false
L19_SEED_1,320,18,450,0.0976066624201,2.32536180255,32,63,false
L19_SEED_1,320,18,475,0.0926298185389,2.372140169,32,64,false
L19_SEED_1,320,18,500,0.0880597388139,2.41767424047,32,64,false
L19_SEED_1,320,18,525,0.0838483285193,2.46203154932,32,64,false
L19_SEED_1,320,18,550,0.0799549318662,2.50527436521,32,64,false
L19_SEED_1,320,18,575,0.0763449010868,2.54746117176,32,64,false
L19_SEED_1,320,18,600,0.0729885076908,2.58864737349,32,64,false
L19_SEED_1,320,18,625,0.0698600970735,2.62888548517,32,64,false
L19_SEED_1,320,18,650,0.0669374184953,2.66822503654,32,64,false
L19_SEED_1,320,18,675,0.0642010842792,2.70671238278,32,64,false
L19_SEED_1,320,18,700,0.0616341271078,2.74439055141,32,64,false
L19_SEED_1,320,18,725,0.0592216341719,2.78129919294,32,64,false
L19_SEED_1,320,18,750,0.0569504431188,2.81747465158,32,64,false
L19_SEED_1,320,18,775,0.0548088885505,2.85295013892,32,64,false
L19_SEED_1,320,18,800,0.05278659022,2.88775597839,32,64,false
L19_SEED_1,320,18,825,0.0508742757149,2.92191988661,32,64,false
L19_SEED_1,320,18,850,0.0490636316547,2.95546726311,32,64,false
L19_SEED_1,320,18,875,0.047347178442,2.98842146848,32,64,false
L19_SEED_1,320,18,900,0.0457181644643,3.020804079,32,63,false
L19_SEED_1,320,18,925,0.0441704763687,3.05263511212,32,63,false
L19_SEED_1,320,18,950,0.0426985626473,3.08393322181,32,63,false
L19_SEED_1,320,18,975,0.0412973682732,3.1147158654,32,63,false
L19_SEED_1,320,18,1000,0.0399622785472,3.14499944489,32,63,false
L19_SEED_1,320,18,1025,0.0386890706506,3.1747994264,32,63,false
L19_SEED_1,320,18,1050,0.0374738716746,3.20413044113,32,63,false
L19_SEED_1,320,18,1075,0.036313122114,3.23300637109,32,63,false
L19_SEED_1,320,18,1100,0.0352035439955,3.26144042236,32,63,false
L19_SEED_1,320,18,1125,0.0341421129483,3.28944518812,32,63,false
L19_SEED_1,320,18,1150,0.0331260336473,3.31703270335,32,63,false
L19_SEED_1,320,18,1175,0.0321527181487,3.34421449267,32,63,false
L19_SEED_1,320,18,1200,0.0312197667184,3.37100161239,32,63,false
L19_SEED_1,320,18,1225,0.030324950815,3.39740468781,32,63,false
L19_SEED_1,320,18,1250,0.0294661979425,3.42343394639,32,63,false
L19_SEED_1,320,18,1275,0.0286415781311,3.44909924735,32,63,false
L19_SEED_1,320,18,1300,0.0278492918385,3.47441010809,32,63,false
L19_SEED_1,320,18,1325,0.0270876590969,3.49937572791,32,64,false
L19_SEED_1,320,18,1350,0.0263551097527,3.52400500916,32,64,false
L19_SEED_1,320,18,1375,0.0256501746708,3.54830657616,32,64,false
L19_SEED_1,320,18,1400,0.024971477789,3.57228879204,32,64,false
L19_SEED_1,320,18,1425,0.0243177289261,3.5959597738,32,64,false
L19_SEED_1,320,18,1450,0.0236877172594,3.61932740558,32,64,false
L19_SEED_1,320,18,1475,0.0230803053969,3.64239935046,32,64,false
L19_SEED_1,320,18,1500,0.0224944239811,3.66518306096,32,64,false
L19_SEED_1,320,18,1525,0.0219290667669,3.68768578817,32,64,false
L19_SEED_1,320,18,1550,0.0213832861253,3.70991458997,32,64,false
L19_SEED_1,320,18,1575,0.0208561889283,3.73187633818,32,65,false
L19_SEED_1,320,18,1600,0.0203469327774,3.75357772499,32,65,false
L19_SEED_1,320,18,1625,0.0198547225424,3.77502526859,32,65,false
L19_SEED_1,320,18,1650,0.0193788071788,3.79622531831,32,66,false
L19_SEED_1,320,18,1675,0.018918476799,3.81718405915,32,66,false
L19_SEED_1,320,18,1700,0.0184730599721,3.83790751604,32,66,false
L19_SEED_1,320,18,1725,0.0180419212332,3.85840155759,32,66,false
L19_SEED_1,320,18,1750,0.0176244587809,3.87867189975,32,66,false
L19_SEED_1,320,18,1775,0.0172201023482,3.89872410915,32,66,false
L19_SEED_1,320,18,1800,0.0168283112305,3.91856360629,32,66,false
L19_SEED_1,320,18,1825,0.0164485724585,3.93819566869,32,66,false
L19_SEED_1,320,18,1850,0.0160803991012,3.95762543384,32,66,false
L19_SEED_1,320,18,1875,0.0157233286917,3.97685790219,32,66,false
L19_SEED_1,320,18,1900,0.0153769217621,3.99589794005,32,66,false
L19_SEED_1,320,18,1925,0.0150407604813,4.01475028244,32,66,false
L19_SEED_1,320,18,1950,0.0147144473862,4.03341953605,32,66,false
L19_SEED_1,320,18,1975,0.0143976041991,4.05191018199,32,66,false
L19_SEED_1,320,18,2000,0.0140898707248,4.07022657874,32,66,false
L19_SEED_1,320,19,0,3.43102720819,3.37094362088,1,5,false
L19_SEED_1,320,19,25,1.1259723585,1.55267432214,27,91,false
L19_SEED_1,320,19,50,0.558002315299,1.34633471062,28,86,true
L19_SEED_1,320,19,75,0.394352798188,1.43048196076,29,79,false
L19_SEED_1,320,19,100,0.317864158444,1.52831937674,29,78,false
L19_SEED_1,320,19,125,0.270255247061,1.6205198142,30,75,false
L19_SEED_1,320,19,150,0.236406486053,1.7055780803,31,70,false
L19_SEED_1,320,19,175,0.210641450788,1.78595067838,31,70,false
L19_SEED_1,320,19,200,0.19018842219,1.86148914536,31,70,false
L19_SEED_1,320,19,225,0.173454448845,1.93213346276,31,74,false
L19_SEED_1,320,19,250,0.159434345002,1.99846464881,31,74,false
L19_SEED_1,320,19,275,0.147464396627,2.06120322414,31,74,false
L19_SEED_1,320,19,300,0.137091569191,2.12097069374,31,74,false
L19_SEED_1,320,19,325,0.1279952347,2.1782207698,31,74,false
L19_SEED_1,320,19,350,0.119940394389,2.23327316707,32,63,false
L19_SEED_1,320,19,375,0.11274960422,2.28636176145,32,63,false
L19_SEED_1,320,19,400,0.106285552284,2.33766653346,32,63,false
L19_SEED_1,320,19,425,0.100439795225,2.38733259843,32,63,false
L19_SEED_1,320,19,450,0.0951252115531,2.43548168807,32,63,false
L19_SEED_1,320,19,475,0.0902707956259,2.48221931736,32,58,false
L19_SEED_1,320,19,500,0.0858179751125,2.52763929116,32,58,false
L19_SEED_1,320,19,525,0.0817179438701,2.57182646222,32,58,false
L19_SEED_1,320,19,550,0.0779296843632,2.61485833678,32,58,false
L19_SEED_1,320,19,575,0.0744184674746,2.65680597358,32,57,false
L19_SEED_1,320,19,600,0.0711546908851,2.69773451028,32,57,false
L19_SEED_1,320,19,625,0.0681129645951,2.73770354394,32,57,false
L19_SEED_1,320,19,650,0.0652713822335,2.77676749254,32,58,false
L19_SEED_1,320,19,675,0.0626109355167,2.81497598707,32,58,false
L19_SEED_1,320,19,700,0.0601150409122,2.85237429567,32,58,false
L19_SEED_1,320,19,725,0.0577691551359,2.88900375943,32,58,false
L19_SEED_1,320,19,750,0.0555604613619,2.92490221591,32,58,false
L19_SEED_1,320,19,775,0.0534776118987,2.96010439218,32,58,false
L19_SEED_1,320,19,800,0.0515105160822,2.99464225693,32,58,false
L19_SEED_1,320,19,825,0.0496501644956,3.02854532853,32,58,false
L19_SEED_1,320,19,850,0.0478884824918,3.06184094058,32,58,false
L19_SEED_1,320,19,875,0.0462182074631,3.09455446928,32,58,false
L19_SEED_1,320,19,900,0.0446327854538,3.12670952786,32,58,false
L19_SEED_1,320,19,925,0.0431262836136,3.15832813346,32,58,false
L19_SEED_1,320,19,950,0.0416933156944,3.18943085127,32,58,false
L19_SEED_1,320,19,975,0.0403289783426,3.22003692011,32,58,false
L19_SEED_1,320,19,1000,0.0390287963746,3.25016436282,32,58,false
L19_SEED_1,320,19,1025,0.0377886755633,3.27983008429,32,58,false
L19_SEED_1,320,19,1050,0.0366048617375,3.30904995911,32,58,false
L19_SEED_1,320,19,1075,0.0354739052071,3.33783891084,32,58,false
L19_SEED_1,320,19,1100,0.0343926297072,3.366210984,32,58,false
L19_SEED_1,320,19,1125,0.0333581051868,3.39417941004,32,58,false
L19_SEED_1,320,19,1150,0.0323676238873,3.42175666799,32,58,false
L19_SEED_1,320,19,1175,0.0314186792414,3.44895454056,32,58,false
L19_SEED_1,320,19,1200,0.0305089472049,3.47578416622,32,58,false
L19_SEED_1,320,19,1225,0.0296362696896,3.50225608758,32,58,false
L19_SEED_1,320,19,1250,0.0287986398204,3.52838029656,32,58,false
L19_SEED_1,320,19,1275,0.0279941887803,3.55416627651,32,58,false
L19_SEED_1,320,19,1300,0.0272211740414,3.57962304163,32,57,false
L19_SEED_1,320,19,1325,0.0264779688109,3.60475917364,32,57,false
L19_SEED_1,320,19,1350,0.0257630525439,3.62958285618,32,57,false
L19_SEED_1,320,19,1375,0.0250750023962,3.65410190671,32,57,false
L19_SEED_1,320,19,1400,0.0244124855079,3.67832380626,32,57,false
L19_SEED_1,320,19,1425,0.023774252022,3.70225572702,32,57,false
L19_SEED_1,320,19,1450,0.0231591287566,3.72590455787,32,57,false
L19_SEED_1,320,19,1475,0.0225660134578,3.74927692782,32,57,false
L19_SEED_1,320,19,1500,0.0219938695714,3.77237922768,32,57,false
L19_SEED_1,320,19,1525,0.0214417214772,3.79521762966,32,57,false
L19_SEED_1,320,19,1550,0.0209086501394,3.81779810537,32,57,false
L19_SEED_1,320,19,1575,0.0203937891287,3.84012644196,32,57,false
L19_SEED_1,320,19,1600,0.0198963209792,3.86220825672,32,57,false
L19_SEED_1,320,19,1625,0.0194154738481,3.88404901002,32,57,false
L19_SEED_1,320,19,1650,0.018950518446,3.90565401692,32,57,false
L19_SEED_1,320,19,1675,0.0185007652147,3.92702845726,32,57,false
L19_SEED_1,320,19,1700,0.0180655617273,3.94817738463,32,57,false
L19_SEED_1,320,19,1725,0.0176442902902,3.96910573405,32,57,false
L19_SEED_1,320,19,1750,0.0172363657291,3.98981832869,32,57,false
L19_SEED_1,320,19,1775,0.0168412333418,4.01031988552,32,57,false
L19_SEED_1,320,19,1800,0.0164583670028,4.03061502017,32,58,false
L19_SEED_1,320,19,1825,0.0160872674076,4.05070825108,32,58,false
L19_SEED_1,320,19,1850,0.0157274604433,4.07060400283,32,58,false
L19_SEED_1,320,19,1875,0.015378495675,4.09030660911,32,58,false
L19_SEED_1,320,19,1900,0.0150399449397,4.10982031501,32,58,false
L19_SEED_1,320,19,1925,0.0147114010368,4.12914927903,32,58,false
L19_SEED_1,320,19,1950,0.0143924765087,4.14829757473,32,58,false
L19_SEED_1,320,19,1975,0.0140828025043,4.16726919209,32,59,false
L19_SEED_1,320,19,2000,0.0137820277184,4.18606803872,32,59,false
L19_SEED_1,320,20,0,3.4311495404,3.37126286747,0,12,false
L19_SEED_1,320,20,25,1.12513091885,1.54837333035,27,91,false
L19_SEED_1,320,20,50,0.556058995022,1.34297818603,28,86,true
L19_SEED_1,320,20,75,0.392889415744,1.42797071088,29,79,false
L19_SEED_1,320,20,100,0.316874614289,1.52495363401,29,80,false
L19_SEED_1,320,20,125,0.269564178436,1.61619857062,30,75,false
L19_SEED_1,320,20,150,0.23589400436,1.70119109904,31,70,false
L19_SEED_1,320,20,175,0.210228379277,1.7813962193,31,70,false
L19_SEED_1,320,20,200,0.189827714221,1.85706297474,31,75,false
L19_SEED_1,320,20,225,0.173121471661,1.92806339617,31,76,false
L19_SEED_1,320,20,250,0.159116218754,1.99489323489,31,74,false
L19_SEED_1,320,20,275,0.147153281155,2.05821546709,31,74,false
L19_SEED_1,320,20,300,0.136782201128,2.1186130873,31,74,false
L19_SEED_1,320,20,325,0.127684193407,2.17652368394,31,74,false
L19_SEED_1,320,20,350,0.11962568874,2.23225871148,32,63,false
L19_SEED_1,320,20,375,0.112430302177,2.2860460866,32,63,false
L19_SEED_1,320,20,400,0.10596146213,2.33806028897,32,63,false
L19_SEED_1,320,20,425,0.100111214217,2.38844110853,32,63,false
L19_SEED_1,320,20,450,0.0947927387064,2.43730527447,32,63,false
L19_SEED_1,320,20,475,0.0899351974344,2.48475376547,32,63,false
L19_SEED_1,320,20,500,0.0854800922085,2.53087642786,32,63,false
L19_SEED_1,320,20,525,0.0813786282703,2.57575480167,32,63,false
L19_SEED_1,320,20,550,0.0775897590885,2.61946375423,32,63,false
L19_SEED_1,320,20,575,0.0740787022397,2.66207236897,32,62,false
L19_SEED_1,320,20,600,0.07081578908,2.70364442733,32,63,false
L19_SEED_1,320,20,625,0.067775557956,2.7442387168,32,63,false
L19_SEED_1,320,20,650,0.0649360305177,2.78390930204,32,63,false
L19_SEED_1,320,20,675,0.0622781292309,2.82270582017,32,63,false
L19_SEED_1,320,20,700,0.0597852057323,2.86067381192,32,58,false
L19_SEED_1,320,20,725,0.0574426571156,2.89785507607,32,58,false
L19_SEED_1,320,20,750,0.055237612364,2.9342880269,32,58,false
L19_SEED_1,320,20,775,0.0531586749208,2.97000803711,32,58,false
L19_SEED_1,320,20,800,0.0511957103005,3.0050477545,32,58,false
L19_SEED_1,320,20,825,0.049339669945,3.03943738647,32,58,false
L19_SEED_1,320,20,850,0.0475824443571,3.07320495117,32,58,false
L19_SEED_1,320,20,875,0.0459167399821,3.10637649697,32,58,false
L19_SEED_1,320,20,900,0.0443359754524,3.13897629337,32,58,false
L19_SEED_1,320,20,925,0.0428341936968,3.17102699698,32,58,false
L19_SEED_1,320,20,950,0.0414059871203,3.20254979639,32,58,false
L19_SEED_1,320,20,975,0.0400464336074,3.23356453916,32,58,false
L19_SEED_1,320,20,1000,0.0387510415336,3.26408984376,32,57,false
L19_SEED_1,320,20,1025,0.0375157023144,3.29414319913,32,57,false
L19_SEED_1,320,20,1050,0.0363366492872,3.32374105356,32,57,false
L19_SEED_1,320,20,1075,0.0352104219434,3.35289889477,32,57,false
L19_SEED_1,320,20,1100,0.0341338346958,3.38163132235,32,57,false
L19_SEED_1,320,20,1125,0.0331039495104,3.40995211381,32,57,false
L19_SEED_1,320,20,1150,0.0321180518413,3.43787428488,32,57,false
L19_SEED_1,320,20,1175,0.0311736294037,3.46541014502,32,57,false
L19_SEED_1,320,20,1200,0.0302683533893,3.49257134856,32,57,false
L19_SEED_1,320,20,1225,0.0294000617972,3.51936894194,32,57,false
L19_SEED_1,320,20,1250,0.0285667445975,3.54581340766,32,57,false
L19_SEED_1,320,20,1275,0.0277665304929,3.57191470488,32,57,false
L19_SEED_1,320,20,1300,0.0269976750743,3.59768230737,32,57,false
L19_SEED_1,320,20,1325,0.0262585501993,3.62312523873,32,57,false
L19_SEED_1,320,20,1350,0.025547634443,3.64825210519,32,57,false
L19_SEED_1,320,20,1375,0.0248635044955,3.67307112617,32,57,false
L19_SEED_1,320,20,1400,0.024204827395,3.69759016269,32,57,false
L19_SEED_1,320,20,1425,0.0235703535012,3.72181674379,32,57,false
L19_SEED_1,320,20,1450,0.0229589101253,3.74575809103,32,57,false
L19_SEED_1,320,20,1475,0.0223693957455,3.76942114123,32,57,false
L19_SEED_1,320,20,1500,0.0218007747445,3.79281256747,32,57,false
L19_SEED_1,320,20,1525,0.0212520726129,3.81593879845,32,57,false
L19_SEED_1,320,20,1550,0.0207223715708,3.83880603633,32,57,false
L19_SEED_1,320,20,1575,0.0202108065648,3.86142027307,32,57,false
L19_SEED_1,320,20,1600,0.0197165616018,3.88378730539,32,57,false
L19_SEED_1,320,20,1625,0.0192388663877,3.90591274839,32,57,false
L19_SEED_1,320,20,1650,0.0187769932395,3.92780204792,32,57,false
L19_SEED_1,320,20,1675,0.0183302542461,3.94946049176,32,57,false
L19_SEED_1,320,20,1700,0.0178979986542,3.97089321976,32,57,false
L19_SEED_1,320,20,1725,0.0174796104568,3.99210523283,32,57,false
L19_SEED_1,320,20,1750,0.0170745061685,4.01310140112,32,57,false
L19_SEED_1,320,20,1775,0.016682132768,4.03388647124,32,57,false
L19_SEED_1,320,20,1800,0.0163019657952,4.05446507267,32,58,false
L19_SEED_1,320,20,1825,0.0159335075875,4.07484172348,32,58,false
L19_SEED_1,320,20,1850,0.015576285645,4.09502083539,32,58,false
L19_SEED_1,320,20,1875,0.0152298511125,4.1150067182,32,58,false
L19_SEED_1,320,20,1900,0.014893777369,4.13480358373,32,58,false
L19_SEED_1,320,20,1925,0.0145676587154,4.15441554929,32,58,false
L19_SEED_1,320,20,1950,0.0142511091535,4.17384664072,32,58,false
L19_SEED_1,320,20,1975,0.0139437612472,4.19310079511,32,58,false
L19_SEED_1,320,20,2000,0.0136452650614,4.21218186322,32,58,false
L19_SEED_1,320,21,0,3.42561028431,3.38360794104,0,6,false
L19_SEED_1,320,21,25,1.10861879182,1.61822646148,27,86,false
L19_SEED_1,320,21,50,0.564606283688,1.38216366277,28,88,true
L19_SEED_1,320,21,75,0.414083075901,1.46184504363,28,88,false
L19_SEED_1,320,21,100,0.341165003989,1.53704495245,29,87,false
L19_SEED_1,320,21,125,0.294425320661,1.61001845709,30,80,false
L19_SEED_1,320,21,150,0.260512213203,1.676790948,31,75,false
L19_SEED_1,320,21,175,0.234234490486,1.73973355559,31,76,false
L19_SEED_1,320,21,200,0.213030666044,1.79997213707,31,74,false
L19_SEED_1,320,21,225,0.195445417054,1.85766297314,31,74,false
L19_SEED_1,320,21,250,0.180567783293,1.913112815,31,74,false
L19_SEED_1,320,21,275,0.167784726201,1.96650727096,31,74,false
L19_SEED_1,320,21,300,0.156661276716,2.01801215041,31,74,false
L19_SEED_1,320,21,325,0.146877620786,2.06779686811,31,74,false
L19_SEED_1,320,21,350,0.138192995895,2.11602491555,31,74,false
L19_SEED_1,320,21,375,0.130422785723,2.16284649513,31,74,false
L19_SEED_1,320,21,400,0.12342294967,2.20839510613,31,74,false
L19_SEED_1,320,21,425,0.117079181359,2.25278841305,31,74,false
L19_SEED_1,320,21,450,0.111299337811,2.29613085307,31,74,false
L19_SEED_1,320,21,475,0.106008129617,2.33851599754,31,74,false
L19_SEED_1,320,21,500,0.101143344236,2.38002795336,31,74,false
L19_SEED_1,320,21,525,0.0966530975268,2.42074188908,31,73,false
L19_SEED_1,320,21,550,0.0924937793496,2.46072412655,32,62,false
L19_SEED_1,320,21,575,0.0886284794341,2.50003224499,32,57,false
L19_SEED_1,320,21,600,0.085025757903,2.53871545553,32,57,false
L19_SEED_1,320,21,625,0.0816586722483,2.57681528939,32,57,false
L19_SEED_1,320,21,650,0.0785040003833,2.61436650438,32,57,false
L19_SEED_1,320,21,675,0.0755416161201,2.65139807278,32,58,false
L19_SEED_1,320,21,700,0.0727539842532,2.68793413725,32,58,false
L19_SEED_1,320,21,725,0.070125750059,2.72399486723,32,58,false
L19_SEED_1,320,21,750,0.0676434037007,2.75959719063,32,58,false
L19_SEED_1,320,21,775,0.0652950043611,2.79475540256,32,58,false
L19_SEED_1,320,21,800,0.0630699522569,2.8294816664,32,58,false
L19_SEED_1,320,21,825,0.0609587992467,2.86378642658,32,58,false
L19_SEED_1,320,21,850,0.0589530907206,2.89767875112,32,58,false
L19_SEED_1,320,21,875,0.0570452329788,2.93116661882,32,58,false
L19_SEED_1,320,21,900,0.0552283814861,2.96425716257,32,58,false
L19_SEED_1,320,21,925,0.0534963463113,2.996956877,32,58,false
L19_SEED_1,320,21,950,0.0518435117738,3.02927179617,32,58,false
L19_SEED_1,320,21,975,0.0502647678927,3.06120764541,32,59,false
L19_SEED_1,320,21,1000,0.048755451676,3.09276997003,32,59,false
L19_SEED_1,320,21,1025,0.0473112966497,3.12396424283,32,59,false
L19_SEED_1,320,21,1050,0.0459283893096,3.1547959519,32,59,false
L19_SEED_1,320,21,1075,0.0446031314105,3.1852706701,32,59,false
L19_SEED_1,320,21,1100,0.043332207193,3.2153941073,32,59,false
L19_SEED_1,320,21,1125,0.042112554802,3.24517214681,32,59,false
L19_SEED_1,320,21,1150,0.0409413412726,3.27461086728,32,59,false
L19_SEED_1,320,21,1175,0.0398159405623,3.30371655176,32,59,false
L19_SEED_1,320,21,1200,0.0387339141942,3.33249568542,32,59,false
L19_SEED_1,320,21,1225,0.0376929941423,3.36095494371,32,59,false
L19_SEED_1,320,21,1250,0.0366910676508,3.38910117282,32,59,false
L19_SEED_1,320,21,1275,0.0357261637254,3.41694136416,32,59,false
L19_SEED_1,320,21,1300,0.0347964410768,3.44448262445,32,59,false
L19_SEED_1,320,21,1325,0.0339001773278,3.47173214324,32,59,false
L19_SEED_1,320,21,1350,0.0330357593256,3.49869715904,32,59,false
L19_SEED_1,320,21,1375,0.0322016744225,3.52538492544,32,59,false
L19_SEED_1,320,21,1400,0.0313965026093,3.55180267828,32,59,false
L19_SEED_1,320,21,1425,0.0306189094013,3.57795760458,32,59,false
L19_SEED_1,320,21,1450,0.0298676393903,3.60385681399,32,59,false
L19_SEED_1,320,21,1475,0.0291415103893,3.6295073131,32,59,false
L19_SEED_1,320,21,1500,0.0284394081043,3.65491598292,32,59,false
L19_SEED_1,320,21,1525,0.0277602812773,3.6800895597,32,59,false
L19_SEED_1,320,21,1550,0.0271031372506,3.70503461894,32,59,false
L19_SEED_1,320,21,1575,0.0264670379103,3.72975756264,32,59,false
L19_SEED_1,320,21,1600,0.02585109597,3.75426460952,32,59,false
L19_SEED_1,320,21,1625,0.025254471561,3.77856178805,32,59,false
L19_SEED_1,320,21,1650,0.0246763690998,3.80265493186,32,59,false
L19_SEED_1,320,21,1675,0.0241160344059,3.82654967752,32,59,false
L19_SEED_1,320,21,1700,0.0235727520463,3.85025146416,32,59,false
L19_SEED_1,320,21,1725,0.0230458428865,3.87376553475,32,59,false
L19_SEED_1,320,21,1750,0.0225346618275,3.89709693877,32,59,false
L19_SEED_1,320,21,1775,0.0220385957139,3.92025053604,32,59,false
L19_SEED_1,320,21,1800,0.0215570613967,3.9432310014,32,60,false
L19_SEED_1,320,21,1825,0.0210895039375,3.96604283015,32,60,false
L19_SEED_1,320,21,1850,0.0206353949422,3.988690344,32,60,false
L19_SEED_1,320,21,1875,0.0201942310133,4.01117769734,32,60,false
L19_SEED_1,320,21,1900,0.0197655323097,4.03350888385,32,60,false
L19_SEED_1,320,21,1925,0.0193488412068,4.0556877431,32,60,false
L19_SEED_1,320,21,1950,0.0189437210476,4.0777179673,32,60,false
L19_SEED_1,320,21,1975,0.0185497549774,4.09960310793,32,60,false
L19_SEED_1,320,21,2000,0.0181665448567,4.12134658228,32,60,false
L19_SEED_2,4,0,0,3.52819489565,3.52706747235,0,0,false
L19_SEED_2,4,0,25,1.06440691659,0.819839222375,28,144,false
L19_SEED_2,4,0,50,0.503958078262,0.282109674089,28,144,false
L19_SEED_2,4,0,75,0.373334393986,0.198320681055,28,144,false
L19_SEED_2,4,0,100,0.33260528958,0.161900820903,28,144,false
L19_SEED_2,4,0,125,0.313555292395,0.145153840814,28,144,false
L19_SEED_2,4,0,150,0.302542077893,0.134649102736,28,144,false
L19_SEED_2,4,0,175,0.295400304325,0.128173023813,28,144,false
L19_SEED_2,4,0,200,0.290429698387,0.123536638646,28,144,false
L19_SEED_2,4,0,225,0.286796072799,0.120177544098,28,144,false
L19_SEED_2,4,0,250,0.284040610261,0.117626751196,28,144,false
L19_SEED_2,4,0,275,0.281890375669,0.115632644706,28,144,false
L19_SEED_2,4,0,300,0.280173266176,0.114039619094,28,144,false
L19_SEED_2,4,0,325,0.278775697055,0.112742343393,28,144,false
L19_SEED_2,4,0,350,0.277619882835,0.111668903075,28,144,false
L19_SEED_2,4,0,375,0.276650895725,0.110768587026,28,144,false
L19_SEED_2,4,0,400,0.275828930913,0.110004595331,28,144,false
L19_SEED_2,4,0,425,0.275124495132,0.109349635075,28,144,false
L19_SEED_2,4,0,450,0.274515310341,0.108783077097,28,144,false
L19_SEED_2,4,0,475,0.273984262054,0.108289065222,28,144,false
L19_SEED_2,4,0,500,0.27351800482,0.107855229149,28,144,false
L19_SEED_2,4,0,525,0.273105992896,0.107471789498,28,144,false
L19_SEED_2,4,0,550,0.272739792958,0.107130922786,28,144,false
L19_SEED_2,4,0,575,0.272412588039,0.106826302838,28,144,false
L19_SEED_2,4,0,600,0.272118813738,0.106552764274,28,144,false
L19_SEED_2,4,0,625,0.271853887541,0.106306052003,28,144,false
L19_SEED_2,4,0,650,0.271614004753,0.106082632283,28,144,false
L19_SEED_2,4,0,675,0.271395982802,0.105879548501,28,144,false
L19_SEED_2,4,0,700,0.271197141125,0.105694309883,28,144,false
L19_SEED_2,4,0,725,0.271015207564,0.10552480473,28,144,false
L19_SEED_2,4,0,750,0.270848244737,0.105369232148,28,144,false
L19_SEED_2,4,0,775,0.270694591613,0.105226047867,28,144,false
L19_SEED_2,4,0,800,0.270552816781,0.105093920885,28,144,false
L19_SEED_2,4,0,825,0.270421680782,0.104971698518,28,144,false
L19_SEED_2,4,0,850,0.270300105544,0.104858378034,28,144,false
L19_SEED_2,4,0,875,0.27018714941,0.104753083468,28,144,false
L19_SEED_2,4,0,900,0.270081986607,0.104655046564,28,144,false
L19_SEED_2,4,0,925,0.269983890279,0.104563591012,28,144,false
L19_SEED_2,4,0,950,0.269892218372,0.104478119346,28,144,false
L19_SEED_2,4,0,975,0.269806401853,0.104398101992,28,144,false
L19_SEED_2,4,0,1000,0.269725934803,0.104323068068,28,144,false
L19_SEED_2,4,0,1025,0.269650366069,0.104252597629,28,144,false
L19_SEED_2,4,0,1050,0.26957929219,0.10418631509,28,144,false
L19_SEED_2,4,0,1075,0.269512351379,0.104123883626,28,144,false
L19_SEED_2,4,0,1100,0.269449218377,0.104065000403,28,144,false
L19_SEED_2,4,0,1125,0.269389600049,0.104009392472,28,144,false
L19_SEED_2,4,0,1150,0.269333231589,0.103956813243,28,144,false
L19_SEED_2,4,0,1175,0.269279873248,0.103907039445,28,144,false
L19_SEED_2,4,0,1200,0.269229307495,0.103859868483,28,144,false
L19_SEED_2,4,0,1225,0.269181336553,0.10381511615,28,144,false
L19_SEED_2,4,0,1250,0.269135780253,0.103772614626,28,144,false
L19_SEED_2,4,0,1275,0.269092474154,0.103732210732,28,144,false
L19_SEED_2,4,0,1300,0.2690512679,0.103693764403,28,144,false
L19_SEED_2,4,0,1325,0.269012023774,0.103657147338,28,144,false
L19_SEED_2,4,0,1350,0.268974615423,0.103622241818,28,144,false
L19_SEED_2,4,0,1375,0.268938926735,0.103588939661,28,144,false
L19_SEED_2,4,0,1400,0.268904850842,0.10355714129,28,144,false
L19_SEED_2,4,0,1425,0.268872289241,0.103526754918,28,144,false
L19_SEED_2,4,0,1450,0.268841151002,0.103497695813,28,144,false
L19_SEED_2,4,0,1475,0.268811352075,0.103469885648,28,144,false
L19_SEED_2,4,0,1500,0.268782814661,0.103443251919,28,144,false
L19_SEED_2,4,0,1525,0.268755466656,0.103417727427,28,144,false
L19_SEED_2,4,0,1550,0.268729241149,0.103393249809,28,144,false
L19_SEED_2,4,0,1575,0.268704075975,0.103369761124,28,144,false
L19_SEED_2,4,0,1600,0.268679913308,0.103347207471,28,144,false
L19_SEED_2,4,0,1625,0.268656699297,0.103325538655,28,144,false
L19_SEED_2,4,0,1650,0.268634383739,0.103304707878,28,144,false
L19_SEED_2,4,0,1675,0.268612919782,0.103284671465,28,144,false
L19_SEED_2,4,0,1700,0.268592263656,0.10326538861,28,144,false
L19_SEED_2,4,0,1725,0.268572374427,0.103246821153,28,144,false
L19_SEED_2,4,0,1750,0.268553213778,0.103228933371,28,144,false
L19_SEED_2,4,0,1775,0.268534745808,0.103211691791,28,144,false
L19_SEED_2,4,0,1800,0.268516936848,0.103195065022,28,144,false
L19_SEED_2,4,0,1825,0.268499755294,0.103179023596,28,144,false
L19_SEED_2,4,0,1850,0.268483171454,0.103163539829,28,144,false
L19_SEED_2,4,0,1875,0.268467157411,0.103148587687,28,144,false
L19_SEED_2,4,0,1900,0.268451686892,0.103134142672,28,144,false
L19_SEED_2,4,0,1925,0.268436735154,0.103120181711,28,144,false
L19_SEED_2,4,0,1950,0.268422278876,0.103106683057,28,144,false
L19_SEED_2,4,0,1975,0.26840829606,0.103093626194,28,144,false
L19_SEED_2,4,0,2000,0.268394765941,0.103080991758,28,144,true
L19_SEED_2,4,4,0,3.49235712594,3.48842436609,0,13,false
L19_SEED_2,4,4,25,1.18453565273,1.45240376485,27,122,false
L19_SEED_2,4,4,50,0.553277248319,0.837084042659,29,126,false
L19_SEED_2,4,4,75,0.341791472475,0.676084927432,30,125,false
L19_SEED_2,4,4,100,0.248041993147,0.636547351154,30,124,false
L19_SEED_2,4,4,125,0.196215136334,0.635021572926,31,118,true
L19_SEED_2,4,4,150,0.162588260258,0.648717461356,31,117,false
L19_SEED_2,4,4,175,0.138512807735,0.669932833332,31,117,false
L19_SEED_2,4,4,200,0.12020470951,0.694974459901,31,117,false
L19_SEED_2,4,4,225,0.10573161891,0.72190702709,32,105,false
L19_SEED_2,4,4,250,0.0939816348753,0.749676682061,32,104,false
L19_SEED_2,4,4,275,0.0842542142525,0.777661245885,32,102,false
L19_SEED_2,4,4,300,0.0760771440789,0.805483415388,32,101,false
L19_SEED_2,4,4,325,0.0691163288956,0.832913060403,32,101,false
L19_SEED_2,4,4,350,0.0631273125881,0.859813766505,32,101,false
L19_SEED_2,4,4,375,0.0579269086935,0.886108244134,32,101,false
L19_SEED_2,4,4,400,0.0533752383527,0.911756153153,32,99,false
L19_SEED_2,4,4,425,0.0493636889622,0.936739939259,32,99,false
L19_SEED_2,4,4,450,0.0458065891357,0.961056271764,32,99,false
L19_SEED_2,4,4,475,0.0426353695122,0.984711016537,32,99,false
L19_SEED_2,4,4,500,0.0397944242913,1.007716244,32,99,false
L19_SEED_2,4,4,525,0.0372381395964,1.03008832444,32,99,false
L19_SEED_2,4,4,550,0.034928724108,1.0518465967,32,99,false
L19_SEED_2,4,4,575,0.032834596334,1.07301236603,32,99,false
L19_SEED_2,4,4,600,0.0309291641639,1.09360812275,32,99,false
L19_SEED_2,4,4,625,0.0291898862006,1.11365693081,32,99,false
L19_SEED_2,4,4,650,0.0275975394866,1.13318195647,32,99,false
L19_SEED_2,4,4,675,0.0261356411936,1.15220611349,32,99,false
L19_SEED_2,4,4,700,0.024789987042,1.17075180414,32,99,false
L19_SEED_2,4,4,725,0.0235482794787,1.18884073719,32,99,false
L19_SEED_2,4,4,750,0.0223998257194,1.20649380649,32,99,false
L19_SEED_2,4,4,775,0.0213352907488,1.22373101623,32,99,false
L19_SEED_2,4,4,800,0.020346493957,1.24057144167,32,98,false
L19_SEED_2,4,4,825,0.0194262407064,1.25703321602,32,98,false
L19_SEED_2,4,4,850,0.0185681820672,1.2731335366,32,98,false
L19_SEED_2,4,4,875,0.0177666974185,1.28888868451,32,98,false
L19_SEED_2,4,4,900,0.0170167957259,1.30431405379,32,98,false
L19_SEED_2,4,4,925,0.0163140321559,1.31942418674,32,98,false
L19_SEED_2,4,4,950,0.0156544373513,1.33423281309,32,98,false
L19_SEED_2,4,4,975,0.0150344572107,1.34875289117,32,98,false
L19_SEED_2,4,4,1000,0.0144509014187,1.36299664984,32,97,false
L19_SEED_2,4,4,1025,0.0139008992997,1.37697563018,32,97,false
L19_SEED_2,4,4,1050,0.0133818618258,1.39070072631,32,97,false
L19_SEED_2,4,4,1075,0.0128914488134,1.40418222488,32,97,false
L19_SEED_2,4,4,1100,0.0124275405136,1.41742984292,32,96,false
L19_SEED_2,4,4,1125,0.0119882129339,1.43045276384,32,96,false
L19_SEED_2,4,4,1150,0.0115717163406,1.44325967153,32,96,false
L19_SEED_2,4,4,1175,0.0111764564797,1.45585878244,32,96,false
L19_SEED_2,4,4,1200,0.0108009781308,1.4682578758,32,96,false
L19_SEED_2,4,4,1225,0.0104439506656,1.4804643218,32,96,false
L19_SEED_2,4,4,1250,0.010104155338,1.49248510801,32,96,false
L19_SEED_2,4,4,1275,0.00978047406906,1.50432686401,32,96,false
L19_SEED_2,4,4,1300,0.00947187953116,1.51599588431,32,96,false
L19_SEED_2,4,4,1325,0.00917742635968,1.5274981497,32,96,false
L19_SEED_2,4,4,1350,0.00889624334832,1.53883934709,32,96,false
L19_SEED_2,4,4,1375,0.00862752650353,1.550024888,32,96,false
L19_SEED_2,4,4,1400,0.00837053285118,1.56105992568,32,96,false
L19_SEED_2,4,4,1425,0.00812457490349,1.57194937103,32,96,false
L19_SEED_2,4,4,1450,0.00788901570656,1.58269790741,32,96,false
L19_SEED_2,4,4,1475,0.00766326439958,1.59331000443,32,96,false
L19_SEED_2,4,4,1500,0.00744677222604,1.60378993064,32,96,false
L19_SEED_2,4,4,1525,0.0072390289447,1.61414176552,32,96,false
L19_SEED_2,4,4,1550,0.00703955959509,1.62436941042,32,96,false
L19_SEED_2,4,4,1575,0.00684792157781,1.63447659891,32,96,false
L19_SEED_2,4,4,1600,0.00666370201497,1.64446690632,32,96,false
L19_SEED_2,4,4,1625,0.00648651536026,1.65434375864,32,96,false
L19_SEED_2,4,4,1650,0.00631600123201,1.66411044083,32,96,false
L19_SEED_2,4,4,1675,0.00615182244543,1.67377010456,32,96,false
L19_SEED_2,4,4,1700,0.00599366322355,1.6833257754,32,96,false
L19_SEED_2,4,4,1725,0.00584122756822,1.69278035963,32,96,false
L19_SEED_2,4,4,1750,0.00569423777506,1.70213665043,32,96,false
L19_SEED_2,4,4,1775,0.00555243307786,1.71139733387,32,96,false
L19_SEED_2,4,4,1800,0.00541556840966,1.72056499435,32,96,false
L19_SEED_2,4,4,1825,0.00528341326909,1.72964211977,32,95,false
L19_SEED_2,4,4,1850,0.00515575068181,1.73863110638,32,95,false
L19_SEED_2,4,4,1875,0.00503237624801,1.74753426326,32,95,false
L19_SEED_2,4,4,1900,0.00491309726787,1.75635381663,32,95,false
L19_SEED_2,4,4,1925,0.00479773193771,1.76509191379,32,95,false
L19_SEED_2,4,4,1950,0.00468610861032,1.77375062687,32,95,false
L19_SEED_2,4,4,1975,0.00457806511377,1.78233195637,32,95,false
L19_SEED_2,4,4,2000,0.00447344812321,1.79083783447,32,95,false
L19_SEED_2,4,8,0,3.531456105,3.50277766191,4,17,false
L19_SEED_2,4,8,25,1.2658174162,1.93261125014,25,84,false
L19_SEED_2,4,8,50,0.635649918601,1.53729118335,31,82,false
L19_SEED_2,4,8,75,0.399864077767,1.40366824527,31,83,false
L19_SEED_2,4,8,100,0.285543536802,1.37569498713,31,83,false
L19_SEED_2,4,8,125,0.219449153904,1.37384137124,31,87,true
L19_SEED_2,4,8,150,0.176574900031,1.38616402053,31,86,false
L19_SEED_2,4,8,175,0.146577487351,1.40615335995,31,85,false
L19_SEED_2,4,8,200,0.124441035882,1.42993031379,32,73,false
L19_SEED_2,4,8,225,0.10745108766,1.45569626053,32,72,false
L19_SEED_2,4,8,250,0.0940166844838,1.48246068928,32,72,false
L19_SEED_2,4,8,275,0.0831452326584,1.50965871427,32,72,false
L19_SEED_2,4,8,300,0.0741849736589,1.5369405775,32,72,false
L19_SEED_2,4,8,325,0.0666892362091,1.56407208579,32,71,false
L19_SEED_2,4,8,350,0.0603407283831,1.59088863282,32,71,false
L19_SEED_2,4,8,375,0.0549072494332,1.61727410959,32,70,false
L19_SEED_2,4,8,400,0.0502146346694,1.64314869113,32,70,false
L19_SEED_2,4,8,425,0.0461295551726,1.66846040911,32,70,false
L19_SEED_2,4,8,450,0.042548181956,1.69317858406,32,70,false
L19_SEED_2,4,8,475,0.0393884748125,1.71728852316,32,70,false
L19_SEED_2,4,8,500,0.0365847914638,1.74078728804,32,70,false
L19_SEED_2,4,8,525,0.0340840295934,1.76368038448,32,70,false
L19_SEED_2,4,8,550,0.0318428100845,1.78597922325,32,70,false
L19_SEED_2,4,8,575,0.0298253847913,1.80769920528,32,69,false
L19_SEED_2,4,8,600,0.0280020591527,1.82885829879,32,69,false
L19_SEED_2,4,8,625,0.0263479873361,1.84947599588,32,69,false
L19_SEED_2,4,8,650,0.0248422412317,1.86957255744,32,69,false
L19_SEED_2,4,8,675,0.0234670835626,1.88916847467,32,69,false
L19_SEED_2,4,8,700,0.0222073950141,1.90828409163,32,69,false
L19_SEED_2,4,8,725,0.0210502188668,1.9269393467,32,69,false
L19_SEED_2,4,8,750,0.0199843961656,1.94515360114,32,69,false
L19_SEED_2,4,8,775,0.0190002712859,1.96294553095,32,69,false
L19_SEED_2,4,8,800,0.0180894526905,1.98033306429,32,69,false
L19_SEED_2,4,8,825,0.0172446172955,1.99733335142,32,71,false
L19_SEED_2,4,8,850,0.0164593495369,2.0139627575,32,71,false
L19_SEED_2,4,8,875,0.0157280082405,2.03023687114,32,71,false
L19_SEED_2,4,8,900,0.0150456159047,2.04617052355,32,71,false
L19_SEED_2,4,8,925,0.0144077661639,2.06177781456,32,71,false
L19_SEED_2,4,8,950,0.0138105460766,2.07707214281,32,71,false
L19_SEED_2,4,8,975,0.0132504705722,2.09206623813,32,71,false
L19_SEED_2,4,8,1000,0.0127244269151,2.10677219483,32,71,false
L19_SEED_2,4,8,1025,0.0122296274651,2.12120150492,32,71,false
L19_SEED_2,4,8,1050,0.0117635693391,2.13536509061,32,71,false
L19_SEED_2,4,8,1075,0.0113239998373,2.14927333573,32,71,false
L19_SEED_2,4,8,1100,0.0109088867077,2.16293611574,32,71,false
L19_SEED_2,4,8,1125,0.0105163924835,2.17636282627,32,71,false
L19_SEED_2,4,8,1150,0.0101448522659,2.1895624101,32,71,false
L19_SEED_2,4,8,1175,0.00979275442946,2.20254338251,32,73,false
L19_SEED_2,4,8,1200,0.00945872381675,2.21531385516,32,73,false
L19_SEED_2,4,8,1225,0.0091415070592,2.22788155851,32,73,false
L19_SEED_2,4,8,1250,0.00883995972082,2.24025386271,32,73,false
L19_SEED_2,4,8,1275,0.00855303500882,2.25243779732,32,73,false
L19_SEED_2,4,8,1300,0.00827977383553,2.26444006972,32,74,false
L19_SEED_2,4,8,1325,0.0080192960488,2.27626708232,32,74,false
L19_SEED_2,4,8,1350,0.00777079267556,2.2879249488,32,74,false
L19_SEED_2,4,8,1375,0.0075335190463,2.29941950929,32,74,false
L19_SEED_2,4,8,1400,0.00730678868734,2.31075634459,32,74,false
L19_SEED_2,4,8,1425,0.0070899678839,2.32194078963,32,74,false
L19_SEED_2,4,8,1450,0.00688247083076,2.33297794607,32,74,false
L19_SEED_2,4,8,1475,0.0066837552985,2.34387269416,32,74,false
L19_SEED_2,4,8,1500,0.00649331875358,2.35462970396,32,74,false
L19_SEED_2,4,8,1525,0.00631069487826,2.36525344588,32,74,false
L19_SEED_2,4,8,1550,0.00613545044382,2.37574820065,32,74,false
L19_SEED_2,4,8,1575,0.00596718249657,2.38611806874,32,74,false
L19_SEED_2,4,8,1600,0.00580551582111,2.39636697926,32,74,false
L19_SEED_2,4,8,1625,0.00565010064998,2.40649869835,32,74,false
L19_SEED_2,4,8,1650,0.00550061059263,2.41651683718,32,74,false
L19_SEED_2,4,8,1675,0.00535674075984,2.42642485944,32,74,false
L19_SEED_2,4,8,1700,0.00521820606282,2.43622608851,32,74,false
L19_SEED_2,4,8,1725,0.00508473966846,2.44592371418,32,74,false
L19_SEED_2,4,8,1750,0.0049560915945,2.45552079912,32,74,false
L19_SEED_2,4,8,1775,0.00483202743031,2.46502028487,32,74,false
L19_SEED_2,4,8,1800,0.00471232717047,2.47442499765,32,74,false
L19_SEED_2,4,8,1825,0.00459678414996,2.48373765377,32,74,false
L19_SEED_2,4,8,1850,0.00448520407083,2.49296086486,32,74,false
L19_SEED_2,4,8,1875,0.00437740411144,2.50209714272,32,74,false
L19_SEED_2,4,8,1900,0.00427321211047,2.51114890399,32,74,false
L19_SEED_2,4,8,1925,0.0041724658183,2.52011847458,32,74,false
L19_SEED_2,4,8,1950,0.0040750122097,2.52900809385,32,74,false
L19_SEED_2,4,8,1975,0.003980706852,2.53781991855,32,74,false
L19_SEED_2,4,8,2000,0.00388941332366,2.54655602664,32,74,false
L19_SEED_2,4,12,0,3.52197619213,3.48910636972,4,18,false
L19_SEED_2,4,12,25,1.20793538188,2.00885856112,28,87,false
L19_SEED_2,4,12,50,0.602498107815,1.7607277428,30,82,true
L19_SEED_2,4,12,75,0.380103537962,1.79941661356,31,69,false
L19_SEED_2,4,12,100,0.268204439665,1.86193849301,31,69,false
L19_SEED_2,4,12,125,0.203596755195,1.92021034108,31,68,false
L19_SEED_2,4,12,150,0.162256915032,1.97397810363,32,57,false
L19_SEED_2,4,12,175,0.133739043126,2.02554842503,32,56,false
L19_SEED_2,4,12,200,0.112955051286,2.0755643018,32,55,false
L19_SEED_2,4,12,225,0.0971722347569,2.12349057362,32,64,false
L19_SEED_2,4,12,250,0.084804411286,2.16922645415,32,64,false
L19_SEED_2,4,12,275,0.0748708861811,2.21287145002,32,63,false
L19_SEED_2,4,12,300,0.066733366081,2.25456909667,32,63,false
L19_SEED_2,4,12,325,0.0599585066721,2.29447437008,32,63,false
L19_SEED_2,4,12,350,0.0542416192568,2.33273413705,32,63,false
L19_SEED_2,4,12,375,0.0493620965041,2.36948210195,32,63,false
L19_SEED_2,4,12,400,0.0451562015064,2.40483840229,32,63,false
L19_SEED_2,4,12,425,0.0414998139752,2.43891044194,32,63,false
L19_SEED_2,4,12,450,0.0382971224217,2.47179419511,32,63,false
L19_SEED_2,4,12,475,0.0354729957126,2.5035755692,32,63,false
L19_SEED_2,4,12,500,0.0329677042951,2.5343316664,32,63,false
L19_SEED_2,4,12,525,0.0307331845407,2.56413189811,32,63,false
L19_SEED_2,4,12,550,0.0287303421362,2.59303894903,32,63,false
L19_SEED_2,4,12,575,0.0269270709017,2.62110960461,32,65,false
L19_SEED_2,4,12,600,0.0252967741585,2.64839545991,32,65,false
L19_SEED_2,4,12,625,0.0238172455158,2.67494352786,32,65,false
L19_SEED_2,4,12,650,0.0224698109004,2.70079676252,32,65,false
L19_SEED_2,4,12,675,0.0212386632714,2.72599451103,32,65,false
L19_SEED_2,4,12,700,0.0201103413462,2.7505729052,32,65,false
L19_SEED_2,4,12,725,0.0190733172671,2.77456520218,32,65,false
L19_SEED_2,4,12,750,0.0181176675894,2.79800208171,32,65,false
L19_SEED_2,4,12,775,0.0172348086419,2.82091190645,32,65,false
L19_SEED_2,4,12,800,0.0164172820837,2.84332095047,32,65,false
L19_SEED_2,4,12,825,0.01565857994,2.86525360056,32,65,false
L19_SEED_2,4,12,850,0.0149530009321,2.88673253384,32,65,false
L19_SEED_2,4,12,875,0.0142955318006,2.90777887513,32,65,false
L19_SEED_2,4,12,900,0.0136817487236,2.9284123364,32,65,false
L19_SEED_2,4,12,925,0.0131077349973,2.94865134101,32,65,false
L19_SEED_2,4,12,950,0.0125700119563,2.9685131343,32,65,false
L19_SEED_2,4,12,975,0.0120654807344,2.98801388256,32,65,false
L19_SEED_2,4,12,1000,0.0115913729467,3.00716876165,32,65,false
L19_SEED_2,4,12,1025,0.0111452087543,3.02599203655,32,65,false
L19_SEED_2,4,12,1050,0.0107247610636,3.04449713297,32,65,false
L19_SEED_2,4,12,1075,0.0103280248488,3.062696702,32,65,false
L19_SEED_2,4,12,1100,0.00995319076954,3.08060267847,32,65,false
L19_SEED_2,4,12,1125,0.00959862240669,3.09822633389,32,65,false
L19_SEED_2,4,12,1150,0.00926283655395,3.11557832453,32,65,false
L19_SEED_2,4,12,1175,0.00894448610392,3.13266873512,32,65,false
L19_SEED_2,4,12,1200,0.00864234514218,3.14950711877,32,65,false
L19_SEED_2,4,12,1225,0.0083552959276,3.16610253337,32,65,false
L19_SEED_2,4,12,1250,0.0080823174895,3.18246357495,32,65,false
L19_SEED_2,4,12,1275,0.00782247561446,3.19859840827,32,65,false
L19_SEED_2,4,12,1300,0.00757491403165,3.21451479491,32,65,false
L19_SEED_2,4,12,1325,0.00733884663427,3.23022011912,32,65,false
L19_SEED_2,4,12,1350,0.00711355059951,3.24572141163,32,65,false
L19_SEED_2,4,12,1375,0.00689836028967,3.26102537167,32,65,false
L19_SEED_2,4,12,1400,0.00669266183395,3.27613838723,32,65,false
L19_SEED_2,4,12,1425,0.00649588830513,3.29106655393,32,65,false
L19_SEED_2,4,12,1450,0.00630751541708,3.30581569237,32,65,false
L19_SEED_2,4,12,1475,0.0061270576795,3.32039136436,32,65,false
L19_SEED_2,4,12,1500,0.00595406495483,3.33479888788,32,65,false
L19_SEED_2,4,12,1525,0.00578811936969,3.34904335107,32,65,false
L19_SEED_2,4,12,1550,0.0056288325395,3.36312962518,32,65,false
L19_SEED_2,4,12,1575,0.00547584307029,3.37706237671,32,65,false
L19_SEED_2,4,12,1600,0.00532881430625,3.39084607865,32,65,false
L19_SEED_2,4,12,1625,0.00518743229575,3.40448502103,32,65,false
L19_SEED_2,4,12,1650,0.00505140395164,3.41798332074,32,65,false
L19_SEED_2,4,12,1675,0.0049204553848,3.43134493074,32,65,false
L19_SEED_2,4,12,1700,0.00479433039259,3.44457364862,32,65,false
L19_SEED_2,4,12,1725,0.00467278908558,3.45767312468,32,65,false
L19_SEED_2,4,12,1750,0.00455560663842,3.47064686947,32,65,false
L19_SEED_2,4,12,1775,0.00444257215199,3.48349826083,32,65,false
L19_SEED_2,4,12,1800,0.00433348761557,3.49623055055,32,65,false
L19_SEED_2,4,12,1825,0.00422816695913,3.50884687058,32,65,false
L19_SEED_2,4,12,1850,0.00412643518669,3.52135023888,32,65,false
L19_SEED_2,4,12,1875,0.00402812758297,3.53374356495,32,65,false
L19_SEED_2,4,12,1900,0.0039330889863,3.54602965494,32,65,false
L19_SEED_2,4,12,1925,0.00384117312139,3.55821121659,32,65,false
L19_SEED_2,4,12,1950,0.00375224198641,3.57029086374,32,65,false
L19_SEED_2,4,12,1975,0.0036661652894,3.58227112073,32,65,false
L19_SEED_2,4,12,2000,0.00358281992941,3.5941544264,32,65,false
L19_SEED_2,4,16,0,3.48901299481,3.46983837521,4,19,false
L19_SEED_2,4,16,25,1.26469144088,2.39356311531,28,54,false
L19_SEED_2,4,16,50,0.666130685979,2.3212330406,29,56,true
L19_SEED_2,4,16,75,0.427990520809,2.42788507426,31,56,false
L19_SEED_2,4,16,100,0.305950473085,2.51572267636,31,55,false
L19_SEED_2,4,16,125,0.234326345158,2.60704641543,31,61,false
L19_SEED_2,4,16,150,0.188121113994,2.69264831494,31,61,false
L19_SEED_2,4,16,175,0.156108856817,2.77499282061,31,59,false
L19_SEED_2,4,16,200,0.132705139714,2.85335183578,32,48,false
L19_SEED_2,4,16,225,0.114878852584,2.9275220146,32,48,false
L19_SEED_2,4,16,250,0.100861651197,2.99759362974,32,48,false
L19_SEED_2,4,16,275,0.0895587664567,3.06376507,32,48,false
L19_SEED_2,4,16,300,0.0802582648279,3.12632007832,32,48,false
L19_SEED_2,4,16,325,0.0724777298318,3.1855563985,32,48,false
L19_SEED_2,4,16,350,0.0658787244534,3.24176223006,32,48,false
L19_SEED_2,4,16,375,0.0602167103108,3.29520663647,32,48,false
L19_SEED_2,4,16,400,0.0553104760434,3.34613518437,32,48,false
L19_SEED_2,4,16,425,0.0510227825757,3.394769304,32,48,false
L19_SEED_2,4,16,450,0.0472477114825,3.44130730892,32,48,false
L19_SEED_2,4,16,475,0.043902158282,3.48592618267,32,48,false
L19_SEED_2,4,16,500,0.0409199678143,3.52878365892,32,48,false
L19_SEED_2,4,16,525,0.0382477999938,3.57002033123,32,49,false
L19_SEED_2,4,16,550,0.0358421566624,3.60976165655,32,49,false
L19_SEED_2,4,16,575,0.0336672047474,3.64811978748,32,49,false
L19_SEED_2,4,16,600,0.0316931564214,3.6851952102,32,49,false
L19_SEED_2,4,16,625,0.0298950459215,3.72107818765,32,49,false
L19_SEED_2,4,16,650,0.0282517934983,3.75585001973,32,49,false
L19_SEED_2,4,16,675,0.0267454803384,3.78958413769,32,49,false
L19_SEED_2,4,16,700,0.0253607806473,3.82234705168,32,49,false
L19_SEED_2,4,16,725,0.0240845122909,3.85419917022,32,49,false
L19_SEED_2,4,16,750,0.0229052779214,3.8851955089,32,49,false
L19_SEED_2,4,16,775,0.0218131759053,3.91538630386,32,49,false
L19_SEED_2,4,16,800,0.0207995656346,3.94481754374,32,49,false
L19_SEED_2,4,16,825,0.0198568756004,3.97353143185,32,49,false
L19_SEED_2,4,16,850,0.0189784453743,4.00156678864,32,49,false
L19_SEED_2,4,16,875,0.018158394694,4.02895940315,32,49,false
L19_SEED_2,4,16,900,0.01739151437,4.05574234063,32,49,false
L19_SEED_2,4,16,925,0.0166731748829,4.08194621268,32,49,false
L19_SEED_2,4,16,950,0.015999249414,4.10759941491,32,49,false
L19_SEED_2,4,16,975,0.0153660487205,4.13272833688,32,49,false
L19_SEED_2,4,16,1000,0.0147702657867,4.15735754778,32,49,false
L19_SEED_2,4,16,1025,0.0142089285872,4.18150996123,32,49,false
L19_SEED_2,4,16,1050,0.0136793596105,4.20520698196,32,49,false
L19_SEED_2,4,16,1075,0.0131791410484,4.22846863657,32,49,false
L19_SEED_2,4,16,1100,0.0127060847492,4.25131369042,32,49,false
L19_SEED_2,4,16,1125,0.0122582061978,4.27375975244,32,49,false
L19_SEED_2,4,16,1150,0.0118337019085,4.2958233692,32,49,false
L19_SEED_2,4,16,1175,0.0114309297247,4.31752010961,32,49,false
L19_SEED_2,4,16,1200,0.0110483916013,4.33886464132,32,49,false
L19_SEED_2,4,16,1225,0.0106847185148,4.35987079971,32,49,false
L19_SEED_2,4,16,1250,0.0103386572035,4.38055165042,32,49,false
L19_SEED_2,4,16,1275,0.0100090584856,4.40091954608,32,49,false
L19_SEED_2,4,16,1300,0.00969486694342,4.42098617778,32,49,false
L19_SEED_2,4,16,1325,0.00939511179146,4.44076262205,32,49,false
L19_SEED_2,4,16,1350,0.00910889877485,4.4602593836,32,49,false
L19_SEED_2,4,16,1375,0.00883540296641,4.47948643438,32,49,false
L19_SEED_2,4,16,1400,0.00857386234919,4.4984532494,32,49,false
L19_SEED_2,4,16,1425,0.00832357208724,4.51716883943,32,49,false
L19_SEED_2,4,16,1450,0.00808387940107,4.53564178106,32,49,false
L19_SEED_2,4,16,1475,0.00785417897537,4.55388024434,32,49,false
L19_SEED_2,4,16,1500,0.0076339088362,4.57189201823,32,49,false
L19_SEED_2,4,16,1525,0.00742254664326,4.58968453395,32,49,false
L19_SEED_2,4,16,1550,0.00721960634984,4.60726488671,32,49,false
L19_SEED_2,4,16,1575,0.00702463518898,4.62463985558,32,49,false
L19_SEED_2,4,16,1600,0.00683721094981,4.64181592206,32,49,false
L19_SEED_2,4,16,1625,0.00665693951225,4.65879928716,32,49,false
L19_SEED_2,4,16,1650,0.00648345261229,4.67559588733,32,49,false
L19_SEED_2,4,16,1675,0.00631640581342,4.69221140916,32,49,false
L19_SEED_2,4,16,1700,0.0061554766625,4.70865130318,32,49,false
L19_SEED_2,4,16,1725,0.00600036301114,4.72492079655,32,49,false
L19_SEED_2,4,16,1750,0.00585078148571,4.74102490504,32,49,false
L19_SEED_2,4,16,1775,0.00570646609099,4.75696844409,32,49,false
L19_SEED_2,4,16,1800,0.0055671669342,4.77275603924,32,49,false
L19_SEED_2,4,16,1825,0.00543264905778,4.78839213577,32,49,false
L19_SEED_2,4,16,1850,0.0053026913701,4.80388100785,32,49,false
L19_SEED_2,4,16,1875,0.00517708566513,4.81922676702,32,49,false
L19_SEED_2,4,16,1900,0.00505563572236,4.83443337019,32,49,false
L19_SEED_2,4,16,1925,0.00493815647974,4.84950462712,32,49,false
L19_SEED_2,4,16,1950,0.0048244732727,4.86444420749,32,49,false
L19_SEED_2,4,16,1975,0.0047144211335,4.87925564752,32,49,false
L19_SEED_2,4,16,2000,0.00460784414526,4.8939423562,32,49,false
L19_SEED_2,4,19,0,3.49102020842,3.4658988573,4,18,false
L19_SEED_2,4,19,25,1.35233547069,2.67712257743,26,38,false
L19_SEED_2,4,19,50,0.751686309779,2.66434776621,30,49,true
L19_SEED_2,4,19,75,0.505559920843,2.75856772207,30,47,false
L19_SEED_2,4,19,100,0.378093103956,2.86078049024,31,46,false
L19_SEED_2,4,19,125,0.300112367003,2.96588255297,31,52,false
L19_SEED_2,4,19,150,0.247353730641,3.06621827081,31,51,false
L19_SEED_2,4,19,175,0.209333175392,3.16124051816,31,50,false
L19_SEED_2,4,19,200,0.180718059203,3.25054032486,31,50,false
L19_SEED_2,4,19,225,0.158468962266,3.33456102076,31,50,false
L19_SEED_2,4,19,250,0.140714591448,3.41379383423,31,50,false
L19_SEED_2,4,19,275,0.126238948748,3.488681862,31,50,false
L19_SEED_2,4,19,300,0.114219912256,3.55963208987,31,49,false
L19_SEED_2,4,19,325,0.104084170396,3.62701118859,32,38,false
L19_SEED_2,4,19,350,0.0954215321753,3.69114712881,32,38,false
L19_SEED_2,4,19,375,0.0879319257138,3.752331008,32,38,false
L19_SEED_2,4,19,400,0.0813914486845,3.81082059846,32,38,false
L19_SEED_2,4,19,425,0.0756300080129,3.86684407873,32,38,false
L19_SEED_2,4,19,450,0.0705162462703,3.92060370536,32,38,false
L19_SEED_2,4,19,475,0.0659471734081,3.97227921049,32,38,false
L19_SEED_2,4,19,500,0.0618409058559,4.02203082853,32,38,false
L19_SEED_2,4,19,525,0.0581314980468,4.0700019318,32,38,false
L19_SEED_2,4,19,550,0.0547652075502,4.11632129052,32,38,false
L19_SEED_2,4,19,575,0.0516977579472,4.16110499312,32,38,false
L19_SEED_2,4,19,600,0.0488923061693,4.20445807001,32,38,false
L19_SEED_2,4,19,625,0.0463179139252,4.24647586463,32,38,false
L19_SEED_2,4,19,650,0.0439483843913,4.28724519243,32,38,false
L19_SEED_2,4,19,675,0.0417613667437,4.32684532328,32,38,false
L19_SEED_2,4,19,700,0.0397376593325,4.36534881815,32,38,false
L19_SEED_2,4,19,725,0.0378606617923,4.40282224538,32,38,false
L19_SEED_2,4,19,750,0.0361159399998,4.43932679775,32,38,false
L19_SEED_2,4,19,775,0.0344908773982,4.47491882742,32,38,false
L19_SEED_2,4,19,800,0.0329743930739,4.50965031269,32,38,false
L19_SEED_2,4,19,825,0.0315567119076,4.54356926775,32,38,false
L19_SEED_2,4,19,850,0.0302291757183,4.57672010457,32,38,false
L19_SEED_2,4,19,875,0.0289840869537,4.60914395413,32,38,false
L19_SEED_2,4,19,900,0.0278145784358,4.64087895298,32,38,false
L19_SEED_2,4,19,925,0.0267145041257,4.67196050006,32,38,false
L19_SEED_2,4,19,950,0.0256783469722,4.70242148751,32,38,false
L19_SEED_2,4,19,975,0.0247011407417,4.73229250908,32,38,false
L19_SEED_2,4,19,1000,0.0237784033662,4.76160204862,32,38,false
L19_SEED_2,4,19,1025,0.0229060798389,4.7903766511,32,38,false
L19_SEED_2,4,19,1050,0.0220804930702,4.81864107806,32,38,false
L19_SEED_2,4,19,1075,0.0212983014168,4.84641844926,32,38,false
L19_SEED_2,4,19,1100,0.0205564618344,4.87373037186,32,38,false
L19_SEED_2,4,19,1125,0.0198521977913,4.90059705839,32,38,false
L19_SEED_2,4,19,1150,0.0191829712318,4.92703743479,32,38,false
L19_SEED_2,4,19,1175,0.0185464579993,4.95306923917,32,38,false
L19_SEED_2,4,19,1200,0.0179405262263,4.97870911244,32,38,false
L19_SEED_2,4,19,1225,0.0173632172777,5.00397268139,32,39,false
L19_SEED_2,4,19,1250,0.016812728902,5.02887463488,32,39,false
L19_SEED_2,4,19,1275,0.0162874002948,5.05342879385,32,39,false
L19_SEED_2,4,19,1300,0.0157856988262,5.07764817565,32,39,false
L19_SEED_2,4,19,1325,0.0153062082189,5.10154505309,32,39,false
L19_SEED_2,4,19,1350,0.0148476179958,5.12513100877,32,39,false
L19_SEED_2,4,19,1375,0.0144087140415,5.14841698501,32,39,false
L19_SEED_2,4,19,1400,0.0139883701421,5.17141332982,32,39,false
L19_SEED_2,4,19,1425,0.0135855403883,5.19412983911,32,39,false
L19_SEED_2,4,19,1450,0.0131992523409,5.2165757956,32,39,false
L19_SEED_2,4,19,1475,0.0128286008724,5.23876000464,32,39,false
L19_SEED_2,4,19,1500,0.0124727426063,5.26069082711,32,39,false
L19_SEED_2,4,19,1525,0.0121308908906,5.28237620982,32,39,false
L19_SEED_2,4,19,1550,0.0118023112451,5.30382371343,32,39,false
L19_SEED_2,4,19,1575,0.0114863172327,5.32504053821,32,39,false
L19_SEED_2,4,19,1600,0.0111822667096,5.3460335478,32,39,false
L19_SEED_2,4,19,1625,0.0108895584149,5.36680929112,32,39,false
L19_SEED_2,4,19,1650,0.0106076288637,5.38737402253,32,39,false
L19_SEED_2,4,19,1675,0.0103359495152,5.4077337205,32,39,false
L19_SEED_2,4,19,1700,0.010074024186,5.42789410484,32,39,false
L19_SEED_2,4,19,1725,0.0098213866851,5.44786065257,32,39,false
L19_SEED_2,4,19,1750,0.00957759865022,5.46763861269,32,39,false
L19_SEED_2,4,19,1775,0.00934224756394,5.48723301972,32,39,false
L19_SEED_2,4,19,1800,0.00911494493441,5.50664870635,32,39,false
L19_SEED_2,4,19,1825,0.00889532462426,5.52589031508,32,39,false
L19_SEED_2,4,19,1850,0.00868304131423,5.54496230905,32,39,false
L19_SEED_2,4,19,1875,0.00847776908928,5.56386898206,32,40,false
L19_SEED_2,4,19,1900,0.00827920013585,5.58261446793,32,40,false
L19_SEED_2,4,19,1925,0.00808704354067,5.60120274911,32,40,false
L19_SEED_2,4,19,1950,0.0079010241819,5.61963766477,32,40,false
L19_SEED_2,4,19,1975,0.00772088170463,5.63792291829,32,40,false
L19_SEED_2,4,19,2000,0.00754636957343,5.65606208426,32,40,false
L19_SEED_2,4,20,0,3.48573222274,3.46407919565,4,17,false
L19_SEED_2,4,20,25,1.351823006,2.6358097744,23,37,true
L19_SEED_2,4,20,50,0.753871451983,2.63725276037,30,48,false
L19_SEED_2,4,20,75,0.506058193666,2.74940984669,30,46,false
L19_SEED_2,4,20,100,0.376800472528,2.86427711286,31,51,false
L19_SEED_2,4,20,125,0.297802556039,2.982683058,31,51,false
L19_SEED_2,4,20,150,0.244557126592,3.0966925391,31,50,false
L19_SEED_2,4,20,175,0.206371072069,3.20486162237,31,50,false
L19_SEED_2,4,20,200,0.177772325982,3.30667970415,31,50,false
L19_SEED_2,4,20,225,0.155632376148,3.40245376689,31,50,false
L19_SEED_2,4,20,250,0.13802714747,3.49267573547,31,50,false
L19_SEED_2,4,20,275,0.123711864133,3.57783687939,31,49,false
L19_SEED_2,4,20,300,0.11185002083,3.65841235433,31,49,false
L19_SEED_2,4,20,325,0.101861931005,3.73483763046,32,38,false
L19_SEED_2,4,20,350,0.0933352205741,3.8075037662,32,38,false
L19_SEED_2,4,20,375,0.0859696919284,3.87675763238,32,38,false
L19_SEED_2,4,20,400,0.0795422338874,3.94290546407,32,38,false
L19_SEED_2,4,20,425,0.0738838762094,4.00621736046,32,38,false
L19_SEED_2,4,20,450,0.0688644304306,4.06693184304,32,38,false
L19_SEED_2,4,20,475,0.0643819934904,4.1252601189,32,38,false
L19_SEED_2,4,20,500,0.0603556391022,4.18138986795,32,38,false
L19_SEED_2,4,20,525,0.0567202408966,4.23548852185,32,38,false
L19_SEED_2,4,20,550,0.053422747024,4.28770605727,32,38,false
L19_SEED_2,4,20,575,0.050419459343,4.33817735415,32,38,false
L19_SEED_2,4,20,600,0.0476740184833,4.38702417784,32,38,false
L19_SEED_2,4,20,625,0.0451558919057,4.43435684308,32,38,false
L19_SEED_2,4,20,650,0.0428392251435,4.4802756125,32,38,false
L19_SEED_2,4,20,675,0.0407019585621,4.52487187552,32,38,false
L19_SEED_2,4,20,700,0.0387251405571,4.5682291467,32,38,false
L19_SEED_2,4,20,725,0.0368923877417,4.61042391596,32,38,false
L19_SEED_2,4,20,750,0.0351894563356,4.6515263774,32,38,false
L19_SEED_2,4,20,775,0.0336038985669,4.69160105851,32,38,false
L19_SEED_2,4,20,800,0.0321247847301,4.73070736749,32,38,false
L19_SEED_2,4,20,825,0.030742476445,4.76890007277,32,38,false
L19_SEED_2,4,20,850,0.0294484402182,4.80622972635,32,38,false
L19_SEED_2,4,20,875,0.0282350930124,4.84274303985,32,38,false
L19_SEED_2,4,20,900,0.0270956734507,4.87848322082,32,38,false
L19_SEED_2,4,20,925,0.0260241337187,4.91349027504,32,38,false
L19_SEED_2,4,20,950,0.0250150483035,4.9478012795,32,38,false
L19_SEED_2,4,20,975,0.0240635365267,4.98145062991,32,38,false
L19_SEED_2,4,20,1000,0.0231651964552,5.01447026568,32,38,false
L19_SEED_2,4,20,1025,0.0223160482535,5.04688987506,32,38,false
L19_SEED_2,4,20,1050,0.0215124854184,5.07873708228,32,38,false
L19_SEED_2,4,20,1075,0.0207512326285,5.11003761865,32,38,false
L19_SEED_2,4,20,1100,0.0200293091744,5.14081547893,32,38,false
L19_SEED_2,4,20,1125,0.0193439971177,5.17109306435,32,38,false
L19_SEED_2,4,20,1150,0.0186928134769,5.20089131339,32,38,false
L19_SEED_2,4,20,1175,0.0180734858535,5.23022982136,32,38,false
L19_SEED_2,4,20,1200,0.0174839310126,5.25912694957,32,38,false
L19_SEED_2,4,20,1225,0.0169222360042,5.28759992514,32,38,false
L19_SEED_2,4,20,1250,0.016386641484,5.31566493203,32,38,false
L19_SEED_2,4,20,1275,0.0158755269372,5.34333719415,32,38,false
L19_SEED_2,4,20,1300,0.015387397559,5.37063105108,32,38,false
L19_SEED_2,4,20,1325,0.0149208725792,5.39756002715,32,38,false
L19_SEED_2,4,20,1350,0.0144746748494,5.4241368944,32,38,false
L19_SEED_2,4,20,1375,0.0140476215362,5.4503737299,32,38,false
L19_SEED_2,4,20,1400,0.0136386157877,5.47628196803,32,38,false
L19_SEED_2,4,20,1425,0.013246639256,5.50187244814,32,38,false
L19_SEED_2,4,20,1450,0.0128707453769,5.52715545793,32,38,false
L19_SEED_2,4,20,1475,0.0125100533169,5.55214077305,32,38,false
L19_SEED_2,4,20,1500,0.0121637425152,5.57683769326,32,38,false
L19_SEED_2,4,20,1525,0.0118310477518,5.60125507539,32,38,false
L19_SEED_2,4,20,1550,0.0115112546838,5.62540136348,32,38,false
L19_SEED_2,4,20,1575,0.0112036958016,5.64928461638,32,38,false
L19_SEED_2,4,20,1600,0.0109077467573,5.6729125329,32,38,false
L19_SEED_2,4,20,1625,0.0106228230277,5.69629247502,32,38,false
L19_SEED_2,4,20,1650,0.0103483768773,5.71943148904,32,38,false
L19_SEED_2,4,20,1675,0.01008389459,5.74233632505,32,38,false
L19_SEED_2,4,20,1700,0.00982889394298,5.76501345489,32,38,false
L19_SEED_2,4,20,1725,0.00958292189776,5.7874690886,32,38,false
L19_SEED_2,4,20,1750,0.00934555248862,5.80970918965,32,38,false
L19_SEED_2,4,20,1775,0.00911638488791,5.83173948894,32,38,false
L19_SEED_2,4,20,1800,0.008895041632,5.85356549785,32,38,false
L19_SEED_2,4,20,1825,0.00868116699259,5.87519252015,32,38,false
L19_SEED_2,4,20,1850,0.00847442547982,5.89662566326,32,38,false
L19_SEED_2,4,20,1875,0.00827450046508,5.91786984848,32,38,false
L19_SEED_2,4,20,1900,0.00808109291257,5.93892982069,32,38,false
L19_SEED_2,4,20,1925,0.00789392020992,5.95981015722,32,38,false
L19_SEED_2,4,20,1950,0.00771271508908,5.98051527625,32,38,false
L19_SEED_2,4,20,1975,0.00753722462941,6.00104944459,32,38,false
L19_SEED_2,4,20,2000,0.00736720933614,6.0214167849,32,38,false
L19_SEED_2,4,21,0,3.51222189083,3.49580541841,0,1,false
L19_SEED_2,4,21,25,1.25220514923,2.86881169077,23,34,true
L19_SEED_2,4,21,50,0.690195888756,2.91832081157,30,48,false
L19_SEED_2,4,21,75,0.483337866851,3.01671231137,31,47,false
L19_SEED_2,4,21,100,0.369801620997,3.1070236898,31,47,false
L19_SEED_2,4,21,125,0.297527673788,3.20371706994,31,47,false
L19_SEED_2,4,21,150,0.248339065932,3.29938917492,31,47,false
L19_SEED_2,4,21,175,0.213273743463,3.39307683893,31,48,false
L19_SEED_2,4,21,200,0.187286427816,3.48373774476,31,48,false
L19_SEED_2,4,21,225,0.167366665325,3.57091224907,31,48,false
L19_SEED_2,4,21,250,0.151644408523,3.65446449784,31,48,false
L19_SEED_2,4,21,275,0.138916465418,3.73449813284,31,48,false
L19_SEED_2,4,21,300,0.128383529911,3.81121308741,31,48,false
L19_SEED_2,4,21,325,0.119499025237,3.88484997766,31,47,false
L19_SEED_2,4,21,350,0.111879399281,3.95565831449,31,50,false
L19_SEED_2,4,21,375,0.10524923737,4.02387987784,31,50,false
L19_SEED_2,4,21,400,0.0994066954982,4.08974088962,31,51,false
L19_SEED_2,4,21,425,0.0942011387187,4.15344864417,31,51,false
L19_SEED_2,4,21,450,0.0895183132576,4.21519065297,31,50,false
L19_SEED_2,4,21,475,0.0852702894392,4.27513507252,31,50,false
L19_SEED_2,4,21,500,0.0813884985061,4.33343178377,31,49,false
L19_SEED_2,4,21,525,0.0778188205727,4.3902137691,31,49,false
L19_SEED_2,4,21,550,0.074518060438,4.44559858883,31,49,false
L19_SEED_2,4,21,575,0.0714513803962,4.49968984553,31,49,false
L19_SEED_2,4,21,600,0.0685904046328,4.55257857015,31,47,false
L19_SEED_2,4,21,625,0.0659118026608,4.60434448932,31,47,false
L19_SEED_2,4,21,650,0.0633962196646,4.65505714574,31,47,false
L19_SEED_2,4,21,675,0.0610274615958,4.7047768506,31,47,false
L19_SEED_2,4,21,700,0.0587918697337,4.75355545089,31,47,false
L19_SEED_2,4,21,725,0.056677837705,4.80143689704,32,36,false
L19_SEED_2,4,21,750,0.0546754364863,4.84845760153,32,36,false
L19_SEED_2,4,21,775,0.0527761214732,4.89464658961,32,36,false
L19_SEED_2,4,21,800,0.0509725014071,4.940025464,32,36,false
L19_SEED_2,4,21,825,0.0492581525399,4.98460824519,32,36,false
L19_SEED_2,4,21,850,0.0476274634766,5.02840121399,32,36,false
L19_SEED_2,4,21,875,0.0460754973558,5.07140297841,32,36,false
L19_SEED_2,4,21,900,0.0445978595176,5.11360510252,32,36,false
L19_SEED_2,4,21,925,0.0431905622206,5.15499372906,32,35,false
L19_SEED_2,4,21,950,0.0418498851078,5.19555261293,32,35,false
L19_SEED_2,4,21,975,0.0405722413974,5.23526773443,32,34,false
L19_SEED_2,4,21,1000,0.0393540717737,5.27413309333,32,34,false
L19_SEED_2,4,21,1025,0.0381917925631,5.31215649416,32,34,false
L19_SEED_2,4,21,1050,0.0370818136562,5.34936351867,32,34,false
L19_SEED_2,4,21,1075,0.0360206158748,5.38579800208,32,34,false
L19_SEED_2,4,21,1100,0.0350048522938,5.42151843967,32,34,false
L19_SEED_2,4,21,1125,0.0340314319335,5.45659136642,32,34,false
L19_SEED_2,4,21,1150,0.0330975608405,5.49108388686,32,34,false
L19_SEED_2,4,21,1175,0.0322007402609,5.52505751439,32,34,false
L19_SEED_2,4,21,1200,0.0313387374386,5.5585645114,32,34,false
L19_SEED_2,4,21,1225,0.0305095466097,5.59164676243,32,34,false
L19_SEED_2,4,21,1250,0.0297113517582,5.62433648036,32,34,false
L19_SEED_2,4,21,1275,0.0289424958516,5.65665786804,32,34,false
L19_SEED_2,4,21,1300,0.0282014569771,5.68862903611,32,34,false
L19_SEED_2,4,21,1325,0.0274868300807,5.72026376065,32,34,false
L19_SEED_2,4,21,1350,0.026797312778,5.75157290305,32,34,false
L19_SEED_2,4,21,1375,0.0261316940105,5.78256546521,32,34,false
L19_SEED_2,4,21,1400,0.0254888447048,5.81324932585,32,34,false
L19_SEED_2,4,21,1425,0.0248677098857,5.84363172818,32,34,false
L19_SEED_2,4,21,1450,0.02426730189,5.87371958695,32,34,false
L19_SEED_2,4,21,1475,0.0236866944461,5.90351967134,32,34,false
L19_SEED_2,4,21,1500,0.0231250174592,5.93303870576,32,34,false
L19_SEED_2,4,21,1525,0.0225814523827,5.96228341893,32,34,false
L19_SEED_2,4,21,1550,0.022055228088,5.99126056118,32,34,false
L19_SEED_2,4,21,1575,0.021545617161,6.01997690363,32,34,false
L19_SEED_2,4,21,1600,0.0210519325694,6.04843922742,32,34,false
L19_SEED_2,4,21,1625,0.0205735246527,6.07665430828,32,34,false
L19_SEED_2,4,21,1650,0.0201097783966,6.10462889946,32,34,false
L19_SEED_2,4,21,1675,0.0196601109584,6.13236971463,32,34,false
L19_SEED_2,4,21,1700,0.019223969415,6.15988341171,32,34,false
L19_SEED_2,4,21,1725,0.018800828709,6.18717657806,32,34,false
L19_SEED_2,4,21,1750,0.0183901897737,6.21425571703,32,34,false
L19_SEED_2,4,21,1775,0.0179915778168,6.24112723599,32,34,false
L19_SEED_2,4,21,1800,0.0176045407493,6.26779743569,32,34,false
L19_SEED_2,4,21,1825,0.0172286477447,6.29427250093,32,34,false
L19_SEED_2,4,21,1850,0.0168634879162,6.32055849245,32,34,false
L19_SEED_2,4,21,1875,0.0165086691026,6.34666134003,32,35,false
L19_SEED_2,4,21,1900,0.0161638167517,6.37258683679,32,35,false
L19_SEED_2,4,21,1925,0.0158285728942,6.39834063465,32,35,false
L19_SEED_2,4,21,1950,0.0155025951979,6.42392824109,32,35,false
L19_SEED_2,4,21,1975,0.0151855560982,6.44935501713,32,35,false
L19_SEED_2,4,21,2000,0.0148771419948,6.47462617661,32,35,false
L19_SEED_2,128,0,0,3.52576883228,3.52834426277,0,0,false
L19_SEED_2,128,0,25,1.0857646819,0.845187423688,28,144,false
L19_SEED_2,128,0,50,0.510156320956,0.282422721777,28,144,false
L19_SEED_2,128,0,75,0.375705133439,0.202695234544,28,144,false
L19_SEED_2,128,0,100,0.333912652505,0.162474957605,28,144,false
L19_SEED_2,128,0,125,0.314450018704,0.145885132752,28,144,false
L19_SEED_2,128,0,150,0.303217490229,0.135201031969,28,144,false
L19_SEED_2,128,0,175,0.295936653873,0.128669733346,28,144,false
L19_SEED_2,128,0,200,0.290869717871,0.123976342842,28,144,false
L19_SEED_2,128,0,225,0.287165771412,0.120542484898,28,144,false
L19_SEED_2,128,0,250,0.284357011487,0.117941431121,28,144,false
L19_SEED_2,128,0,275,0.282165188579,0.115907917895,28,144,false
L19_SEED_2,128,0,300,0.280414861003,0.114282391713,28,144,false
L19_SEED_2,128,0,325,0.278990244926,0.112958489621,28,144,false
L19_SEED_2,128,0,350,0.277812050818,0.111862938295,28,144,false
L19_SEED_2,128,0,375,0.276824289781,0.110943988798,28,144,false
L19_SEED_2,128,0,400,0.275986388559,0.110164113859,28,144,false
L19_SEED_2,128,0,425,0.275268284792,0.109495485295,28,144,false
L19_SEED_2,128,0,450,0.274647270729,0.108917064184,28,144,false
L19_SEED_2,128,0,475,0.274105901856,0.108412676676,28,144,false
L19_SEED_2,128,0,500,0.27363057542,0.107969703477,28,144,false
L19_SEED_2,128,0,525,0.273210542374,0.107578167481,28,144,false
L19_SEED_2,128,0,550,0.272837206815,0.107230086404,28,144,false
L19_SEED_2,128,0,575,0.272503620355,0.106919005183,28,144,false
L19_SEED_2,128,0,600,0.272204111307,0.106639652841,28,144,false
L19_SEED_2,128,0,625,0.271934008791,0.106387687028,28,144,false
L19_SEED_2,128,0,650,0.27168943473,0.106159501321,28,144,false
L19_SEED_2,128,0,675,0.271467145154,0.10595207814,28,144,false
L19_SEED_2,128,0,700,0.271264407774,0.105762875216,28,144,false
L19_SEED_2,128,0,725,0.271078906573,0.105589737091,28,144,false
L19_SEED_2,128,0,750,0.270908666761,0.105430825473,28,144,false
L19_SEED_2,128,0,775,0.270751995223,0.105284563956,28,144,false
L19_SEED_2,128,0,800,0.270607432885,0.105149593783,28,144,false
L19_SEED_2,128,0,825,0.270473716331,0.105024738195,28,144,false
L19_SEED_2,128,0,850,0.270349746639,0.104908973476,28,144,false
L19_SEED_2,128,0,875,0.270234563933,0.1048014053,28,144,false
L19_SEED_2,128,0,900,0.270127326456,0.104701249284,28,144,false
L19_SEED_2,128,0,925,0.270027293276,0.104607814898,28,144,false
L19_SEED_2,128,0,950,0.269933809902,0.104520492096,28,144,false
L19_SEED_2,128,0,975,0.269846296268,0.104438740138,28,144,false
L19_SEED_2,128,0,1000,0.269764236645,0.104362078202,28,144,false
L19_SEED_2,128,0,1025,0.269687171126,0.104290077466,28,144,false
L19_SEED_2,128,0,1050,0.269614688419,0.104222354393,28,144,false
L19_SEED_2,128,0,1075,0.269546419708,0.104158565026,28,144,false
L19_SEED_2,128,0,1100,0.269482033415,0.104098400102,28,144,false
L19_SEED_2,128,0,1125,0.269421230706,0.104041580876,28,144,false
L19_SEED_2,128,0,1150,0.269363741624,0.103987855518,28,144,false
L19_SEED_2,128,0,1175,0.269309321753,0.103936996005,28,144,false
L19_SEED_2,128,0,1200,0.269257749327,0.103888795426,28,144,false
L19_SEED_2,128,0,1225,0.269208822715,0.103843065646,28,144,false
L19_SEED_2,128,0,1250,0.269162358237,0.103799635264,28,144,false
L19_SEED_2,128,0,1275,0.269118188244,0.103758347829,28,144,false
L19_SEED_2,128,0,1300,0.269076159448,0.10371906028,28,144,false
L19_SEED_2,128,0,1325,0.269036131441,0.103681641573,28,144,false
L19_SEED_2,128,0,1350,0.268997975403,0.103645971467,28,144,false
L19_SEED_2,128,0,1375,0.268961572953,0.103611939461,28,144,false
L19_SEED_2,128,0,1400,0.268926815134,0.103579443844,28,144,false
L19_SEED_2,128,0,1425,0.268893601514,0.103548390857,28,144,false
L19_SEED_2,128,0,1450,0.268861839386,0.103518693948,28,144,false
L19_SEED_2,128,0,1475,0.268831443051,0.103490273107,28,144,false
L19_SEED_2,128,0,1500,0.268802333188,0.10346305427,28,144,false
L19_SEED_2,128,0,1525,0.268774436279,0.103436968791,28,144,false
L19_SEED_2,128,0,1550,0.268747684101,0.103411952966,28,144,false
L19_SEED_2,128,0,1575,0.268722013269,0.103387947602,28,144,false
L19_SEED_2,128,0,1600,0.26869736482,0.103364897638,28,144,false
L19_SEED_2,128,0,1625,0.268673683848,0.103342751794,28,144,false
L19_SEED_2,128,0,1650,0.268650919163,0.103321462264,28,144,false
L19_SEED_2,128,0,1675,0.268629022991,0.103300984426,28,144,false
L19_SEED_2,128,0,1700,0.268607950701,0.103281276594,28,144,false
L19_SEED_2,128,0,1725,0.268587660554,0.103262299782,28,144,false
L19_SEED_2,128,0,1750,0.268568113479,0.103244017494,28,144,false
L19_SEED_2,128,0,1775,0.268549272867,0.103226395532,28,144,false
L19_SEED_2,128,0,1800,0.268531104386,0.103209401825,28,144,false
L19_SEED_2,128,0,1825,0.268513575809,0.103193006266,28,144,false
L19_SEED_2,128,0,1850,0.268496656858,0.10317718057,28,144,false
L19_SEED_2,128,0,1875,0.268480319065,0.10316189814,28,144,false
L19_SEED_2,128,0,1900,0.268464535639,0.103147133945,28,144,false
L19_SEED_2,128,0,1925,0.268449281347,0.103132864411,28,144,false
L19_SEED_2,128,0,1950,0.268434532409,0.103119067317,28,144,false
L19_SEED_2,128,0,1975,0.268420266391,0.103105721704,28,144,false
L19_SEED_2,128,0,2000,0.268406462118,0.103092807784,28,144,true
L19_SEED_2,128,4,0,3.50914028788,3.50387140477,4,16,false
L19_SEED_2,128,4,25,1.33681581698,1.38992429191,24,109,false
L19_SEED_2,128,4,50,0.672826935311,0.802146390653,28,120,false
L19_SEED_2,128,4,75,0.428332348276,0.628864914704,29,130,false
L19_SEED_2,128,4,100,0.315688757426,0.544112311262,29,131,false
L19_SEED_2,128,4,125,0.250971409524,0.510243700014,31,118,false
L19_SEED_2,128,4,150,0.2084287459,0.494010379804,31,119,false
L19_SEED_2,128,4,175,0.178015737514,0.488298340422,31,119,true
L19_SEED_2,128,4,200,0.155025512666,0.488406088147,32,108,false
L19_SEED_2,128,4,225,0.136945379441,0.49232432703,32,108,false
L19_SEED_2,128,4,250,0.12230528062,0.498693316387,32,108,false
L19_SEED_2,128,4,275,0.110183949338,0.506714923789,32,108,false
L19_SEED_2,128,4,300,0.0999718620229,0.515873828478,32,108,false
L19_SEED_2,128,4,325,0.0912476105954,0.52581861516,32,107,false
L19_SEED_2,128,4,350,0.0837090832172,0.536304686855,32,107,false
L19_SEED_2,128,4,375,0.0771330494011,0.547156892419,32,107,false
L19_SEED_2,128,4,400,0.0713503273197,0.558247464344,32,106,false
L19_SEED_2,128,4,425,0.0662299197071,0.569481555235,32,106,false
L19_SEED_2,128,4,450,0.0616685296901,0.580787770179,32,106,false
L19_SEED_2,128,4,475,0.057583422532,0.592111762651,32,106,false
L19_SEED_2,128,4,500,0.0539074357641,0.603411799643,32,106,false
L19_SEED_2,128,4,525,0.0505854085892,0.614655640864,32,106,false
L19_SEED_2,128,4,550,0.0475715731375,0.625818305521,32,106,false
L19_SEED_2,128,4,575,0.0448276127654,0.636880449798,32,106,false
L19_SEED_2,128,4,600,0.042321192695,0.64782716865,32,105,false
L19_SEED_2,128,4,625,0.0400248315001,0.658647095648,32,105,false
L19_SEED_2,128,4,650,0.0379150228094,0.669331714424,32,105,false
L19_SEED_2,128,4,675,0.0359715435743,0.679874822286,32,105,false
L19_SEED_2,128,4,700,0.0341769034193,0.690272105008,32,105,false
L19_SEED_2,128,4,725,0.0325159020605,0.70052079445,32,105,false
L19_SEED_2,128,4,750,0.0309752704697,0.710619389207,32,105,false
L19_SEED_2,128,4,775,0.029543377628,0.720567424341,32,104,false
L19_SEED_2,128,4,800,0.0282099891481,0.730365280126,32,104,false
L19_SEED_2,128,4,825,0.0269660672737,0.740014022418,32,103,false
L19_SEED_2,128,4,850,0.0258036041571,0.749515269039,32,103,false
L19_SEED_2,128,4,875,0.0247154820978,0.758871077814,32,103,false
L19_SEED_2,128,4,900,0.0236953557737,0.768083852765,32,103,false
L19_SEED_2,128,4,925,0.0227375525243,0.777156265624,32,103,false
L19_SEED_2,128,4,950,0.02183698754,0.78609119029,32,103,false
L19_SEED_2,128,4,975,0.0209890914237,0.794891648242,32,103,false
L19_SEED_2,128,4,1000,0.0201897480765,0.80356076324,32,103,false
L19_SEED_2,128,4,1025,0.0194352412365,0.812101723864,32,103,false
L19_SEED_2,128,4,1050,0.0187222083044,0.820517752688,32,102,false
L19_SEED_2,128,4,1075,0.0180476003294,0.828812081049,32,102,false
L19_SEED_2,128,4,1100,0.017408647225,0.836987928526,32,102,false
L19_SEED_2,128,4,1125,0.0168028274393,0.845048486373,32,102,false
L19_SEED_2,128,4,1150,0.0162278414358,0.85299690428,32,102,false
L19_SEED_2,128,4,1175,0.0156815884402,0.86083627991,32,102,false
L19_SEED_2,128,4,1200,0.0151621460014,0.86856965076,32,102,false
L19_SEED_2,128,4,1225,0.0146677519776,0.876199987955,32,102,false
L19_SEED_2,128,4,1250,0.0141967886257,0.883730191649,32,102,false
L19_SEED_2,128,4,1275,0.0137477685128,0.891163087759,32,103,false
L19_SEED_2,128,4,1300,0.0133193220168,0.898501425797,32,103,false
L19_SEED_2,128,4,1325,0.0129101862108,0.905747877603,32,103,false
L19_SEED_2,128,4,1350,0.0125191949605,0.912905036821,32,103,false
L19_SEED_2,128,4,1375,0.0121452700821,0.919975418974,32,103,false
L19_SEED_2,128,4,1400,0.0117874134351,0.926961462024,32,103,false
L19_SEED_2,128,4,1425,0.0114446998361,0.933865527319,32,103,false
L19_SEED_2,128,4,1450,0.0111162706982,0.940689900856,32,103,false
L19_SEED_2,128,4,1475,0.0108013283112,0.947436794771,32,103,false
L19_SEED_2,128,4,1500,0.0104991306907,0.954108349024,32,103,false
L19_SEED_2,128,4,1525,0.0102089869311,0.960706633219,32,103,false
L19_SEED_2,128,4,1550,0.00993025300645,0.967233648521,32,103,false
L19_SEED_2,128,4,1575,0.00966232797172,0.973691329639,32,103,false
L19_SEED_2,128,4,1600,0.00940465051981,0.980081546853,32,103,false
L19_SEED_2,128,4,1625,0.00915669585728,0.986406108057,32,103,false
L19_SEED_2,128,4,1650,0.00891797286531,0.992666760809,32,103,false
L19_SEED_2,128,4,1675,0.00868802151631,0.998865194358,32,103,false
L19_SEED_2,128,4,1700,0.00846641052015,1.00500304166,32,102,false
L19_SEED_2,128,4,1725,0.00825273517684,1.01108188135,32,102,false
L19_SEED_2,128,4,1750,0.00804661541523,1.01710323968,32,102,false
L19_SEED_2,128,4,1775,0.0078476939994,1.02306859242,32,102,false
L19_SEED_2,128,4,1800,0.00765563488645,1.02897936667,32,102,false
L19_SEED_2,128,4,1825,0.0074701217213,1.03483694268,32,102,false
L19_SEED_2,128,4,1850,0.00729085645551,1.04064265558,32,102,false
L19_SEED_2,128,4,1875,0.00711755807844,1.04639779705,32,103,false
L19_SEED_2,128,4,1900,0.00694996145052,1.05210361693,32,103,false
L19_SEED_2,128,4,1925,0.0067878162292,1.05776132483,32,103,false
L19_SEED_2,128,4,1950,0.00663088587932,1.06337209159,32,103,false
L19_SEED_2,128,4,1975,0.00647894676023,1.06893705075,32,103,false
L19_SEED_2,128,4,2000,0.00633178728313,1.07445729999,32,103,false
L19_SEED_2,128,8,0,3.51984024447,3.53059367079,4,17,false
L19_SEED_2,128,8,25,1.25842183973,1.49646445478,26,100,false
L19_SEED_2,128,8,50,0.646179422294,1.05239912082,27,101,false
L19_SEED_2,128,8,75,0.409804512416,0.923070539757,30,102,false
L19_SEED_2,128,8,100,0.296824417786,0.848042414091,30,100,false
L19_SEED_2,128,8,125,0.23139693417,0.833213498368,32,90,true
L19_SEED_2,128,8,150,0.188469951438,0.833270641562,32,91,false
L19_SEED_2,128,8,175,0.158092312876,0.84243345847,32,90,false
L19_SEED_2,128,8,200,0.13547029774,0.856266749151,32,97,false
L19_SEED_2,128,8,225,0.117990461508,0.872681476898,32,96,false
L19_SEED_2,128,8,250,0.104099103171,0.890474015247,32,97,false
L19_SEED_2,128,8,275,0.0928118611787,0.908933647544,32,97,false
L19_SEED_2,128,8,300,0.0834737762015,0.927631056311,32,96,false
L19_SEED_2,128,8,325,0.0756317530843,0.94629898417,32,96,false
L19_SEED_2,128,8,350,0.06896223435,0.964772493296,32,97,false
L19_SEED_2,128,8,375,0.0632279874353,0.982950654856,32,97,false
L19_SEED_2,128,8,400,0.0582511499159,1.00077374848,32,97,false
L19_SEED_2,128,8,425,0.0538957965893,1.01820879342,32,97,false
L19_SEED_2,128,8,450,0.0500563122534,1.03524030524,32,97,false
L19_SEED_2,128,8,475,0.0466494284235,1.05186425489,32,97,false
L19_SEED_2,128,8,500,0.0436086422588,1.06808407066,32,97,false
L19_SEED_2,128,8,525,0.0408802251403,1.08390796302,32,97,false
L19_SEED_2,128,8,550,0.0384203165587,1.09934712066,32,98,false
L19_SEED_2,128,8,575,0.0361927741543,1.1144144892,32,98,false
L19_SEED_2,128,8,600,0.0341675601942,1.12912394343,32,98,false
L19_SEED_2,128,8,625,0.0323195148485,1.14348972804,32,98,false
L19_SEED_2,128,8,650,0.0306274124921,1.15752608285,32,98,false
L19_SEED_2,128,8,675,0.0290732278814,1.17124699549,32,98,false
L19_SEED_2,128,8,700,0.0276415598658,1.18466604233,32,98,false
L19_SEED_2,128,8,725,0.0263191746767,1.1977962908,32,98,false
L19_SEED_2,128,8,750,0.0250946409189,1.21065024419,32,98,false
L19_SEED_2,128,8,775,0.0239580355584,1.22323981579,32,98,false
L19_SEED_2,128,8,800,0.0229007053643,1.23557632321,32,98,false
L19_SEED_2,128,8,825,0.0219150720205,1.24767049632,32,98,false
L19_SEED_2,128,8,850,0.0209944718909,1.25953249419,32,98,false
L19_SEED_2,128,8,875,0.0201330234838,1.27117192779,32,97,false
L19_SEED_2,128,8,900,0.0193255172033,1.28259788616,32,97,false
L19_SEED_2,128,8,925,0.018567323148,1.29381896435,32,97,false
L19_SEED_2,128,8,950,0.017854313614,1.30484329201,32,96,false
L19_SEED_2,128,8,975,0.017182797642,1.31567856187,32,96,false
L19_SEED_2,128,8,1000,0.0165494654865,1.32633205739,32,96,false
L19_SEED_2,128,8,1025,0.0159513412986,1.33681067945,32,96,false
L19_SEED_2,128,8,1050,0.0153857426433,1.34712097154,32,96,false
L19_SEED_2,128,8,1075,0.0148502457268,1.35726914356,32,96,false
L19_SEED_2,128,8,1100,0.0143426554201,1.36726109407,32,96,false
L19_SEED_2,128,8,1125,0.0138609793243,1.37710243086,32,96,false
L19_SEED_2,128,8,1150,0.013403405258,1.3867984901,32,96,false
L19_SEED_2,128,8,1175,0.0129682816533,1.39635435395,32,96,false
L19_SEED_2,128,8,1200,0.0125541004317,1.40577486671,32,96,false
L19_SEED_2,128,8,1225,0.0121594820031,1.41506464968,32,96,false
L19_SEED_2,128,8,1250,0.0117831620892,1.42422811484,32,96,false
L19_SEED_2,128,8,1275,0.0114239801181,1.43326947731,32,96,false
L19_SEED_2,128,8,1300,0.0110808689765,1.44219276684,32,96,false
L19_SEED_2,128,8,1325,0.0107528459406,1.45100183831,32,95,false
L19_SEED_2,128,8,1350,0.0104390046302,1.4597003815,32,95,false
L19_SEED_2,128,8,1375,0.0101385078551,1.46829192995,32,95,false
L19_SEED_2,128,8,1400,0.00985058124181,1.47677986927,32,95,false
L19_SEED_2,128,8,1425,0.0095745075438,1.48516744477,32,95,false
L19_SEED_2,128,8,1450,0.0093096215515,1.49345776859,32,95,false
L19_SEED_2,128,8,1475,0.0090553055309,1.50165382633,32,95,false
L19_SEED_2,128,8,1500,0.00881098512806,1.5097584832,32,95,false
L19_SEED_2,128,8,1525,0.00857612568553,1.51777448989,32,95,false
L19_SEED_2,128,8,1550,0.00835022892367,1.52570448797,32,95,false
L19_SEED_2,128,8,1575,0.00813282994575,1.53355101501,32,95,false
L19_SEED_2,128,8,1600,0.00792349453092,1.54131650949,32,95,false
L19_SEED_2,128,8,1625,0.00772181668361,1.54900331529,32,95,false
L19_SEED_2,128,8,1650,0.00752741641169,1.55661368608,32,95,false
L19_SEED_2,128,8,1675,0.00733993770913,1.56414978941,32,95,false
L19_SEED_2,128,8,1700,0.00715904672166,1.57161371059,32,95,false
L19_SEED_2,128,8,1725,0.00698443007666,1.5790074564,32,95,false
L19_SEED_2,128,8,1750,0.00681579336031,1.58633295863,32,95,false
L19_SEED_2,128,8,1775,0.00665285972745,1.59359207741,32,95,false
L19_SEED_2,128,8,1800,0.00649536863068,1.60078660439,32,95,false
L19_SEED_2,128,8,1825,0.00634307465728,1.60791826579,32,95,false
L19_SEED_2,128,8,1850,0.00619574646337,1.6149887253,32,95,false
L19_SEED_2,128,8,1875,0.00605316579601,1.62199958677,32,95,false
L19_SEED_2,128,8,1900,0.00591512659505,1.62895239693,32,95,false
L19_SEED_2,128,8,1925,0.00578143416722,1.6358486478,32,95,false
L19_SEED_2,128,8,1950,0.00565190442579,1.64268977912,32,95,false
L19_SEED_2,128,8,1975,0.00552636318997,1.64947718059,32,95,false
L19_SEED_2,128,8,2000,0.00540464553851,1.65621219405,32,95,false
L19_SEED_2,128,12,0,3.51747304515,3.53146787034,4,17,false
L19_SEED_2,128,12,25,1.25891122136,1.57353916459,26,90,false
L19_SEED_2,128,12,50,0.656475567029,1.26073788541,27,93,false
L19_SEED_2,128,12,75,0.427994047658,1.1881329364,29,93,false
L19_SEED_2,128,12,100,0.312979679608,1.15323413883,31,87,true
L19_SEED_2,128,12,125,0.24413339263,1.16042620355,31,86,false
L19_SEED_2,128,12,150,0.198481948969,1.18139911049,32,81,false
L19_SEED_2,128,12,175,0.166146694194,1.20775231255,32,80,false
L19_SEED_2,128,12,200,0.142148230089,1.23729167549,32,80,false
L19_SEED_2,128,12,225,0.123696207532,1.26799495998,32,80,false
L19_SEED_2,128,12,250,0.109108711676,1.29896272789,32,80,false
L19_SEED_2,128,12,275,0.0973141704686,1.32967124026,32,80,false
L19_SEED_2,128,12,300,0.0875990726719,1.35983971683,32,80,false
L19_SEED_2,128,12,325,0.0794708809836,1.38930846813,32,79,false
L19_SEED_2,128,12,350,0.0725792274911,1.41799734375,32,79,false
L19_SEED_2,128,12,375,0.066668458329,1.44587342855,32,78,false
L19_SEED_2,128,12,400,0.0615479162224,1.47293277277,32,78,false
L19_SEED_2,128,12,425,0.0570726986684,1.4991887294,32,78,false
L19_SEED_2,128,12,450,0.0531308342012,1.52466465858,32,78,false
L19_SEED_2,128,12,475,0.0496345180819,1.54938934091,32,78,false
L19_SEED_2,128,12,500,0.0465139882018,1.57339408507,32,78,false
L19_SEED_2,128,12,525,0.0437131609844,1.5967109394,32,77,false
L19_SEED_2,128,12,550,0.0411864665139,1.61937161278,32,77,false
L19_SEED_2,128,12,575,0.0388965169702,1.64140685634,32,77,false
L19_SEED_2,128,12,600,0.0368123644159,1.66284614172,32,77,false
L19_SEED_2,128,12,625,0.0349081821049,1.68371752749,32,77,false
L19_SEED_2,128,12,650,0.0331622545868,1.70404764134,32,77,false
L19_SEED_2,128,12,675,0.0315561959562,1.72386172951,32,77,false
L19_SEED_2,128,12,700,0.030074338709,1.7431837408,32,77,false
L19_SEED_2,128,12,725,0.0287032516,1.7620364235,32,77,false
L19_SEED_2,128,12,750,0.0274313560413,1.7804414213,32,77,false
L19_SEED_2,128,12,775,0.0262486184812,1.79841935972,32,77,false
L19_SEED_2,128,12,800,0.0251463018814,1.81598991883,32,77,false
L19_SEED_2,128,12,825,0.0241167635301,1.8331718907,32,77,false
L19_SEED_2,128,12,850,0.0231532894625,1.84998322228,32,76,false
L19_SEED_2,128,12,875,0.0222499580078,1.86644104579,32,76,false
L19_SEED_2,128,12,900,0.0214015266671,1.88256169921,32,76,false
L19_SEED_2,128,12,925,0.0206033378026,1.89836074025,32,76,false
L19_SEED_2,128,12,950,0.019851239588,1.91385295638,32,76,false
L19_SEED_2,128,12,975,0.0191415194149,1.92905237394,32,76,false
L19_SEED_2,128,12,1000,0.0184708475244,1.94397226806,32,76,false
L19_SEED_2,128,12,1025,0.0178362290801,1.95862517525,32,76,false
L19_SEED_2,128,12,1050,0.0172349632465,1.97302290943,32,76,false
L19_SEED_2,128,12,1075,0.0166646081109,1.98717658191,32,77,false
L19_SEED_2,128,12,1100,0.0161229505015,2.00109662539,32,77,false
L19_SEED_2,128,12,1125,0.0156079799285,2.01479282171,32,77,false
L19_SEED_2,128,12,1150,0.0151178660085,2.02827433277,32,77,false
L19_SEED_2,128,12,1175,0.0146509388441,2.04154973411,32,77,false
L19_SEED_2,128,12,1200,0.0142056719215,2.05462705035,32,77,false
L19_SEED_2,128,12,1225,0.0137806671553,2.06751379178,32,77,false
L19_SEED_2,128,12,1250,0.0133746417763,2.08021699146,32,77,false
L19_SEED_2,128,12,1275,0.0129864168007,2.09274324209,32,77,false
L19_SEED_2,128,12,1300,0.012614906861,2.10509873213,32,77,false
L19_SEED_2,128,12,1325,0.0122591112158,2.11728928063,32,77,false
L19_SEED_2,128,12,1350,0.0119181057779,2.12932037035,32,77,false
L19_SEED_2,128,12,1375,0.0115910360278,2.14119717886,32,77,false
L19_SEED_2,128,12,1400,0.0112771106982,2.15292460737,32,77,false
L19_SEED_2,128,12,1425,0.0109755961314,2.16450730707,32,77,false
L19_SEED_2,128,12,1450,0.0106858112265,2.175949703,32,77,false
L19_SEED_2,128,12,1475,0.0104071229031,2.18725601542,32,77,false
L19_SEED_2,128,12,1500,0.0101389420219,2.19843027866,32,77,false
L19_SEED_2,128,12,1525,0.00988071970732,2.20947635766,32,77,false
L19_SEED_2,128,12,1550,0.00963194402672,2.22039796236,32,77,false
L19_SEED_2,128,12,1575,0.00939213698701,2.23119866,32,77,false
L19_SEED_2,128,12,1600,0.00916085181283,2.24188188576,32,77,false
L19_SEED_2,128,12,1625,0.00893767047709,2.25245095167,32,77,false
L19_SEED_2,128,12,1650,0.00872220145686,2.26290905428,32,77,false
L19_SEED_2,128,12,1675,0.00851407769159,2.27325928109,32,77,false
L19_SEED_2,128,12,1700,0.00831295472306,2.28350461606,32,77,false
L19_SEED_2,128,12,1725,0.00811850899892,2.29364794432,32,77,false
L19_SEED_2,128,12,1750,0.00793043632379,2.30369205619,32,77,false
L19_SEED_2,128,12,1775,0.00774845044351,2.31363965082,32,77,false
L19_SEED_2,128,12,1800,0.00757228174977,2.32349333929,32,77,false
L19_SEED_2,128,12,1825,0.00740167609373,2.33325564754,32,77,false
L19_SEED_2,128,12,1850,0.00723639369836,2.34292901903,32,77,false
L19_SEED_2,128,12,1875,0.00707620816029,2.35251581725,32,77,false
L19_SEED_2,128,12,1900,0.00692090553292,2.36201832813,32,77,false
L19_SEED_2,128,12,1925,0.00677028348341,2.37143876236,32,77,false
L19_SEED_2,128,12,1950,0.00662415051676,2.38077925768,32,77,false
L19_SEED_2,128,12,1975,0.00648232526103,2.39004188111,32,77,false
L19_SEED_2,128,12,2000,0.00634463580818,2.39922863118,32,77,false
L19_SEED_2,128,16,0,3.50142315742,3.52739676778,1,4,false
L19_SEED_2,128,16,25,1.22792505188,1.7118000516,26,87,false
L19_SEED_2,128,16,50,0.651240961026,1.48116449187,28,85,false
L19_SEED_2,128,16,75,0.439712349772,1.44353980673,30,74,false
L19_SEED_2,128,16,100,0.33007964958,1.44309369069,31,79,true
L19_SEED_2,128,16,125,0.261743034703,1.46831135984,31,80,false
L19_SEED_2,128,16,150,0.214902905068,1.50329984505,31,79,false
L19_SEED_2,128,16,175,0.181010440141,1.54223573281,32,73,false
L19_SEED_2,128,16,200,0.155532997048,1.58238708324,32,72,false
L19_SEED_2,128,16,225,0.135800170625,1.62254067519,32,72,false
L19_SEED_2,128,16,250,0.120137256959,1.66201442521,32,72,false
L19_SEED_2,128,16,275,0.10744622344,1.70046741354,32,72,false
L19_SEED_2,128,16,300,0.0969813534996,1.73771683299,32,72,false
L19_SEED_2,128,16,325,0.0882210558928,1.77369664801,32,72,false
L19_SEED_2,128,16,350,0.0807911164774,1.80840353974,32,72,false
L19_SEED_2,128,16,375,0.0744170207888,1.84187150417,32,72,false
L19_SEED_2,128,16,400,0.0688934004798,1.87415394223,32,72,false
L19_SEED_2,128,16,425,0.0640639143769,1.90531314024,32,72,false
L19_SEED_2,128,16,450,0.0598076764209,1.93541401347,32,72,false
L19_SEED_2,128,16,475,0.0560298990552,1.96452042108,32,72,false
L19_SEED_2,128,16,500,0.0526553149775,1.99269313072,32,72,false
L19_SEED_2,128,16,525,0.0496234692894,2.01998878748,32,72,false
L19_SEED_2,128,16,550,0.0468852953349,2.04645950176,32,72,false
L19_SEED_2,128,16,575,0.0444005872329,2.0721528142,32,72,false
L19_SEED_2,128,16,600,0.0421361089723,2.09711188736,32,72,false
L19_SEED_2,128,16,625,0.0400641621613,2.12137582963,32,72,false
L19_SEED_2,128,16,650,0.0381614887969,2.14498009161,32,72,false
L19_SEED_2,128,16,675,0.0364084218679,2.16795689578,32,72,false
L19_SEED_2,128,16,700,0.0347882214682,2.1903356728,32,72,false
L19_SEED_2,128,16,725,0.0332865512969,2.21214348538,32,72,false
L19_SEED_2,128,16,750,0.0318910624937,2.23340542498,32,72,false
L19_SEED_2,128,16,775,0.0305910603166,2.25414496982,32,72,false
L19_SEED_2,128,16,800,0.0293772353206,2.27438429544,32,72,false
L19_SEED_2,128,16,825,0.0282414451545,2.29414453166,32,72,false
L19_SEED_2,128,16,850,0.0271765363657,2.31344596314,32,73,false
L19_SEED_2,128,16,875,0.0261761980262,2.33230817418,32,73,false
L19_SEED_2,128,16,900,0.0252348408111,2.35075014183,32,73,false
L19_SEED_2,128,16,925,0.0243474965434,2.36879028458,32,73,false
L19_SEED_2,128,16,950,0.0235097342725,2.38644647575,32,73,false
L19_SEED_2,128,16,975,0.0227175897773,2.40373603215,32,73,false
L19_SEED_2,128,16,1000,0.0219675060242,2.42067568808,32,73,false
L19_SEED_2,128,16,1025,0.0212562826091,2.43728156366,32,73,false
L19_SEED_2,128,16,1050,0.0205810326117,2.45356913465,32,73,false
L19_SEED_2,128,16,1075,0.0199391455958,2.46955320865,32,73,false
L19_SEED_2,128,16,1100,0.0193282557374,2.48524791034,32,73,false
L19_SEED_2,128,16,1125,0.0187462142521,2.50066667672,32,73,false
L19_SEED_2,128,16,1150,0.0181910654501,2.51582226193,32,73,false
L19_SEED_2,128,16,1175,0.0176610258623,2.53072675015,32,73,false
L19_SEED_2,128,16,1200,0.0171544659852,2.54539157508,32,73,false
L19_SEED_2,128,16,1225,0.0166698942633,2.55982754404,32,73,false
L19_SEED_2,128,16,1250,0.0162059429961,2.57404486514,32,73,false
L19_SEED_2,128,16,1275,0.0157613559036,2.58805317607,32,73,false
L19_SEED_2,128,16,1300,0.0153349771304,2.6018615736,32,73,false
L19_SEED_2,128,16,1325,0.0149257414973,2.61547864291,32,73,false
L19_SEED_2,128,16,1350,0.0145326658428,2.62891248634,32,73,false
L19_SEED_2,128,16,1375,0.0141548413172,2.64217075117,32,73,false
L19_SEED_2,128,16,1400,0.0137914265108,2.65526065643,32,73,false
L19_SEED_2,128,16,1425,0.0134416413171,2.66818901835,32,73,false
L19_SEED_2,128,16,1450,0.0131047614421,2.68096227482,32,73,false
L19_SEED_2,128,16,1475,0.0127801134841,2.69358650848,32,73,false
L19_SEED_2,128,16,1500,0.0124670705183,2.70606746881,32,73,false
L19_SEED_2,128,16,1525,0.0121650481286,2.71841059292,32,73,false
L19_SEED_2,128,16,1550,0.0118735008348,2.73062102538,32,73,false
L19_SEED_2,128,16,1575,0.0115919188727,2.74270363681,32,73,false
L19_SEED_2,128,16,1600,0.0113198252869,2.75466304156,32,73,false
L19_SEED_2,128,16,1625,0.0110567733026,2.76650361425,32,73,false
L19_SEED_2,128,16,1650,0.010802343946,2.77822950539,32,73,false
L19_SEED_2,128,16,1675,0.0105561438868,2.78984465598,32,73,false
L19_SEED_2,128,16,1700,0.0103178034796,2.80135281121,32,73,false
L19_SEED_2,128,16,1725,0.0100869749824,2.81275753327,32,73,false
L19_SEED_2,128,16,1750,0.00986333093558,2.82406221329,32,73,false
L19_SEED_2,128,16,1775,0.00964656268286,2.83527008247,32,73,false
L19_SEED_2,128,16,1800,0.00943637902165,2.84638422244,32,74,false
L19_SEED_2,128,16,1825,0.00923250496891,2.85740757493,32,74,false
L19_SEED_2,128,16,1850,0.00903468063145,2.86834295067,32,74,false
L19_SEED_2,128,16,1875,0.00884266017043,2.87919303776,32,74,false
L19_SEED_2,128,16,1900,0.00865621085099,2.88996040932,32,74,false
L19_SEED_2,128,16,1925,0.00847511216892,2.90064753072,32,74,false
L19_SEED_2,128,16,1950,0.00829915504721,2.91125676616,32,74,false
L19_SEED_2,128,16,1975,0.0081281410959,2.92179038482,32,74,false
L19_SEED_2,128,16,2000,0.00796188192947,2.93225056662,32,74,false
L19_SEED_2,128,19,0,3.48765673521,3.52428660736,1,2,false
L19_SEED_2,128,19,25,1.20789506753,1.84009733657,27,78,false
L19_SEED_2,128,19,50,0.653919394544,1.64880888718,29,82,false
L19_SEED_2,128,19,75,0.451830863255,1.64216066946,30,63,true
L19_SEED_2,128,19,100,0.344266475562,1.66138119606,31,65,false
L19_SEED_2,128,19,125,0.27575053849,1.70097662509,31,71,false
L19_SEED_2,128,19,150,0.228058105559,1.74730509536,31,70,false
L19_SEED_2,128,19,175,0.193137037213,1.79644284459,32,66,false
L19_SEED_2,128,19,200,0.166648720928,1.8458684378,32,69,false
L19_SEED_2,128,19,225,0.145994487702,1.89452168491,32,69,false
L19_SEED_2,128,19,250,0.129518417362,1.94189004718,32,69,false
L19_SEED_2,128,19,275,0.116119278777,1.98771130834,32,69,false
L19_SEED_2,128,19,300,0.105040155199,2.03188397248,32,68,false
L19_SEED_2,128,19,325,0.0957463887077,2.07439540566,32,68,false
L19_SEED_2,128,19,350,0.0878513460445,2.11528594658,32,68,false
L19_SEED_2,128,19,375,0.0810696152379,2.15462450804,32,68,false
L19_SEED_2,128,19,400,0.0751866133669,2.19249486652,32,68,false
L19_SEED_2,128,19,425,0.0700383444987,2.22898696231,32,68,false
L19_SEED_2,128,19,450,0.0654976125983,2.26419154502,32,68,false
L19_SEED_2,128,19,475,0.0614644402155,2.29819693989,32,68,false
L19_SEED_2,128,19,500,0.0578592874636,2.33108716558,32,68,false
L19_SEED_2,128,19,525,0.054618172442,2.36294090572,32,68,false
L19_SEED_2,128,19,550,0.0516891061327,2.39383101885,32,68,false
L19_SEED_2,128,19,575,0.0490294510726,2.4238243853,32,68,false
L19_SEED_2,128,19,600,0.0466039391374,2.45298196455,32,68,false
L19_SEED_2,128,19,625,0.0443831662031,2.48135898597,32,68,false
L19_SEED_2,128,19,650,0.0423424363077,2.50900522761,32,68,false
L19_SEED_2,128,19,675,0.0404608650297,2.53596535757,32,69,false
L19_SEED_2,128,19,700,0.0387206772641,2.56227932385,32,69,false
L19_SEED_2,128,19,725,0.0371066523195,2.58798278423,32,70,false
L19_SEED_2,128,19,750,0.0356056817789,2.61310756926,32,70,false
L19_SEED_2,128,19,775,0.0342064145236,2.63768216966,32,70,false
L19_SEED_2,128,19,800,0.0328989697834,2.66173223651,32,70,false
L19_SEED_2,128,19,825,0.0316747037899,2.68528107864,32,69,false
L19_SEED_2,128,19,850,0.030526019056,2.7083501384,32,69,false
L19_SEED_2,128,19,875,0.0294462078337,2.73095942571,32,69,false
L19_SEED_2,128,19,900,0.0284293231543,2.75312789127,32,69,false
L19_SEED_2,128,19,925,0.0274700722237,2.77487372442,32,69,false
L19_SEED_2,128,19,950,0.0265637279639,2.79621456737,32,69,false
L19_SEED_2,128,19,975,0.0257060552726,2.81716764657,32,69,false
L19_SEED_2,128,19,1000,0.0248932491999,2.83774982925,32,69,false
L19_SEED_2,128,19,1025,0.0241218827546,2.85797762022,32,69,false
L19_SEED_2,128,19,1050,0.0233888624916,2.87786711702,32,69,false
L19_SEED_2,128,19,1075,0.0226913904098,2.89743394209,32,69,false
L19_SEED_2,128,19,1100,0.0220269309987,2.91669316835,32,69,false
L19_SEED_2,128,19,1125,0.0213931825342,2.93565925053,32,69,false
L19_SEED_2,128,19,1150,0.0207880519251,2.95434597033,32,69,false
L19_SEED_2,128,19,1175,0.0202096325687,2.97276639933,32,69,false
L19_SEED_2,128,19,1200,0.0196561847903,2.99093288048,32,69,false
L19_SEED_2,128,19,1225,0.0191261185257,3.00885702667,32,69,false
L19_SEED_2,128,19,1250,0.018617977969,3.02654973372,32,69,false
L19_SEED_2,128,19,1275,0.0181304279483,3.04402120485,32,69,false
L19_SEED_2,128,19,1300,0.0176622418315,3.06128098328,32,69,false
L19_SEED_2,128,19,1325,0.0172122907818,3.07833799028,32,69,false
L19_SEED_2,128,19,1350,0.016779534211,3.09520056622,32,69,false
L19_SEED_2,128,19,1375,0.0163630112898,3.1118765126,32,69,false
L19_SEED_2,128,19,1400,0.0159618333933,3.12837313378,32,69,false
L19_SEED_2,128,19,1425,0.0155751773714,3.14469727721,32,69,false
L19_SEED_2,128,19,1450,0.0152022795485,3.16085537139,32,69,false
L19_SEED_2,128,19,1475,0.0148424303646,3.17685346133,32,69,false
L19_SEED_2,128,19,1500,0.0144949695837,3.19269724108,32,69,false
L19_SEED_2,128,19,1525,0.0141592820024,3.2083920834,32,69,false
L19_SEED_2,128,19,1550,0.0138347935995,3.22394306663,32,67,false
L19_SEED_2,128,19,1575,0.0135209680767,3.23935499881,32,67,false
L19_SEED_2,128,19,1600,0.0132173037441,3.25463243937,32,67,false
L19_SEED_2,128,19,1625,0.0129233307118,3.26977971846,32,67,false
L19_SEED_2,128,19,1650,0.0126386083538,3.28480095434,32,67,false
L19_SEED_2,128,19,1675,0.0123627230126,3.29970006884,32,67,false
L19_SEED_2,128,19,1700,0.0120952859197,3.31448080119,32,67,false
L19_SEED_2,128,19,1725,0.0118359313073,3.32914672052,32,67,false
L19_SEED_2,128,19,1750,0.0115843146915,3.343701237,32,67,false
L19_SEED_2,128,19,1775,0.0113401113095,3.35814761195,32,67,false
L19_SEED_2,128,19,1800,0.0111030146939,3.37248896696,32,67,false
L19_SEED_2,128,19,1825,0.0108727353707,3.38672829219,32,67,false
L19_SEED_2,128,19,1850,0.0106489996688,3.40086845394,32,67,false
L19_SEED_2,128,19,1875,0.0104315486292,3.41491220159,32,67,false
L19_SEED_2,128,19,1900,0.010220137005,3.42886217398,32,67,false
L19_SEED_2,128,19,1925,0.0100145323432,3.44272090525,32,67,false
L19_SEED_2,128,19,1950,0.00981451414033,3.45649083035,32,67,false
L19_SEED_2,128,19,1975,0.00961987306494,3.47017429005,32,67,false
L19_SEED_2,128,19,2000,0.00943041024164,3.48377353566,32,67,false
L19_SEED_2,128,20,0,3.48748419871,3.52549327015,1,2,false
L19_SEED_2,128,20,25,1.20826966287,1.83472451744,27,78,false
L19_SEED_2,128,20,50,0.652028978145,1.64141529929,29,82,false
L19_SEED_2,128,20,75,0.448276967752,1.63082784394,30,64,true
L19_SEED_2,128,20,100,0.340232349519,1.65032197749,31,65,false
L19_SEED_2,128,20,125,0.271772559067,1.6911839998,31,71,false
L19_SEED_2,128,20,150,0.224337138829,1.73920502419,31,71,false
L19_SEED_2,128,20,175,0.189741161321,1.78998006787,32,68,false
L19_SEED_2,128,20,200,0.163582632919,1.84088366426,32,69,false
L19_SEED_2,128,20,225,0.143235147176,1.89083446676,32,69,false
L19_SEED_2,128,20,250,0.127033193922,1.93932045434,32,69,false
L19_SEED_2,128,20,275,0.113874502353,1.9860984012,32,69,false
L19_SEED_2,128,20,300,0.1030047055,2.03108696947,32,68,false
L19_SEED_2,128,20,325,0.0938928830813,2.07429574234,32,68,false
L19_SEED_2,128,20,350,0.0861562462357,2.11578565328,32,68,false
L19_SEED_2,128,20,375,0.0795128990308,2.15564356043,32,68,false
L19_SEED_2,128,20,400,0.0737513112381,2.19396818549,32,68,false
L19_SEED_2,128,20,425,0.0687100717554,2.23086153208,32,68,false
L19_SEED_2,128,20,450,0.0642641474201,2.26642392081,32,68,false
L19_SEED_2,128,20,475,0.0603153618684,2.30075120156,32,68,false
L19_SEED_2,128,20,500,0.0567856736768,2.33393328873,32,68,false
L19_SEED_2,128,20,525,0.0536123492811,2.36605349048,32,68,false
L19_SEED_2,128,20,550,0.0507444423035,2.39718831042,32,68,false
L19_SEED_2,128,20,575,0.0481401889496,2.42740752627,32,68,false
L19_SEED_2,128,20,600,0.0457650557879,2.45677442856,32,68,false
L19_SEED_2,128,20,625,0.0435902587825,2.48534615183,32,68,false
L19_SEED_2,128,20,650,0.0415916272291,2.5131740613,32,68,false
L19_SEED_2,128,20,675,0.0397487232012,2.5403041762,32,69,false
L19_SEED_2,128,20,700,0.038044152433,2.56677762103,32,69,false
L19_SEED_2,128,20,725,0.0364630201698,2.59263110058,32,70,false
L19_SEED_2,128,20,750,0.0349924979219,2.6178973948,32,70,false
L19_SEED_2,128,20,775,0.0336214759084,2.64260586738,32,70,false
L19_SEED_2,128,20,800,0.0323402823557,2.66678297808,32,70,false
L19_SEED_2,128,20,825,0.0311404554481,2.69045278483,32,70,false
L19_SEED_2,128,20,850,0.0300145571105,2.71363741814,32,69,false
L19_SEED_2,128,20,875,0.0289560202788,2.73635750965,32,69,false
L19_SEED_2,128,20,900,0.0279590231344,2.75863255774,32,69,false
L19_SEED_2,128,20,925,0.0270183851272,2.78048121791,32,69,false
L19_SEED_2,128,20,950,0.0261294806285,2.80192151217,32,69,false
L19_SEED_2,128,20,975,0.0252881668451,2.82297095944,32,69,false
L19_SEED_2,128,20,1000,0.0244907232586,2.84364663595,32,69,false
L19_SEED_2,128,20,1025,0.0237338003778,2.86396518036,32,69,false
L19_SEED_2,128,20,1050,0.0230143760327,2.88394276047,32,69,false
L19_SEED_2,128,20,1075,0.0223297178052,2.90359501887,32,69,false
L19_SEED_2,128,20,1100,0.0216773504975,2.92293701211,32,69,false
L19_SEED_2,128,20,1125,0.0210550277831,2.94198315466,32,69,false
L19_SEED_2,128,20,1150,0.0204607073711,2.96074717503,32,69,false
L19_SEED_2,128,20,1175,0.0198925291658,2.97924208746,32,69,false
L19_SEED_2,128,20,1200,0.0193487960034,2.99748018001,32,69,false
L19_SEED_2,128,20,1225,0.0188279566294,3.01547301793,32,69,false
L19_SEED_2,128,20,1250,0.018328590638,3.03323145982,32,69,false
L19_SEED_2,128,20,1275,0.0178493951331,3.05076568385,32,69,false
L19_SEED_2,128,20,1300,0.0173891729083,3.06808522118,32,69,false
L19_SEED_2,128,20,1325,0.0169468219638,3.08519899394,32,69,false
L19_SEED_2,128,20,1350,0.0165213262038,3.10211535561,32,69,false
L19_SEED_2,128,20,1375,0.0161117471736,3.11884213209,32,69,false
L19_SEED_2,128,20,1400,0.0157172167115,3.13538666205,32,69,false
L19_SEED_2,128,20,1425,0.015336930409,3.15175583566,32,69,false
L19_SEED_2,128,20,1450,0.0149701417792,3.16795613114,32,67,false
L19_SEED_2,128,20,1475,0.0146161570515,3.18399364865,32,67,false
L19_SEED_2,128,20,1500,0.0142743305169,3.19987414145,32,67,false
L19_SEED_2,128,20,1525,0.0139440603579,3.21560304437,32,67,false
L19_SEED_2,128,20,1550,0.0136247849081,3.23118549945,32,67,false
L19_SEED_2,128,20,1575,0.0133159792891,3.24662637918,32,67,false
L19_SEED_2,128,20,1600,0.0130171523831,3.26193030731,32,67,false
L19_SEED_2,128,20,1625,0.0127278441022,3.27710167765,32,67,false
L19_SEED_2,128,20,1650,0.0124476229205,3.29214467076,32,67,false
L19_SEED_2,128,20,1675,0.0121760836413,3.30706326915,32,67,false
L19_SEED_2,128,20,1700,0.0119128453723,3.3218612708,32,67,false
L19_SEED_2,128,20,1725,0.0116575496878,3.33654230138,32,67,false
L19_SEED_2,128,20,1750,0.0114098589561,3.35110982536,32,67,false
L19_SEED_2,128,20,1775,0.0111694548172,3.36556715603,32,67,false
L19_SEED_2,128,20,1800,0.0109360367935,3.37991746459,32,67,false
L19_SEED_2,128,20,1825,0.0107093210206,3.39416378851,32,67,false
L19_SEED_2,128,20,1850,0.0104890390866,3.40830903917,32,67,false
L19_SEED_2,128,20,1875,0.0102749369688,3.42235600885,32,67,false
L19_SEED_2,128,20,1900,0.0100667740576,3.43630737723,32,67,false
L19_SEED_2,128,20,1925,0.00986432226099,3.45016571735,32,66,false
L19_SEED_2,128,20,1950,0.00966736518075,3.46393350121,32,66,false
L19_SEED_2,128,20,1975,0.00947569735344,3.47761310491,32,66,false
L19_SEED_2,128,20,2000,0.00928912355134,3.49120681351,32,66,false
L19_SEED_2,128,21,0,3.51430081381,3.55170030821,1,4,false
L19_SEED_2,128,21,25,1.23139014881,1.87309942992,26,80,false
L19_SEED_2,128,21,50,0.671890859749,1.72920039825,29,74,true
L19_SEED_2,128,21,75,0.474872158017,1.77195327603,29,73,false
L19_SEED_2,128,21,100,0.370611762033,1.81826702133,30,76,false
L19_SEED_2,128,21,125,0.302909395614,1.88052258953,31,65,false
L19_SEED_2,128,21,150,0.25479466681,1.94520859261,31,65,false
L19_SEED_2,128,21,175,0.218868222282,2.00988062778,31,65,false
L19_SEED_2,128,21,200,0.191150853613,2.07320595175,31,65,false
L19_SEED_2,128,21,225,0.16923013469,2.13442094195,31,66,false
L19_SEED_2,128,21,250,0.151538734333,2.19334491828,31,65,false
L19_SEED_2,128,21,275,0.137012646152,2.2500225582,31,65,false
L19_SEED_2,128,21,300,0.124906439146,2.30455135534,32,60,false
L19_SEED_2,128,21,325,0.114684605023,2.35705416491,32,61,false
L19_SEED_2,128,21,350,0.10595413879,2.40765957479,32,60,false
L19_SEED_2,128,21,375,0.0984211359021,2.45649128497,32,60,false
L19_SEED_2,128,21,400,0.0918620605288,2.5036646801,32,60,false
L19_SEED_2,128,21,425,0.0861042838603,2.54928640388,32,60,false
L19_SEED_2,128,21,450,0.0810126354409,2.59345520479,32,60,false
L19_SEED_2,128,21,475,0.0764799412162,2.63626309942,32,60,false
L19_SEED_2,128,21,500,0.0724202556193,2.6777963523,32,60,false
L19_SEED_2,128,21,525,0.068763945274,2.71813608917,32,59,false
L19_SEED_2,128,21,550,0.0654540651633,2.75735854087,32,59,false
L19_SEED_2,128,21,575,0.0624436502578,2.79553502854,32,59,false
L19_SEED_2,128,21,600,0.0596936649025,2.83273184079,32,59,false
L19_SEED_2,128,21,625,0.057171431517,2.86901013493,32,59,false
L19_SEED_2,128,21,650,0.0548494133956,2.90442594543,32,59,false
L19_SEED_2,128,21,675,0.0527042625032,2.93903032815,32,59,false
L19_SEED_2,128,21,700,0.0507160679307,2.97286962793,32,59,false
L19_SEED_2,128,21,725,0.0488677579083,3.0059858346,32,59,false
L19_SEED_2,128,21,750,0.0471446204353,3.03841698734,32,59,false
L19_SEED_2,128,21,775,0.0455339163177,3.07019759178,32,59,false
L19_SEED_2,128,21,800,0.0440245647531,3.1013590241,32,59,false
L19_SEED_2,128,21,825,0.0426068862812,3.13192990583,32,59,false
L19_SEED_2,128,21,850,0.0412723914038,3.16193644137,32,59,false
L19_SEED_2,128,21,875,0.0400136057964,3.19140271572,32,59,false
L19_SEED_2,128,21,900,0.0388239250153,3.22035095368,32,59,false
L19_SEED_2,128,21,925,0.0376974931235,3.24880174368,32,59,false
L19_SEED_2,128,21,950,0.0366291008149,3.27677423008,32,59,false
L19_SEED_2,128,21,975,0.0356140995235,3.30428627833,32,59,false
L19_SEED_2,128,21,1000,0.0346483286994,3.33135461662,32,59,false
L19_SEED_2,128,21,1025,0.0337280539845,3.3579949578,32,59,false
L19_SEED_2,128,21,1050,0.0328499144518,3.38422210445,32,59,false
L19_SEED_2,128,21,1075,0.032010877413,3.41005003977,32,59,false
L19_SEED_2,128,21,1100,0.0312081995742,3.43549200654,32,59,false
L19_SEED_2,128,21,1125,0.0304393935337,3.46056057578,32,58,false
L19_SEED_2,128,21,1150,0.0297021987941,3.48526770684,32,58,false
L19_SEED_2,128,21,1175,0.0289945566027,3.50962479999,32,58,false
L19_SEED_2,128,21,1200,0.0283145880466,3.53364274267,32,58,false
L19_SEED_2,128,21,1225,0.027660574927,3.55733195016,32,58,false
L19_SEED_2,128,21,1250,0.0270309430116,3.58070240158,32,58,false
L19_SEED_2,128,21,1275,0.0264242473297,3.60376367159,32,58,false
L19_SEED_2,128,21,1300,0.0258391592245,3.6265249587,32,58,false
L19_SEED_2,128,21,1325,0.0252744549252,3.64899511027,32,58,false
L19_SEED_2,128,21,1350,0.024729005432,3.67118264496,32,58,false
L19_SEED_2,128,21,1375,0.0242017675445,3.69309577275,32,58,false
L19_SEED_2,128,21,1400,0.0236917758827,3.71474241308,32,58,false
L19_SEED_2,128,21,1425,0.0231981357762,3.73613021114,32,58,false
L19_SEED_2,128,21,1450,0.0227200169126,3.75726655283,32,58,false
L19_SEED_2,128,21,1475,0.0222566476523,3.77815857842,32,58,false
L19_SEED_2,128,21,1500,0.0218073099295,3.79881319511,32,58,false
L19_SEED_2,128,21,1525,0.0213713346698,3.81923708878,32,58,false
L19_SEED_2,128,21,1550,0.0209480976657,3.83943673488,32,58,false
L19_SEED_2,128,21,1575,0.0205370158553,3.85941840873,32,58,false
L19_SEED_2,128,21,1600,0.0201375439617,3.87918819516,32,58,false
L19_SEED_2,128,21,1625,0.0197491714515,3.89875199769,32,58,false
L19_SEED_2,128,21,1650,0.0193714197786,3.91811554724,32,58,false
L19_SEED_2,128,21,1675,0.0190038398823,3.93728441038,32,58,false
L19_SEED_2,128,21,1700,0.0186460099137,3.95626399718,32,58,false
L19_SEED_2,128,21,1725,0.018297533166,3.97505956873,32,57,false
L19_SEED_2,128,21,1750,0.017958036188,3.99367624423,32,57,false
L19_SEED_2,128,21,1775,0.0176271670635,4.01211900777,32,57,false
L19_SEED_2,128,21,1800,0.0173045938379,4.03039271469,32,57,false
L19_SEED_2,128,21,1825,0.01699000308,4.04850209769,32,57,false
L19_SEED_2,128,21,1850,0.0166830985643,4.06645177247,32,57,false
L19_SEED_2,128,21,1875,0.0163836000632,4.08424624312,32,57,false
L19_SEED_2,128,21,1900,0.0160912422379,4.10188990714,32,57,false
L19_SEED_2,128,21,1925,0.0158057736199,4.11938706009,32,57,false
L19_SEED_2,128,21,1950,0.0155269556743,4.13674189996,32,57,false
L19_SEED_2,128,21,1975,0.0152545619364,4.15395853116,32,57,false
L19_SEED_2,128,21,2000,0.0149883772174,4.17104096823,32,57,false
L19_SEED_2,320,0,0,3.52460068248,3.52852282277,0,0,false
L19_SEED_2,320,0,25,1.08963451285,0.851565536759,28,144,false
L19_SEED_2,320,0,50,0.511552937569,0.285411669768,28,144,false
L19_SEED_2,320,0,75,0.376136581149,0.203910372243,28,144,false
L19_SEED_2,320,0,100,0.334043896869,0.16208069971,28,144,false
L19_SEED_2,320,0,125,0.314518352895,0.146121360218,28,144,false
L19_SEED_2,320,0,150,0.303259293145,0.135380810803,28,144,false
L19_SEED_2,320,0,175,0.295964812564,0.128759658254,28,144,false
L19_SEED_2,320,0,200,0.290889901364,0.12404411925,28,144,false
L19_SEED_2,320,0,225,0.28718089551,0.120595223691,28,144,false
L19_SEED_2,320,0,250,0.284368737147,0.117984848294,28,144,false
L19_SEED_2,320,0,275,0.282174527191,0.115944822284,28,144,false
L19_SEED_2,320,0,300,0.280422462277,0.114314092336,28,144,false
L19_SEED_2,320,0,325,0.278996544406,0.112986039381,28,144,false
L19_SEED_2,320,0,350,0.277817350899,0.111887162738,28,144,false
L19_SEED_2,320,0,375,0.276828806688,0.110965492498,28,144,false
L19_SEED_2,320,0,400,0.275990280829,0.110183354009,28,144,false
L19_SEED_2,320,0,425,0.275271671205,0.109512818651,28,144,false
L19_SEED_2,320,0,450,0.274650241969,0.108932773841,28,144,false
L19_SEED_2,320,0,475,0.274108528315,0.108426990643,28,144,false
L19_SEED_2,320,0,500,0.273632912544,0.107982807622,28,144,false
L19_SEED_2,320,0,525,0.273212634413,0.107590215046,28,144,false
L19_SEED_2,320,0,550,0.272839089497,0.107241204997,28,144,false
L19_SEED_2,320,0,575,0.272505322837,0.106929302034,28,144,false
L19_SEED_2,320,0,600,0.272205657614,0.106649218795,28,144,false
L19_SEED_2,320,0,625,0.271935418889,0.10639659962,28,144,false
L19_SEED_2,320,0,650,0.271690725348,0.106167827177,28,144,false
L19_SEED_2,320,0,675,0.271468330412,0.105959874867,28,144,false
L19_SEED_2,320,0,700,0.271265499669,0.105770192909,28,144,false
L19_SEED_2,320,0,725,0.271079915362,0.105596619541,28,144,false
L19_SEED_2,320,0,750,0.270909601265,0.105437311148,28,144,false
L19_SEED_2,320,0,775,0.270752863067,0.1052906868,28,144,false
L19_SEED_2,320,0,800,0.270608240697,0.105155383876,28,144,false
L19_SEED_2,320,0,825,0.270474469896,0.105030222297,28,144,false
L19_SEED_2,320,0,850,0.270350451028,0.104914175481,28,144,false
L19_SEED_2,320,0,875,0.270235223612,0.104806346617,28,144,false
L19_SEED_2,320,0,900,0.270127945371,0.104705949156,28,144,false
L19_SEED_2,320,0,925,0.270027874928,0.104612290677,28,144,false
L19_SEED_2,320,0,950,0.269934357405,0.104524759471,28,144,false
L19_SEED_2,320,0,975,0.269846812404,0.104442813334,28,144,false
L19_SEED_2,320,0,1000,0.269764723905,0.104365970152,28,144,false
L19_SEED_2,320,0,1025,0.269687631747,0.104293799952,28,144,false
L19_SEED_2,320,0,1050,0.269615124416,0.104225918178,28,144,false
L19_SEED_2,320,0,1075,0.269546832901,0.104161979959,28,144,false
L19_SEED_2,320,0,1100,0.26948242545,0.104101675222,28,144,false
L19_SEED_2,320,0,1125,0.269421603078,0.104044724487,28,144,false
L19_SEED_2,320,0,1150,0.269364095691,0.103990875268,28,144,false
L19_SEED_2,320,0,1175,0.269309658754,0.103939898949,28,144,false
L19_SEED_2,320,0,1200,0.269258070392,0.103891588084,28,144,false
L19_SEED_2,320,0,1225,0.26920912888,0.103845754053,28,144,false
L19_SEED_2,320,0,1250,0.269162650449,0.103802225015,28,144,false
L19_SEED_2,320,0,1275,0.269118467375,0.103760844119,28,144,false
L19_SEED_2,320,0,1300,0.269076426298,0.103721467941,28,144,false
L19_SEED_2,320,0,1325,0.269036386749,0.103683965103,28,144,false
L19_SEED_2,320,0,1350,0.268998219851,0.103648215061,28,144,false
L19_SEED_2,320,0,1375,0.268961807169,0.103614107035,28,144,false
L19_SEED_2,320,0,1400,0.268927039702,0.103581539059,28,144,false
L19_SEED_2,320,0,1425,0.268893816974,0.10355041714,28,144,false
L19_SEED_2,320,0,1450,0.268862046239,0.103520654511,28,144,false
L19_SEED_2,320,0,1475,0.268831641764,0.103492170961,28,144,false
L19_SEED_2,320,0,1500,0.268802524193,0.103464892245,28,144,false
L19_SEED_2,320,0,1525,0.268774619981,0.103438749546,28,144,false
L19_SEED_2,320,0,1550,0.268747860877,0.103413679003,28,144,false
L19_SEED_2,320,0,1575,0.268722183471,0.103389621279,28,144,false
L19_SEED_2,320,0,1600,0.268697528778,0.103366521177,28,144,false
L19_SEED_2,320,0,1625,0.268673841869,0.103344327294,28,144,false
L19_SEED_2,320,0,1650,0.268651071535,0.103322991704,28,144,false
L19_SEED_2,320,0,1675,0.268629169985,0.103302469681,28,144,false
L19_SEED_2,320,0,1700,0.268608092571,0.103282719435,28,144,false
L19_SEED_2,320,0,1725,0.268587797539,0.103263701887,28,144,false
L19_SEED_2,320,0,1750,0.268568245803,0.103245380453,28,144,false
L19_SEED_2,320,0,1775,0.268549400742,0.103227720853,28,144,false
L19_SEED_2,320,0,1800,0.268531228011,0.10321069094,28,144,false
L19_SEED_2,320,0,1825,0.26851369537,0.103194260534,28,144,false
L19_SEED_2,320,0,1850,0.268496772534,0.103178401282,28,144,false
L19_SEED_2,320,0,1875,0.268480431022,0.103163086525,28,144,false
L19_SEED_2,320,0,1900,0.268464644036,0.103148291173,28,144,false
L19_SEED_2,320,0,1925,0.268449386333,0.103133991595,28,144,false
L19_SEED_2,320,0,1950,0.268434634125,0.103120165519,28,144,false
L19_SEED_2,320,0,1975,0.268420364972,0.103106791934,28,144,false
L19_SEED_2,320,0,2000,0.26840655769,0.103093851008,28,144,true
L19_SEED_2,320,1,0,3.49080600918,3.50956627376,0,0,false
L19_SEED_2,320,1,25,1.18639840966,1.06797594185,28,141,false
L19_SEED_2,320,1,50,0.59144755993,0.44917928445,28,144,false
L19_SEED_2,320,1,75,0.401604440328,0.320063316984,29,139,false
L19_SEED_2,320,1,100,0.323661953304,0.263088631668,29,139,false
L19_SEED_2,320,1,125,0.281638094971,0.229749428758,29,139,false
L19_SEED_2,320,1,150,0.25425781079,0.214832015152,29,139,false
L19_SEED_2,320,1,175,0.234249757919,0.207140023859,29,139,false
L19_SEED_2,320,1,200,0.218539145735,0.203662536929,29,139,false
L19_SEED_2,320,1,225,0.205594322963,0.202912855037,29,139,true
L19_SEED_2,320,1,250,0.194556813392,0.203878104925,29,139,false
L19_SEED_2,320,1,275,0.184902727204,0.206030974394,29,139,false
L19_SEED_2,320,1,300,0.176292992897,0.209032657304,30,134,false
L19_SEED_2,320,1,325,0.168498508199,0.212668131797,30,134,false
L19_SEED_2,320,1,350,0.161358896637,0.216797181388,30,133,false
L19_SEED_2,320,1,375,0.154758499617,0.221322258942,30,133,false
L19_SEED_2,320,1,400,0.148611872304,0.226172256486,30,133,false
L19_SEED_2,320,1,425,0.142854626387,0.231293530288,30,133,false
L19_SEED_2,320,1,450,0.13743737158,0.236644370501,30,133,false
L19_SEED_2,320,1,475,0.132321558736,0.242191388033,30,133,false
L19_SEED_2,320,1,500,0.127476555822,0.247907094497,31,122,false
L19_SEED_2,320,1,525,0.122877548871,0.253768264342,31,122,false
L19_SEED_2,320,1,550,0.118504008254,0.259754803272,31,122,false
L19_SEED_2,320,1,575,0.114338560414,0.265848946101,32,115,false
L19_SEED_2,320,1,600,0.110366173497,0.272034693042,32,115,false
L19_SEED_2,320,1,625,0.106573601632,0.278297450828,32,115,false
L19_SEED_2,320,1,650,0.102949037078,0.284623861095,32,115,false
L19_SEED_2,320,1,675,0.0994819055507,0.291001777332,32,115,false
L19_SEED_2,320,1,700,0.0961627329917,0.297420318141,32,115,false
L19_SEED_2,320,1,725,0.0929830283549,0.303869911447,32,115,false
L19_SEED_2,320,1,750,0.0899351588318,0.310342268231,32,115,false
L19_SEED_2,320,1,775,0.0870122204469,0.316830271449,32,115,false
L19_SEED_2,320,1,800,0.0842079167261,0.323327806477,32,115,false
L19_SEED_2,320,1,825,0.0815164550743,0.329829574615,32,115,false
L19_SEED_2,320,1,850,0.0789324638167,0.336330923528,32,115,false
L19_SEED_2,320,1,875,0.0764509281072,0.342827711788,32,115,false
L19_SEED_2,320,1,900,0.0740671410424,0.349316210067,32,115,false
L19_SEED_2,320,1,925,0.0717766662688,0.35579303334,32,115,false
L19_SEED_2,320,1,950,0.0695753090341,0.362255095796,32,115,false
L19_SEED_2,320,1,975,0.0674590933909,0.368699580709,32,115,false
L19_SEED_2,320,1,1000,0.0654242438938,0.375123919354,32,115,false
L19_SEED_2,320,1,1025,0.0634671706018,0.381525774948,32,115,false
L19_SEED_2,320,1,1050,0.0615844565328,0.387903029143,32,114,false
L19_SEED_2,320,1,1075,0.0597728469555,0.394253769685,32,114,false
L19_SEED_2,320,1,1100,0.0580292400686,0.400576278538,32,114,false
L19_SEED_2,320,1,1125,0.0563506787423,0.406869020186,32,114,false
L19_SEED_2,320,1,1150,0.0547343430804,0.413130630048,32,113,false
L19_SEED_2,320,1,1175,0.053177543626,0.419359903052,32,113,false
L19_SEED_2,320,1,1200,0.0516777150832,0.425555782452,32,113,false
L19_SEED_2,320,1,1225,0.0502324104573,0.43171734898,32,113,false
L19_SEED_2,320,1,1250,0.0488392955449,0.437843810424,32,113,false
L19_SEED_2,320,1,1275,0.0474961437226,0.443934491685,32,113,false
L19_SEED_2,320,1,1300,0.0462008309958,0.449988825364,32,113,false
L19_SEED_2,320,1,1325,0.0449513312816,0.4560063429,32,113,false
L19_SEED_2,320,1,1350,0.0437457119034,0.461986666272,32,113,false
L19_SEED_2,320,1,1375,0.0425821292826,0.467929500255,32,113,false
L19_SEED_2,320,1,1400,0.0414588248156,0.473834625228,32,113,false
L19_SEED_2,320,1,1425,0.0403741209255,0.479701890499,32,112,false
L19_SEED_2,320,1,1450,0.0393264172825,0.485531208136,32,112,false
L19_SEED_2,320,1,1475,0.0383141871848,0.491322547268,32,112,false
L19_SEED_2,320,1,1500,0.0373359740947,0.497075928831,32,112,false
L19_SEED_2,320,1,1525,0.036390388325,0.502791420727,32,112,false
L19_SEED_2,320,1,1550,0.0354761038701,0.508469133368,32,112,false
L19_SEED_2,320,1,1575,0.0345918553772,0.514109215577,32,112,false
L19_SEED_2,320,1,1600,0.0337364352526,0.51971185082,32,112,false
L19_SEED_2,320,1,1625,0.0329086908996,0.525277253741,32,112,false
L19_SEED_2,320,1,1650,0.0321075220812,0.530805666982,32,112,false
L19_SEED_2,320,1,1675,0.0313318784057,0.536297358257,32,112,false
L19_SEED_2,320,1,1700,0.0305807569284,0.541752617668,32,112,false
L19_SEED_2,320,1,1725,0.029853199867,0.547171755243,32,112,false
L19_SEED_2,320,1,1750,0.0291482924241,0.552555098668,32,112,false
L19_SEED_2,320,1,1775,0.0284651607146,0.557902991218,32,112,false
L19_SEED_2,320,1,1800,0.0278029697923,0.563215789849,32,112,false
L19_SEED_2,320,1,1825,0.027160921772,0.568493863451,32,112,false
L19_SEED_2,320,1,1850,0.0265382540427,0.573737591251,32,112,false
L19_SEED_2,320,1,1875,0.0259342375693,0.578947361344,32,111,false
L19_SEED_2,320,1,1900,0.0253481752761,0.584123569352,32,111,false
L19_SEED_2,320,1,1925,0.0247794005115,0.589266617191,32,111,false
L19_SEED_2,320,1,1950,0.024227275588,0.594376911955,32,111,false
L19_SEED_2,320,1,1975,0.0236911903948,0.59945486488,32,111,false
L19_SEED_2,320,1,2000,0.0231705610796,0.604500890411,32,111,false
L19_SEED_2,320,2,0,3.49600812323,3.50903354763,4,18,false
L19_SEED_2,320,2,25,1.22355244231,1.17775279621,25,118,false
L19_SEED_2,320,2,50,0.617742617214,0.531479732592,28,142,false
L19_SEED_2,320,2,75,0.417708683942,0.392760131172,28,142,false
L19_SEED_2,320,2,100,0.327554612055,0.336481371945,29,137,false
L19_SEED_2,320,2,125,0.277163236887,0.296488560027,29,137,false
L19_SEED_2,320,2,150,0.243498648902,0.278572113554,30,132,false
L19_SEED_2,320,2,175,0.218505368416,0.269286690128,30,132,false
L19_SEED_2,320,2,200,0.198731467761,0.265448584137,30,132,false
L19_SEED_2,320,2,225,0.18242598367,0.265110678201,31,126,true
L19_SEED_2,320,2,250,0.168592791752,0.267118111569,31,127,false
L19_SEED_2,320,2,275,0.15661554683,0.270805600906,31,127,false
L19_SEED_2,320,2,300,0.146087623626,0.275723429851,31,127,false
L19_SEED_2,320,2,325,0.13672670468,0.281568954922,31,127,false
L19_SEED_2,320,2,350,0.128328421829,0.288130607407,31,127,false
L19_SEED_2,320,2,375,0.120739599256,0.295254704588,31,127,false
L19_SEED_2,320,2,400,0.113842018014,0.302826577156,31,127,false
L19_SEED_2,320,2,425,0.107542147166,0.310758403771,31,126,false
L19_SEED_2,320,2,450,0.10176441638,0.318981214717,32,114,false
L19_SEED_2,320,2,475,0.0964466728033,0.327439604153,32,114,false
L19_SEED_2,320,2,500,0.0915370295222,0.336088175984,32,114,false
L19_SEED_2,320,2,525,0.0869916250007,0.34488912191,32,114,false
L19_SEED_2,320,2,550,0.0827729925249,0.353810549569,32,114,false
L19_SEED_2,320,2,575,0.0788488462539,0.362825307225,32,114,false
L19_SEED_2,320,2,600,0.0751911572084,0.371910134573,32,113,false
L19_SEED_2,320,2,625,0.071775435161,0.381045026297,32,113,false
L19_SEED_2,320,2,650,0.0685801600989,0.390212735159,32,113,false
L19_SEED_2,320,2,675,0.0655863250343,0.399398369283,32,112,false
L19_SEED_2,320,2,700,0.0627770637483,0.408589056845,32,112,false
L19_SEED_2,320,2,725,0.0601373447433,0.41777366267,32,112,false
L19_SEED_2,320,2,750,0.0576537177172,0.426942547518,32,111,false
L19_SEED_2,320,2,775,0.0553141022499,0.436087363781,32,111,false
L19_SEED_2,320,2,800,0.0531076107177,0.445200882648,32,111,false
L19_SEED_2,320,2,825,0.0510243991418,0.454276848228,32,111,false
L19_SEED_2,320,2,850,0.0490555409342,0.463309854487,32,111,false
L19_SEED_2,320,2,875,0.0471929194896,0.47229524116,32,111,false
L19_SEED_2,320,2,900,0.0454291363427,0.481229005265,32,111,false
L19_SEED_2,320,2,925,0.0437574322343,0.490107725314,32,111,false
L19_SEED_2,320,2,950,0.0421716189255,0.49892849587,32,111,false
L19_SEED_2,320,2,975,0.0406660200059,0.507688870517,32,111,false
L19_SEED_2,320,2,1000,0.0392354192619,0.516386811751,32,111,false
L19_SEED_2,320,2,1025,0.0378750154343,0.525020646633,32,111,false
L19_SEED_2,320,2,1050,0.0365803824036,0.533589027302,32,111,false
L19_SEED_2,320,2,1075,0.0353474340107,0.542090895647,32,111,false
L19_SEED_2,320,2,1100,0.0341723928569,0.550525451603,32,111,false
L19_SEED_2,320,2,1125,0.0330517625372,0.558892124626,32,110,false
L19_SEED_2,320,2,1150,0.031982302851,0.567190548001,32,110,false
L19_SEED_2,320,2,1175,0.0309610076044,0.575420535687,32,110,false
L19_SEED_2,320,2,1200,0.029985084682,0.583582061447,32,110,false
L19_SEED_2,320,2,1225,0.0290519381094,0.591675240043,32,110,false
L19_SEED_2,320,2,1250,0.0281591518733,0.599700310299,32,110,false
L19_SEED_2,320,2,1275,0.027304475294,0.607657619869,32,110,false
L19_SEED_2,320,2,1300,0.0264858097774,0.615547611536,32,110,false
L19_SEED_2,320,2,1325,0.0257011967946,0.623370810912,32,110,false
L19_SEED_2,320,2,1350,0.0249488069563,0.631127815396,32,110,false
L19_SEED_2,320,2,1375,0.0242269300676,0.638819284281,32,110,false
L19_SEED_2,320,2,1400,0.0235339660624,0.646445929898,32,110,false
L19_SEED_2,320,2,1425,0.0228684167271,0.654008509684,32,110,false
L19_SEED_2,320,2,1450,0.0222288781362,0.661507819108,32,110,false
L19_SEED_2,320,2,1475,0.0216140337295,0.668944685345,32,110,false
L19_SEED_2,320,2,1500,0.02102264797,0.676319961644,32,110,false
L19_SEED_2,320,2,1525,0.0204535605255,0.683634522308,32,110,false
L19_SEED_2,320,2,1550,0.0199056809279,0.690889258233,32,110,false
L19_SEED_2,320,2,1575,0.0193779836628,0.698085072945,32,110,false
L19_SEED_2,320,2,1600,0.0188695036533,0.705222879083,32,110,false
L19_SEED_2,320,2,1625,0.0183793321001,0.71230359529,32,110,false
L19_SEED_2,320,2,1650,0.0179066126479,0.719328143459,32,110,false
L19_SEED_2,320,2,1675,0.0174505378487,0.726297446312,32,110,false
L19_SEED_2,320,2,1700,0.0170103458962,0.733212425262,32,110,false
L19_SEED_2,320,2,1725,0.0165853176085,0.740073998541,32,110,false
L19_SEED_2,320,2,1750,0.0161747736374,0.74688307956,32,110,false
L19_SEED_2,320,2,1775,0.0157780718857,0.753640575478,32,110,false
L19_SEED_2,320,2,1800,0.0153946051153,0.76034738596,32,110,false
L19_SEED_2,320,2,1825,0.0150237987292,0.767004402104,32,110,false
L19_SEED_2,320,2,1850,0.0146651087154,0.773612505511,32,110,false
L19_SEED_2,320,2,1875,0.0143180197372,0.780172567498,32,110,false
L19_SEED_2,320,2,1900,0.0139820433597,0.786685448425,32,110,false
L19_SEED_2,320,2,1925,0.0136567164014,0.793151997132,32,110,false
L19_SEED_2,320,2,1950,0.0133415994008,0.799573050466,32,109,false
L19_SEED_2,320,2,1975,0.0130362751886,0.805949432905,32,109,false
L19_SEED_2,320,2,2000,0.0127403475592,0.812281956239,32,109,false
L19_SEED_2,320,3,0,3.48809266874,3.49082675103,4,16,false
L19_SEED_2,320,3,25,1.3120800367,1.28185341867,27,127,false
L19_SEED_2,320,3,50,0.678026758671,0.673842065141,27,132,false
L19_SEED_2,320,3,75,0.444756411776,0.523410358696,29,133,false
L19_SEED_2,320,3,100,0.336327374227,0.436825133999,30,128,false
L19_SEED_2,320,3,125,0.274270245649,0.400416720012,30,129,false
L19_SEED_2,320,3,150,0.233504312283,0.379482435221,31,123,false
L19_SEED_2,320,3,175,0.2042428741,0.369057419452,31,123,false
L19_SEED_2,320,3,200,0.181953615301,0.364978295494,31,123,false
L19_SEED_2,320,3,225,0.164242911336,0.364896715316,31,124,true
L19_SEED_2,320,3,250,0.149720719915,0.367536257938,31,124,false
L19_SEED_2,320,3,275,0.137521232018,0.372091263771,31,125,false
L19_SEED_2,320,3,300,0.127075355738,0.378042880614,31,124,false
L19_SEED_2,320,3,325,0.117992731505,0.385042556493,31,124,false
L19_SEED_2,320,3,350,0.109996191204,0.392846371848,31,122,false
L19_SEED_2,320,3,375,0.102883240713,0.401277596107,31,123,false
L19_SEED_2,320,3,400,0.0965023199844,0.410204351063,32,112,false
L19_SEED_2,320,3,425,0.0907375667008,0.419525306641,32,112,false
L19_SEED_2,320,3,450,0.0854987019376,0.42916041118,32,110,false
L19_SEED_2,320,3,475,0.080714130397,0.439044741897,32,109,false
L19_SEED_2,320,3,500,0.0763261310745,0.44912438603,32,109,false
L19_SEED_2,320,3,525,0.0722874471515,0.459353684163,32,109,false
L19_SEED_2,320,3,550,0.0685588334573,0.469693385094,32,109,false
L19_SEED_2,320,3,575,0.0651072702173,0.48010940346,32,109,false
L19_SEED_2,320,3,600,0.0619046463614,0.490571968466,32,109,false
L19_SEED_2,320,3,625,0.058926777254,0.501055020891,32,109,false
L19_SEED_2,320,3,650,0.0561526628832,0.511535764706,32,109,false
L19_SEED_2,320,3,675,0.0535639205605,0.521994313845,32,107,false
L19_SEED_2,320,3,700,0.051144345476,0.532413397738,32,107,false
L19_SEED_2,320,3,725,0.0488795658501,0.542778104202,32,107,false
L19_SEED_2,320,3,750,0.0467567687902,0.553075647749,32,107,false
L19_SEED_2,320,3,775,0.0447644795598,0.56329515697,32,107,false
L19_SEED_2,320,3,800,0.0428923816414,0.573427477955,32,107,false
L19_SEED_2,320,3,825,0.0411311683096,0.583464992428,32,107,false
L19_SEED_2,320,3,850,0.039472418829,0.593401450122,32,107,false
L19_SEED_2,320,3,875,0.0379084941268,0.603231815212,32,107,false
L19_SEED_2,320,3,900,0.0364324480501,0.612952126624,32,107,false
L19_SEED_2,320,3,925,0.0350379512477,0.622559371892,32,107,false
L19_SEED_2,320,3,950,0.033719225396,0.632051374019,32,107,false
L19_SEED_2,320,3,975,0.0324709859973,0.641426690567,32,107,false
L19_SEED_2,320,3,1000,0.0312883923542,0.65068452402,32,107,false
L19_SEED_2,320,3,1025,0.0301670036107,0.659824642314,32,107,false
L19_SEED_2,320,3,1050,0.0291027399635,0.668847308345,32,107,false
L19_SEED_2,320,3,1075,0.0280918483107,0.677753217273,32,106,false
L19_SEED_2,320,3,1100,0.0271308717354,0.686543440459,32,106,false
L19_SEED_2,320,3,1125,0.0262166223166,0.695219375,32,106,false
L19_SEED_2,320,3,1150,0.0253461568425,0.703782697955,32,106,false
L19_SEED_2,320,3,1175,0.0245167550636,0.712235324522,32,106,false
L19_SEED_2,320,3,1200,0.0237259001747,0.720579369586,32,106,false
L19_SEED_2,320,3,1225,0.0229712612604,0.728817112246,32,106,false
L19_SEED_2,320,3,1250,0.022250677473,0.73695096304,32,106,false
L19_SEED_2,320,3,1275,0.0215621437439,0.744983433729,32,106,false
L19_SEED_2,320,3,1300,0.0209037978568,0.752917109565,32,106,false
L19_SEED_2,320,3,1325,0.0202739087323,0.760754624035,32,106,false
L19_SEED_2,320,3,1350,0.0196708657924,0.768498636082,32,106,false
L19_SEED_2,320,3,1375,0.0190931692939,0.776151809814,32,106,false
L19_SEED_2,320,3,1400,0.0185394215275,0.783716796676,32,106,false
L19_SEED_2,320,3,1425,0.0180083187984,0.791196220052,32,106,false
L19_SEED_2,320,3,1450,0.0174986441093,0.798592662203,32,106,false
L19_SEED_2,320,3,1475,0.017009260478,0.805908653432,32,106,false
L19_SEED_2,320,3,1500,0.01653910483,0.81314666333,32,106,false
L19_SEED_2,320,3,1525,0.0160871824113,0.820309093924,32,106,false
L19_SEED_2,320,3,1550,0.0156525616725,0.827398274549,32,106,false
L19_SEED_2,320,3,1575,0.0152343695827,0.83441645824,32,106,false
L19_SEED_2,320,3,1600,0.0148317873326,0.841365819456,32,106,false
L19_SEED_2,320,3,1625,0.0144440463919,0.848248452932,32,106,false
L19_SEED_2,320,3,1650,0.0140704248901,0.855066373495,32,106,false
L19_SEED_2,320,3,1675,0.0137102442912,0.861821516663,32,106,false
L19_SEED_2,320,3,1700,0.0133628663359,0.86851573988,32,106,false
L19_SEED_2,320,3,1725,0.0130276902286,0.875150824261,32,106,false
L19_SEED_2,320,3,1750,0.0127041500481,0.881728476713,32,106,false
L19_SEED_2,320,3,1775,0.0123917123604,0.888250332352,32,106,false
L19_SEED_2,320,3,1800,0.0120898740187,0.894717957114,32,106,false
L19_SEED_2,320,3,1825,0.0117981601333,0.9011328505,32,106,false
L19_SEED_2,320,3,1850,0.0115161221959,0.907496448398,32,106,false
L19_SEED_2,320,3,1875,0.0112433363479,0.91381012592,32,106,false
L19_SEED_2,320,3,1900,0.0109794017769,0.920075200244,32,106,false
L19_SEED_2,320,3,1925,0.0107239392344,0.926292933403,32,106,false
L19_SEED_2,320,3,1950,0.0104765896617,0.932464535018,32,106,false
L19_SEED_2,320,3,1975,0.0102370129167,0.938591164956,32,106,false
L19_SEED_2,320,3,2000,0.0100048865926,0.944673935888,32,106,false
L19_SEED_2,320,4,0,3.4970326441,3.49433445548,4,18,false
L19_SEED_2,320,4,25,1.31520213038,1.36026786403,25,122,false
L19_SEED_2,320,4,50,0.662074605004,0.761792463984,28,120,false
L19_SEED_2,320,4,75,0.427059217997,0.598917172409,29,129,false
L19_SEED_2,320,4,100,0.319573841391,0.515127873489,29,129,false
L19_SEED_2,320,4,125,0.257590093288,0.482072869557,31,118,false
L19_SEED_2,320,4,150,0.216603964115,0.464700551286,31,119,false
L19_SEED_2,320,4,175,0.187090053275,0.457956911446,31,119,false
L19_SEED_2,320,4,200,0.164593636301,0.457245702751,31,119,true
L19_SEED_2,320,4,225,0.146741522745,0.460494577476,31,119,false
L19_SEED_2,320,4,250,0.132148940978,0.466358349764,32,107,false
L19_SEED_2,320,4,275,0.119950574549,0.474027909164,32,107,false
L19_SEED_2,320,4,300,0.10957540305,0.482983858225,32,107,false
L19_SEED_2,320,4,325,0.10062935954,0.492871385843,32,107,false
L19_SEED_2,320,4,350,0.0928301348014,0.503443160834,32,106,false
L19_SEED_2,320,4,375,0.0859690048204,0.514520492032,32,106,false
L19_SEED_2,320,4,400,0.0798874657477,0.525971030828,32,106,false
L19_SEED_2,320,4,425,0.0744623732042,0.537694283406,32,106,false
L19_SEED_2,320,4,450,0.0695961678649,0.54961225562,32,106,false
L19_SEED_2,320,4,475,0.0652102529211,0.561663257034,32,106,false
L19_SEED_2,320,4,500,0.0612403871225,0.573797706168,32,106,false
L19_SEED_2,320,4,525,0.0576334035311,0.585975240781,32,105,false
L19_SEED_2,320,4,550,0.0543448225904,0.598162678515,32,105,false
L19_SEED_2,320,4,575,0.0513370824002,0.610332539846,32,105,false
L19_SEED_2,320,4,600,0.0485782037693,0.622461948629,32,105,false
L19_SEED_2,320,4,625,0.0460407671977,0.634531794318,32,103,false
L19_SEED_2,320,4,650,0.0437011173441,0.646526083183,32,103,false
L19_SEED_2,320,4,675,0.0415387358641,0.65843143173,32,104,false
L19_SEED_2,320,4,700,0.0395357405817,0.670236670038,32,104,false
L19_SEED_2,320,4,725,0.0376764807114,0.68193253038,32,104,false
L19_SEED_2,320,4,750,0.0359472060721,0.693511400854,32,104,false
L19_SEED_2,320,4,775,0.0343357940709,0.704967126921,32,104,false
L19_SEED_2,320,4,800,0.0328315224005,0.716294846751,32,104,false
L19_SEED_2,320,4,825,0.0314248783893,0.727490849481,32,103,false
L19_SEED_2,320,4,850,0.0301073981027,0.738552448639,32,103,false
L19_SEED_2,320,4,875,0.0288715298521,0.749477865832,32,103,false
L19_SEED_2,320,4,900,0.0277105179164,0.760266122035,32,103,false
L19_SEED_2,320,4,925,0.0266183031201,0.770916935469,32,103,false
L19_SEED_2,320,4,950,0.0255894375545,0.781430625966,32,103,false
L19_SEED_2,320,4,975,0.0246190112163,0.791808026208,32,103,false
L19_SEED_2,320,4,1000,0.0237025887254,0.802050400312,32,103,false
L19_SEED_2,320,4,1025,0.0228361545894,0.8121593701,32,103,false
L19_SEED_2,320,4,1050,0.0220160657386,0.822136849189,32,103,false
L19_SEED_2,320,4,1075,0.0212390102535,0.831984984788,32,103,false
L19_SEED_2,320,4,1100,0.0205019713861,0.841706106888,32,103,false
L19_SEED_2,320,4,1125,0.0198021961113,0.851302684376,32,103,false
L19_SEED_2,320,4,1150,0.0191371675677,0.860777287494,32,103,false
L19_SEED_2,320,4,1175,0.0185045808434,0.870132556016,32,103,false
L19_SEED_2,320,4,1200,0.0179023216489,0.879371172512,32,103,false
L19_SEED_2,320,4,1225,0.017328447484,0.888495840064,32,103,false
L19_SEED_2,320,4,1250,0.0167811709689,0.897509263857,32,103,false
L19_SEED_2,320,4,1275,0.0162588450556,0.90641413611,32,103,false
L19_SEED_2,320,4,1300,0.0157599498777,0.915213123851,32,103,false
L19_SEED_2,320,4,1325,0.0152830810315,0.923908859122,32,103,false
L19_SEED_2,320,4,1350,0.014826939112,0.932503931229,32,103,false
L19_SEED_2,320,4,1375,0.0143903203484,0.941000880719,32,103,false
L19_SEED_2,320,4,1400,0.0139721082093,0.949402194796,32,103,false
L19_SEED_2,320,4,1425,0.0135712658623,0.957710303944,32,103,false
L19_SEED_2,320,4,1450,0.0131868293888,0.965927579544,32,103,false
L19_SEED_2,320,4,1475,0.0128179016686,0.97405633232,32,103,false
L19_SEED_2,320,4,1500,0.012463646858,0.982098811464,32,103,false
L19_SEED_2,320,4,1525,0.0121232853972,0.990057204315,32,103,false
L19_SEED_2,320,4,1550,0.0117960894883,0.997933636487,32,103,false
L19_SEED_2,320,4,1575,0.0114813789941,1.00573017236,32,103,false
L19_SEED_2,320,4,1600,0.0111785177127,1.01344881588,32,103,false
L19_SEED_2,320,4,1625,0.0108869099897,1.02109151154,32,103,false
L19_SEED_2,320,4,1650,0.0106059976324,1.02866014558,32,103,false
L19_SEED_2,320,4,1675,0.0103352570961,1.03615654735,32,103,false
L19_SEED_2,320,4,1700,0.0100741969146,1.04358249067,32,103,false
L19_SEED_2,320,4,1725,0.00982235535214,1.05093969537,32,103,false
L19_SEED_2,320,4,1750,0.00957929825354,1.0582298288,32,103,false
L19_SEED_2,320,4,1775,0.00934461707481,1.06545450744,32,103,false
L19_SEED_2,320,4,1800,0.00911792707664,1.07261529843,32,103,false
L19_SEED_2,320,4,1825,0.00889886566536,1.07971372116,32,103,false
L19_SEED_2,320,4,1850,0.00868709086804,1.08675124888,32,103,false
L19_SEED_2,320,4,1875,0.00848227992918,1.09372931015,32,103,false
L19_SEED_2,320,4,1900,0.00828412801816,1.10064929044,32,103,false
L19_SEED_2,320,4,1925,0.00809234703748,1.10751253358,32,103,false
L19_SEED_2,320,4,1950,0.00790666452286,1.11432034317,32,103,false
L19_SEED_2,320,4,1975,0.00772682262726,1.12107398404,32,103,false
L19_SEED_2,320,4,2000,0.00755257718145,1.1277746836,32,103,false
L19_SEED_2,320,5,0,3.49198061884,3.49856241448,4,16,false
L19_SEED_2,320,5,25,1.29235634371,1.35274231196,24,96,false
L19_SEED_2,320,5,50,0.653836460979,0.794838393154,27,116,false
L19_SEED_2,320,5,75,0.421132303053,0.649393206162,29,126,false
L19_SEED_2,320,5,100,0.312739631763,0.566251667672,29,126,false
L19_SEED_2,320,5,125,0.249542427239,0.542008338876,30,123,false
L19_SEED_2,320,5,150,0.207494274428,0.530253841944,31,118,false
L19_SEED_2,320,5,175,0.177231886323,0.529141636784,32,107,true
L19_SEED_2,320,5,200,0.154281688798,0.533436668334,32,106,false
L19_SEED_2,320,5,225,0.136212584215,0.541163693306,32,106,false
L19_SEED_2,320,5,250,0.12158160671,0.551134422884,32,105,false
L19_SEED_2,320,5,275,0.109475358344,0.562558620712,32,105,false
L19_SEED_2,320,5,300,0.0992856555621,0.574956375586,32,105,false
L19_SEED_2,320,5,325,0.0905903712994,0.58799961014,32,104,false
L19_SEED_2,320,5,350,0.0830861460549,0.601459839132,32,104,false
L19_SEED_2,320,5,375,0.0765484771212,0.615173305268,32,104,false
L19_SEED_2,320,5,400,0.0708070372917,0.629019610607,32,104,false
L19_SEED_2,320,5,425,0.0657298429891,0.642908697667,32,104,false
L19_SEED_2,320,5,450,0.0612127641235,0.656772349539,32,104,false
L19_SEED_2,320,5,475,0.0571723694631,0.670558559494,32,104,false
L19_SEED_2,320,5,500,0.0535409191845,0.684227661987,32,103,false
L19_SEED_2,320,5,525,0.0502627782376,0.697749586433,32,103,false
L19_SEED_2,320,5,550,0.0472917936834,0.711101839361,32,103,false
L19_SEED_2,320,5,575,0.0445893411002,0.724267974872,32,103,false
L19_SEED_2,320,5,600,0.0421228450671,0.737236402873,32,103,false
L19_SEED_2,320,5,625,0.0398646419199,0.749999440151,32,102,false
L19_SEED_2,320,5,650,0.0377910938522,0.762552542202,32,102,false
L19_SEED_2,320,5,675,0.0358818904547,0.774893674146,32,102,false
L19_SEED_2,320,5,700,0.0341194920105,0.787022791665,32,102,false
L19_SEED_2,320,5,725,0.0324886813817,0.798941411177,32,102,false
L19_SEED_2,320,5,750,0.0309762000769,0.810652253812,32,102,false
L19_SEED_2,320,5,775,0.029570450299,0.822158951425,32,102,false
L19_SEED_2,320,5,800,0.0282612492395,0.833465805256,32,102,false
L19_SEED_2,320,5,825,0.0270396251405,0.844577589524,32,102,false
L19_SEED_2,320,5,850,0.0258976470395,0.855499393314,32,102,false
L19_SEED_2,320,5,875,0.0248282818925,0.866236494937,32,102,false
L19_SEED_2,320,5,900,0.0238252741097,0.876794263582,32,102,false
L19_SEED_2,320,5,925,0.0228830435576,0.887178083623,32,101,false
L19_SEED_2,320,5,950,0.021996598856,0.897393297517,32,101,false
L19_SEED_2,320,5,975,0.0211614634117,0.907445163695,32,101,false
L19_SEED_2,320,5,1000,0.0203736121007,0.917338826422,32,101,false
L19_SEED_2,320,5,1025,0.0196294168902,0.927079295009,32,101,false
L19_SEED_2,320,5,1050,0.0189255999921,0.936671430282,32,101,false
L19_SEED_2,320,5,1075,0.0182591933837,0.946119936553,32,101,false
L19_SEED_2,320,5,1100,0.0176275037272,0.955429357706,32,101,false
L19_SEED_2,320,5,1125,0.0170280818813,0.964604076334,32,101,false
L19_SEED_2,320,5,1150,0.0164586963296,0.973648315044,32,101,false
L19_SEED_2,320,5,1175,0.0159173099613,0.982566139323,32,101,false
L19_SEED_2,320,5,1200,0.0154020597252,0.99136146144,32,101,false
L19_SEED_2,320,5,1225,0.0149112387582,1.00003804506,32,101,false
L19_SEED_2,320,5,1250,0.0144432806456,1.00859951025,32,101,false
L19_SEED_2,320,5,1275,0.0139967455274,1.01704933877,32,101,false
L19_SEED_2,320,5,1300,0.0135703078038,1.02539087936,32,101,false
L19_SEED_2,320,5,1325,0.0131627452312,1.03362735313,32,101,false
L19_SEED_2,320,5,1350,0.0127729292303,1.04176185877,32,101,false
L19_SEED_2,320,5,1375,0.0123998162536,1.04979737771,32,101,false
L19_SEED_2,320,5,1400,0.0120424400792,1.05773677909,32,101,false
L19_SEED_2,320,5,1425,0.0116999049191,1.06558282457,32,101,false
L19_SEED_2,320,5,1450,0.0113713792436,1.07333817293,32,101,false
L19_SEED_2,320,5,1475,0.0110560902367,1.08100538456,32,101,false
L19_SEED_2,320,5,1500,0.0107533188091,1.08858692567,32,101,false
L19_SEED_2,320,5,1525,0.0104623951052,1.09608517236,32,100,false
L19_SEED_2,320,5,1550,0.0101826944488,1.10350241453,32,100,false
L19_SEED_2,320,5,1575,0.00991363367692,1.11084085957,32,100,false
L19_SEED_2,320,5,1600,0.0096546678213,1.11810263593,32,100,false
L19_SEED_2,320,5,1625,0.0094052870991,1.12528979646,32,100,false
L19_SEED_2,320,5,1650,0.00916501417986,1.13240432168,32,100,false
L19_SEED_2,320,5,1675,0.00893340170011,1.13944812283,32,100,false
L19_SEED_2,320,5,1700,0.00871002999992,1.14642304478,32,100,false
L19_SEED_2,320,5,1725,0.00849450505877,1.1533308689,32,100,false
L19_SEED_2,320,5,1750,0.00828645661075,1.16017331564,32,100,false
L19_SEED_2,320,5,1775,0.00808553642133,1.16695204711,32,100,false
L19_SEED_2,320,5,1800,0.00789141670993,1.17366866953,32,100,false
L19_SEED_2,320,5,1825,0.00770378870411,1.18032473548,32,100,false
L19_SEED_2,320,5,1850,0.007522361313,1.18692174616,32,100,false
L19_SEED_2,320,5,1875,0.0073468599087,1.19346115344,32,100,false
L19_SEED_2,320,5,1900,0.00717702520554,1.19994436191,32,100,false
L19_SEED_2,320,5,1925,0.00701261222842,1.20637273075,32,100,false
L19_SEED_2,320,5,1950,0.00685338936199,1.2127475756,32,100,false
L19_SEED_2,320,5,1975,0.00669913747349,1.21907017025,32,100,false
L19_SEED_2,320,5,2000,0.00654964910286,1.22534174831,32,100,false
L19_SEED_2,320,6,0,3.48636855995,3.49159590877,4,17,false
L19_SEED_2,320,6,25,1.24957286296,1.35331729936,24,95,false
L19_SEED_2,320,6,50,0.622762529564,0.831649253516,28,112,false
L19_SEED_2,320,6,75,0.398657514062,0.712788748403,30,119,false
L19_SEED_2,320,6,100,0.294235141604,0.641199767835,30,119,false
L19_SEED_2,320,6,125,0.232838098663,0.624093077948,31,112,false
L19_SEED_2,320,6,150,0.191887323364,0.618533500725,32,102,true
L19_SEED_2,320,6,175,0.162493815521,0.622593258248,32,103,false
L19_SEED_2,320,6,200,0.14033284079,0.63130907364,32,103,false
L19_SEED_2,320,6,225,0.123018947294,0.642963205654,32,103,false
L19_SEED_2,320,6,250,0.109121222195,0.656383459,32,102,false
L19_SEED_2,320,6,275,0.097726886515,0.67088629582,32,102,false
L19_SEED_2,320,6,300,0.0882246234594,0.686017415667,32,102,false
L19_SEED_2,320,6,325,0.0801883928971,0.701471352728,32,102,false
L19_SEED_2,320,6,350,0.0733113907439,0.717035254365,32,100,false
L19_SEED_2,320,6,375,0.0673666498783,0.73256059959,32,100,false
L19_SEED_2,320,6,400,0.0621824939214,0.747945303645,32,99,false
L19_SEED_2,320,6,425,0.0576266304847,0.76312116391,32,99,false
L19_SEED_2,320,6,450,0.053595479502,0.778044440784,32,99,false
L19_SEED_2,320,6,475,0.0500068026801,0.79268867725,32,99,false
L19_SEED_2,320,6,500,0.0467944911944,0.807039382382,32,100,false
L19_SEED_2,320,6,525,0.0439048073605,0.821090226617,32,100,false
L19_SEED_2,320,6,550,0.0412936291879,0.834840396817,32,100,false
L19_SEED_2,320,6,575,0.0389243998218,0.848292789222,32,101,false
L19_SEED_2,320,6,600,0.0367665804437,0.861452780118,32,101,false
L19_SEED_2,320,6,625,0.0347944680609,0.874327384363,32,101,false
L19_SEED_2,320,6,650,0.032986281419,0.886924672032,32,101,false
L19_SEED_2,320,6,675,0.0313234465172,0.899253357897,32,101,false
L19_SEED_2,320,6,700,0.0297900325485,0.911322508674,32,100,false
L19_SEED_2,320,6,725,0.0283723025069,0.923141332389,32,100,false
L19_SEED_2,320,6,750,0.0270583521286,0.934719026363,32,100,false
L19_SEED_2,320,6,775,0.0258378175515,0.946064667968,32,100,false
L19_SEED_2,320,6,800,0.0247016369131,0.957187137081,32,100,false
L19_SEED_2,320,6,825,0.02364185464,0.968095062297,32,100,false
L19_SEED_2,320,6,850,0.0226514597873,0.978796785044,32,100,false
L19_SEED_2,320,6,875,0.0217242517296,0.989300337216,32,100,false
L19_SEED_2,320,6,900,0.0208547279707,0.99961342898,32,100,false
L19_SEED_2,320,6,925,0.0200379899513,1.00974344419,32,100,false
L19_SEED_2,320,6,950,0.0192696635861,1.01969744141,32,100,false
L19_SEED_2,320,6,975,0.0185458319247,1.02948215911,32,100,false
L19_SEED_2,320,6,1000,0.0178629778406,1.03910402369,32,100,false
L19_SEED_2,320,6,1025,0.0172179350568,1.04856915961,32,99,false
L19_SEED_2,320,6,1050,0.0166078461341,1.05788340085,32,99,false
L19_SEED_2,320,6,1075,0.0160301263002,1.06705230311,32,99,false
L19_SEED_2,320,6,1100,0.0154824321979,1.07608115651,32,99,false
L19_SEED_2,320,6,1125,0.0149626347955,1.08497499835,32,99,false
L19_SEED_2,320,6,1150,0.0144687958286,1.0937386258,32,99,false
L19_SEED_2,320,6,1175,0.013999147252,1.10237660827,32,99,false
L19_SEED_2,320,6,1200,0.0135520732651,1.11089329951,32,99,false
L19_SEED_2,320,6,1225,0.0131260945441,1.11929284916,32,98,false
L19_SEED_2,320,6,1250,0.0127198543741,1.12757921389,32,98,false
L19_SEED_2,320,6,1275,0.012332106421,1.13575616795,32,98,false
L19_SEED_2,320,6,1300,0.0119617039224,1.14382731322,32,98,false
L19_SEED_2,320,6,1325,0.0116075901103,1.15179608876,32,98,false
L19_SEED_2,320,6,1350,0.0112687897073,1.15966577973,32,98,false
L19_SEED_2,320,6,1375,0.0109444013578,1.16743952595,32,98,false
L19_SEED_2,320,6,1400,0.0106335908783,1.17512032979,32,98,false
L19_SEED_2,320,6,1425,0.0103355852258,1.18271106376,32,98,false
L19_SEED_2,320,6,1450,0.0100496670975,1.19021447751,32,98,false
L19_SEED_2,320,6,1475,0.00977517008597,1.19763320451,32,98,false
L19_SEED_2,320,6,1500,0.00951147432576,1.20496976821,32,98,false
L19_SEED_2,320,6,1525,0.00925800257392,1.21222658797,32,98,false
L19_SEED_2,320,6,1550,0.00901421667553,1.21940598448,32,98,false
L19_SEED_2,320,6,1575,0.00877961437114,1.22651018493,32,98,false
L19_SEED_2,320,6,1600,0.00855372640838,1.23354132789,32,98,false
L19_SEED_2,320,6,1625,0.00833611392475,1.24050146778,32,98,false
L19_SEED_2,320,6,1650,0.00812636607272,1.24739257921,32,98,false
L19_SEED_2,320,6,1675,0.00792409786126,1.25421656096,32,98,false
L19_SEED_2,320,6,1700,0.00772894819172,1.26097523973,32,98,false
L19_SEED_2,320,6,1725,0.00754057806777,1.26767037372,32,98,false
L19_SEED_2,320,6,1750,0.00735866896202,1.27430365596,32,98,false
L19_SEED_2,320,6,1775,0.00718292132357,1.28087671742,32,98,false
L19_SEED_2,320,6,1800,0.00701305321273,1.28739113002,32,98,false
L19_SEED_2,320,6,1825,0.00684879905044,1.29384840937,32,98,false
L19_SEED_2,320,6,1850,0.00668990847147,1.30025001741,32,98,false
L19_SEED_2,320,6,1875,0.00653614527152,1.30659736491,32,98,false
L19_SEED_2,320,6,1900,0.00638728643953,1.31289181377,32,98,false
L19_SEED_2,320,6,1925,0.00624312126723,1.31913467924,32,98,false
L19_SEED_2,320,6,1950,0.00610345052898,1.32532723204,32,98,false
L19_SEED_2,320,6,1975,0.00596808572548,1.33147070028,32,98,false
L19_SEED_2,320,6,2000,0.00583684838578,1.33756627134,32,98,false
L19_SEED_2,320,7,0,3.50027144644,3.50569302454,4,17,false
L19_SEED_2,320,7,25,1.25561183852,1.41931750952,24,96,false
L19_SEED_2,320,7,50,0.64171155034,0.925046820074,27,104,false
L19_SEED_2,320,7,75,0.416445989153,0.801162472507,29,109,false
L19_SEED_2,320,7,100,0.30971000195,0.720790830122,30,116,false
L19_SEED_2,320,7,125,0.246452642439,0.704358063156,31,105,false
L19_SEED_2,320,7,150,0.203906414397,0.700583697001,32,100,true
L19_SEED_2,320,7,175,0.173132496033,0.705951365994,32,101,false
L19_SEED_2,320,7,200,0.149785184073,0.71591605038,32,100,false
L19_SEED_2,320,7,225,0.131456922672,0.728867190092,32,100,false
L19_SEED_2,320,7,250,0.116692101967,0.743569907785,32,99,false
L19_SEED_2,320,7,275,0.104554050915,0.759292997506,32,98,false
L19_SEED_2,320,7,300,0.0944105713502,0.7755726975,32,97,false
L19_SEED_2,320,7,325,0.0858184548818,0.792108354164,32,97,false
L19_SEED_2,320,7,350,0.0784571871683,0.808702879474,32,97,false
L19_SEED_2,320,7,375,0.0720888943448,0.825224061348,32,97,false
L19_SEED_2,320,7,400,0.0665331073683,0.841582735208,32,97,false
L19_SEED_2,320,7,425,0.0616502960065,0.857718434811,32,97,false
L19_SEED_2,320,7,450,0.0573308009406,0.873590251544,32,90,false
L19_SEED_2,320,7,475,0.053487200751,0.889170855379,32,90,false
L19_SEED_2,320,7,500,0.0500489272591,0.904442605757,32,91,false
L19_SEED_2,320,7,525,0.0469583890885,0.919395001726,32,91,false
L19_SEED_2,320,7,550,0.0441681291608,0.934022982362,32,91,false
L19_SEED_2,320,7,575,0.0416387050808,0.948325745624,32,91,false
L19_SEED_2,320,7,600,0.0393370842072,0.962305870945,32,91,false
L19_SEED_2,320,7,625,0.0372354114179,0.975968616044,32,91,false
L19_SEED_2,320,7,650,0.0353100510328,0.989321318646,32,91,false
L19_SEED_2,320,7,675,0.0335408333754,1.00237287264,32,91,false
L19_SEED_2,320,7,700,0.0319104561633,1.01513326946,32,91,false
L19_SEED_2,320,7,725,0.0304040045215,1.02761320437,32,89,false
L19_SEED_2,320,7,750,0.0290085629375,1.03982374811,32,89,false
L19_SEED_2,320,7,775,0.0277128992378,1.05177608249,32,89,false
L19_SEED_2,320,7,800,0.0265072055284,1.06348129516,32,89,false
L19_SEED_2,320,7,825,0.0253828845752,1.07495022666,32,89,false
L19_SEED_2,320,7,850,0.0243323727099,1.08619336179,32,89,false
L19_SEED_2,320,7,875,0.0233489922918,1.09722075709,32,89,false
L19_SEED_2,320,7,900,0.0224268282293,1.10804199703,32,89,false
L19_SEED_2,320,7,925,0.0215606241903,1.11866617221,32,89,false
L19_SEED_2,320,7,950,0.0207456950038,1.12910187413,32,89,false
L19_SEED_2,320,7,975,0.0199778524367,1.13935720194,32,89,false
L19_SEED_2,320,7,1000,0.0192533420642,1.14943977764,32,88,false
L19_SEED_2,320,7,1025,0.0185687893811,1.15935676684,32,88,false
L19_SEED_2,320,7,1050,0.0179211536386,1.16911490298,32,88,false
L19_SEED_2,320,7,1075,0.0173076881631,1.17872051332,32,88,false
L19_SEED_2,320,7,1100,0.0167259061362,1.18817954561,32,88,false
L19_SEED_2,320,7,1125,0.0161735509877,1.1974975944,32,88,false
L19_SEED_2,320,7,1150,0.0156485707033,1.20667992661,32,88,false
L19_SEED_2,320,7,1175,0.0151490954603,1.21573150578,32,88,false
L19_SEED_2,320,7,1200,0.0146734181063,1.22465701495,32,89,false
L19_SEED_2,320,7,1225,0.0142199770703,1.23346087792,32,89,false
L19_SEED_2,320,7,1250,0.0137873413649,1.24214727889,32,89,false
L19_SEED_2,320,7,1275,0.013374197387,1.25072018054,32,89,false
L19_SEED_2,320,7,1300,0.0129793372752,1.2591833406,32,89,false
L19_SEED_2,320,7,1325,0.012601648613,1.26754032693,32,89,false
L19_SEED_2,320,7,1350,0.0122401053028,1.27579453132,32,89,false
L19_SEED_2,320,7,1375,0.011893759458,1.28394918204,32,89,false
L19_SEED_2,320,7,1400,0.0115617341848,1.29200735523,32,89,false
L19_SEED_2,320,7,1425,0.011243217143,1.29997198528,32,89,false
L19_SEED_2,320,7,1450,0.0109374547884,1.30784587435,32,89,false
L19_SEED_2,320,7,1475,0.0106437472165,1.31563170093,32,89,false
L19_SEED_2,320,7,1500,0.0103614435348,1.32333202774,32,89,false
L19_SEED_2,320,7,1525,0.0100899377022,1.33094930892,32,89,false
L19_SEED_2,320,7,1550,0.00982866478189,1.33848589662,32,89,false
L19_SEED_2,320,7,1575,0.00957709756025,1.34594404706,32,89,false
L19_SEED_2,320,7,1600,0.00933474349208,1.35332592602,32,89,false
L19_SEED_2,320,7,1625,0.00910114193501,1.36063361402,32,89,false
L19_SEED_2,320,7,1650,0.00887586164251,1.36786911098,32,89,false
L19_SEED_2,320,7,1675,0.00865849848772,1.37503434061,32,89,false
L19_SEED_2,320,7,1700,0.0084486733938,1.38213115443,32,89,false
L19_SEED_2,320,7,1725,0.00824603044943,1.38916133551,32,89,false
L19_SEED_2,320,7,1750,0.00805023519044,1.39612660193,32,89,false
L19_SEED_2,320,7,1775,0.00786097303095,1.40302861007,32,89,false
L19_SEED_2,320,7,1800,0.00767794782902,1.40986895757,32,89,false
L19_SEED_2,320,7,1825,0.00750088057376,1.41664918618,32,89,false
L19_SEED_2,320,7,1850,0.00732950818198,1.42337078442,32,89,false
L19_SEED_2,320,7,1875,0.00716358239405,1.43003519001,32,89,false
L19_SEED_2,320,7,1900,0.00700286875952,1.43664379221,32,89,false
L19_SEED_2,320,7,1925,0.00684714570426,1.44319793404,32,89,false
L19_SEED_2,320,7,1950,0.00669620367147,1.44969891427,32,89,false
L19_SEED_2,320,7,1975,0.00654984433002,1.45614798939,32,89,false
L19_SEED_2,320,7,2000,0.00640787984392,1.46254637544,32,89,false
L19_SEED_2,320,8,0,3.50559925244,3.51869739204,4,17,false
L19_SEED_2,320,8,25,1.23761698024,1.45953209521,25,101,false
L19_SEED_2,320,8,50,0.614460043144,0.975629160695,27,102,false
L19_SEED_2,320,8,75,0.392447386347,0.856133702455,30,101,false
L19_SEED_2,320,8,100,0.288874255375,0.786521584393,30,107,false
L19_SEED_2,320,8,125,0.228159608672,0.779123580206,31,95,true
L19_SEED_2,320,8,150,0.187651023001,0.782866142804,32,91,false
L19_SEED_2,320,8,175,0.158553488778,0.795617749372,32,89,false
L19_SEED_2,320,8,200,0.136628025596,0.812250840662,32,89,false
L19_SEED_2,320,8,225,0.119533233006,0.831125576014,32,89,false
L19_SEED_2,320,8,250,0.105854485967,0.851108174894,32,89,false
L19_SEED_2,320,8,275,0.0946814382241,0.871580041437,32,90,false
L19_SEED_2,320,8,300,0.0853999266602,0.892154797143,32,90,false
L19_SEED_2,320,8,325,0.0775800595118,0.912596339067,32,89,false
L19_SEED_2,320,8,350,0.070911853464,0.932757582001,32,89,false
L19_SEED_2,320,8,375,0.0651662171211,0.952547954278,32,89,false
L19_SEED_2,320,8,400,0.0601702726743,0.971912879693,32,89,false
L19_SEED_2,320,8,425,0.0557911923188,0.990821516254,32,89,false
L19_SEED_2,320,8,450,0.0519252991104,1.00925876929,32,89,false
L19_SEED_2,320,8,475,0.0484905344651,1.02722019417,32,89,false
L19_SEED_2,320,8,500,0.0454211406366,1.04470860104,32,89,false
L19_SEED_2,320,8,525,0.0426638359115,1.06173178413,32,89,false
L19_SEED_2,320,8,550,0.0401750167544,1.0783009718,32,89,false
L19_SEED_2,320,8,575,0.0379186793972,1.09442975106,32,90,false
L19_SEED_2,320,8,600,0.0358648537797,1.11013330182,32,90,false
L19_SEED_2,320,8,625,0.0339884079652,1.12542783283,32,89,false
L19_SEED_2,320,8,650,0.0322681243329,1.14033015014,32,89,false
L19_SEED_2,320,8,675,0.030685977898,1.15485731572,32,89,false
L19_SEED_2,320,8,700,0.0292265669224,1.16902637193,32,89,false
L19_SEED_2,320,8,725,0.0278766596597,1.18285411889,32,89,false
L19_SEED_2,320,8,750,0.026624830647,1.19635693772,32,89,false
L19_SEED_2,320,8,775,0.0254611667336,1.20955065519,32,89,false
L19_SEED_2,320,8,800,0.0243770279007,1.22245044562,32,89,false
L19_SEED_2,320,8,825,0.023364851473,1.23507076607,32,89,false
L19_SEED_2,320,8,850,0.0224179909352,1.24742531966,32,89,false
L19_SEED_2,320,8,875,0.0215305825233,1.25952704226,32,89,false
L19_SEED_2,320,8,900,0.0206974342389,1.27138810749,32,89,false
L19_SEED_2,320,8,925,0.0199139330653,1.28301994545,32,89,false
L19_SEED_2,320,8,950,0.0191759670337,1.29443327124,32,89,false
L19_SEED_2,320,8,975,0.018479859468,1.30563811981,32,89,false
L19_SEED_2,320,8,1000,0.0178223132612,1.31664388466,32,89,false
L19_SEED_2,320,8,1025,0.0172003634557,1.32745935814,32,89,false
L19_SEED_2,320,8,1050,0.0166113367278,1.33809277204,32,89,false
L19_SEED_2,320,8,1075,0.0160528166363,1.34855183722,32,89,false
L19_SEED_2,320,8,1100,0.0155226137052,1.35884378168,32,89,false
L19_SEED_2,320,8,1125,0.0150187395769,1.36897538668,32,89,false
L19_SEED_2,320,8,1150,0.0145393846048,1.37895302046,32,89,false
L19_SEED_2,320,8,1175,0.0140828983656,1.3887826697,32,89,false
L19_SEED_2,320,8,1200,0.013647772657,1.3984699686,32,89,false
L19_SEED_2,320,8,1225,0.0132326266209,1.40802022561,32,89,false
L19_SEED_2,320,8,1250,0.0128361936873,1.41743844803,32,89,false
L19_SEED_2,320,8,1275,0.0124573100863,1.42672936458,32,89,false
L19_SEED_2,320,8,1300,0.0120949047126,1.43589744599,32,89,false
L19_SEED_2,320,8,1325,0.0117479901608,1.44494692391,32,89,false
L19_SEED_2,320,8,1350,0.0114156547769,1.45388180819,32,89,false
L19_SEED_2,320,8,1375,0.0110970555949,1.46270590266,32,89,false
L19_SEED_2,320,8,1400,0.010791412046,1.47142281963,32,89,false
L19_SEED_2,320,8,1425,0.0104980003426,1.48003599313,32,89,false
L19_SEED_2,320,8,1450,0.0102161484563,1.48854869103,32,89,false
L19_SEED_2,320,8,1475,0.00994523161626,1.49696402621,32,89,false
L19_SEED_2,320,8,1500,0.00968466826768,1.50528496676,32,89,false
L19_SEED_2,320,8,1525,0.00943391643559,1.5135143454,32,89,false
L19_SEED_2,320,8,1550,0.00919247044805,1.52165486812,32,89,false
L19_SEED_2,320,8,1575,0.00895985797794,1.52970912213,32,89,false
L19_SEED_2,320,8,1600,0.00873563736782,1.53767958318,32,89,false
L19_SEED_2,320,8,1625,0.00851939520695,1.54556862237,32,89,false
L19_SEED_2,320,8,1650,0.00831074413322,1.55337851236,32,89,false
L19_SEED_2,320,8,1675,0.00810932083606,1.56111143315,32,89,false
L19_SEED_2,320,8,1700,0.00791478423935,1.56876947743,32,89,false
L19_SEED_2,320,8,1725,0.00772681384559,1.57635465556,32,89,false
L19_SEED_2,320,8,1750,0.0075451082252,1.58386890011,32,89,false
L19_SEED_2,320,8,1775,0.00736938363602,1.59131407014,32,89,false
L19_SEED_2,320,8,1800,0.00719937276047,1.59869195515,32,89,false
L19_SEED_2,320,8,1825,0.00703482354865,1.60600427879,32,89,false
L19_SEED_2,320,8,1850,0.00687549815729,1.61325270221,32,89,false
L19_SEED_2,320,8,1875,0.00672117197546,1.62043882734,32,89,false
L19_SEED_2,320,8,1900,0.00657163272879,1.6275641998,32,89,false
L19_SEED_2,320,8,1925,0.00642667965508,1.63463031168,32,89,false
L19_SEED_2,320,8,1950,0.00628612274464,1.64163860418,32,89,false
L19_SEED_2,320,8,1975,0.00614978203967,1.64859046997,32,89,false
L19_SEED_2,320,8,2000,0.00601748698727,1.65548725551,32,89,false
L19_SEED_2,320,9,0,3.49935129862,3.5123454184,4,17,false
L19_SEED_2,320,9,25,1.23345368882,1.49074178528,26,98,false
L19_SEED_2,320,9,50,0.621718959555,1.05693726933,27,100,false
L19_SEED_2,320,9,75,0.401949960287,0.953831063232,30,100,false
L19_SEED_2,320,9,100,0.298264673014,0.891037678957,30,100,false
L19_SEED_2,320,9,125,0.236679763867,0.887621643816,31,88,true
L19_SEED_2,320,9,150,0.195367888573,0.895458652449,31,88,false
L19_SEED_2,320,9,175,0.165608219032,0.91102367753,32,86,false
L19_SEED_2,320,9,200,0.14313117685,0.930836854154,32,85,false
L19_SEED_2,320,9,225,0.125564509385,0.952887696046,32,86,false
L19_SEED_2,320,9,250,0.111473030382,0.976036927305,32,87,false
L19_SEED_2,320,9,275,0.099933370057,0.999584251949,32,86,false
L19_SEED_2,320,9,300,0.0903229020433,1.02311499759,32,86,false
L19_SEED_2,320,9,325,0.0822059248889,1.04636768606,32,86,false
L19_SEED_2,320,9,350,0.0752681999774,1.06918155096,32,86,false
L19_SEED_2,320,9,375,0.0692773185351,1.09146032542,32,86,false
L19_SEED_2,320,9,400,0.0640576836346,1.11315078678,32,86,false
L19_SEED_2,320,9,425,0.0594741615882,1.13422863347,32,86,false
L19_SEED_2,320,9,450,0.0554210809022,1.15468928749,32,86,false
L19_SEED_2,320,9,475,0.0518146399246,1.17454153674,32,86,false
L19_SEED_2,320,9,500,0.0485875491747,1.1938029963,32,86,false
L19_SEED_2,320,9,525,0.0456851750826,1.21249675682,32,86,false
L19_SEED_2,320,9,550,0.0430627148594,1.23064887446,32,86,false
L19_SEED_2,320,9,575,0.0406830938474,1.24828650408,32,86,false
L19_SEED_2,320,9,600,0.0385153785016,1.26543655487,32,86,false
L19_SEED_2,320,9,625,0.0365335636289,1.28212478197,32,86,false
L19_SEED_2,320,9,650,0.0347156353934,1.29837524006,32,86,false
L19_SEED_2,320,9,675,0.0330428401929,1.31421002844,32,86,false
L19_SEED_2,320,9,700,0.031499108925,1.32964925847,32,86,false
L19_SEED_2,320,9,725,0.030070599629,1.34471117762,32,86,false
L19_SEED_2,320,9,750,0.0287453310141,1.35941238964,32,86,false
L19_SEED_2,320,9,775,0.0275128862879,1.37376811905,32,86,false
L19_SEED_2,320,9,800,0.0263641717701,1.38779247889,32,86,false
L19_SEED_2,320,9,825,0.0252912185587,1.40149871248,32,86,false
L19_SEED_2,320,9,850,0.0242870183428,1.41489939207,32,86,false
L19_SEED_2,320,9,875,0.0233453865714,1.42800656746,32,86,false
L19_SEED_2,320,9,900,0.0224608477566,1.44083186622,32,86,false
L19_SEED_2,320,9,925,0.0216285388588,1.45338655209,32,86,false
L19_SEED_2,320,9,950,0.0208441275675,1.46568155124,32,86,false
L19_SEED_2,320,9,975,0.0201037429352,1.47772745628,32,86,false
L19_SEED_2,320,9,1000,0.0194039163133,1.48953451718,32,86,false
L19_SEED_2,320,9,1025,0.018741530915,1.50111262621,32,86,false
L19_SEED_2,320,9,1050,0.018113778625,1.51247130235,32,86,false
L19_SEED_2,320,9,1075,0.0175181229136,1.52361967831,32,85,false
L19_SEED_2,320,9,1100,0.0169522669036,1.5345664922,32,85,false
L19_SEED_2,320,9,1125,0.0164141257971,1.54532008433,32,85,false
L19_SEED_2,320,9,1150,0.0159018029984,1.55588839906,32,85,false
L19_SEED_2,320,9,1175,0.0154135693783,1.56627899125,32,85,false
L19_SEED_2,320,9,1200,0.0149478452149,1.5764990363,32,85,false
L19_SEED_2,320,9,1225,0.0145031844187,1.58655534309,32,85,false
L19_SEED_2,320,9,1250,0.0140782607169,1.59645436891,32,85,false
L19_SEED_2,320,9,1275,0.0136718555164,1.60620223574,32,85,false
L19_SEED_2,320,9,1300,0.0132828472163,1.61580474713,32,85,false
L19_SEED_2,320,9,1325,0.0129102017691,1.62526740537,32,85,false
L19_SEED_2,320,9,1350,0.0125529643249,1.63459542849,32,85,false
L19_SEED_2,320,9,1375,0.0122102518166,1.64379376675,32,85,false
L19_SEED_2,320,9,1400,0.0118812463625,1.65286711865,32,85,false
L19_SEED_2,320,9,1425,0.0115651893853,1.66181994605,32,85,false
L19_SEED_2,320,9,1450,0.0112613763561,1.6706564886,32,85,false
L19_SEED_2,320,9,1475,0.0109691520887,1.67938077726,32,85,false
L19_SEED_2,320,9,1500,0.0106879065159,1.68799664696,32,85,false
L19_SEED_2,320,9,1525,0.0104170708938,1.69650774851,32,85,false
L19_SEED_2,320,9,1550,0.0101561143814,1.70491755961,32,85,false
L19_SEED_2,320,9,1575,0.0099045409548,1.71322939521,32,85,false
L19_SEED_2,320,9,1600,0.00966188661781,1.72144641701,32,85,false
L19_SEED_2,320,9,1625,0.00942771687551,1.72957164247,32,85,false
L19_SEED_2,320,9,1650,0.00920162444333,1.73760795304,32,85,false
L19_SEED_2,320,9,1675,0.00898322716573,1.74555810192,32,85,false
L19_SEED_2,320,9,1700,0.00877216612262,1.75342472124,32,85,false
L19_SEED_2,320,9,1725,0.00856810390403,1.76121032876,32,85,false
L19_SEED_2,320,9,1750,0.00837072303584,1.76891733417,32,85,false
L19_SEED_2,320,9,1775,0.00817972454134,1.77654804488,32,85,false
L19_SEED_2,320,9,1800,0.00799482662512,1.78410467153,32,85,false
L19_SEED_2,320,9,1825,0.00781576346748,1.79158933308,32,85,false
L19_SEED_2,320,9,1850,0.0076422841184,1.79900406165,32,85,false
L19_SEED_2,320,9,1875,0.00747415148193,1.80635080698,32,84,false
L19_SEED_2,320,9,1900,0.00731114138225,1.81363144068,32,84,false
L19_SEED_2,320,9,1925,0.00715304170405,1.82084776021,32,84,false
L19_SEED_2,320,9,1950,0.00699965160023,1.82800149262,32,84,false
L19_SEED_2,320,9,1975,0.00685078076105,1.83509429806,32,84,false
L19_SEED_2,320,9,2000,0.00670624873912,1.84212777314,32,84,false
L19_SEED_2,320,10,0,3.50117152333,3.51553014968,4,17,false
L19_SEED_2,320,10,25,1.25048105936,1.52359740799,26,96,false
L19_SEED_2,320,10,50,0.645005563478,1.12873500594,27,96,false
L19_SEED_2,320,10,75,0.42157531061,1.02446359682,29,99,false
L19_SEED_2,320,10,100,0.31485998157,0.966218493629,30,100,false
L19_SEED_2,320,10,125,0.251118328603,0.964825623389,31,87,true
L19_SEED_2,320,10,150,0.208078452228,0.976620615533,31,86,false
L19_SEED_2,320,10,175,0.176919974557,0.994990681101,32,80,false
L19_SEED_2,320,10,200,0.153296112817,1.01754062545,32,80,false
L19_SEED_2,320,10,225,0.134775035926,1.04209540064,32,80,false
L19_SEED_2,320,10,250,0.119877889284,1.06762271321,32,85,false
L19_SEED_2,320,10,275,0.107649756728,1.09341538184,32,86,false
L19_SEED_2,320,10,300,0.0974448794386,1.11906394309,32,85,false
L19_SEED_2,320,10,325,0.0888101564482,1.14430341175,32,85,false
L19_SEED_2,320,10,350,0.081417938717,1.16897095026,32,85,false
L19_SEED_2,320,10,375,0.0750252758634,1.19297085878,32,85,false
L19_SEED_2,320,10,400,0.0694481611326,1.21625386206,32,86,false
L19_SEED_2,320,10,425,0.0645446785348,1.2388028265,32,86,false
L19_SEED_2,320,10,450,0.0602036422941,1.26062280397,32,86,false
L19_SEED_2,320,10,475,0.0563367384023,1.28173374552,32,86,false
L19_SEED_2,320,10,500,0.052872963917,1.30216506112,32,86,false
L19_SEED_2,320,10,525,0.0497546123442,1.32195153187,32,86,false
L19_SEED_2,320,10,550,0.0469343232516,1.34113028648,32,86,false
L19_SEED_2,320,10,575,0.0443728797489,1.35973863282,32,86,false
L19_SEED_2,320,10,600,0.0420375414997,1.37781257521,32,86,false
L19_SEED_2,320,10,625,0.0399007677888,1.39538586954,32,86,false
L19_SEED_2,320,10,650,0.0379392290162,1.41248948935,32,86,false
L19_SEED_2,320,10,675,0.0361330343172,1.42915139848,32,86,false
L19_SEED_2,320,10,700,0.0344651229795,1.44539654811,32,86,false
L19_SEED_2,320,10,725,0.0329207811792,1.46124703425,32,86,false
L19_SEED_2,320,10,750,0.0314872553325,1.47672236532,32,86,false
L19_SEED_2,320,10,775,0.0301534403952,1.49183979794,32,86,false
L19_SEED_2,320,10,800,0.0289096266071,1.5066147047,32,86,false
L19_SEED_2,320,10,825,0.0277472920484,1.52106094226,32,86,false
L19_SEED_2,320,10,850,0.0266589313211,1.53519119365,32,86,false
L19_SEED_2,320,10,875,0.0256379129277,1.5490172653,32,86,false
L19_SEED_2,320,10,900,0.0246783596557,1.56255032716,32,86,false
L19_SEED_2,320,10,925,0.0237750476009,1.57580109211,32,86,false
L19_SEED_2,320,10,950,0.0229233204549,1.58877993766,32,86,false
L19_SEED_2,320,10,975,0.0221190164274,1.60149697774,32,86,false
L19_SEED_2,320,10,1000,0.0213584057223,1.61396209521,32,86,false
L19_SEED_2,320,10,1025,0.0206381368911,1.62618494622,32,86,false
L19_SEED_2,320,10,1050,0.0199551906966,1.63817494694,32,86,false
L19_SEED_2,320,10,1075,0.0193068403515,1.64994125117,32,86,false
L19_SEED_2,320,10,1100,0.0186906171812,1.66149272545,32,86,false
L19_SEED_2,320,10,1125,0.0181042809102,1.672837926,32,86,false
L19_SEED_2,320,10,1150,0.0175457938946,1.68398508014,32,86,false
L19_SEED_2,320,10,1175,0.0170132987248,1.69494207345,32,85,false
L19_SEED_2,320,10,1200,0.0165050987124,1.70571644292,32,85,false
L19_SEED_2,320,10,1225,0.0160196408464,1.71631537567,32,85,false
L19_SEED_2,320,10,1250,0.0155555008703,1.72674571252,32,85,false
L19_SEED_2,320,10,1275,0.01511137018,1.7370139555,32,85,false
L19_SEED_2,320,10,1300,0.0146860442936,1.7471262785,32,85,false
L19_SEED_2,320,10,1325,0.0142784126761,1.75708854006,32,85,false
L19_SEED_2,320,10,1350,0.0138874497397,1.76690629765,32,85,false
L19_SEED_2,320,10,1375,0.0135122068615,1.77658482285,32,85,false
L19_SEED_2,320,10,1400,0.0131518052899,1.7861291169,32,85,false
L19_SEED_2,320,10,1425,0.0128054298236,1.79554392618,32,85,false
L19_SEED_2,320,10,1450,0.0124723231679,1.8048337575,32,84,false
L19_SEED_2,320,10,1475,0.0121517808842,1.81400289274,32,84,false
L19_SEED_2,320,10,1500,0.0118431468613,1.82305540303,32,84,false
L19_SEED_2,320,10,1525,0.0115458092463,1.83199516201,32,84,false
L19_SEED_2,320,10,1550,0.011259196781,1.84082585843,32,84,false
L19_SEED_2,320,10,1575,0.0109827754981,1.84955100791,32,84,false
L19_SEED_2,320,10,1600,0.0107160457354,1.85817396391,32,84,false
L19_SEED_2,320,10,1625,0.0104585394338,1.8666979279,32,84,false
L19_SEED_2,320,10,1650,0.0102098176865,1.87512595882,32,84,false
L19_SEED_2,320,10,1675,0.00996946851439,1.88346098181,32,84,false
L19_SEED_2,320,10,1700,0.00973710484177,1.8917057963,32,84,false
L19_SEED_2,320,10,1725,0.00951236265263,1.89986308341,32,84,false
L19_SEED_2,320,10,1750,0.00929489930841,1.90793541289,32,84,false
L19_SEED_2,320,10,1775,0.00908439201112,1.91592524943,32,84,false
L19_SEED_2,320,10,1800,0.00888053639725,1.9238349585,32,84,false
L19_SEED_2,320,10,1825,0.00868304524951,1.93166681184,32,84,false
L19_SEED_2,320,10,1850,0.00849164731521,1.93942299235,32,84,false
L19_SEED_2,320,10,1875,0.00830608622083,1.94710559884,32,84,false
L19_SEED_2,320,10,1900,0.00812611947391,1.95471665025,32,84,false
L19_SEED_2,320,10,1925,0.00795151754409,1.96225808964,32,84,false
L19_SEED_2,320,10,1950,0.00778206301602,1.96973178796,32,84,false
L19_SEED_2,320,10,1975,0.00761754980768,1.97713954744,32,84,false
L19_SEED_2,320,10,2000,0.00745778244823,1.98448310484,32,84,false
L19_SEED_2,320,11,0,3.50718470768,3.5230550008,4,17,false
L19_SEED_2,320,11,25,1.24465608492,1.53944526732,26,95,false
L19_SEED_2,320,11,50,0.633324451494,1.18289625604,27,95,false
L19_SEED_2,320,11,75,0.413271084635,1.08513019186,29,98,false
L19_SEED_2,320,11,100,0.309164385747,1.04544439075,30,98,true
L19_SEED_2,320,11,125,0.247318555879,1.05310422245,31,86,false
L19_SEED_2,320,11,150,0.205545297507,1.07453363559,31,86,false
L19_SEED_2,320,11,175,0.175250208512,1.10075226149,32,80,false
L19_SEED_2,320,11,200,0.152234394578,1.13018426857,32,80,false
L19_SEED_2,320,11,225,0.134155647887,1.16087919286,32,81,false
L19_SEED_2,320,11,250,0.119589969616,1.19193602678,32,81,false
L19_SEED_2,320,11,275,0.107616689498,1.22277544118,32,81,false
L19_SEED_2,320,11,300,0.09761199325,1.25305822317,32,81,false
L19_SEED_2,320,11,325,0.0891372270791,1.28258161182,32,81,false
L19_SEED_2,320,11,350,0.0818745099269,1.31123047382,32,81,false
L19_SEED_2,320,11,375,0.0755876721632,1.33894902749,32,81,false
L19_SEED_2,320,11,400,0.070097540994,1.36572133342,32,80,false
L19_SEED_2,320,11,425,0.0652657410565,1.39155867624,32,79,false
L19_SEED_2,320,11,450,0.0609837513049,1.41649034652,32,79,false
L19_SEED_2,320,11,475,0.0571653169176,1.44055693228,32,79,false
L19_SEED_2,320,11,500,0.0537410659352,1.46380532204,32,79,false
L19_SEED_2,320,11,525,0.0506546126441,1.48628506111,32,79,false
L19_SEED_2,320,11,550,0.0478596870732,1.50804578326,32,79,false
L19_SEED_2,320,11,575,0.0453179876067,1.52913549502,32,79,false
L19_SEED_2,320,11,600,0.0429975527592,1.54959951064,32,79,false
L19_SEED_2,320,11,625,0.0408715118878,1.56947986025,32,79,false
L19_SEED_2,320,11,650,0.0389171165658,1.58881502547,32,78,false
L19_SEED_2,320,11,675,0.0371149825519,1.60763989198,32,78,false
L19_SEED_2,320,11,700,0.0354484916259,1.62598584188,32,78,false
L19_SEED_2,320,11,725,0.0339033160307,1.64388093622,32,78,false
L19_SEED_2,320,11,750,0.0324670377854,1.66135015752,32,78,false
L19_SEED_2,320,11,775,0.03112884195,1.67841569384,32,79,false
L19_SEED_2,320,11,800,0.0298792678772,1.69509725157,32,79,false
L19_SEED_2,320,11,825,0.0287100061429,1.71141238473,32,79,false
L19_SEED_2,320,11,850,0.0276137315955,1.72737682788,32,79,false
L19_SEED_2,320,11,875,0.0265839650788,1.7430048187,32,79,false
L19_SEED_2,320,11,900,0.0256149580238,1.75830939629,32,79,false
L19_SEED_2,320,11,925,0.0247015953969,1.77330266372,32,79,false
L19_SEED_2,320,11,950,0.0238393135063,1.78799600666,32,79,false
L19_SEED_2,320,11,975,0.0230240299551,1.80240026476,32,79,false
L19_SEED_2,320,11,1000,0.0222520836322,1.81652585663,32,79,false
L19_SEED_2,320,11,1025,0.0215201830882,1.83038286328,32,79,false
L19_SEED_2,320,11,1050,0.0208253619807,1.8439810769,32,79,false
L19_SEED_2,320,11,1075,0.020164940526,1.85733002317,32,78,false
L19_SEED_2,320,11,1100,0.0195364920824,1.87043896509,32,78,false
L19_SEED_2,320,11,1125,0.0189378141322,1.88331689549,32,78,false
L19_SEED_2,320,11,1150,0.018366903045,1.89597252386,32,78,false
L19_SEED_2,320,11,1175,0.0178219320934,1.90841426188,32,78,false
L19_SEED_2,320,11,1200,0.0173012322689,1.92065021034,32,78,false
L19_SEED_2,320,11,1225,0.0168032755113,1.93268814943,32,78,false
L19_SEED_2,320,11,1250,0.0163266600165,1.94453553285,32,78,false
L19_SEED_2,320,11,1275,0.0158700973398,1.95619948621,32,78,false
L19_SEED_2,320,11,1300,0.015432401048,1.96768680923,32,78,false
L19_SEED_2,320,11,1325,0.0150124767119,1.97900398137,32,78,false
L19_SEED_2,320,11,1350,0.0146093130611,1.99015717023,32,83,false
L19_SEED_2,320,11,1375,0.0142219741459,2.00115224213,32,83,false
L19_SEED_2,320,11,1400,0.0138495923771,2.01199477423,32,83,false
L19_SEED_2,320,11,1425,0.0134913623306,2.02269006771,32,83,false
L19_SEED_2,320,11,1450,0.0131465352193,2.0332431616,32,83,false
L19_SEED_2,320,11,1475,0.0128144139524,2.04365884682,32,83,false
L19_SEED_2,320,11,1500,0.0124943487064,2.05394168015,32,83,false
L19_SEED_2,320,11,1525,0.0121857329508,2.06409599797,32,83,false
L19_SEED_2,320,11,1550,0.0118879998711,2.07412592962,32,83,false
L19_SEED_2,320,11,1575,0.0116006191455,2.08403541011,32,83,false
L19_SEED_2,320,11,1600,0.011323094034,2.09382819231,32,83,false
L19_SEED_2,320,11,1625,0.011054958745,2.10350785838,32,83,false
L19_SEED_2,320,11,1650,0.0107957760486,2.11307783063,32,83,false
L19_SEED_2,320,11,1675,0.0105451351101,2.12254138156,32,83,false
L19_SEED_2,320,11,1700,0.0103026495201,2.1319016433,32,83,false
L19_SEED_2,320,11,1725,0.0100679555002,2.14116161635,32,83,false
L19_SEED_2,320,11,1750,0.00984071026689,2.1503241777,32,81,false
L19_SEED_2,320,11,1775,0.00962059053589,2.15939208829,32,81,false
L19_SEED_2,320,11,1800,0.0094072911549,2.16836800002,32,81,false
L19_SEED_2,320,11,1825,0.0092005238503,2.17725446204,32,81,false
L19_SEED_2,320,11,1850,0.00900001607754,2.18605392673,32,81,false
L19_SEED_2,320,11,1875,0.00880550996508,2.19476875504,32,81,false
L19_SEED_2,320,11,1900,0.00861676134282,2.20340122157,32,81,false
L19_SEED_2,320,11,1925,0.00843353884735,2.2119535191,32,81,false
L19_SEED_2,320,11,1950,0.00825562309681,2.22042776286,32,81,false
L19_SEED_2,320,11,1975,0.0080828059291,2.22882599444,32,81,false
L19_SEED_2,320,11,2000,0.00791488969768,2.23715018538,32,81,false
L19_SEED_2,320,12,0,3.51003864949,3.52440995971,4,17,false
L19_SEED_2,320,12,25,1.23784739964,1.56259814956,25,87,false
L19_SEED_2,320,12,50,0.623778121794,1.22301036837,27,94,false
L19_SEED_2,320,12,75,0.404734428597,1.15761641767,29,96,false
L19_SEED_2,320,12,100,0.301748947022,1.12800039393,30,97,true
L19_SEED_2,320,12,125,0.240817437877,1.14824429713,31,87,false
L19_SEED_2,320,12,150,0.19973716114,1.17995359914,31,86,false
L19_SEED_2,320,12,175,0.1700011514,1.21501239518,32,80,false
L19_SEED_2,320,12,200,0.147457769172,1.25167264554,32,81,false
L19_SEED_2,320,12,225,0.129789557034,1.28854692662,32,81,false
L19_SEED_2,320,12,250,0.115586121132,1.32501861106,32,81,false
L19_SEED_2,320,12,275,0.103935162991,1.36065437347,32,81,false
L19_SEED_2,320,12,300,0.0942186541841,1.39526145934,32,81,false
L19_SEED_2,320,12,325,0.0860023363029,1.42873920625,32,80,false
L19_SEED_2,320,12,350,0.0789718881097,1.46105550175,32,80,false
L19_SEED_2,320,12,375,0.0728941388763,1.49221718519,32,80,false
L19_SEED_2,320,12,400,0.0675925010818,1.52225666188,32,80,false
L19_SEED_2,320,12,425,0.0629308578573,1.55122185286,32,80,false
L19_SEED_2,320,12,450,0.0588026763188,1.57916965232,32,79,false
L19_SEED_2,320,12,475,0.0551234597079,1.60616119625,32,79,false
L19_SEED_2,320,12,500,0.0518253950702,1.63225852797,32,79,false
L19_SEED_2,320,12,525,0.0488534820675,1.65752230561,32,79,false
L19_SEED_2,320,12,550,0.0461626841194,1.68201033038,32,79,false
L19_SEED_2,320,12,575,0.0437157997978,1.70577670441,32,79,false
L19_SEED_2,320,12,600,0.0414818509624,1.72887144672,32,79,false
L19_SEED_2,320,12,625,0.0394348476231,1.75134041815,32,79,false
L19_SEED_2,320,12,650,0.0375528313715,1.77322543402,32,79,false
L19_SEED_2,320,12,675,0.0358171274192,1.79456447464,32,79,false
L19_SEED_2,320,12,700,0.0342117546597,1.81539193311,32,80,false
L19_SEED_2,320,12,725,0.0327229567173,1.83573886565,32,80,false
L19_SEED_2,320,12,750,0.0313388265486,1.85563322902,32,80,false
L19_SEED_2,320,12,775,0.0300490040495,1.87510010335,32,80,false
L19_SEED_2,320,12,800,0.0288444310979,1.89416190677,32,80,false
L19_SEED_2,320,12,825,0.0277171520924,1.91283861151,32,80,false
L19_SEED_2,320,12,850,0.0266601507167,1.93114797024,32,80,false
L19_SEED_2,320,12,875,0.0256672156439,1.94910575777,32,80,false
L19_SEED_2,320,12,900,0.0247328294065,1.96672602779,32,80,false
L19_SEED_2,320,12,925,0.0238520758281,1.984021379,32,80,false
L19_SEED_2,320,12,950,0.0230205623476,2.00100322052,32,80,false
L19_SEED_2,320,12,975,0.0222343543261,2.01768202449,32,80,false
L19_SEED_2,320,12,1000,0.0214899190487,2.03406755387,32,80,false
L19_SEED_2,320,12,1025,0.0207840776341,2.05016905616,32,80,false
L19_SEED_2,320,12,1050,0.0201139634725,2.06599541733,32,80,false
L19_SEED_2,320,12,1075,0.0194769861173,2.08155527466,32,80,false
L19_SEED_2,320,12,1100,0.0188707997968,2.09685709101,32,80,false
L19_SEED_2,320,12,1125,0.0182932758804,2.11190919582,32,80,false
L19_SEED_2,320,12,1150,0.0177424787626,2.12671979972,32,80,false
L19_SEED_2,320,12,1175,0.0172166447148,2.14129699019,32,80,false
L19_SEED_2,320,12,1200,0.0167141633265,2.15564871491,32,80,false
L19_SEED_2,320,12,1225,0.0162335612052,2.16978275883,32,78,false
L19_SEED_2,320,12,1250,0.0157734876487,2.18370671926,32,78,false
L19_SEED_2,320,12,1275,0.0153327020391,2.19742798229,32,78,false
L19_SEED_2,320,12,1300,0.014910062736,2.21095370246,32,78,false
L19_SEED_2,320,12,1325,0.0145045172776,2.22429078683,32,78,false
L19_SEED_2,320,12,1350,0.0141150937206,2.23744588372,32,78,false
L19_SEED_2,320,12,1375,0.0137408929709,2.2504253761,32,78,false
L19_SEED_2,320,12,1400,0.0133810819807,2.26323537909,32,78,false
L19_SEED_2,320,12,1425,0.0130348876991,2.27588174113,32,78,false
L19_SEED_2,320,12,1450,0.0127015916831,2.28837004807,32,78,false
L19_SEED_2,320,12,1475,0.012380525285,2.30070562961,32,78,false
L19_SEED_2,320,12,1500,0.0120710653476,2.3128935675,32,78,false
L19_SEED_2,320,12,1525,0.0117726303427,2.32493870505,32,78,false
L19_SEED_2,320,12,1550,0.0114846769031,2.33684565741,32,78,false
L19_SEED_2,320,12,1575,0.0112066966996,2.34861882237,32,78,false
L19_SEED_2,320,12,1600,0.0109382136242,2.36026239137,32,78,false
L19_SEED_2,320,12,1625,0.0106787812444,2.37178036046,32,78,false
L19_SEED_2,320,12,1650,0.010427980499,2.38317654112,32,78,false
L19_SEED_2,320,12,1675,0.0101854176077,2.39445457076,32,78,false
L19_SEED_2,320,12,1700,0.00995072217225,2.40561792283,32,78,false
L19_SEED_2,320,12,1725,0.00972354544891,2.41666991644,32,78,false
L19_SEED_2,320,12,1750,0.0095035587736,2.4276137256,32,78,false
L19_SEED_2,320,12,1775,0.00929045212463,2.43845238787,32,78,false
L19_SEED_2,320,12,1800,0.00908393280879,2.4491888125,32,78,false
L19_SEED_2,320,12,1825,0.00888372425854,2.45982578815,32,78,false
L19_SEED_2,320,12,1850,0.00868956492944,2.47036599003,32,78,false
L19_SEED_2,320,12,1875,0.00850120728799,2.48081198665,32,78,false
L19_SEED_2,320,12,1900,0.00831841688133,2.491166246,32,78,false
L19_SEED_2,320,12,1925,0.00814097148113,2.50143114146,32,78,false
L19_SEED_2,320,12,1950,0.00796866029459,2.51160895716,32,78,false
L19_SEED_2,320,12,1975,0.00780128323669,2.52170189304,32,78,false
L19_SEED_2,320,12,2000,0.00763865025788,2.53171206951,32,78,false
L19_SEED_2,320,13,0,3.51207860081,3.52541108735,4,6,false
L19_SEED_2,320,13,25,1.24111654124,1.57975386693,25,87,false
L19_SEED_2,320,13,50,0.640446538033,1.25775156667,27,94,false
L19_SEED_2,320,13,75,0.421257038405,1.18547877988,29,91,false
L19_SEED_2,320,13,100,0.315710547832,1.15417932137,30,98,true
L19_SEED_2,320,13,125,0.252825874773,1.17117072716,31,87,false
L19_SEED_2,320,13,150,0.210267907827,1.20203330104,31,87,false
L19_SEED_2,320,13,175,0.179368764075,1.23627703119,32,81,false
L19_SEED_2,320,13,200,0.155884027781,1.27270643433,32,81,false
L19_SEED_2,320,13,225,0.137437795484,1.30959162132,32,81,false
L19_SEED_2,320,13,250,0.122580765361,1.34626907042,32,81,false
L19_SEED_2,320,13,275,0.110373465309,1.38227149689,32,80,false
L19_SEED_2,320,13,300,0.10017817213,1.41737107982,32,80,false
L19_SEED_2,320,13,325,0.0915459149872,1.45144112863,32,80,false
L19_SEED_2,320,13,350,0.0841511117736,1.48442588856,32,80,false
L19_SEED_2,320,13,375,0.077751801731,1.51631352936,32,80,false
L19_SEED_2,320,13,400,0.0721644260269,1.54712121862,32,79,false
L19_SEED_2,320,13,425,0.0672472667939,1.57688474912,32,79,false
L19_SEED_2,320,13,450,0.0628892432288,1.60565141558,32,79,false
L19_SEED_2,320,13,475,0.0590021336601,1.63347485772,32,79,false
L19_SEED_2,320,13,500,0.0555150525922,1.66041133895,32,79,false
L19_SEED_2,320,13,525,0.0523704503557,1.68651712065,32,79,false
L19_SEED_2,320,13,550,0.0495211646896,1.71184670975,32,79,false
L19_SEED_2,320,13,575,0.0469282142041,1.73645179015,32,79,false
L19_SEED_2,320,13,600,0.044559124751,1.76038066588,32,79,false
L19_SEED_2,320,13,625,0.0423866448318,1.78367806175,32,79,false
L19_SEED_2,320,13,650,0.040387749074,1.80638515167,32,77,false
L19_SEED_2,320,13,675,0.0385428576939,1.82853971397,32,77,false
L19_SEED_2,320,13,700,0.0368352197293,1.8501763416,32,77,false
L19_SEED_2,320,13,725,0.0352504217376,1.87132666089,32,77,false
L19_SEED_2,320,13,750,0.0337759935517,1.89201953292,32,77,false
L19_SEED_2,320,13,775,0.0324010898266,1.91228122732,32,77,false
L19_SEED_2,320,13,800,0.0311162313049,1.93213556964,32,77,false
L19_SEED_2,320,13,825,0.0299130935413,1.9516040706,32,77,false
L19_SEED_2,320,13,850,0.0287843336333,1.97070604986,32,77,false
L19_SEED_2,320,13,875,0.0277234475793,1.98945876738,32,77,false
L19_SEED_2,320,13,900,0.0267246524213,2.00787757369,32,77,false
L19_SEED_2,320,13,925,0.0257827884857,2.02597608585,32,77,false
L19_SEED_2,320,13,950,0.024893237914,2.04376638981,32,77,false
L19_SEED_2,320,13,975,0.0240518563732,2.06125926398,32,77,false
L19_SEED_2,320,13,1000,0.0232549154083,2.07846441369,32,77,false
L19_SEED_2,320,13,1025,0.0224990533785,2.09539070299,32,77,false
L19_SEED_2,320,13,1050,0.0217812333383,2.11204637013,32,77,false
L19_SEED_2,320,13,1075,0.0210987065726,2.12843921496,32,77,false
L19_SEED_2,320,13,1100,0.020448980792,2.14457675039,32,77,false
L19_SEED_2,320,13,1125,0.0198297922234,2.16046631463,32,77,false
L19_SEED_2,320,13,1150,0.0192390810164,2.17611514511,32,77,false
L19_SEED_2,320,13,1175,0.0186749695088,2.19153041875,32,77,false
L19_SEED_2,320,13,1200,0.0181357429938,2.20671926489,32,77,false
L19_SEED_2,320,13,1225,0.0176198326897,2.22168875831,32,77,false
L19_SEED_2,320,13,1250,0.0171258006607,2.23644589932,32,77,false
L19_SEED_2,320,13,1275,0.0166523264644,2.25099758709,32,77,false
L19_SEED_2,320,13,1300,0.0161981953312,2.26535059089,32,77,false
L19_SEED_2,320,13,1325,0.0157622876955,2.27951152272,32,77,false
L19_SEED_2,320,13,1350,0.0153435699204,2.29348681343,32,77,false
L19_SEED_2,320,13,1375,0.0149410860728,2.30728269356,32,77,false
L19_SEED_2,320,13,1400,0.0145539506208,2.32090517923,32,77,false
L19_SEED_2,320,13,1425,0.0141813419418,2.33436006293,32,77,false
L19_SEED_2,320,13,1450,0.0138224965409,2.3476529088,32,77,false
L19_SEED_2,320,13,1475,0.0134767038928,2.36078905176,32,77,false
L19_SEED_2,320,13,1500,0.013143301832,2.37377359979,32,77,false
L19_SEED_2,320,13,1525,0.0128216724233,2.38661143869,32,77,false
L19_SEED_2,320,13,1550,0.0125112382571,2.39930723872,32,78,false
L19_SEED_2,320,13,1575,0.0122114591172,2.41186546262,32,78,false
L19_SEED_2,320,13,1600,0.0119218289793,2.42429037447,32,78,false
L19_SEED_2,320,13,1625,0.0116418733015,2.43658604908,32,79,false
L19_SEED_2,320,13,1650,0.0113711465735,2.44875638156,32,79,false
L19_SEED_2,320,13,1675,0.011109230096,2.46080509698,32,79,false
L19_SEED_2,320,13,1700,0.0108557299652,2.47273575976,32,78,false
L19_SEED_2,320,13,1725,0.0106102752401,2.4845517828,32,78,false
L19_SEED_2,320,13,1750,0.0103725162734,2.49625643617,32,78,false
L19_SEED_2,320,13,1775,0.0101421231881,2.50785285547,32,78,false
L19_SEED_2,320,13,1800,0.00991878448644,2.51934404957,32,78,false
L19_SEED_2,320,13,1825,0.00970220577646,2.53073290794,32,78,false
L19_SEED_2,320,13,1850,0.00949210860463,2.54202220751,32,78,false
L19_SEED_2,320,13,1875,0.00928822938489,2.553214619,32,78,false
L19_SEED_2,320,13,1900,0.00909031841408,2.56431271277,32,78,false
L19_SEED_2,320,13,1925,0.00889813896591,2.57531896435,32,78,false
L19_SEED_2,320,13,1950,0.008711466456,2.58623575942,32,78,false
L19_SEED_2,320,13,1975,0.00853008767146,2.59706539846,32,78,false
L19_SEED_2,320,13,2000,0.00835380005915,2.60781010108,32,78,false
L19_SEED_2,320,14,0,3.50990820847,3.5248840307,4,6,false
L19_SEED_2,320,14,25,1.24695413696,1.59920860482,25,86,false
L19_SEED_2,320,14,50,0.649157065079,1.30324410788,27,93,false
L19_SEED_2,320,14,75,0.429909327723,1.24310343535,29,91,false
L19_SEED_2,320,14,100,0.322947812188,1.22030992645,30,92,true
L19_SEED_2,320,14,125,0.258888743698,1.23994189405,31,82,false
L19_SEED_2,320,14,150,0.215455555137,1.27286781086,31,82,false
L19_SEED_2,320,14,175,0.183885200509,1.3093050851,31,81,false
L19_SEED_2,320,14,200,0.159884276946,1.34754135175,32,77,false
L19_SEED_2,320,14,225,0.141039656712,1.38595497159,32,77,false
L19_SEED_2,320,14,250,0.125872712301,1.42392392809,32,76,false
L19_SEED_2,320,14,275,0.113421491076,1.46103302803,32,76,false
L19_SEED_2,320,14,300,0.103031435074,1.49709011401,32,80,false
L19_SEED_2,320,14,325,0.0942411428014,1.53199374141,32,79,false
L19_SEED_2,320,14,350,0.0867159091766,1.56570638119,32,79,false
L19_SEED_2,320,14,375,0.0802070801728,1.59822957671,32,79,false
L19_SEED_2,320,14,400,0.0745261667475,1.62959063477,32,79,false
L19_SEED_2,320,14,425,0.0695277933534,1.65983344422,32,79,false
L19_SEED_2,320,14,450,0.0650981399566,1.68901211081,32,79,false
L19_SEED_2,320,14,475,0.0611469115756,1.71718637681,32,79,false
L19_SEED_2,320,14,500,0.0576016363863,1.74441821841,32,79,false
L19_SEED_2,320,14,525,0.0544035387209,1.7707693652,32,79,false
L19_SEED_2,320,14,550,0.0515045006438,1.79629956283,32,79,false
L19_SEED_2,320,14,575,0.0488647909156,1.82106545362,32,77,false
L19_SEED_2,320,14,600,0.0464513446403,1.84511995248,32,77,false
L19_SEED_2,320,14,625,0.0442364444404,1.86851199802,32,77,false
L19_SEED_2,320,14,650,0.0421966985819,1.89128656788,32,77,false
L19_SEED_2,320,14,675,0.0403122414818,1.91348486293,32,77,false
L19_SEED_2,320,14,700,0.0385661026206,1.93514458595,32,73,false
L19_SEED_2,320,14,725,0.0369437042633,1.95630025994,32,73,false
L19_SEED_2,320,14,750,0.0354324586048,1.97698354962,32,74,false
L19_SEED_2,320,14,775,0.0340214423031,1.99722356262,32,74,false
L19_SEED_2,320,14,800,0.0327011317243,2.01704711727,32,74,false
L19_SEED_2,320,14,825,0.0314631861751,2.03647897031,32,74,false
L19_SEED_2,320,14,850,0.0303002693423,2.05554200264,32,74,false
L19_SEED_2,320,14,875,0.0292059013713,2.07425736402,32,74,false
L19_SEED_2,320,14,900,0.0281743356959,2.09264458033,32,74,false
L19_SEED_2,320,14,925,0.0272004560144,2.11072162883,32,73,false
L19_SEED_2,320,14,950,0.0262796897859,2.12850498843,32,73,false
L19_SEED_2,320,14,975,0.0254079353826,2.14600967399,32,73,false
L19_SEED_2,320,14,1000,0.024581500605,2.16324926426,32,74,false
L19_SEED_2,320,14,1025,0.0237970507129,2.18023593377,32,74,false
L19_SEED_2,320,14,1050,0.0230515644526,2.19698049819,32,74,false
L19_SEED_2,320,14,1075,0.0223422968129,2.21349248074,32,74,false
L19_SEED_2,320,14,1100,0.0216667474296,2.22978020438,32,74,false
L19_SEED_2,320,14,1125,0.0210226337082,2.24585091073,32,74,false
L19_SEED_2,320,14,1150,0.0204078678559,2.26171090251,32,74,false
L19_SEED_2,320,14,1175,0.0198205371268,2.27736570269,32,74,false
L19_SEED_2,320,14,1200,0.0192588866856,2.29282022133,32,74,false
L19_SEED_2,320,14,1225,0.0187213045999,2.3080789195,32,74,false
L19_SEED_2,320,14,1250,0.0182063085623,2.32314596069,32,74,false
L19_SEED_2,320,14,1275,0.0177125340354,2.33802534163,32,74,false
L19_SEED_2,320,14,1300,0.0172387235852,2.35272099754,32,74,false
L19_SEED_2,320,14,1325,0.0167837172312,2.36723687943,32,73,false
L19_SEED_2,320,14,1350,0.0163464436881,2.38157700429,32,73,false
L19_SEED_2,320,14,1375,0.0159259124051,2.3957454809,32,73,false
L19_SEED_2,320,14,1400,0.0155212063334,2.4097465155,32,73,false
L19_SEED_2,320,14,1425,0.0151314753599,2.42358440219,32,73,false
L19_SEED_2,320,14,1450,0.014755930359,2.43726350292,32,73,false
L19_SEED_2,320,14,1475,0.0143938378104,2.45078822122,32,73,false
L19_SEED_2,320,14,1500,0.0140445149388,2.46416297343,32,73,false
L19_SEED_2,320,14,1525,0.0137073253291,2.47739215988,32,73,false
L19_SEED_2,320,14,1550,0.013381674974,2.49048013817,32,73,false
L19_SEED_2,320,14,1575,0.0130670087124,2.50343119945,32,73,false
L19_SEED_2,320,14,1600,0.0127628070187,2.51624954846,32,73,false
L19_SEED_2,320,14,1625,0.0124685831082,2.52893928747,32,73,false
L19_SEED_2,320,14,1650,0.0121838803237,2.54150440387,32,73,false
L19_SEED_2,320,14,1675,0.0119082697734,2.55394876133,32,73,false
L19_SEED_2,320,14,1700,0.0116413481935,2.5662760938,32,73,false
L19_SEED_2,320,14,1725,0.011382736011,2.57849000228,32,73,false
L19_SEED_2,320,14,1750,0.0111320755842,2.59059395356,32,73,false
L19_SEED_2,320,14,1775,0.010889029603,2.60259128071,32,73,false
L19_SEED_2,320,14,1800,0.0106532796312,2.61448518496,32,73,false
L19_SEED_2,320,14,1825,0.0104245247765,2.62627873855,32,73,false
L19_SEED_2,320,14,1850,0.010202480474,2.63797488833,32,73,false
L19_SEED_2,320,14,1875,0.00998687737297,2.64957645987,32,73,false
L19_SEED_2,320,14,1900,0.00977746031561,2.66108616198,32,73,false
L19_SEED_2,320,14,1925,0.00957398739896,2.67250659136,32,73,false
L19_SEED_2,320,14,1950,0.00937622911201,2.68384023735,32,73,false
L19_SEED_2,320,14,1975,0.00918396754082,2.69508948672,32,73,false
L19_SEED_2,320,14,2000,0.00899699563532,2.70625662839,32,73,false
L19_SEED_2,320,15,0,3.50749229632,3.5302705527,1,6,false
L19_SEED_2,320,15,25,1.22285656226,1.67057733014,25,87,false
L19_SEED_2,320,15,50,0.629721269824,1.39751311662,28,86,false
L19_SEED_2,320,15,75,0.420681376056,1.35307300322,29,89,false
L19_SEED_2,320,15,100,0.317060352738,1.34433748462,31,79,true
L19_SEED_2,320,15,125,0.254172041816,1.3704087448,31,78,false
L19_SEED_2,320,15,150,0.211344837556,1.40842817315,31,80,false
L19_SEED_2,320,15,175,0.180178074098,1.45005636782,32,74,false
L19_SEED_2,320,15,200,0.156492896679,1.49274855497,32,74,false
L19_SEED_2,320,15,225,0.137917716467,1.5351121098,32,73,false
L19_SEED_2,320,15,250,0.122989873313,1.57655823378,32,71,false
L19_SEED_2,320,15,275,0.110754111024,1.61677094534,32,71,false
L19_SEED_2,320,15,300,0.100559192949,1.65561714146,32,71,false
L19_SEED_2,320,15,325,0.091945848895,1.69304735241,32,74,false
L19_SEED_2,320,15,350,0.0845810896944,1.7290650938,32,74,false
L19_SEED_2,320,15,375,0.0782178089529,1.76370599531,32,74,false
L19_SEED_2,320,15,400,0.0726689582613,1.79702593533,32,74,false
L19_SEED_2,320,15,425,0.0677905009475,1.82909318217,32,74,false
L19_SEED_2,320,15,450,0.0634698484398,1.85998278525,32,74,false
L19_SEED_2,320,15,475,0.0596178262466,1.88977242159,32,74,false
L19_SEED_2,320,15,500,0.0561629726787,1.91853930453,32,73,false
L19_SEED_2,320,15,525,0.0530474158376,1.94635796126,32,71,false
L19_SEED_2,320,15,550,0.0502238414515,1.97329876245,32,71,false
L19_SEED_2,320,15,575,0.0476532295102,1.99942707965,32,71,false
L19_SEED_2,320,15,600,0.0453031423472,2.02480293548,32,71,false
L19_SEED_2,320,15,625,0.043146414509,2.04948100925,32,71,false
L19_SEED_2,320,15,650,0.0411601394366,2.0735108744,32,71,false
L19_SEED_2,320,15,675,0.0393248781078,2.09693736837,32,71,false
L19_SEED_2,320,15,700,0.0376240354897,2.11980102277,32,71,false
L19_SEED_2,320,15,725,0.036043365127,2.14213850573,32,71,false
L19_SEED_2,320,15,750,0.0345705724734,2.16398304813,32,71,false
L19_SEED_2,320,15,775,0.0331949949704,2.18536483845,32,72,false
L19_SEED_2,320,15,800,0.0319073422552,2.20631138014,32,72,false
L19_SEED_2,320,15,825,0.0306994838363,2.22684781033,32,72,false
L19_SEED_2,320,15,850,0.0295642745106,2.24699718157,32,72,false
L19_SEED_2,320,15,875,0.0284954099878,2.26678070935,32,72,false
L19_SEED_2,320,15,900,0.0274873068488,2.28621798854,32,72,false
L19_SEED_2,320,15,925,0.0265350022234,2.30532718177,32,73,false
L19_SEED_2,320,15,950,0.0256340695392,2.32412518227,32,72,false
L19_SEED_2,320,15,975,0.02478054744,2.34262775347,32,72,false
L19_SEED_2,320,15,1000,0.0239708795515,2.36084964703,32,72,false
L19_SEED_2,320,15,1025,0.023201863229,2.37880470114,32,72,false
L19_SEED_2,320,15,1050,0.022470605777,2.39650592023,32,72,false
L19_SEED_2,320,15,1075,0.0217744869164,2.41396553763,32,72,false
L19_SEED_2,320,15,1100,0.0211111265029,2.43119506265,32,72,false
L19_SEED_2,320,15,1125,0.0204783566778,2.44820531386,32,72,false
L19_SEED_2,320,15,1150,0.0198741977829,2.46500644049,32,72,false
L19_SEED_2,320,15,1175,0.0192968374837,2.48160793446,32,72,false
L19_SEED_2,320,15,1200,0.0187446126422,2.49801863591,32,72,false
L19_SEED_2,320,15,1225,0.0182159935547,2.51424673503,32,72,false
L19_SEED_2,320,15,1250,0.017709570229,2.53029977368,32,72,false
L19_SEED_2,320,15,1275,0.0172240404248,2.54618464972,32,72,false
L19_SEED_2,320,15,1300,0.0167581992176,2.56190762694,32,72,false
L19_SEED_2,320,15,1325,0.0163109298759,2.57747435278,32,72,false
L19_SEED_2,320,15,1350,0.0158811958701,2.59288988536,32,72,false
L19_SEED_2,320,15,1375,0.0154680338468,2.60815873012,32,72,false
L19_SEED_2,320,15,1400,0.0150705474285,2.62328488582,32,72,false
L19_SEED_2,320,15,1425,0.0146879017087,2.63827189817,32,72,false
L19_SEED_2,320,15,1450,0.0143193183367,2.65312291918,32,72,false
L19_SEED_2,320,15,1475,0.0139640710973,2.66784076934,32,72,false
L19_SEED_2,320,15,1500,0.0136214819085,2.68242799996,32,72,false
L19_SEED_2,320,15,1525,0.0132909171752,2.69688695289,32,72,false
L19_SEED_2,320,15,1550,0.0129717844485,2.71121981522,32,72,false
L19_SEED_2,320,15,1575,0.0126635293521,2.72542866734,32,72,false
L19_SEED_2,320,15,1600,0.0123656327458,2.73951552313,32,72,false
L19_SEED_2,320,15,1625,0.0120776081039,2.75348236188,32,72,false
L19_SEED_2,320,15,1650,0.0117989990895,2.76733115204,32,72,false
L19_SEED_2,320,15,1675,0.0115293773126,2.78106386739,32,72,false
L19_SEED_2,320,15,1700,0.0112683402584,2.79468249656,32,72,false
L19_SEED_2,320,15,1725,0.0110155093758,2.80818904706,32,72,false
L19_SEED_2,320,15,1750,0.0107705283157,2.82158554488,32,72,false
L19_SEED_2,320,15,1775,0.0105330613103,2.83487403097,32,72,false
L19_SEED_2,320,15,1800,0.0103027916834,2.84805655543,32,72,false
L19_SEED_2,320,15,1825,0.0100794204821,2.86113517051,32,72,false
L19_SEED_2,320,15,1850,0.00986266522143,2.87411192303,32,72,false
L19_SEED_2,320,15,1875,0.00965225873239,2.88698884673,32,72,false
L19_SEED_2,320,15,1900,0.0094479481054,2.89976795511,32,72,false
L19_SEED_2,320,15,1925,0.00924949372071,2.9124512349,32,72,false
L19_SEED_2,320,15,1950,0.00905666835821,2.92504064038,32,72,false
L19_SEED_2,320,15,1975,0.00886925637976,2.9375380886,32,72,false
L19_SEED_2,320,15,2000,0.00868705297714,2.94994545555,32,72,false
L19_SEED_2,320,16,0,3.50009287904,3.52515521358,1,5,false
L19_SEED_2,320,16,25,1.22112444377,1.67784040743,26,87,false
L19_SEED_2,320,16,50,0.633065649019,1.42967568305,28,85,false
L19_SEED_2,320,16,75,0.425140534703,1.39036482692,29,88,false
L19_SEED_2,320,16,100,0.321176386378,1.38774189505,31,78,true
L19_SEED_2,320,16,125,0.257658836069,1.41787189723,31,78,false
L19_SEED_2,320,16,150,0.21429601185,1.45858102652,31,78,false
L19_SEED_2,320,16,175,0.182722083424,1.50329237377,32,72,false
L19_SEED_2,320,16,200,0.158734649743,1.54893955356,32,71,false
L19_SEED_2,320,16,225,0.139935419984,1.59406700777,32,71,false
L19_SEED_2,320,16,250,0.12484027746,1.63798651193,32,70,false
L19_SEED_2,320,16,275,0.112478111024,1.68040684041,32,70,false
L19_SEED_2,320,16,300,0.10218628342,1.72120576547,32,70,false
L19_SEED_2,320,16,325,0.0934973872762,1.76035899832,32,69,false
L19_SEED_2,320,16,350,0.0860726218455,1.7978956658,32,69,false
L19_SEED_2,320,16,375,0.0796607137342,1.83387764342,32,69,false
L19_SEED_2,320,16,400,0.0740716120429,1.86838558263,32,69,false
L19_SEED_2,320,16,425,0.0691591058275,1.90151003347,32,69,false
L19_SEED_2,320,16,450,0.0648090238823,1.93334541372,32,68,false
L19_SEED_2,320,16,475,0.0609310331278,1.96398576831,32,68,false
L19_SEED_2,320,16,500,0.05745281808,1.99352187713,32,68,false
L19_SEED_2,320,16,525,0.0543158729515,2.02203939189,32,69,false
L19_SEED_2,320,16,550,0.0514724091952,2.04961778554,32,69,false
L19_SEED_2,320,16,575,0.0488830493915,2.07632991747,32,69,false
L19_SEED_2,320,16,600,0.0465150849761,2.10224203484,32,69,false
L19_SEED_2,320,16,625,0.0443411444192,2.12741405665,32,69,false
L19_SEED_2,320,16,650,0.0423381642386,2.15190001918,32,70,false
L19_SEED_2,320,16,675,0.0404865861606,2.17574859559,32,70,false
L19_SEED_2,320,16,700,0.0387697250221,2.19900363209,32,70,false
L19_SEED_2,320,16,725,0.0371732668928,2.22170466618,32,70,false
L19_SEED_2,320,16,750,0.0356848674446,2.24388740899,32,70,false
L19_SEED_2,320,16,775,0.0342938281758,2.26558418408,32,70,false
L19_SEED_2,320,16,800,0.0329908335959,2.28682432136,32,70,false
L19_SEED_2,320,16,825,0.0317677365123,2.30763450807,32,70,false
L19_SEED_2,320,16,850,0.0306173815512,2.32803910047,32,70,false
L19_SEED_2,320,16,875,0.0295334592737,2.34806040003,32,70,false
L19_SEED_2,320,16,900,0.0285103849355,2.36771889804,32,70,false
L19_SEED_2,320,16,925,0.0275431972159,2.38703349206,32,70,false
L19_SEED_2,320,16,950,0.0266274732202,2.40602167706,32,70,false
L19_SEED_2,320,16,975,0.0257592568175,2.42469971368,32,70,false
L19_SEED_2,320,16,1000,0.0249349979607,2.44308277546,32,71,false
L19_SEED_2,320,16,1025,0.0241515010963,2.46118507641,32,71,false
L19_SEED_2,320,16,1050,0.0234058811315,2.47901998005,32,71,false
L19_SEED_2,320,16,1075,0.0226955257142,2.49660009075,32,71,false
L19_SEED_2,320,16,1100,0.0220180628091,2.51393732798,32,71,false
L19_SEED_2,320,16,1125,0.0213713327353,2.53104298426,32,71,false
L19_SEED_2,320,16,1150,0.0207533639817,2.54792776756,32,71,false
L19_SEED_2,320,16,1175,0.0201623522315,2.56460182933,32,71,false
L19_SEED_2,320,16,1200,0.0195966421297,2.58107477955,32,71,false
L19_SEED_2,320,16,1225,0.0190547114012,2.5973556909,32,71,false
L19_SEED_2,320,16,1250,0.0185351569966,2.61345309427,32,71,false
L19_SEED_2,320,16,1275,0.0180366829904,2.62937496882,32,71,false
L19_SEED_2,320,16,1300,0.0175580899994,2.64512872954,32,71,false
L19_SEED_2,320,16,1325,0.0170982659252,2.66072121589,32,71,false
L19_SEED_2,320,16,1350,0.0166561778454,2.67615868478,32,71,false
L19_SEED_2,320,16,1375,0.0162308649032,2.69144681071,32,71,false
L19_SEED_2,320,16,1400,0.0158214320615,2.70659069544,32,71,false
L19_SEED_2,320,16,1425,0.015427044599,2.72159488845,32,71,false
L19_SEED_2,320,16,1450,0.0150469232417,2.73646341847,32,71,false
L19_SEED_2,320,16,1475,0.0146803398333,2.75119983555,32,71,false
L19_SEED_2,320,16,1500,0.0143266134584,2.76580726162,32,71,false
L19_SEED_2,320,16,1525,0.0139851069473,2.7802884475,32,71,false
L19_SEED_2,320,16,1550,0.0136552236999,2.7946458331,32,71,false
L19_SEED_2,320,16,1575,0.0133364047779,2.80888160818,32,71,false
L19_SEED_2,320,16,1600,0.0130281262274,2.82299777044,32,71,false
L19_SEED_2,320,16,1625,0.0127298965981,2.83699617899,32,71,false
L19_SEED_2,320,16,1650,0.0124412546395,2.85087860099,32,71,false
L19_SEED_2,320,16,1675,0.0121617671552,2.86464675076,32,71,false
L19_SEED_2,320,16,1700,0.011891027004,2.8783023206,32,71,false
L19_SEED_2,320,16,1725,0.0116286512377,2.89184700367,32,71,false
L19_SEED_2,320,16,1750,0.0113742793701,2.90528250946,32,71,false
L19_SEED_2,320,16,1775,0.0111275717691,2.91861057279,32,71,false
L19_SEED_2,320,16,1800,0.010888208167,2.93183295741,32,71,false
L19_SEED_2,320,16,1825,0.0106558862829,2.94495145543,32,71,false
L19_SEED_2,320,16,1850,0.010430320551,2.95796788357,32,71,false
L19_SEED_2,320,16,1875,0.0102112409486,2.9708840774,32,70,false
L19_SEED_2,320,16,1900,0.00999839191675,2.98370188424,32,70,false
L19_SEED_2,320,16,1925,0.00979153136778,2.99642315558,32,71,false
L19_SEED_2,320,16,1950,0.00959042977303,3.00904973951,32,71,false
L19_SEED_2,320,16,1975,0.00939486932373,3.02158347343,32,71,false
L19_SEED_2,320,16,2000,0.00920464315975,3.03402617752,32,71,false
L19_SEED_2,320,17,0,3.49864002932,3.52841978713,1,5,false
L19_SEED_2,320,17,25,1.21248279064,1.69688480665,25,87,false
L19_SEED_2,320,17,50,0.632371567971,1.46012107103,28,85,false
L19_SEED_2,320,17,75,0.427929379675,1.43458964718,30,74,false
L19_SEED_2,320,17,100,0.324483634814,1.42988662742,31,77,true
L19_SEED_2,320,17,125,0.26064388698,1.46040257741,31,77,false
L19_SEED_2,320,17,150,0.216855650523,1.50053507683,31,77,false
L19_SEED_2,320,17,175,0.184905463332,1.54579896092,32,70,false
L19_SEED_2,320,17,200,0.160610347274,1.59192073537,32,69,false
L19_SEED_2,320,17,225,0.141563020921,1.63766551901,32,69,false
L19_SEED_2,320,17,250,0.126267608594,1.68228858809,32,68,false
L19_SEED_2,320,17,275,0.113742912991,1.72546943716,32,67,false
L19_SEED_2,320,17,300,0.103318297425,1.76706540556,32,67,false
L19_SEED_2,320,17,325,0.0945201328712,1.80703147242,32,67,false
L19_SEED_2,320,17,350,0.0870048025771,1.84538438476,32,66,false
L19_SEED_2,320,17,375,0.0805173036941,1.88217572701,32,67,false
L19_SEED_2,320,17,400,0.0748646874334,1.91747809299,32,68,false
L19_SEED_2,320,17,425,0.069898477787,1.95137572596,32,68,false
L19_SEED_2,320,17,450,0.0655027189288,1.98395820358,32,68,false
L19_SEED_2,320,17,475,0.0615856584486,2.01531604347,32,68,false
L19_SEED_2,320,17,500,0.0580738408154,2.04553768027,32,68,false
L19_SEED_2,320,17,525,0.0549078356957,2.07470748035,32,68,false
L19_SEED_2,320,17,550,0.052039098231,2.10290456058,32,68,false
L19_SEED_2,320,17,575,0.0494276276998,2.13020220929,32,68,false
L19_SEED_2,320,17,600,0.0470401987026,2.15666773605,32,69,false
L19_SEED_2,320,17,625,0.0448490090556,2.18236260577,32,69,false
L19_SEED_2,320,17,650,0.0428306350632,2.20734274458,32,69,false
L19_SEED_2,320,17,675,0.0409652162867,2.23165893623,32,69,false
L19_SEED_2,320,17,700,0.0392358135666,2.255357254,32,69,false
L19_SEED_2,320,17,725,0.0376278991794,2.27847949413,32,69,false
L19_SEED_2,320,17,750,0.0361289487281,2.30106359124,32,69,false
L19_SEED_2,320,17,775,0.0347281120529,2.32314400584,32,69,false
L19_SEED_2,320,17,800,0.0334159460307,2.34475208037,32,69,false
L19_SEED_2,320,17,825,0.0321841962215,2.36591636324,32,69,false
L19_SEED_2,320,17,850,0.0310256173499,2.38666290224,32,69,false
L19_SEED_2,320,17,875,0.0299338248748,2.40701550978,32,69,false
L19_SEED_2,320,17,900,0.0289031716062,2.42699600212,32,69,false
L19_SEED_2,320,17,925,0.0279286446233,2.44662441532,32,70,false
L19_SEED_2,320,17,950,0.0270057787463,2.46591919976,32,70,false
L19_SEED_2,320,17,975,0.0261305835726,2.48489739541,32,70,false
L19_SEED_2,320,17,1000,0.025299481692,2.50357478932,32,70,false
L19_SEED_2,320,17,1025,0.0245092561535,2.52196605663,32,70,false
L19_SEED_2,320,17,1050,0.0237570056282,2.54008488619,32,70,false
L19_SEED_2,320,17,1075,0.0230401059986,2.55794409162,32,70,false
L19_SEED_2,320,17,1100,0.0223561773403,2.57555570823,32,70,false
L19_SEED_2,320,17,1125,0.0217030554417,2.59293107638,32,70,false
L19_SEED_2,320,17,1150,0.0210787671618,2.61008091148,32,70,false
L19_SEED_2,320,17,1175,0.0204815090444,2.62701536099,32,70,false
L19_SEED_2,320,17,1200,0.0199096287051,2.64374404873,32,70,false
L19_SEED_2,320,17,1225,0.0193616085904,2.66027610687,32,70,false
L19_SEED_2,320,17,1250,0.0188360517717,2.67662019652,32,70,false
L19_SEED_2,320,17,1275,0.0183316694952,2.69278451772,32,70,false
L19_SEED_2,320,17,1300,0.0178472702504,2.70877681034,32,70,false
L19_SEED_2,320,17,1325,0.0173817501586,2.72460434763,32,70,false
L19_SEED_2,320,17,1350,0.0169340845153,2.74027392473,32,70,false
L19_SEED_2,320,17,1375,0.0165033203404,2.7557918445,32,70,false
L19_SEED_2,320,17,1400,0.0160885698152,2.77116390353,32,70,false
L19_SEED_2,320,17,1425,0.0156890044988,2.78639538108,32,70,false
L19_SEED_2,320,17,1450,0.0153038502264,2.80149103353,32,70,false
L19_SEED_2,320,17,1475,0.0149323826082,2.8164550966,32,70,false
L19_SEED_2,320,17,1500,0.0145739230492,2.831291297,32,70,false
L19_SEED_2,320,17,1525,0.0142278352204,2.84600287426,32,70,false
L19_SEED_2,320,17,1550,0.0138935219183,2.8605926128,32,70,false
L19_SEED_2,320,17,1575,0.0135704222539,2.87506288348,32,70,false
L19_SEED_2,320,17,1600,0.0132580091203,2.88941569284,32,70,false
L19_SEED_2,320,17,1625,0.0129557868938,2.90365273794,32,70,false
L19_SEED_2,320,17,1650,0.0126632893308,2.91777546412,32,70,false
L19_SEED_2,320,17,1675,0.0123800776291,2.93178512313,32,70,false
L19_SEED_2,320,17,1700,0.0121057386287,2.94568282893,32,70,false
L19_SEED_2,320,17,1725,0.0118398831328,2.95946960908,32,70,false
L19_SEED_2,320,17,1750,0.0115821443366,2.97314645001,32,70,false
L19_SEED_2,320,17,1775,0.0113321763514,2.98671433501,32,70,false
L19_SEED_2,320,17,1800,0.0110896528198,3.00017427448,32,70,false
L19_SEED_2,320,17,1825,0.0108542656152,3.01352732839,32,70,false
L19_SEED_2,320,17,1850,0.0106257236232,3.02677462137,32,70,false
L19_SEED_2,320,17,1875,0.0104037516015,3.0399173513,32,70,false
L19_SEED_2,320,17,1900,0.0101880891158,3.05295679221,32,70,false
L19_SEED_2,320,17,1925,0.00997848954905,3.06589429273,32,70,false
L19_SEED_2,320,17,1950,0.00977471918053,3.07873127098,32,70,false
L19_SEED_2,320,17,1975,0.00957655633181,3.09146920705,32,70,false
L19_SEED_2,320,17,2000,0.00938379057597,3.10410963392,32,70,false
L19_SEED_2,320,18,0,3.49360981803,3.52581249858,1,4,false
L19_SEED_2,320,18,25,1.20115523879,1.74330137161,25,87,false
L19_SEED_2,320,18,50,0.631802659095,1.52663543446,28,84,false
L19_SEED_2,320,18,75,0.4295279868,1.51240897705,29,84,true
L19_SEED_2,320,18,100,0.326104841353,1.51567643325,31,77,false
L19_SEED_2,320,18,125,0.261856060379,1.54952344505,31,76,false
L19_SEED_2,320,18,150,0.217736576542,1.59326684921,31,75,false
L19_SEED_2,320,18,175,0.185569091109,1.6418031983,32,69,false
L19_SEED_2,320,18,200,0.161135961731,1.69129615934,32,68,false
L19_SEED_2,320,18,225,0.142000598453,1.74030143022,32,68,false
L19_SEED_2,320,18,250,0.126648115994,1.78805106086,32,67,false
L19_SEED_2,320,18,275,0.114085652423,1.83419809621,32,67,false
L19_SEED_2,320,18,300,0.1036354405,1.87860972488,32,67,false
L19_SEED_2,320,18,325,0.0948194237024,1.92125904448,32,67,false
L19_SEED_2,320,18,350,0.0872911799692,1.962182427,32,66,false
L19_SEED_2,320,18,375,0.0807938983038,2.00144974514,32,66,false
L19_SEED_2,320,18,400,0.0751334527119,2.0391485015,32,67,false
L19_SEED_2,320,18,425,0.0701605993149,2.07537438075,32,67,false
L19_SEED_2,320,18,450,0.0657588845148,2.11022526699,32,66,false
L19_SEED_2,320,18,475,0.0618362379456,2.14379746915,32,66,false
L19_SEED_2,320,18,500,0.0583190062366,2.17618335585,32,67,false
L19_SEED_2,320,18,525,0.0551476414933,2.20746995629,32,67,false
L19_SEED_2,320,18,550,0.0522735349035,2.23773823819,32,67,false
L19_SEED_2,320,18,575,0.0496566574968,2.26706285501,32,67,false
L19_SEED_2,320,18,600,0.0472637792514,2.29551220598,32,67,false
L19_SEED_2,320,18,625,0.0450671087666,2.32314869214,32,67,false
L19_SEED_2,320,18,650,0.0430432428702,2.35002908399,32,67,false
L19_SEED_2,320,18,675,0.0411723474269,2.376204943,32,67,false
L19_SEED_2,320,18,700,0.0394375125521,2.40172305884,32,67,false
L19_SEED_2,320,18,725,0.0378242407465,2.42662587949,32,67,false
L19_SEED_2,320,18,750,0.0363200373142,2.45095192115,32,67,false
L19_SEED_2,320,18,775,0.0349140801916,2.47473615134,32,67,false
L19_SEED_2,320,18,800,0.0335969519482,2.49801034299,32,67,false
L19_SEED_2,320,18,825,0.0323604208482,2.52080339941,32,67,false
L19_SEED_2,320,18,850,0.0311972609107,2.54314165128,32,67,false
L19_SEED_2,320,18,875,0.0301011031927,2.56504912784,32,68,false
L19_SEED_2,320,18,900,0.0290663122312,2.5865478041,32,68,false
L19_SEED_2,320,18,925,0.0280878828881,2.60765782632,32,68,false
L19_SEED_2,320,18,950,0.0271613538389,2.6283977175,32,68,false
L19_SEED_2,320,18,975,0.026282734715,2.64878456453,32,68,false
L19_SEED_2,320,18,1000,0.0254484445046,2.66883418834,32,68,false
L19_SEED_2,320,18,1025,0.0246552592838,2.68856129773,32,68,false
L19_SEED_2,320,18,1050,0.0239002677121,2.70797962788,32,68,false
L19_SEED_2,320,18,1075,0.023180833017,2.72710206351,32,68,false
L19_SEED_2,320,18,1100,0.0224945604196,2.74594074716,32,68,false
L19_SEED_2,320,18,1125,0.0218392691353,2.7645071725,32,68,false
L19_SEED_2,320,18,1150,0.0212129682336,2.78281226283,32,68,false
L19_SEED_2,320,18,1175,0.0206138357603,2.80086643494,32,68,false
L19_SEED_2,320,18,1200,0.0200402006209,2.81867964874,32,68,false
L19_SEED_2,320,18,1225,0.0194905268109,2.8362614434,32,68,false
L19_SEED_2,320,18,1250,0.0189633996408,2.85362096108,32,68,false
L19_SEED_2,320,18,1275,0.0184575136652,2.87076695957,32,68,false
L19_SEED_2,320,18,1300,0.0179716620693,2.88770781569,32,68,false
L19_SEED_2,320,18,1325,0.0175047273075,2.90445152146,32,68,false
L19_SEED_2,320,18,1350,0.0170556728235,2.92100567523,32,68,false
L19_SEED_2,320,18,1375,0.0166235357048,2.93737747002,32,68,false
L19_SEED_2,320,18,1400,0.0162074201522,2.95357368155,32,69,false
L19_SEED_2,320,18,1425,0.015806491659,2.9696006577,32,69,false
L19_SEED_2,320,18,1450,0.0154199718126,2.98546431155,32,69,false
L19_SEED_2,320,18,1475,0.0150471336416,3.00117011915,32,69,false
L19_SEED_2,320,18,1500,0.0146872974433,3.01672312323,32,69,false
L19_SEED_2,320,18,1525,0.0143398270325,3.0321279432,32,69,false
L19_SEED_2,320,18,1550,0.0140041263612,3.04738879157,32,69,false
L19_SEED_2,320,18,1575,0.0136796364648,3.06250949629,32,69,false
L19_SEED_2,320,18,1600,0.0133658326944,3.07749352841,32,69,false
L19_SEED_2,320,18,1625,0.013062222201,3.09234403371,32,69,false
L19_SEED_2,320,18,1650,0.0127683416413,3.10706386735,32,69,false
L19_SEED_2,320,18,1675,0.0124837550792,3.12165563003,32,69,false
L19_SEED_2,320,18,1700,0.0122080520604,3.13612170435,32,69,false
L19_SEED_2,320,18,1725,0.0119408458415,3.1504642903,32,69,false
L19_SEED_2,320,18,1750,0.0116817717565,3.16468543877,32,69,false
L19_SEED_2,320,18,1775,0.0114304857085,3.17878708224,32,69,false
L19_SEED_2,320,18,1800,0.0111866627744,3.1927710622,32,69,false
L19_SEED_2,320,18,1825,0.0109499959126,3.20663915286,32,69,false
L19_SEED_2,320,18,1850,0.0107201947659,3.2203930811,32,69,false
L19_SEED_2,320,18,1875,0.0104969845522,3.23403454263,32,69,false
L19_SEED_2,320,18,1900,0.0102801050359,3.24756521474,32,69,false
L19_SEED_2,320,18,1925,0.0100693095749,3.26098676572,32,69,false
L19_SEED_2,320,18,1950,0.00986436423732,3.2743008616,32,69,false
L19_SEED_2,320,18,1975,0.00966504698316,3.28750917036,32,69,false
L19_SEED_2,320,18,2000,0.00947114690623,3.30061336421,32,69,false
L19_SEED_2,320,19,0,3.48893501885,3.52425654739,1,5,false
L19_SEED_2,320,19,25,1.1953859003,1.78955180869,25,80,false
L19_SEED_2,320,19,50,0.631967656801,1.60393742915,29,83,false
L19_SEED_2,320,19,75,0.431479035827,1.59840534578,29,76,true
L19_SEED_2,320,19,100,0.328158669163,1.61172609194,30,67,false
L19_SEED_2,320,19,125,0.263808903974,1.64826793208,31,74,false
L19_SEED_2,320,19,150,0.219585623859,1.69346874414,31,75,false
L19_SEED_2,320,19,175,0.18732347065,1.74251289593,32,69,false
L19_SEED_2,320,19,200,0.162802067737,1.79213118292,32,68,false
L19_SEED_2,320,19,225,0.143584603015,1.84110581304,32,68,false
L19_SEED_2,320,19,250,0.128156862885,1.88879608011,32,68,false
L19_SEED_2,320,19,275,0.115526316152,1.93489748651,32,67,false
L19_SEED_2,320,19,300,0.105015016366,1.97928981412,32,67,false
L19_SEED_2,320,19,325,0.0961443798505,2.02195029239,32,68,false
L19_SEED_2,320,19,350,0.0885672889535,2.06291232272,32,67,false
L19_SEED_2,320,19,375,0.0820261933501,2.10224113963,32,67,false
L19_SEED_2,320,19,400,0.0763262557858,2.14001889327,32,67,false
L19_SEED_2,320,19,425,0.0713175848437,2.17633593403,32,67,false
L19_SEED_2,320,19,450,0.0668831570997,2.21128526479,32,67,false
L19_SEED_2,320,19,475,0.0629304120418,2.2449589789,32,67,false
L19_SEED_2,320,19,500,0.0593852815354,2.27744597555,32,67,false
L19_SEED_2,320,19,525,0.056187871034,2.30883054074,32,67,false
L19_SEED_2,320,19,550,0.053289284813,2.33919154381,32,67,false
L19_SEED_2,320,19,575,0.0506492583035,2.36860207571,32,67,false
L19_SEED_2,320,19,600,0.0482343692949,2.39712939646,32,67,false
L19_SEED_2,320,19,625,0.0460166704959,2.42483508852,32,68,false
L19_SEED_2,320,19,650,0.0439726329209,2.45177533731,32,68,false
L19_SEED_2,320,19,675,0.0420823213534,2.47800128191,32,68,false
L19_SEED_2,320,19,700,0.0403287450195,2.50355939618,32,68,false
L19_SEED_2,320,19,725,0.0386973418944,2.5284918751,32,68,false
L19_SEED_2,320,19,750,0.0371755659052,2.55283701078,32,68,false
L19_SEED_2,320,19,775,0.0357525540632,2.5766295497,32,68,false
L19_SEED_2,320,19,800,0.0344188562083,2.59990102721,32,68,false
L19_SEED_2,320,19,825,0.033166214181,2.62268007815,32,68,false
L19_SEED_2,320,19,850,0.031987380311,2.64499272399,32,68,false
L19_SEED_2,320,19,875,0.0308759673965,2.66686263809,32,68,false
L19_SEED_2,320,19,900,0.0298263240799,2.68831139053,32,68,false
L19_SEED_2,320,19,925,0.0288334308374,2.70935867467,32,68,false
L19_SEED_2,320,19,950,0.0278928128011,2.73002251702,32,68,false
L19_SEED_2,320,19,975,0.0270004664067,2.75031947177,32,67,false
L19_SEED_2,320,19,1000,0.026152797456,2.77026480112,32,67,false
L19_SEED_2,320,19,1025,0.0253465686482,2.78987264194,32,67,false
L19_SEED_2,320,19,1050,0.0245788549978,2.80915615889,32,67,false
L19_SEED_2,320,19,1075,0.0238470058432,2.82812768382,32,67,false
L19_SEED_2,320,19,1100,0.0231486123758,2.84679884097,32,67,false
L19_SEED_2,320,19,1125,0.0224814798027,2.86518065745,32,67,false
L19_SEED_2,320,19,1150,0.0218436034048,2.88328365839,32,67,false
L19_SEED_2,320,19,1175,0.0212331478686,2.90111794652,32,67,false
L19_SEED_2,320,19,1200,0.0206484293778,2.91869326619,32,67,false
L19_SEED_2,320,19,1225,0.0200879000291,2.9360190522,32,67,false
L19_SEED_2,320,19,1250,0.0195501342116,2.95310446441,32,67,false
L19_SEED_2,320,19,1275,0.01903381665,2.96995840937,32,67,false
L19_SEED_2,320,19,1300,0.0185377318618,2.9865895506,32,68,false
L19_SEED_2,320,19,1325,0.0180607548218,3.00300630949,32,68,false
L19_SEED_2,320,19,1350,0.0176018426655,3.01921685878,32,68,false
L19_SEED_2,320,19,1375,0.017160027289,3.03522911069,32,68,false
L19_SEED_2,320,19,1400,0.0167344087305,3.05105070164,32,68,false
L19_SEED_2,320,19,1425,0.0163241492361,3.06668897546,32,68,false
L19_SEED_2,320,19,1450,0.0159284679281,3.08215096654,32,68,false
L19_SEED_2,320,19,1475,0.0155466360074,3.09744338426,32,68,false
L19_SEED_2,320,19,1500,0.0151779724305,3.11257259995,32,68,false
L19_SEED_2,320,19,1525,0.0148218400104,3.12754463691,32,68,false
L19_SEED_2,320,19,1550,0.0144776418947,3.14236516428,32,68,false
L19_SEED_2,320,19,1575,0.0141448183835,3.15703949492,32,68,false
L19_SEED_2,320,19,1600,0.0138228440496,3.17157258751,32,68,false
L19_SEED_2,320,19,1625,0.0135112251295,3.18596905278,32,68,false
L19_SEED_2,320,19,1650,0.013209497157,3.2002331636,32,68,false
L19_SEED_2,320,19,1675,0.0129172228136,3.21436886864,32,68,false
L19_SEED_2,320,19,1700,0.0126339899723,3.2283798091,32,68,false
L19_SEED_2,320,19,1725,0.012359409914,3.24226933791,32,68,false
L19_SEED_2,320,19,1750,0.0120931156979,3.25604054098,32,68,false
L19_SEED_2,320,19,1775,0.0118347606707,3.26969625976,32,68,false
L19_SEED_2,320,19,1800,0.0115840170984,3.28323911445,32,68,false
L19_SEED_2,320,19,1825,0.0113405749086,3.29667152755,32,68,false
L19_SEED_2,320,19,1850,0.0111041405325,3.30999574693,32,68,false
L19_SEED_2,320,19,1875,0.0108744358362,3.32321386816,32,68,false
L19_SEED_2,320,19,1900,0.0106511971326,3.33632785562,32,68,false
L19_SEED_2,320,19,1925,0.0104341742673,3.34933956218,32,68,false
L19_SEED_2,320,19,1950,0.0102231297711,3.36225074714,32,68,false
L19_SEED_2,320,19,1975,0.0100178380726,3.37506309238,32,68,false
L19_SEED_2,320,19,2000,0.00981808476838,3.38777821656,32,68,false
L19_SEED_2,320,20,0,3.48887999119,3.52545317071,1,5,false
L19_SEED_2,320,20,25,1.19498397215,1.78388290518,25,80,false
L19_SEED_2,320,20,50,0.630213596252,1.59586758935,29,83,false
L19_SEED_2,320,20,75,0.428706743725,1.58540595422,29,76,true
L19_SEED_2,320,20,100,0.325107261242,1.59764359652,30,74,false
L19_SEED_2,320,20,125,0.260734379501,1.63479038708,31,74,false
L19_SEED_2,320,20,150,0.216610770232,1.68145058141,31,75,false
L19_SEED_2,320,20,175,0.184509938846,1.73201125561,32,69,false
L19_SEED_2,320,20,200,0.160174402721,1.78308271549,32,68,false
L19_SEED_2,320,20,225,0.141146563485,1.83343840013,32,68,false
L19_SEED_2,320,20,250,0.125901299263,1.88238073783,32,68,false
L19_SEED_2,320,20,275,0.113440893902,1.92960682712,32,68,false
L19_SEED_2,320,20,300,0.103085434005,1.97499927006,32,67,false
L19_SEED_2,320,20,325,0.094356116018,2.01854240776,32,67,false
L19_SEED_2,320,20,350,0.0869065005103,2.0602784776,32,67,false
L19_SEED_2,320,20,375,0.0804801311696,2.10028207285,32,67,false
L19_SEED_2,320,20,400,0.0748834120855,2.1386447186,32,67,false
L19_SEED_2,320,20,425,0.0699676959222,2.17546580678,32,68,false
L19_SEED_2,320,20,450,0.0656171326268,2.21084677882,32,68,false
L19_SEED_2,320,20,475,0.0617402312559,2.24488741145,32,68,false
L19_SEED_2,320,20,500,0.0582638787833,2.27768347114,32,68,false
L19_SEED_2,320,20,525,0.0551290227036,2.30932530206,32,68,false
L19_SEED_2,320,20,550,0.0522875037244,2.33989707559,32,68,false
L19_SEED_2,320,20,575,0.049699698207,2.36947650468,32,68,false
L19_SEED_2,320,20,600,0.0473327402139,2.39813487433,32,68,false
L19_SEED_2,320,20,625,0.0451591646285,2.4259372751,32,68,false
L19_SEED_2,320,20,650,0.0431558603042,2.45294295602,32,68,false
L19_SEED_2,320,20,675,0.04130325429,2.47920573791,32,68,false
L19_SEED_2,320,20,700,0.0395846702199,2.50477444808,32,68,false
L19_SEED_2,320,20,725,0.0379858193397,2.52969335152,32,68,false
L19_SEED_2,320,20,750,0.0364943935181,2.55400256475,32,68,false
L19_SEED_2,320,20,775,0.0350997373813,2.5777384449,32,68,false
L19_SEED_2,320,20,800,0.0337925823545,2.60093395125,32,68,false
L19_SEED_2,320,20,825,0.0325648295263,2.62361897898,32,68,false
L19_SEED_2,320,20,850,0.0314093713069,2.64582066649,32,68,false
L19_SEED_2,320,20,875,0.0303199441341,2.66756367802,32,68,false
L19_SEED_2,320,20,900,0.0292910061951,2.68887046402,32,68,false
L19_SEED_2,320,20,925,0.0283176354342,2.70976150108,32,68,false
L19_SEED_2,320,20,950,0.0273954441117,2.73025551362,32,68,false
L19_SEED_2,320,20,975,0.0265205069423,2.75036967857,32,67,false
L19_SEED_2,320,20,1000,0.0256893004327,2.77011981432,32,67,false
L19_SEED_2,320,20,1025,0.0248986514984,2.78952055458,32,67,false
L19_SEED_2,320,20,1050,0.0241456937984,2.8085855075,32,67,false
L19_SEED_2,320,20,1075,0.0234278305114,2.82732740005,32,67,false
L19_SEED_2,320,20,1100,0.022742702503,2.84575820759,32,67,false
L19_SEED_2,320,20,1125,0.022088161012,2.86388926828,32,67,false
L19_SEED_2,320,20,1150,0.0214622441351,2.88173138235,32,67,false
L19_SEED_2,320,20,1175,0.020863156505,2.89929489618,32,67,false
L19_SEED_2,320,20,1200,0.020289251661,2.91658977144,32,67,false
L19_SEED_2,320,20,1225,0.0197390166906,2.93362564007,32,67,false
L19_SEED_2,320,20,1250,0.0192110587947,2.95041184587,32,67,false
L19_SEED_2,320,20,1275,0.0187040934847,2.96695747404,32,68,false
L19_SEED_2,320,20,1300,0.0182169341705,2.98327137012,32,68,false
L19_SEED_2,320,20,1325,0.0177484829398,2.99936214984,32,68,false
L19_SEED_2,320,20,1350,0.0172977223627,3.01523820168,32,68,false
L19_SEED_2,320,20,1375,0.0168637081855,3.03090768372,32,68,false
L19_SEED_2,320,20,1400,0.0164455627968,3.04637851625,32,68,false
L19_SEED_2,320,20,1425,0.0160424693732,3.06165837176,32,68,false
L19_SEED_2,320,20,1450,0.0156536666219,3.07675466336,32,68,false
L19_SEED_2,320,20,1475,0.0152784440515,3.09167453278,32,68,false
L19_SEED_2,320,20,1500,0.014916137714,3.1064248388,32,68,false
L19_SEED_2,320,20,1525,0.0145661263649,3.12101214689,32,68,false
L19_SEED_2,320,20,1550,0.0142278279977,3.13544272046,32,68,false
L19_SEED_2,320,20,1575,0.0139006967139,3.14972251425,32,68,false
L19_SEED_2,320,20,1600,0.0135842198925,3.16385717011,32,68,false
L19_SEED_2,320,20,1625,0.0132779156289,3.17785201528,32,68,false
L19_SEED_2,320,20,1650,0.0129813304144,3.19171206338,32,68,false
L19_SEED_2,320,20,1675,0.0126940370321,3.20544201799,32,68,false
L19_SEED_2,320,20,1700,0.0124156326456,3.2190462788,32,68,false
L19_SEED_2,320,20,1725,0.0121457370608,3.23252895018,32,68,false
L19_SEED_2,320,20,1750,0.0118839911431,3.245893852,32,68,false
L19_SEED_2,320,20,1775,0.0116300553725,3.25914453245,32,68,false
L19_SEED_2,320,20,1800,0.0113836085224,3.27228428248,32,68,false
L19_SEED_2,320,20,1825,0.0111443464499,3.28531615176,32,68,false
L19_SEED_2,320,20,1850,0.0109119809848,3.29824296551,32,68,false
L19_SEED_2,320,20,1875,0.0106862389071,3.31106734223,32,68,false
L19_SEED_2,320,20,1900,0.0104668610055,3.32379171159,32,68,false
L19_SEED_2,320,20,1925,0.0102536012063,3.33641833253,32,68,false
L19_SEED_2,320,20,1950,0.0100462257681,3.34894931093,32,68,false
L19_SEED_2,320,20,1975,0.00984451253475,3.36138661686,32,68,false
L19_SEED_2,320,20,2000,0.0096482502412,3.37373210095,32,68,false
L19_SEED_2,320,21,0,3.51706908324,3.55576336256,1,5,false
L19_SEED_2,320,21,25,1.21090960048,1.80466284522,25,85,false
L19_SEED_2,320,21,50,0.630313762426,1.63038520165,29,82,true
L19_SEED_2,320,21,75,0.434350838451,1.67313197303,29,82,false
L19_SEED_2,320,21,100,0.333997818965,1.7242560236,30,83,false
L19_SEED_2,320,21,125,0.271520986529,1.79111572689,30,83,false
L19_SEED_2,320,21,150,0.228515264818,1.85959880071,31,73,false
L19_SEED_2,320,21,175,0.197038987475,1.92759212632,31,73,false
L19_SEED_2,320,21,200,0.173012584111,1.99294101949,31,75,false
L19_SEED_2,320,21,225,0.154093364182,2.05505270645,31,74,false
L19_SEED_2,320,21,250,0.138830699676,2.11397692664,31,73,false
L19_SEED_2,320,21,275,0.126275138196,2.16990459313,32,68,false
L19_SEED_2,320,21,300,0.115777976568,2.2230978386,32,68,false
L19_SEED_2,320,21,325,0.106880530466,2.273825475,32,68,false
L19_SEED_2,320,21,350,0.0992492763986,2.32234220351,32,67,false
L19_SEED_2,320,21,375,0.0926359943209,2.36888026925,32,67,false
L19_SEED_2,320,21,400,0.0868522718302,2.41364549321,32,67,false
L19_SEED_2,320,21,425,0.0817526400547,2.45681722918,32,66,false
L19_SEED_2,320,21,450,0.0772231021066,2.49855050853,32,66,false
L19_SEED_2,320,21,475,0.0731731418593,2.53897912032,32,60,false
L19_SEED_2,320,21,500,0.0695300410451,2.57821882641,32,60,false
L19_SEED_2,320,21,525,0.0662347635064,2.61637029163,32,60,false
L19_SEED_2,320,21,550,0.0632389254223,2.65352157005,32,60,false
L19_SEED_2,320,21,575,0.0605025319706,2.68975013756,32,60,false
L19_SEED_2,320,21,600,0.0579922639186,2.72512452678,32,60,false
L19_SEED_2,320,21,625,0.0556801647535,2.75970563714,32,60,false
L19_SEED_2,320,21,650,0.0535426235575,2.79354778895,32,60,false
L19_SEED_2,320,21,675,0.0515595789888,2.82669957907,32,60,false
L19_SEED_2,320,21,700,0.0497138904704,2.85920458374,32,60,false
L19_SEED_2,320,21,725,0.0479908371612,2.89110194376,32,60,false
L19_SEED_2,320,21,750,0.0463777155365,2.92242685907,32,60,false
L19_SEED_2,320,21,775,0.0448635137538,2.95321101266,32,60,false
L19_SEED_2,320,21,800,0.0434386463115,2.98348293917,32,61,false
L19_SEED_2,320,21,825,0.0420947364279,3.01326834916,32,61,false
L19_SEED_2,320,21,850,0.040824436464,3.04259041738,32,61,false
L19_SEED_2,320,21,875,0.0396212788907,3.07147004094,32,61,false
L19_SEED_2,320,21,900,0.0384795519379,3.09992607191,32,60,false
L19_SEED_2,320,21,925,0.0373941953134,3.12797552753,32,60,false
L19_SEED_2,320,21,950,0.0363607123363,3.15563378062,32,60,false
L19_SEED_2,320,21,975,0.0353750955718,3.18291473207,32,60,false
L19_SEED_2,320,21,1000,0.0344337636285,3.20983096715,32,59,false
L19_SEED_2,320,21,1025,0.0335335072308,3.23639389696,32,59,false
L19_SEED_2,320,21,1050,0.0326714430357,3.26261388634,32,59,false
L19_SEED_2,320,21,1075,0.031844973944,3.28850036945,32,59,false
L19_SEED_2,320,21,1100,0.0310517548785,3.31406195402,32,59,false
L19_SEED_2,320,21,1125,0.0302896631869,3.33930651548,32,59,false
L19_SEED_2,320,21,1150,0.0295567729643,3.36424128181,32,59,false
L19_SEED_2,320,21,1175,0.0288513327147,3.38887291025,32,59,false
L19_SEED_2,320,21,1200,0.0281717458604,3.41320755657,32,59,false
L19_SEED_2,320,21,1225,0.0275165536886,3.43725093784,32,59,false
L19_SEED_2,320,21,1250,0.026884420388,3.46100838944,32,59,false
L19_SEED_2,320,21,1275,0.0262741198791,3.48448491701,32,59,false
L19_SEED_2,320,21,1300,0.025684524189,3.50768524389,32,59,false
L19_SEED_2,320,21,1325,0.0251145931528,3.53061385472,32,59,false
L19_SEED_2,320,21,1350,0.0245633652625,3.55327503565,32,59,false
L19_SEED_2,320,21,1375,0.0240299495047,3.57567291161,32,60,false
L19_SEED_2,320,21,1400,0.0235135180568,3.59781148092,32,60,false
L19_SEED_2,320,21,1425,0.0230132997334,3.61969464783,32,60,false
L19_SEED_2,320,21,1450,0.0225285740928,3.6413262529,32,60,false
L19_SEED_2,320,21,1475,0.0220586661364,3.66271010168,32,60,false
L19_SEED_2,320,21,1500,0.021602941547,3.68384999169,32,60,false
L19_SEED_2,320,21,1525,0.0211608024325,3.70474973765,32,60,false
L19_SEED_2,320,21,1550,0.0207316835502,3.7254131948,32,60,false
L19_SEED_2,320,21,1575,0.0203150489999,3.74584428018,32,60,false
L19_SEED_2,320,21,1600,0.0199103893744,3.76604699121,32,60,false
L19_SEED_2,320,21,1625,0.0195172193596,3.78602542117,32,60,false
L19_SEED_2,320,21,1650,0.0191350757673,3.80578377081,32,60,false
L19_SEED_2,320,21,1675,0.0187635159735,3.82532635534,32,60,false
L19_SEED_2,320,21,1700,0.0184021167229,3.84465760625,32,60,false
L19_SEED_2,320,21,1725,0.0180504732456,3.86378206727,32,60,false
L19_SEED_2,320,21,1750,0.0177081986205,3.88270438438,32,60,false
L19_SEED_2,320,21,1775,0.0173749233133,3.90142928989,32,60,false
L19_SEED_2,320,21,1800,0.0170502948178,3.91996158107,32,60,false
L19_SEED_2,320,21,1825,0.0167339773325,3.93830609441,32,60,false
L19_SEED_2,320,21,1850,0.016425651421,3.95646767674,32,60,false
L19_SEED_2,320,21,1875,0.0161250136155,3.97445115472,32,60,false
L19_SEED_2,320,21,1900,0.0158317759428,3.9922613045,32,60,false
L19_SEED_2,320,21,1925,0.0155456653679,4.00990282297,32,60,false
L19_SEED_2,320,21,1950,0.0152664231588,4.02738030203,32,60,false
L19_SEED_2,320,21,1975,0.014993804192,4.04469820697,32,60,false
L19_SEED_2,320,21,2000,0.014727576216,4.06186085947,32,60,false
L19_SEED_4,12,0,0,3.46184652791,3.4473279121,1,9,false
L19_SEED_4,12,0,25,0.878372796938,0.689198356445,28,144,false
L19_SEED_4,12,0,50,0.411988740817,0.214289366742,28,144,false
L19_SEED_4,12,0,75,0.335975471793,0.170515452433,28,144,false
L19_SEED_4,12,0,100,0.312495892907,0.143912121161,28,144,false
L19_SEED_4,12,0,125,0.30060739231,0.133944256529,28,144,false
L19_SEED_4,12,0,150,0.293299524134,0.126705595805,28,144,false
L19_SEED_4,12,0,175,0.288372420653,0.122116051137,28,144,false
L19_SEED_4,12,0,200,0.284852944945,0.118754445761,28,144,false
L19_SEED_4,12,0,225,0.282232129664,0.116263206613,28,144,false
L19_SEED_4,12,0,250,0.280217033816,0.114349177893,28,144,false
L19_SEED_4,12,0,275,0.278627583366,0.112836671054,28,144,false
L19_SEED_4,12,0,300,0.277347385894,0.111618211713,28,144,false
L19_SEED_4,12,0,325,0.276298123131,0.110619425685,28,144,false
L19_SEED_4,12,0,350,0.275425319826,0.109788434953,28,144,false
L19_SEED_4,12,0,375,0.274690014038,0.109088242248,28,144,false
L19_SEED_4,12,0,400,0.274063668208,0.108491735543,28,144,false
L19_SEED_4,12,0,425,0.273524945604,0.1079786288,28,144,false
L19_SEED_4,12,0,450,0.273057603999,0.107533474356,28,144,false
L19_SEED_4,12,0,475,0.272649081781,0.107144322252,28,144,false
L19_SEED_4,12,0,500,0.272289526129,0.106801797349,28,144,false
L19_SEED_4,12,0,525,0.271971110915,0.106498451499,28,144,false
L19_SEED_4,12,0,550,0.271687548933,0.106228300164,28,144,false
L19_SEED_4,12,0,575,0.271433737179,0.105986485324,28,144,false
L19_SEED_4,12,0,600,0.271205494972,0.10576902652,28,144,false
L19_SEED_4,12,0,625,0.270999367925,0.105572634462,28,144,false
L19_SEED_4,12,0,650,0.270812479363,0.105394569712,28,144,false
L19_SEED_4,12,0,675,0.270642416401,0.105232534312,28,144,false
L19_SEED_4,12,0,700,0.270487141672,0.105084587801,28,144,false
L19_SEED_4,12,0,725,0.270344924255,0.10494908149,28,144,false
L19_SEED_4,12,0,750,0.270214285144,0.104824606559,28,144,false
L19_SEED_4,12,0,775,0.270093953831,0.104709952731,28,144,false
L19_SEED_4,12,0,800,0.269982833462,0.104604075112,28,144,false
L19_SEED_4,12,0,825,0.269879972685,0.104506067379,28,144,false
L19_SEED_4,12,0,850,0.269784542729,0.104415139964,28,144,false
L19_SEED_4,12,0,875,0.26969581864,0.104330602183,28,144,false
L19_SEED_4,12,0,900,0.269613163818,0.104251847514,28,144,false
L19_SEED_4,12,0,925,0.269536017201,0.104178341393,28,144,false
L19_SEED_4,12,0,950,0.2694638826,0.104109611054,28,144,false
L19_SEED_4,12,0,975,0.269396319759,0.104045237015,28,144,false
L19_SEED_4,12,0,1000,0.269332936839,0.103984845922,28,144,false
L19_SEED_4,12,0,1025,0.269273384072,0.103928104501,28,144,false
L19_SEED_4,12,0,1050,0.269217348366,0.103874714422,28,144,false
L19_SEED_4,12,0,1075,0.269164548718,0.103824407927,28,144,false
L19_SEED_4,12,0,1100,0.269114732285,0.103776944088,28,144,false
L19_SEED_4,12,0,1125,0.269067671011,0.103732105596,28,144,false
L19_SEED_4,12,0,1150,0.269023158724,0.10368969599,28,144,false
L19_SEED_4,12,0,1175,0.268981008623,0.103649537269,28,144,false
L19_SEED_4,12,0,1200,0.268941051103,0.103611467817,28,144,false
L19_SEED_4,12,0,1225,0.268903131859,0.103575340594,28,144,false
L19_SEED_4,12,0,1250,0.268867110233,0.103541021568,28,144,false
L19_SEED_4,12,0,1275,0.268832857772,0.103508388334,28,144,false
L19_SEED_4,12,0,1300,0.268800256956,0.103477328903,28,144,false
L19_SEED_4,12,0,1325,0.268769200083,0.103447740648,28,144,false
L19_SEED_4,12,0,1350,0.26873958829,0.103419529357,28,144,false
L19_SEED_4,12,0,1375,0.268711330678,0.103392608412,28,144,false
L19_SEED_4,12,0,1400,0.268684343546,0.103366898053,28,144,false
L19_SEED_4,12,0,1425,0.268658549705,0.103342324724,28,144,false
L19_SEED_4,12,0,1450,0.268633877873,0.1033188205,28,144,false
L19_SEED_4,12,0,1475,0.268610262129,0.103296322563,28,144,false
L19_SEED_4,12,0,1500,0.268587641433,0.103274772746,28,144,false
L19_SEED_4,12,0,1525,0.268565959187,0.103254117118,28,144,false
L19_SEED_4,12,0,1550,0.268545162852,0.103234305612,28,144,false
L19_SEED_4,12,0,1575,0.268525203596,0.103215291696,28,144,false
L19_SEED_4,12,0,1600,0.268506035978,0.103197032068,28,144,false
L19_SEED_4,12,0,1625,0.268487617667,0.103179486391,28,144,false
L19_SEED_4,12,0,1650,0.268469909189,0.103162617049,28,144,false
L19_SEED_4,12,0,1675,0.268452873688,0.103146388923,28,144,false
L19_SEED_4,12,0,1700,0.268436476723,0.103130769194,28,144,false
L19_SEED_4,12,0,1725,0.268420686078,0.103115727163,28,144,false
L19_SEED_4,12,0,1750,0.268405471585,0.103101234082,28,144,false
L19_SEED_4,12,0,1775,0.268390804971,0.10308726301,28,144,false
L19_SEED_4,12,0,1800,0.268376659711,0.103073788673,28,144,false
L19_SEED_4,12,0,1825,0.268363010904,0.103060787342,28,144,false
L19_SEED_4,12,0,1850,0.268349835147,0.103048236717,28,144,false
L19_SEED_4,12,0,1875,0.268337110431,0.103036115826,28,144,false
L19_SEED_4,12,0,1900,0.268324816037,0.103024404927,28,144,false
L19_SEED_4,12,0,1925,0.268312932451,0.103013085424,28,144,false
L19_SEED_4,12,0,1950,0.268301441273,0.103002139785,28,144,false
L19_SEED_4,12,0,1975,0.268290325143,0.10299155147,28,144,false
L19_SEED_4,12,0,2000,0.268279567674,0.102981304861,28,144,true
L19_SEED_4,12,4,0,3.46340048548,3.4851725495,0,0,false
L19_SEED_4,12,4,25,1.07918454329,1.28310107379,29,110,false
L19_SEED_4,12,4,50,0.476224138059,0.671408181336,29,129,false
L19_SEED_4,12,4,75,0.319116041662,0.537953414094,30,124,false
L19_SEED_4,12,4,100,0.252827788385,0.494068009171,30,124,false
L19_SEED_4,12,4,125,0.214086473238,0.481537408497,30,123,true
L19_SEED_4,12,4,150,0.18735168376,0.483122018368,31,118,false
L19_SEED_4,12,4,175,0.167151293862,0.492557748668,31,118,false
L19_SEED_4,12,4,200,0.151019477225,0.506995406634,31,118,false
L19_SEED_4,12,4,225,0.137659433087,0.52480197676,31,117,false
L19_SEED_4,12,4,250,0.126312493036,0.544950288998,31,116,false
L19_SEED_4,12,4,275,0.1164978613,0.566749969208,31,114,false
L19_SEED_4,12,4,300,0.107891379523,0.58970915386,31,114,false
L19_SEED_4,12,4,325,0.100263675275,0.613463459762,31,113,false
L19_SEED_4,12,4,350,0.0934461674752,0.637737087011,31,113,false
L19_SEED_4,12,4,375,0.0873111455062,0.662319358679,31,113,false
L19_SEED_4,12,4,400,0.0817594243131,0.687049025961,32,102,false
L19_SEED_4,12,4,425,0.0767123198384,0.711802842448,32,102,false
L19_SEED_4,12,4,450,0.0721062280111,0.736486777254,32,102,false
L19_SEED_4,12,4,475,0.0678888556295,0.761029188459,32,102,false
L19_SEED_4,12,4,500,0.0640165454582,0.785375573151,32,102,false
L19_SEED_4,12,4,525,0.0604523488863,0.809484608082,32,102,false
L19_SEED_4,12,4,550,0.0571646192347,0.833325207833,32,102,false
L19_SEED_4,12,4,575,0.0541259717749,0.856874351586,32,101,false
L19_SEED_4,12,4,600,0.0513125039908,0.880115469949,32,101,false
L19_SEED_4,12,4,625,0.0487032018389,0.903037230917,32,101,false
L19_SEED_4,12,4,650,0.0462794800688,0.925632608029,32,98,false
L19_SEED_4,12,4,675,0.0440248201928,0.947898148787,32,97,false
L19_SEED_4,12,4,700,0.041924480491,0.969833386746,32,97,false
L19_SEED_4,12,4,725,0.0399652599355,0.991440357798,32,97,false
L19_SEED_4,12,4,750,0.0381353031213,1.01272319235,32,97,false
L19_SEED_4,12,4,775,0.0364239369056,1.0336877622,32,96,false
L19_SEED_4,12,4,800,0.0348215319837,1.05434136562,32,96,false
L19_SEED_4,12,4,825,0.0333193843932,1.07469243771,32,96,false
L19_SEED_4,12,4,850,0.031909613196,1.09475027593,32,96,false
L19_SEED_4,12,4,875,0.0305850714722,1.11452477389,32,96,false
L19_SEED_4,12,4,900,0.0293392684079,1.13402616005,32,96,false
L19_SEED_4,12,4,925,0.028166300728,1.15326474144,32,96,false
L19_SEED_4,12,4,950,0.027060792074,1.17225065683,32,96,false
L19_SEED_4,12,4,975,0.0260178391938,1.19099364676,32,96,false
L19_SEED_4,12,4,1000,0.0250329640163,1.20950285046,32,96,false
L19_SEED_4,12,4,1025,0.0241020708485,1.22778663991,32,96,false
L19_SEED_4,12,4,1050,0.0232214080676,1.24585249997,32,96,false
L19_SEED_4,12,4,1075,0.0223875337945,1.26370696012,32,96,false
L19_SEED_4,12,4,1100,0.0215972851315,1.28135557869,32,96,false
L19_SEED_4,12,4,1125,0.0208477506265,1.29880297573,32,96,false
L19_SEED_4,12,4,1150,0.0201362456925,1.31605290701,32,96,false
L19_SEED_4,12,4,1175,0.0194602907569,1.33310836872,32,96,false
L19_SEED_4,12,4,1200,0.0188175919483,1.34997172238,32,96,false
L19_SEED_4,12,4,1225,0.0182060241334,1.36664482983,32,96,false
L19_SEED_4,12,4,1250,0.0176236161129,1.38312919001,32,96,false
L19_SEED_4,12,4,1275,0.0170685377636,1.39942607112,32,96,false
L19_SEED_4,12,4,1300,0.0165390888849,1.41553663343,32,96,false
L19_SEED_4,12,4,1325,0.0160336894898,1.43146203937,32,96,false
L19_SEED_4,12,4,1350,0.0155508712655,1.4472035483,32,96,false
L19_SEED_4,12,4,1375,0.0150892699397,1.462762594,32,96,false
L19_SEED_4,12,4,1400,0.0146476183144,1.4781408438,32,96,false
L19_SEED_4,12,4,1425,0.0142247397747,1.49334023873,32,95,false
L19_SEED_4,12,4,1450,0.0138195421334,1.50836301512,32,95,false
L19_SEED_4,12,4,1475,0.0134310117278,1.52321170906,32,95,false
L19_SEED_4,12,4,1500,0.0130582077311,1.53788914564,32,95,false
L19_SEED_4,12,4,1525,0.0127002566811,1.55239841597,32,95,false
L19_SEED_4,12,4,1550,0.0123563472466,1.566742845,32,95,false
L19_SEED_4,12,4,1575,0.0120257252636,1.58092595318,32,95,false
L19_SEED_4,12,4,1600,0.0117076890707,1.59495141521,32,95,false
L19_SEED_4,12,4,1625,0.0114015851664,1.60882301814,32,95,false
L19_SEED_4,12,4,1650,0.0111068042007,1.62254462104,32,95,false
L19_SEED_4,12,4,1675,0.0108227772992,1.63612011763,32,95,false
L19_SEED_4,12,4,1700,0.0105489727137,1.649553403,32,95,false
L19_SEED_4,12,4,1725,0.0102848927804,1.66284834477,32,95,false
L19_SEED_4,12,4,1750,0.0100300711664,1.67600875897,32,95,false
L19_SEED_4,12,4,1775,0.00978407038014,1.68903839051,32,95,false
L19_SEED_4,12,4,1800,0.00954647952058,1.70194089788,32,95,false
L19_SEED_4,12,4,1825,0.00931691224253,1.71471984174,32,95,false
L19_SEED_4,12,4,1850,0.00909500491421,1.72737867683,32,95,false
L19_SEED_4,12,4,1875,0.00888041494661,1.73992074678,32,95,false
L19_SEED_4,12,4,1900,0.00867281927583,1.75234928129,32,95,false
L19_SEED_4,12,4,1925,0.00847191298136,1.76466739524,32,95,false
L19_SEED_4,12,4,1950,0.0082774080256,1.77687808935,32,95,false
L19_SEED_4,12,4,1975,0.00808903210143,1.78898425203,32,95,false
L19_SEED_4,12,4,2000,0.00790652757651,1.80098866211,32,95,false
L19_SEED_4,12,8,0,3.43518088774,3.45994158455,1,1,false
L19_SEED_4,12,8,25,1.26364151163,1.62838011337,27,99,false
L19_SEED_4,12,8,50,0.652007586329,1.09816854634,29,113,false
L19_SEED_4,12,8,75,0.437660964133,0.911890827229,29,109,false
L19_SEED_4,12,8,100,0.336677342247,0.832172390545,30,105,false
L19_SEED_4,12,8,125,0.277027951823,0.79509032684,30,106,false
L19_SEED_4,12,8,150,0.236878902922,0.778385918411,30,112,false
L19_SEED_4,12,8,175,0.207571612516,0.773256574967,31,105,true
L19_SEED_4,12,8,200,0.184964392963,0.775574262622,31,104,false
L19_SEED_4,12,8,225,0.166823651083,0.782913856936,31,104,false
L19_SEED_4,12,8,250,0.151837936386,0.793791003532,31,104,false
L19_SEED_4,12,8,275,0.139184326795,0.807230684676,31,103,false
L19_SEED_4,12,8,300,0.128317493022,0.822555401901,31,103,false
L19_SEED_4,12,8,325,0.118859265701,0.839272936486,31,101,false
L19_SEED_4,12,8,350,0.110537271965,0.857015093104,31,101,false
L19_SEED_4,12,8,375,0.103149068837,0.875500513563,31,101,false
L19_SEED_4,12,8,400,0.0965402337918,0.894511579729,31,101,false
L19_SEED_4,12,8,425,0.0905904369885,0.913878854089,31,100,false
L19_SEED_4,12,8,450,0.0852042480278,0.933470018628,32,88,false
L19_SEED_4,12,8,475,0.0803048458591,0.953181596124,32,88,false
L19_SEED_4,12,8,500,0.0758295725202,0.972932581752,32,88,false
L19_SEED_4,12,8,525,0.0717267053505,0.992659524324,32,88,false
L19_SEED_4,12,8,550,0.0679530679002,1.01231276148,32,88,false
L19_SEED_4,12,8,575,0.0644722383601,1.03185356754,32,88,false
L19_SEED_4,12,8,600,0.061253193672,1.05125199727,32,88,false
L19_SEED_4,12,8,625,0.0582692752647,1.07048523822,32,88,false
L19_SEED_4,12,8,650,0.0554973935202,1.08953632355,32,88,false
L19_SEED_4,12,8,675,0.0529174099557,1.10839309855,32,88,false
L19_SEED_4,12,8,700,0.0505116521505,1.12704736969,32,88,false
L19_SEED_4,12,8,725,0.0482645283757,1.14549419129,32,88,false
L19_SEED_4,12,8,750,0.0461622177088,1.16373126252,32,87,false
L19_SEED_4,12,8,775,0.0441924178943,1.18175841714,32,86,false
L19_SEED_4,12,8,800,0.0423441379073,1.19957719384,32,86,false
L19_SEED_4,12,8,825,0.0406075255644,1.21719047732,32,86,false
L19_SEED_4,12,8,850,0.0389737229657,1.23460220103,32,86,false
L19_SEED_4,12,8,875,0.0374347443056,1.25181710326,32,85,false
L19_SEED_4,12,8,900,0.0359833718626,1.26884052816,32,85,false
L19_SEED_4,12,8,925,0.0346130669125,1.28567826441,32,85,false
L19_SEED_4,12,8,950,0.033317893002,1.30233641449,32,85,false
L19_SEED_4,12,8,975,0.0320924495381,1.31882128855,32,85,false
L19_SEED_4,12,8,1000,0.0309318140491,1.33513931781,32,85,false
L19_SEED_4,12,8,1025,0.0298314917803,1.35129698315,32,83,false
L19_SEED_4,12,8,1050,0.0287873715286,1.36730075554,32,83,false
L19_SEED_4,12,8,1075,0.0277956868113,1.38315704544,32,83,false
L19_SEED_4,12,8,1100,0.0268529816181,1.39887215922,32,83,false
L19_SEED_4,12,8,1125,0.0259560801173,1.41445226101,32,83,false
L19_SEED_4,12,8,1150,0.025102059789,1.42990333884,32,83,false
L19_SEED_4,12,8,1175,0.0242882275374,1.44523117445,32,83,false
L19_SEED_4,12,8,1200,0.0235120984036,1.46044131622,32,83,false
L19_SEED_4,12,8,1225,0.0227713765552,1.4755390552,32,83,false
L19_SEED_4,12,8,1250,0.0220639382744,1.49052940414,32,82,false
L19_SEED_4,12,8,1275,0.0213878167064,1.50541707975,32,81,false
L19_SEED_4,12,8,1300,0.0207411881606,1.52020648827,32,81,false
L19_SEED_4,12,8,1325,0.0201223597875,1.53490171475,32,81,false
L19_SEED_4,12,8,1350,0.0195297584725,1.54950651617,32,81,false
L19_SEED_4,12,8,1375,0.0189619208137,1.56402431857,32,81,false
L19_SEED_4,12,8,1400,0.0184174840633,1.57845821831,32,81,false
L19_SEED_4,12,8,1425,0.0178951779285,1.59281098736,32,81,false
L19_SEED_4,12,8,1450,0.0173938171404,1.60708508252,32,81,false
L19_SEED_4,12,8,1475,0.0169122947097,1.62128265824,32,81,false
L19_SEED_4,12,8,1500,0.016449575799,1.63540558274,32,81,false
L19_SEED_4,12,8,1525,0.0160046921471,1.64945545674,32,80,false
L19_SEED_4,12,8,1550,0.0155767369904,1.66343363446,32,80,false
L19_SEED_4,12,8,1575,0.0151648604314,1.67734124614,32,80,false
L19_SEED_4,12,8,1600,0.0147682652098,1.69117922154,32,80,false
L19_SEED_4,12,8,1625,0.0143862028377,1.70494831376,32,80,false
L19_SEED_4,12,8,1650,0.014017970063,1.71864912289,32,78,false
L19_SEED_4,12,8,1675,0.0136629056288,1.73228211899,32,78,false
L19_SEED_4,12,8,1700,0.0133203873037,1.74584766399,32,78,false
L19_SEED_4,12,8,1725,0.0129898291535,1.75934603219,32,78,false
L19_SEED_4,12,8,1750,0.0126706790357,1.77277742912,32,78,false
L19_SEED_4,12,8,1775,0.0123624162935,1.78614200865,32,78,false
L19_SEED_4,12,8,1800,0.0120645496333,1.7994398882,32,78,false
L19_SEED_4,12,8,1825,0.0117766151674,1.81267116217,32,78,false
L19_SEED_4,12,8,1850,0.0114981746081,1.82583591345,32,78,false
L19_SEED_4,12,8,1875,0.0112288136001,1.83893422332,32,78,false
L19_SEED_4,12,8,1900,0.010968140178,1.85196617959,32,78,false
L19_SEED_4,12,8,1925,0.0107157833389,1.86493188341,32,78,false
L19_SEED_4,12,8,1950,0.0104713917206,1.87783145464,32,78,false
L19_SEED_4,12,8,1975,0.010234632375,1.89066503611,32,78,false
L19_SEED_4,12,8,2000,0.0100051896306,1.90343279672,32,78,false
L19_SEED_4,12,12,0,3.41433810727,3.46285113297,3,5,false
L19_SEED_4,12,12,25,1.35847445957,1.97017528069,29,63,false
L19_SEED_4,12,12,50,0.761237810621,1.56588812411,30,75,false
L19_SEED_4,12,12,75,0.521854399512,1.40378825007,30,81,false
L19_SEED_4,12,12,100,0.399906426469,1.31265830523,30,81,false
L19_SEED_4,12,12,125,0.325978624454,1.26735239404,30,83,false
L19_SEED_4,12,12,150,0.275872800337,1.24563545124,30,87,false
L19_SEED_4,12,12,175,0.239294601952,1.23857285013,30,88,true
L19_SEED_4,12,12,200,0.211179637615,1.24105840449,30,87,false
L19_SEED_4,12,12,225,0.188752436214,1.25009661296,30,88,false
L19_SEED_4,12,12,250,0.170364068616,1.26388563957,31,84,false
L19_SEED_4,12,12,275,0.154969494866,1.28121725875,31,83,false
L19_SEED_4,12,12,300,0.141869996381,1.30124064953,31,83,false
L19_SEED_4,12,12,325,0.130577106665,1.32332646589,31,83,false
L19_SEED_4,12,12,350,0.120736538702,1.34699405644,31,83,false
L19_SEED_4,12,12,375,0.112083497429,1.37186995424,32,73,false
L19_SEED_4,12,12,400,0.104415210568,1.39766277402,32,72,false
L19_SEED_4,12,12,425,0.0975733151636,1.42414683717,32,72,false
L19_SEED_4,12,12,450,0.0914321173957,1.45115051372,32,72,false
L19_SEED_4,12,12,475,0.0858904927198,1.4785471245,32,71,false
L19_SEED_4,12,12,500,0.0808661297584,1.50624717671,32,71,false
L19_SEED_4,12,12,525,0.076291337821,1.53419115427,32,77,false
L19_SEED_4,12,12,550,0.072109931411,1.56234235157,32,77,false
L19_SEED_4,12,12,575,0.0682748771379,1.59067953017,32,77,false
L19_SEED_4,12,12,600,0.0647464927241,1.61918957598,32,77,false
L19_SEED_4,12,12,625,0.0614910532013,1.64786076677,32,78,false
L19_SEED_4,12,12,650,0.0584797018346,1.67667751464,32,78,false
L19_SEED_4,12,12,675,0.0556875917477,1.7056173079,32,78,false
L19_SEED_4,12,12,700,0.0530932038199,1.73465003568,32,78,false
L19_SEED_4,12,12,725,0.0506778002497,1.76373921375,32,77,false
L19_SEED_4,12,12,750,0.0484249831254,1.79284421327,32,77,false
L19_SEED_4,12,12,775,0.0463203346042,1.82192260263,32,77,false
L19_SEED_4,12,12,800,0.0443511206991,1.85093203361,32,77,false
L19_SEED_4,12,12,825,0.042506044756,1.8798314878,32,77,false
L19_SEED_4,12,12,850,0.040775039896,1.9085819672,32,76,false
L19_SEED_4,12,12,875,0.039149092307,1.93714682155,32,76,false
L19_SEED_4,12,12,900,0.0376200895082,1.96549190466,32,76,false
L19_SEED_4,12,12,925,0.0361806896964,1.99358570871,32,76,false
L19_SEED_4,12,12,950,0.0348242100036,2.0213995735,32,76,false
L19_SEED_4,12,12,975,0.0335445327952,2.0489080188,32,76,false
L19_SEED_4,12,12,1000,0.032336029812,2.07608919664,32,77,false
L19_SEED_4,12,12,1025,0.0311935038027,2.10292540838,32,77,false
L19_SEED_4,12,12,1050,0.0301121463502,2.12940358848,32,77,false
L19_SEED_4,12,12,1075,0.0290875091914,2.155515637,32,77,false
L19_SEED_4,12,12,1100,0.0281154850539,2.18125849794,32,77,false
L19_SEED_4,12,12,1125,0.0271922934786,2.2066339278,32,77,false
L19_SEED_4,12,12,1150,0.0263144675327,2.23164796371,32,77,false
L19_SEED_4,12,12,1175,0.0254788386032,2.25631016023,32,77,false
L19_SEED_4,12,12,1200,0.0246825180768,2.28063270043,32,77,false
L19_SEED_4,12,12,1225,0.0239228761344,2.30462949312,32,77,false
L19_SEED_4,12,12,1250,0.0231975187605,2.32831534858,32,77,false
L19_SEED_4,12,12,1275,0.0225042643512,2.35170529224,32,77,false
L19_SEED_4,12,12,1300,0.0218411211472,2.37481404132,32,77,false
L19_SEED_4,12,12,1325,0.0212062663408,2.39765564193,32,77,false
L19_SEED_4,12,12,1350,0.0205980273075,2.42024324636,32,77,false
L19_SEED_4,12,12,1375,0.0200148650834,2.44258900255,32,77,false
L19_SEED_4,12,12,1400,0.0194553599947,2.46470402605,32,77,false
L19_SEED_4,12,12,1425,0.0189181992268,2.48659842835,32,76,false
L19_SEED_4,12,12,1450,0.0184021660817,2.50828138,32,76,false
L19_SEED_4,12,12,1475,0.0179061306673,2.52976119243,32,76,false
L19_SEED_4,12,12,1500,0.0174290417931,2.551045407,32,76,false
L19_SEED_4,12,12,1525,0.0169699198742,2.57214088378,32,76,false
L19_SEED_4,12,12,1550,0.0165278506819,2.59305388546,32,76,false
L19_SEED_4,12,12,1575,0.0161019798082,2.61379015388,32,76,false
L19_SEED_4,12,12,1600,0.0156915077349,2.63435497824,32,76,false
L19_SEED_4,12,12,1625,0.015295685422,2.65475325475,32,76,false
L19_SEED_4,12,12,1650,0.0149138103418,2.67498953813,32,76,false
L19_SEED_4,12,12,1675,0.0145452229021,2.69506808581,32,75,false
L19_SEED_4,12,12,1700,0.0141893032081,2.7149928955,32,74,false
L19_SEED_4,12,12,1725,0.0138454681237,2.73476773706,32,74,false
L19_SEED_4,12,12,1750,0.0135131685974,2.7543961795,32,74,false
L19_SEED_4,12,12,1775,0.0131918872234,2.77388161376,32,74,false
L19_SEED_4,12,12,1800,0.0128811360124,2.7932272721,32,73,false
L19_SEED_4,12,12,1825,0.0125804543511,2.81243624443,32,72,false
L19_SEED_4,12,12,1850,0.0122894071304,2.83151149225,32,72,false
L19_SEED_4,12,12,1875,0.012007583027,2.85045586056,32,72,false
L19_SEED_4,12,12,1900,0.0117345929214,2.86927208803,32,72,false
L19_SEED_4,12,12,1925,0.0114700684419,2.88796281576,32,72,false
L19_SEED_4,12,12,1950,0.0112136606215,2.90653059484,32,72,false
L19_SEED_4,12,12,1975,0.0109650386572,2.92497789297,32,72,false
L19_SEED_4,12,12,2000,0.0107238887637,2.94330710022,32,72,false
L19_SEED_4,12,16,0,3.42325065054,3.46122115912,2,6,false
L19_SEED_4,12,16,25,1.45110768199,2.2262081917,25,48,false
L19_SEED_4,12,16,50,0.848359521827,1.94549067679,30,64,false
L19_SEED_4,12,16,75,0.59713743168,1.86953073122,30,73,false
L19_SEED_4,12,16,100,0.461984894394,1.81702460435,30,79,false
L19_SEED_4,12,16,125,0.377026282631,1.79036482724,30,80,false
L19_SEED_4,12,16,150,0.318225809942,1.78182262086,30,81,true
L19_SEED_4,12,16,175,0.274800696072,1.78509168144,30,82,false
L19_SEED_4,12,16,200,0.241232671372,1.79630949589,30,76,false
L19_SEED_4,12,16,225,0.214406262111,1.81323356331,30,76,false
L19_SEED_4,12,16,250,0.19242642592,1.83432059749,31,71,false
L19_SEED_4,12,16,275,0.174068834797,1.85852040165,31,70,false
L19_SEED_4,12,16,300,0.158501629973,1.88509423965,32,59,false
L19_SEED_4,12,16,325,0.145135622611,1.91350452491,32,61,false
L19_SEED_4,12,16,350,0.133539365612,1.94334793305,32,61,false
L19_SEED_4,12,16,375,0.123388516855,1.97431613883,32,59,false
L19_SEED_4,12,16,400,0.114434090785,2.00617176903,32,59,false
L19_SEED_4,12,16,425,0.106481608499,2.03873204848,32,59,false
L19_SEED_4,12,16,450,0.0993768736334,2.07185694407,32,59,false
L19_SEED_4,12,16,475,0.0929959858918,2.10543979734,32,59,false
L19_SEED_4,12,16,500,0.0872381791887,2.13939925668,32,59,false
L19_SEED_4,12,16,525,0.0820205991001,2.17367192475,32,59,false
L19_SEED_4,12,16,550,0.0772744392878,2.20820563105,32,58,false
L19_SEED_4,12,16,575,0.0729420448077,2.24295364471,32,58,false
L19_SEED_4,12,16,600,0.0689747123,2.27787034481,32,57,false
L19_SEED_4,12,16,625,0.0653309986538,2.31290876901,32,57,false
L19_SEED_4,12,16,650,0.061975405204,2.34802009783,32,57,false
L19_SEED_4,12,16,675,0.0588773426343,2.38315468824,32,57,false
L19_SEED_4,12,16,700,0.0560103081926,2.41826397496,32,57,false
L19_SEED_4,12,16,725,0.053351225326,2.45330252604,32,57,false
L19_SEED_4,12,16,750,0.0508799089219,2.48822972461,32,57,false
L19_SEED_4,12,16,775,0.0485786286877,2.52301081365,32,57,false
L19_SEED_4,12,16,800,0.0464317499485,2.55761726526,32,57,false
L19_SEED_4,12,16,825,0.0444254360721,2.59202657167,32,57,false
L19_SEED_4,12,16,850,0.04254740036,2.62622160929,32,57,false
L19_SEED_4,12,16,875,0.0407866979591,2.66018973333,32,57,false
L19_SEED_4,12,16,900,0.0391335503811,2.69392174596,32,61,false
L19_SEED_4,12,16,925,0.0375791967735,2.72741086193,32,61,false
L19_SEED_4,12,16,950,0.0361157672702,2.76065177488,32,61,false
L19_SEED_4,12,16,975,0.0347361746722,2.79363990324,32,61,false
L19_SEED_4,12,16,1000,0.033434021426,2.82637086401,32,61,false
L19_SEED_4,12,16,1025,0.0322035194338,2.8588401865,32,61,false
L19_SEED_4,12,16,1050,0.0310394206737,2.89104324276,32,61,false
L19_SEED_4,12,16,1075,0.0299369569694,2.92297534314,32,61,false
L19_SEED_4,12,16,1100,0.0288917875335,2.95463193107,32,61,false
L19_SEED_4,12,16,1125,0.0278999531407,2.98600881165,32,61,false
L19_SEED_4,12,16,1150,0.0269578359769,3.01710236142,32,61,false
L19_SEED_4,12,16,1175,0.0260621243648,3.04790968501,32,61,false
L19_SEED_4,12,16,1200,0.0252097816916,3.0784287036,32,61,false
L19_SEED_4,12,16,1225,0.0243980189717,3.10865817506,32,61,false
L19_SEED_4,12,16,1250,0.0236242705625,3.13859765568,32,61,false
L19_SEED_4,12,16,1275,0.0228861726243,3.16824741824,32,61,false
L19_SEED_4,12,16,1300,0.0221815439756,3.19760834221,32,61,false
L19_SEED_4,12,16,1325,0.0215083690466,3.22668179058,32,61,false
L19_SEED_4,12,16,1350,0.0208647826738,3.25546948575,32,61,false
L19_SEED_4,12,16,1375,0.0202490565178,3.28397339376,32,61,false
L19_SEED_4,12,16,1400,0.0196595869128,3.31219562401,32,61,false
L19_SEED_4,12,16,1425,0.0190948839829,3.34013834882,32,61,false
L19_SEED_4,12,16,1450,0.0185535618831,3.36780374549,32,61,false
L19_SEED_4,12,16,1475,0.0180343300368,3.39519396141,32,61,false
L19_SEED_4,12,16,1500,0.0175359852609,3.42231110142,32,61,false
L19_SEED_4,12,16,1525,0.0170574046781,3.44915723519,32,61,false
L19_SEED_4,12,16,1550,0.0165975393307,3.47573442136,32,61,false
L19_SEED_4,12,16,1575,0.0161554084161,3.50204474455,32,61,false
L19_SEED_4,12,16,1600,0.0157300940751,3.5280903608,32,61,false
L19_SEED_4,12,16,1625,0.0153207366688,3.55387354692,32,61,false
L19_SEED_4,12,16,1650,0.0149265304901,3.57939674962,32,61,false
L19_SEED_4,12,16,1675,0.0145467198577,3.60466263052,32,61,false
L19_SEED_4,12,16,1700,0.0141805955492,3.62967410411,32,61,false
L19_SEED_4,12,16,1725,0.0138274915355,3.65443436644,32,61,false
L19_SEED_4,12,16,1750,0.0134867819802,3.67894691307,32,61,false
L19_SEED_4,12,16,1775,0.0131578784772,3.70321554603,32,61,false
L19_SEED_4,12,16,1800,0.0128402274999,3.72724436986,32,61,false
L19_SEED_4,12,16,1825,0.0125333080407,3.75103777777,32,61,false
L19_SEED_4,12,16,1850,0.0122366294228,3.77460042918,32,61,false
L19_SEED_4,12,16,1875,0.0119497292699,3.79793722039,32,61,false
L19_SEED_4,12,16,1900,0.0116721716178,3.82105325007,32,61,false
L19_SEED_4,12,16,1925,0.0114035451604,3.84395378147,32,61,false
L19_SEED_4,12,16,1950,0.0111434616172,3.86664420294,32,61,false
L19_SEED_4,12,16,1975,0.010891554215,3.88912998831,32,62,false
L19_SEED_4,12,16,2000,0.0106474762764,3.91141665841,32,62,false
L19_SEED_4,12,19,0,3.42565884779,3.46525844465,4,8,false
L19_SEED_4,12,19,25,1.55344478191,2.4600880963,19,46,false
L19_SEED_4,12,19,50,0.971502153035,2.26386774683,28,66,false
L19_SEED_4,12,19,75,0.705771514948,2.2108182269,30,63,false
L19_SEED_4,12,19,100,0.555357365442,2.17968973185,30,74,false
L19_SEED_4,12,19,125,0.458388416017,2.176234246,30,74,true
L19_SEED_4,12,19,150,0.390494035422,2.18865381321,30,75,false
L19_SEED_4,12,19,175,0.340030893948,2.20885773241,30,73,false
L19_SEED_4,12,19,200,0.300844947424,2.23334738434,30,73,false
L19_SEED_4,12,19,225,0.269405874911,2.26009140552,30,73,false
L19_SEED_4,12,19,250,0.243546093646,2.28809135289,30,72,false
L19_SEED_4,12,19,275,0.221859396032,2.31694011064,31,66,false
L19_SEED_4,12,19,300,0.203390585426,2.34646147169,31,69,false
L19_SEED_4,12,19,325,0.187464691459,2.37655460906,31,69,false
L19_SEED_4,12,19,350,0.173588352757,2.40713172194,31,69,false
L19_SEED_4,12,19,375,0.16139057534,2.43810381754,31,69,false
L19_SEED_4,12,19,400,0.150585803601,2.46938174282,31,70,false
L19_SEED_4,12,19,425,0.140950040379,2.50088039204,31,70,false
L19_SEED_4,12,19,450,0.132304841404,2.5325221223,31,71,false
L19_SEED_4,12,19,475,0.124506222038,2.56423865396,31,72,false
L19_SEED_4,12,19,500,0.117436736765,2.59597168681,31,72,false
L19_SEED_4,12,19,525,0.110999679541,2.62767262832,31,71,false
L19_SEED_4,12,19,550,0.105114747915,2.65930178839,32,60,false
L19_SEED_4,12,19,575,0.099714746217,2.69082730771,32,60,false
L19_SEED_4,12,19,600,0.0947430440557,2.72222400624,32,60,false
L19_SEED_4,12,19,625,0.0901515946978,2.75347227168,32,60,false
L19_SEED_4,12,19,650,0.0858993751684,2.78455705657,32,58,false
L19_SEED_4,12,19,675,0.0819511481746,2.81546701395,32,58,false
L19_SEED_4,12,19,700,0.0782764723092,2.84619377519,32,58,false
L19_SEED_4,12,19,725,0.0748489055507,2.87673135721,32,58,false
L19_SEED_4,12,19,750,0.0716453604369,2.90707567879,32,58,false
L19_SEED_4,12,19,775,0.0686455790724,2.9372241639,32,58,false
L19_SEED_4,12,19,800,0.06583170339,2.96717541312,32,58,false
L19_SEED_4,12,19,825,0.0631879215502,2.99692892899,32,58,false
L19_SEED_4,12,19,850,0.0607001755062,3.02648488639,32,58,false
L19_SEED_4,12,19,875,0.0583559179423,3.05584394334,32,58,false
L19_SEED_4,12,19,900,0.0561439092452,3.08500709001,32,58,false
L19_SEED_4,12,19,925,0.0540540470783,3.11397553491,32,58,false
L19_SEED_4,12,19,950,0.052077222618,3.14275062612,32,58,false
L19_SEED_4,12,19,975,0.0502051986895,3.17133380422,32,58,false
L19_SEED_4,12,19,1000,0.0484305059644,3.19972658114,32,58,false
L19_SEED_4,12,19,1025,0.0467463541203,3.22793053818,32,58,false
L19_SEED_4,12,19,1050,0.0451465554494,3.25594733508,32,57,false
L19_SEED_4,12,19,1075,0.0436254588725,3.28377872242,32,57,false
L19_SEED_4,12,19,1100,0.0421778926889,3.31142655086,32,57,false
L19_SEED_4,12,19,1125,0.0407991146973,3.33889277204,32,57,false
L19_SEED_4,12,19,1150,0.0394847685643,3.36617942881,32,57,false
L19_SEED_4,12,19,1175,0.0382308455128,3.39328863408,32,57,false
L19_SEED_4,12,19,1200,0.0370336505629,3.42022254016,32,56,false
L19_SEED_4,12,19,1225,0.0358897726857,3.44698330156,32,56,false
L19_SEED_4,12,19,1250,0.0347960583343,3.47357303551,32,56,false
L19_SEED_4,12,19,1275,0.0337495879025,3.49999378437,32,56,false
L19_SEED_4,12,19,1300,0.0327476547325,3.52624748427,32,56,false
L19_SEED_4,12,19,1325,0.031787746347,3.55233594291,32,56,false
L19_SEED_4,12,19,1350,0.0308675276328,3.57826082868,32,56,false
L19_SEED_4,12,19,1375,0.0299848257391,3.60402367178,32,56,false
L19_SEED_4,12,19,1400,0.0291376164886,3.62962587665,32,56,false
L19_SEED_4,12,19,1425,0.0283240121257,3.65506874401,32,56,false
L19_SEED_4,12,19,1450,0.0275422502501,3.68035349987,32,56,false
L19_SEED_4,12,19,1475,0.026790683804,3.70548132874,32,56,false
L19_SEED_4,12,19,1500,0.0260677719972,3.7304534077,32,56,false
L19_SEED_4,12,19,1525,0.0253720720689,3.75527093878,32,56,false
L19_SEED_4,12,19,1550,0.0247022317982,3.77993517717,32,56,false
L19_SEED_4,12,19,1575,0.0240569826842,3.80444745365,32,56,false
L19_SEED_4,12,19,1600,0.0234351337286,3.82880919013,32,56,false
L19_SEED_4,12,19,1625,0.0228355657573,3.85302190798,32,56,false
L19_SEED_4,12,19,1650,0.0222572262298,3.87708722931,32,56,false
L19_SEED_4,12,19,1675,0.0216991244866,3.90100687174,32,56,false
L19_SEED_4,12,19,1700,0.0211603273935,3.92478263772,32,56,false
L19_SEED_4,12,19,1725,0.0206399553432,3.94841639948,32,56,false
L19_SEED_4,12,19,1750,0.0201371785825,3.97191008094,32,56,false
L19_SEED_4,12,19,1775,0.0196512138327,3.99526563771,32,56,false
L19_SEED_4,12,19,1800,0.0191813211781,4.01848503663,32,56,false
L19_SEED_4,12,19,1825,0.018726801197,4.04157023571,32,56,false
L19_SEED_4,12,19,1850,0.0182869923143,4.06452316555,32,56,false
L19_SEED_4,12,19,1875,0.0178612683554,4.08734571298,32,56,false
L19_SEED_4,12,19,1900,0.0174490362846,4.11003970747,32,56,false
L19_SEED_4,12,19,1925,0.0170497341115,4.13260691069,32,56,false
L19_SEED_4,12,19,1950,0.0166628289516,4.15504900948,32,56,false
L19_SEED_4,12,19,1975,0.0162878152273,4.17736761202,32,56,false
L19_SEED_4,12,19,2000,0.0159242129986,4.19956424736,32,56,false
L19_SEED_4,12,20,0,3.42508041222,3.46778272717,3,13,false
L19_SEED_4,12,20,25,1.53297343877,2.41750185324,21,53,false
L19_SEED_4,12,20,50,0.945848143118,2.20939957529,28,64,false
L19_SEED_4,12,20,75,0.684131881994,2.15047057951,30,64,false
L19_SEED_4,12,20,100,0.537572541091,2.11562339722,30,72,false
L19_SEED_4,12,20,125,0.443345253745,2.10708365342,30,73,true
L19_SEED_4,12,20,150,0.377350667497,2.11363957243,30,73,false
L19_SEED_4,12,20,175,0.328251530164,2.1282012629,30,73,false
L19_SEED_4,12,20,200,0.290088953061,2.14771256458,30,73,false
L19_SEED_4,12,20,225,0.259450786178,2.17028369214,30,73,false
L19_SEED_4,12,20,250,0.234242022166,2.19484356055,30,72,false
L19_SEED_4,12,20,275,0.213101328177,2.22084433505,31,66,false
L19_SEED_4,12,20,300,0.195101542262,2.24798894602,31,65,false
L19_SEED_4,12,20,325,0.179585680852,2.27608491481,31,65,false
L19_SEED_4,12,20,350,0.166072456902,2.30497942983,31,66,false
L19_SEED_4,12,20,375,0.154199463734,2.3345349315,31,66,false
L19_SEED_4,12,20,400,0.143687621136,2.36462382406,31,66,false
L19_SEED_4,12,20,425,0.134318053364,2.39512927297,31,66,false
L19_SEED_4,12,20,450,0.125916495871,2.42594691263,31,67,false
L19_SEED_4,12,20,475,0.118342431024,2.45698577523,31,67,false
L19_SEED_4,12,20,500,0.111481304567,2.48816820294,32,56,false
L19_SEED_4,12,20,525,0.105238818706,2.51942899822,32,55,false
L19_SEED_4,12,20,550,0.0995366677401,2.55071414115,32,55,false
L19_SEED_4,12,20,575,0.0943093016595,2.58197934332,32,55,false
L19_SEED_4,12,20,600,0.0895014379096,2.61318861929,32,59,false
L19_SEED_4,12,20,625,0.0850661272454,2.64431297801,32,59,false
L19_SEED_4,12,20,650,0.0809632359024,2.67532927788,32,59,false
L19_SEED_4,12,20,675,0.0771582443722,2.70621925109,32,59,false
L19_SEED_4,12,20,700,0.0736212894499,2.7369686821,32,60,false
L19_SEED_4,12,20,725,0.0703263948787,2.76756671736,32,60,false
L19_SEED_4,12,20,750,0.0672508493649,2.79800528368,32,60,false
L19_SEED_4,12,20,775,0.0643747005656,2.82827859692,32,60,false
L19_SEED_4,12,20,800,0.0616803409284,2.85838274735,32,60,false
L19_SEED_4,12,20,825,0.059152166721,2.88831535193,32,58,false
L19_SEED_4,12,20,850,0.0567762957056,2.91807526469,32,58,false
L19_SEED_4,12,20,875,0.0545403320615,2.94766233645,32,58,false
L19_SEED_4,12,20,900,0.0524331695709,2.97707721344,32,57,false
L19_SEED_4,12,20,925,0.0504448259531,3.00632116328,32,57,false
L19_SEED_4,12,20,950,0.0485663026841,3.03539591728,32,57,false
L19_SEED_4,12,20,975,0.0467894657733,3.06430351964,32,57,false
L19_SEED_4,12,20,1000,0.0451069438632,3.09304617827,32,57,false
L19_SEED_4,12,20,1025,0.0435120407203,3.12162611654,32,57,false
L19_SEED_4,12,20,1050,0.041998659742,3.15004543062,32,56,false
L19_SEED_4,12,20,1075,0.0405612385487,3.17830596062,32,56,false
L19_SEED_4,12,20,1100,0.0391946920822,3.20640918609,32,56,false
L19_SEED_4,12,20,1125,0.0378943629125,3.23435615564,32,56,false
L19_SEED_4,12,20,1150,0.036655977685,3.26214745755,32,56,false
L19_SEED_4,12,20,1175,0.0354756088197,3.28978323369,32,56,false
L19_SEED_4,12,20,1200,0.0343496407226,3.3172632336,32,56,false
L19_SEED_4,12,20,1225,0.0332747398916,3.34458690105,32,56,false
L19_SEED_4,12,20,1250,0.0322478283932,3.37175348142,32,56,false
L19_SEED_4,12,20,1275,0.0312660602714,3.3987621375,32,56,false
L19_SEED_4,12,20,1300,0.0303268005121,3.42561206113,32,56,false
L19_SEED_4,12,20,1325,0.029427606245,3.45230257053,32,56,false
L19_SEED_4,12,20,1350,0.0285662099072,3.47883318619,32,56,false
L19_SEED_4,12,20,1375,0.027740504135,3.5052036813,32,56,false
L19_SEED_4,12,20,1400,0.0269485281777,3.53141410632,32,56,false
L19_SEED_4,12,20,1425,0.0261884556601,3.5574647894,32,56,false
L19_SEED_4,12,20,1450,0.0254585835376,3.58335631666,32,56,false
L19_SEED_4,12,20,1475,0.0247573221126,3.60908949711,32,56,false
L19_SEED_4,12,20,1500,0.0240831859951,3.63466531773,32,56,false
L19_SEED_4,12,20,1525,0.0234347859039,3.66008489383,32,56,false
L19_SEED_4,12,20,1550,0.0228108212205,3.68534941957,32,56,false
L19_SEED_4,12,20,1575,0.0222100732165,3.71046012254,32,56,false
L19_SEED_4,12,20,1600,0.0216313988836,3.73541822539,32,56,false
L19_SEED_4,12,20,1625,0.0210737253057,3.76022491653,32,56,false
L19_SEED_4,12,20,1650,0.0205360445192,3.7848813308,32,56,false
L19_SEED_4,12,20,1675,0.0200174088119,3.8093885403,32,56,false
L19_SEED_4,12,20,1700,0.0195169264179,3.83374755438,32,56,false
L19_SEED_4,12,20,1725,0.0190337575717,3.85795932777,32,56,false
L19_SEED_4,12,20,1750,0.018567110885,3.88202477485,32,56,false
L19_SEED_4,12,20,1775,0.0181162400183,3.90594478831,32,56,false
L19_SEED_4,12,20,1800,0.0176804406182,3.92972026024,32,56,false
L19_SEED_4,12,20,1825,0.0172590474973,3.9533521039,32,56,false
L19_SEED_4,12,20,1850,0.0168514320337,3.97684127468,32,56,false
L19_SEED_4,12,20,1875,0.0164569997721,4.0001887891,32,56,false
L19_SEED_4,12,20,1900,0.0160751882067,4.02339574104,32,56,false
L19_SEED_4,12,20,1925,0.0157054647321,4.04646331474,32,56,false
L19_SEED_4,12,20,1950,0.0153473247462,4.06939279432,32,56,false
L19_SEED_4,12,20,1975,0.0150002898932,4.09218557002,32,56,false
L19_SEED_4,12,20,2000,0.0146639064346,4.11484314121,32,56,false
L19_SEED_4,12,21,0,3.42302601428,3.45393689326,4,8,false
L19_SEED_4,12,21,25,1.54313376752,2.50409043461,22,49,false
L19_SEED_4,12,21,50,0.988814229718,2.43258458716,27,76,true
L19_SEED_4,12,21,75,0.74080137438,2.51678972595,29,70,false
L19_SEED_4,12,21,100,0.590358053028,2.57919492378,30,78,false
L19_SEED_4,12,21,125,0.488807807702,2.63596367583,30,79,false
L19_SEED_4,12,21,150,0.416521780126,2.690950735,30,79,false
L19_SEED_4,12,21,175,0.362916400298,2.74230311875,30,79,false
L19_SEED_4,12,21,200,0.321759256178,2.79058988632,30,79,false
L19_SEED_4,12,21,225,0.28921585797,2.83632423235,30,78,false
L19_SEED_4,12,21,250,0.262836979383,2.87998565803,30,79,false
L19_SEED_4,12,21,275,0.241004294549,2.92197428074,30,73,false
L19_SEED_4,12,21,300,0.222615243635,2.96259830814,30,74,false
L19_SEED_4,12,21,325,0.206897343429,3.0020834088,30,74,false
L19_SEED_4,12,21,350,0.193295116083,3.04058734577,31,68,false
L19_SEED_4,12,21,375,0.181399286209,3.07821821605,31,67,false
L19_SEED_4,12,21,400,0.170901395845,3.11505036396,31,67,false
L19_SEED_4,12,21,425,0.161564111445,3.15113773749,31,67,false
L19_SEED_4,12,21,450,0.153201417929,3.18652359028,31,67,false
L19_SEED_4,12,21,475,0.14566514573,3.22124664489,31,67,false
L19_SEED_4,12,21,500,0.138835615826,3.25534446621,31,66,false
L19_SEED_4,12,21,525,0.132615004793,3.28885491792,31,66,false
L19_SEED_4,12,21,550,0.126922538159,3.32181644596,31,66,false
L19_SEED_4,12,21,575,0.121690936686,3.35426770609,31,66,false
L19_SEED_4,12,21,600,0.116863739106,3.38624685993,31,66,false
L19_SEED_4,12,21,625,0.112393250808,3.41779073975,31,66,false
L19_SEED_4,12,21,650,0.108238948437,3.44893401602,31,66,false
L19_SEED_4,12,21,675,0.104366222498,3.47970846924,31,66,false
L19_SEED_4,12,21,700,0.100745374339,3.51014244558,31,66,false
L19_SEED_4,12,21,725,0.0973508067247,3.54026054879,31,66,false
L19_SEED_4,12,21,750,0.0941603628743,3.57008358196,31,66,false
L19_SEED_4,12,21,775,0.0911547798284,3.59962870506,31,66,false
L19_SEED_4,12,21,800,0.088317230367,3.62890972841,31,66,false
L19_SEED_4,12,21,825,0.0856329347678,3.65793743543,31,66,false
L19_SEED_4,12,21,850,0.0830888303835,3.68671983487,31,66,false
L19_SEED_4,12,21,875,0.0806732932716,3.71526229186,31,66,false
L19_SEED_4,12,21,900,0.0783759106703,3.74356756446,31,66,false
L19_SEED_4,12,21,925,0.0761873040643,3.77163584425,31,66,false
L19_SEED_4,12,21,950,0.0740989990841,3.79946492346,31,65,false
L19_SEED_4,12,21,975,0.072103332527,3.82705056995,31,65,false
L19_SEED_4,12,21,1000,0.0701933825755,3.85438711113,31,65,false
L19_SEED_4,12,21,1025,0.0683629089322,3.88146815682,31,65,false
L19_SEED_4,12,21,1050,0.066606294487,3.90828736016,31,65,false
L19_SEED_4,12,21,1075,0.0649184859432,3.93483912209,31,65,false
L19_SEED_4,12,21,1100,0.0632949346594,3.96111917161,32,54,false
L19_SEED_4,12,21,1125,0.0617315401531,3.9871249894,32,55,false
L19_SEED_4,12,21,1150,0.0602245982148,4.01285607733,32,55,false
L19_SEED_4,12,21,1175,0.0587707545801,4.03831410456,32,55,false
L19_SEED_4,12,21,1200,0.0573669642799,4.06350297665,32,55,false
L19_SEED_4,12,21,1225,0.0560104563044,4.08842887617,32,55,false
L19_SEED_4,12,21,1250,0.0546987030154,4.11310031751,32,55,false
L19_SEED_4,12,21,1275,0.0534293936988,4.13752824815,32,55,false
L19_SEED_4,12,21,1300,0.052200411684,4.16172621786,32,55,false
L19_SEED_4,12,21,1325,0.0510098145069,4.18571062678,32,55,false
L19_SEED_4,12,21,1350,0.0498558166457,4.20950105327,32,55,false
L19_SEED_4,12,21,1375,0.0487367743846,4.23312064944,32,55,false
L19_SEED_4,12,21,1400,0.04765117237,4.25659657689,32,55,false
L19_SEED_4,12,21,1425,0.0465976114124,4.27996043303,32,55,false
L19_SEED_4,12,21,1450,0.0455747970584,4.30324859194,32,55,false
L19_SEED_4,12,21,1475,0.0445815284473,4.32650235245,32,55,false
L19_SEED_4,12,21,1500,0.0436166869981,4.3497677589,32,55,false
L19_SEED_4,12,21,1525,0.042679224613,4.37309494749,32,55,false
L19_SEED_4,12,21,1550,0.0417681513749,4.39653688959,32,55,false
L19_SEED_4,12,21,1575,0.0408825231866,4.4201474706,32,55,false
L19_SEED_4,12,21,1600,0.0400214303539,4.44397896399,32,55,false
L19_SEED_4,12,21,1625,0.0391839885497,4.46807912047,32,55,false
L19_SEED_4,12,21,1650,0.0383693335989,4.49248824786,32,55,false
L19_SEED_4,12,21,1675,0.037576620875,4.51723674594,32,55,false
L19_SEED_4,12,21,1700,0.0368050289101,4.54234352823,32,55,false
L19_SEED_4,12,21,1725,0.0360537655729,4.56781559914,32,55,false
L19_SEED_4,12,21,1750,0.035322074517,4.59364880858,32,55,false
L19_SEED_4,12,21,1775,0.0346092398775,4.61982956723,32,55,false
L19_SEED_4,12,21,1800,0.0339145881712,4.64633715581,32,55,false
L19_SEED_4,12,21,1825,0.0332374874615,4.67314623533,32,55,false
L19_SEED_4,12,21,1850,0.0325773445801,4.70022923498,32,55,false
L19_SEED_4,12,21,1875,0.0319336013912,4.72755840178,32,55,false
L19_SEED_4,12,21,1900,0.0313057309039,4.75510739094,32,55,false
L19_SEED_4,12,21,1925,0.0306932337147,4.78285233854,32,55,false
L19_SEED_4,12,21,1950,0.0300956349828,4.81077239664,32,55,false
L19_SEED_4,12,21,1975,0.0295124819543,4.83884974624,32,55,false
L19_SEED_4,12,21,2000,0.0289433419697,4.86706914994,32,55,false
L19_SEED_4,80,0,0,3.48388535474,3.46796228565,1,9,false
L19_SEED_4,80,0,25,0.944308287753,0.71595510437,28,144,false
L19_SEED_4,80,0,50,0.452132872052,0.221579616815,28,144,false
L19_SEED_4,80,0,75,0.350927700455,0.180469102319,28,144,false
L19_SEED_4,80,0,100,0.320615623142,0.150509284378,28,144,false
L19_SEED_4,80,0,125,0.30581319229,0.137850170256,28,144,false
L19_SEED_4,80,0,150,0.296998119983,0.129453816768,28,144,false
L19_SEED_4,80,0,175,0.291173510625,0.124205343492,28,144,false
L19_SEED_4,80,0,200,0.287068700166,0.120377159662,28,144,false
L19_SEED_4,80,0,225,0.284041053944,0.11758599176,28,144,false
L19_SEED_4,80,0,250,0.281729605409,0.115447869491,28,144,false
L19_SEED_4,80,0,275,0.279916343834,0.113768439263,28,144,false
L19_SEED_4,80,0,300,0.278462201491,0.112421540513,28,144,false
L19_SEED_4,80,0,325,0.277274555908,0.111320907399,28,144,false
L19_SEED_4,80,0,350,0.276289507361,0.110407635238,28,144,false
L19_SEED_4,80,0,375,0.275461657527,0.109639874981,28,144,false
L19_SEED_4,80,0,400,0.274757938487,0.10898707001,28,144,false
L19_SEED_4,80,0,425,0.274153741594,0.108426464798,28,144,false
L19_SEED_4,80,0,450,0.273630408499,0.107940799451,28,144,false
L19_SEED_4,80,0,475,0.273173558509,0.107516765103,28,144,false
L19_SEED_4,80,0,500,0.272771945693,0.107143949606,28,144,false
L19_SEED_4,80,0,525,0.272416660789,0.106814101272,28,144,false
L19_SEED_4,80,0,550,0.272100563021,0.106520604326,28,144,false
L19_SEED_4,80,0,575,0.271817868534,0.106258098695,28,144,false
L19_SEED_4,80,0,600,0.271563847584,0.106022200133,28,144,false
L19_SEED_4,80,0,625,0.271334598588,0.105809291291,28,144,false
L19_SEED_4,80,0,650,0.271126877331,0.105616363724,28,144,false
L19_SEED_4,80,0,675,0.270937966345,0.105440897027,28,144,false
L19_SEED_4,80,0,700,0.270765573922,0.105280765353,28,144,false
L19_SEED_4,80,0,725,0.270607755264,0.105134164408,28,144,false
L19_SEED_4,80,0,750,0.270462850342,0.104999553904,28,144,false
L19_SEED_4,80,0,775,0.270329434508,0.104875611802,28,144,false
L19_SEED_4,80,0,800,0.270206278927,0.104761197653,28,144,false
L19_SEED_4,80,0,825,0.27009231864,0.104655323009,28,144,false
L19_SEED_4,80,0,850,0.269986626617,0.104557127361,28,144,false
L19_SEED_4,80,0,875,0.269888392523,0.104465858465,28,144,false
L19_SEED_4,80,0,900,0.269796905253,0.104380856145,28,144,false
L19_SEED_4,80,0,925,0.26971153847,0.10430153888,28,144,false
L19_SEED_4,80,0,950,0.269631738571,0.10422739265,28,144,false
L19_SEED_4,80,0,975,0.269557014628,0.1041579616,28,144,false
L19_SEED_4,80,0,1000,0.269486929925,0.104092840192,28,144,false
L19_SEED_4,80,0,1025,0.269421094818,0.104031666584,28,144,false
L19_SEED_4,80,0,1050,0.269359160683,0.10397411701,28,144,false
L19_SEED_4,80,0,1075,0.269300814759,0.103919900997,28,144,false
L19_SEED_4,80,0,1100,0.269245775737,0.103868757276,28,144,false
L19_SEED_4,80,0,1125,0.269193789989,0.103820450272,28,144,false
L19_SEED_4,80,0,1150,0.269144628302,0.103774767085,28,144,false
L19_SEED_4,80,0,1175,0.269098083075,0.103731514881,28,144,false
L19_SEED_4,80,0,1200,0.269053965877,0.103690518625,28,144,false
L19_SEED_4,80,0,1225,0.269012105329,0.10365161912,28,144,false
L19_SEED_4,80,0,1250,0.268972345257,0.103614671288,28,144,false
L19_SEED_4,80,0,1275,0.268934543075,0.103579542671,28,144,false
L19_SEED_4,80,0,1300,0.268898568373,0.103546112117,28,144,false
L19_SEED_4,80,0,1325,0.268864301664,0.103514268622,28,144,false
L19_SEED_4,80,0,1350,0.268831633294,0.103483910313,28,144,false
L19_SEED_4,80,0,1375,0.268800462467,0.103454943546,28,144,false
L19_SEED_4,80,0,1400,0.26877069639,0.103427282108,28,144,false
L19_SEED_4,80,0,1425,0.268742249509,0.103400846513,28,144,false
L19_SEED_4,80,0,1450,0.26871504283,0.103375563367,28,144,false
L19_SEED_4,80,0,1475,0.26868900332,0.103351364813,28,144,false
L19_SEED_4,80,0,1500,0.268664063361,0.103328188026,28,144,false
L19_SEED_4,80,0,1525,0.268640160272,0.103305974766,28,144,false
L19_SEED_4,80,0,1550,0.268617235876,0.103284670977,28,144,false
L19_SEED_4,80,0,1575,0.268595236108,0.103264226424,28,144,false
L19_SEED_4,80,0,1600,0.26857411067,0.103244594371,28,144,false
L19_SEED_4,80,0,1625,0.268553812711,0.103225731284,28,144,false
L19_SEED_4,80,0,1650,0.268534298548,0.103207596573,28,144,false
L19_SEED_4,80,0,1675,0.268515527405,0.103190152349,28,144,false
L19_SEED_4,80,0,1700,0.268497461181,0.103173363207,28,144,false
L19_SEED_4,80,0,1725,0.26848006424,0.103157196034,28,144,false
L19_SEED_4,80,0,1750,0.268463303219,0.103141619826,28,144,false
L19_SEED_4,80,0,1775,0.268447146851,0.103126605531,28,144,false
L19_SEED_4,80,0,1800,0.268431565812,0.103112125898,28,144,false
L19_SEED_4,80,0,1825,0.26841653257,0.103098155342,28,144,false
L19_SEED_4,80,0,1850,0.268402021256,0.103084669826,28,144,false
L19_SEED_4,80,0,1875,0.268388007544,0.103071646743,28,144,false
L19_SEED_4,80,0,1900,0.268374468537,0.103059064817,28,144,false
L19_SEED_4,80,0,1925,0.268361382671,0.103046904007,28,144,false
L19_SEED_4,80,0,1950,0.268348729615,0.103035145421,28,144,false
L19_SEED_4,80,0,1975,0.268336490191,0.103023771236,28,144,false
L19_SEED_4,80,0,2000,0.268324646295,0.103012764629,28,144,true
L19_SEED_4,80,4,0,3.53959093786,3.55031048663,1,0,false
L19_SEED_4,80,4,25,1.18419597479,1.15456242138,27,128,false
L19_SEED_4,80,4,50,0.590221372938,0.558121330349,28,141,false
L19_SEED_4,80,4,75,0.422899540109,0.426306096288,28,141,false
L19_SEED_4,80,4,100,0.347073348076,0.359310698669,28,141,false
L19_SEED_4,80,4,125,0.301711909502,0.32308969147,29,136,false
L19_SEED_4,80,4,150,0.270456846562,0.301230105788,29,136,false
L19_SEED_4,80,4,175,0.24698500577,0.288247782992,29,137,false
L19_SEED_4,80,4,200,0.228311969553,0.281064405419,29,137,false
L19_SEED_4,80,4,225,0.212844728355,0.277854889738,30,131,false
L19_SEED_4,80,4,250,0.199653855863,0.277537710949,30,131,true
L19_SEED_4,80,4,275,0.188157496852,0.279413778015,30,131,false
L19_SEED_4,80,4,300,0.177970021678,0.28300708798,30,131,false
L19_SEED_4,80,4,325,0.168823978782,0.287981461914,30,130,false
L19_SEED_4,80,4,350,0.160527206461,0.294090613862,30,130,false
L19_SEED_4,80,4,375,0.152937742435,0.301147364162,30,130,false
L19_SEED_4,80,4,400,0.145948222195,0.309004088146,30,128,false
L19_SEED_4,80,4,425,0.139475687631,0.317540380965,30,126,false
L19_SEED_4,80,4,450,0.133454716145,0.32665543703,30,125,false
L19_SEED_4,80,4,475,0.127832701779,0.336263362906,30,125,false
L19_SEED_4,80,4,500,0.122566570527,0.346290172667,31,118,false
L19_SEED_4,80,4,525,0.117620464917,0.356671716382,31,118,false
L19_SEED_4,80,4,550,0.112964091792,0.367352160862,32,107,false
L19_SEED_4,80,4,575,0.108571529658,0.378282830793,32,107,false
L19_SEED_4,80,4,600,0.104420357385,0.38942128441,32,107,false
L19_SEED_4,80,4,625,0.100491007965,0.400730523844,32,107,false
L19_SEED_4,80,4,650,0.096766279255,0.412178272749,32,107,false
L19_SEED_4,80,4,675,0.0932309539777,0.423736295713,32,107,false
L19_SEED_4,80,4,700,0.089871496497,0.43537976886,32,106,false
L19_SEED_4,80,4,725,0.0866758051147,0.447086726285,32,106,false
L19_SEED_4,80,4,750,0.0836330063824,0.458837602944,32,106,false
L19_SEED_4,80,4,775,0.0807332827973,0.470614879875,32,106,false
L19_SEED_4,80,4,800,0.0779677280376,0.482402822366,32,105,false
L19_SEED_4,80,4,825,0.0753282253738,0.494187291774,32,105,false
L19_SEED_4,80,4,850,0.0728073456726,0.505955608719,32,105,false
L19_SEED_4,80,4,875,0.0703982618968,0.517696447592,32,104,false
L19_SEED_4,80,4,900,0.0680946773846,0.529399747217,32,104,false
L19_SEED_4,80,4,925,0.0658907655503,0.54105662791,32,104,false
L19_SEED_4,80,4,950,0.0637811189939,0.552659309717,32,104,false
L19_SEED_4,80,4,975,0.0617607063329,0.564201029932,32,104,false
L19_SEED_4,80,4,1000,0.0598248353642,0.575675959971,32,104,false
L19_SEED_4,80,4,1025,0.0579691214179,0.587079122679,32,104,false
L19_SEED_4,80,4,1050,0.0561894599823,0.598406311503,32,104,false
L19_SEED_4,80,4,1075,0.0544820028558,0.609654012836,32,104,false
L19_SEED_4,80,4,1100,0.0528431372243,0.620819332609,32,104,false
L19_SEED_4,80,4,1125,0.0512694671831,0.63189992785,32,104,false
L19_SEED_4,80,4,1150,0.0497577973107,0.642893943628,32,104,false
L19_SEED_4,80,4,1175,0.048305117978,0.653799955526,32,104,false
L19_SEED_4,80,4,1200,0.0469085921368,0.66461691758,32,104,false
L19_SEED_4,80,4,1225,0.0455655433759,0.675344115467,32,104,false
L19_SEED_4,80,4,1250,0.0442734450727,0.685981124655,32,104,false
L19_SEED_4,80,4,1275,0.043029910498,0.696527773129,32,104,false
L19_SEED_4,80,4,1300,0.0418326837552,0.706984108329,32,104,false
L19_SEED_4,80,4,1325,0.0406796314557,0.717350367886,32,104,false
L19_SEED_4,80,4,1350,0.039568735047,0.727626953783,32,104,false
L19_SEED_4,80,4,1375,0.0384980837235,0.737814409589,32,104,false
L19_SEED_4,80,4,1400,0.0374658678612,0.747913400403,32,104,false
L19_SEED_4,80,4,1425,0.0364703729228,0.757924695233,32,104,false
L19_SEED_4,80,4,1450,0.0355099737921,0.767849151498,32,103,false
L19_SEED_4,80,4,1475,0.0345831294965,0.777687701425,32,103,false
L19_SEED_4,80,4,1500,0.0336883782861,0.787441340107,32,103,false
L19_SEED_4,80,4,1525,0.0328243330385,0.797111115018,32,103,false
L19_SEED_4,80,4,1550,0.0319896769636,0.806698116821,32,103,false
L19_SEED_4,80,4,1575,0.0311831595858,0.816203471301,32,103,false
L19_SEED_4,80,4,1600,0.0304035929808,0.82562833229,32,103,false
L19_SEED_4,80,4,1625,0.0296498482507,0.83497387547,32,103,false
L19_SEED_4,80,4,1650,0.0289208522177,0.844241292936,32,103,false
L19_SEED_4,80,4,1675,0.028215584323,0.853431788437,32,103,false
L19_SEED_4,80,4,1700,0.0275330737157,0.862546573208,32,103,false
L19_SEED_4,80,4,1725,0.0268723965184,0.87158686233,32,103,false
L19_SEED_4,80,4,1750,0.0262326732594,0.880553871535,32,103,false
L19_SEED_4,80,4,1775,0.0256130664576,0.889448814435,32,102,false
L19_SEED_4,80,4,1800,0.0250127783529,0.898272900096,32,102,false
L19_SEED_4,80,4,1825,0.0244310487711,0.90702733093,32,102,false
L19_SEED_4,80,4,1850,0.0238671531142,0.915713300868,32,102,false
L19_SEED_4,80,4,1875,0.0233204004701,0.924331993783,32,102,false
L19_SEED_4,80,4,1900,0.0227901318316,0.932884582119,32,102,false
L19_SEED_4,80,4,1925,0.0222757184199,0.941372225733,32,102,false
L19_SEED_4,80,4,1950,0.0217765601045,0.949796070887,32,102,false
L19_SEED_4,80,4,1975,0.0212920839148,0.958157249412,32,101,false
L19_SEED_4,80,4,2000,0.0208217426365,0.96645687799,32,101,false
L19_SEED_4,80,8,0,3.51568698267,3.53328809038,1,0,false
L19_SEED_4,80,8,25,1.23328664076,1.3037269183,27,122,false
L19_SEED_4,80,8,50,0.634767473796,0.743971689708,27,126,false
L19_SEED_4,80,8,75,0.448095079992,0.594154139115,29,127,false
L19_SEED_4,80,8,100,0.356579050619,0.531611693735,29,127,false
L19_SEED_4,80,8,125,0.299024945706,0.502207953997,29,127,false
L19_SEED_4,80,8,150,0.25826407536,0.491756721221,30,120,true
L19_SEED_4,80,8,175,0.227454287108,0.491870124979,30,119,false
L19_SEED_4,80,8,200,0.203169525743,0.498724229092,30,118,false
L19_SEED_4,80,8,225,0.183451615542,0.509966026337,30,119,false
L19_SEED_4,80,8,250,0.167082985758,0.523942122073,30,120,false
L19_SEED_4,80,8,275,0.153255820302,0.539464790084,31,109,false
L19_SEED_4,80,8,300,0.141404414087,0.555744191524,31,109,false
L19_SEED_4,80,8,325,0.131116631412,0.572337552902,31,107,false
L19_SEED_4,80,8,350,0.122085664523,0.589053796595,32,101,false
L19_SEED_4,80,8,375,0.114080687543,0.605833390122,32,101,false
L19_SEED_4,80,8,400,0.106926183239,0.622655784124,32,101,false
L19_SEED_4,80,8,425,0.100486677057,0.639496473857,32,100,false
L19_SEED_4,80,8,450,0.0946557922502,0.656319529081,32,100,false
L19_SEED_4,80,8,475,0.0893486045735,0.673083557783,32,99,false
L19_SEED_4,80,8,500,0.0844962981085,0.689748404871,32,99,false
L19_SEED_4,80,8,525,0.080042368058,0.706278956119,32,99,false
L19_SEED_4,80,8,550,0.0759398686208,0.72264640855,32,98,false
L19_SEED_4,80,8,575,0.0721493812428,0.738828129725,32,97,false
L19_SEED_4,80,8,600,0.06863749025,0.754806931864,32,97,false
L19_SEED_4,80,8,625,0.0653756227487,0.770570199491,32,97,false
L19_SEED_4,80,8,650,0.0623391543912,0.786109061263,32,97,false
L19_SEED_4,80,8,675,0.0595067120044,0.801417671389,32,97,false
L19_SEED_4,80,8,700,0.0568596238639,0.816492611102,32,97,false
L19_SEED_4,80,8,725,0.0543814819949,0.831332399657,32,97,false
L19_SEED_4,80,8,750,0.05205779038,0.845937098271,32,97,false
L19_SEED_4,80,8,775,0.0498756796982,0.860307990318,32,97,false
L19_SEED_4,80,8,800,0.0478236740677,0.874447323126,32,97,false
L19_SEED_4,80,8,825,0.0458914987922,0.888358099202,32,97,false
L19_SEED_4,80,8,850,0.0440699207065,0.902043907094,32,97,false
L19_SEED_4,80,8,875,0.042350614646,0.915508784056,32,97,false
L19_SEED_4,80,8,900,0.0407260510075,0.928757104356,32,96,false
L19_SEED_4,80,8,925,0.0391894004661,0.9417934883,32,96,false
L19_SEED_4,80,8,950,0.0377344527411,0.954622728092,32,96,false
L19_SEED_4,80,8,975,0.0363555469467,0.967249727425,32,96,false
L19_SEED_4,80,8,1000,0.0350475115557,0.979679452314,32,96,false
L19_SEED_4,80,8,1025,0.0338056123911,0.991916891157,32,96,false
L19_SEED_4,80,8,1050,0.0326255073595,1.00396702241,32,96,false
L19_SEED_4,80,8,1075,0.0315032068805,1.01583478854,32,96,false
L19_SEED_4,80,8,1100,0.0304350391542,1.02752507519,32,96,false
L19_SEED_4,80,8,1125,0.0294176195577,1.03904269461,32,96,false
L19_SEED_4,80,8,1150,0.0284478235847,1.05039237276,32,96,false
L19_SEED_4,80,8,1175,0.0275227628392,1.06157873923,32,96,false
L19_SEED_4,80,8,1200,0.0266397636713,1.07260631974,32,95,false
L19_SEED_4,80,8,1225,0.0257963481117,1.08347953062,32,95,false
L19_SEED_4,80,8,1250,0.0249902168102,1.09420267499,32,95,false
L19_SEED_4,80,8,1275,0.0242192337305,1.10477994033,32,95,false
L19_SEED_4,80,8,1300,0.0234814123875,1.11521539717,32,95,false
L19_SEED_4,80,8,1325,0.0227749034459,1.12551299873,32,95,false
L19_SEED_4,80,8,1350,0.0220979835214,1.13567658138,32,95,false
L19_SEED_4,80,8,1375,0.0214490450482,1.14570986561,32,95,false
L19_SEED_4,80,8,1400,0.0208265870965,1.15561645761,32,95,false
L19_SEED_4,80,8,1425,0.0202292070349,1.16539985117,32,95,false
L19_SEED_4,80,8,1450,0.019655592948,1.17506342991,32,95,false
L19_SEED_4,80,8,1475,0.0191045167322,1.18461046979,32,95,false
L19_SEED_4,80,8,1500,0.0185748277969,1.19404414176,32,95,false
L19_SEED_4,80,8,1525,0.018065447313,1.2033675145,32,95,false
L19_SEED_4,80,8,1550,0.0175753629525,1.2125835574,32,95,false
L19_SEED_4,80,8,1575,0.0171036240723,1.22169514337,32,95,false
L19_SEED_4,80,8,1600,0.0166493372984,1.23070505192,32,95,false
L19_SEED_4,80,8,1625,0.0162116624734,1.23961597203,32,95,false
L19_SEED_4,80,8,1650,0.0157898089341,1.24843050515,32,95,false
L19_SEED_4,80,8,1675,0.0153830320861,1.25715116809,32,95,false
L19_SEED_4,80,8,1700,0.0149906302515,1.2657803959,32,95,false
L19_SEED_4,80,8,1725,0.0146119417632,1.27432054471,32,95,false
L19_SEED_4,80,8,1750,0.0142463422846,1.28277389444,32,95,false
L19_SEED_4,80,8,1775,0.0138932423349,1.29114265154,32,95,false
L19_SEED_4,80,8,1800,0.0135520850026,1.29942895157,32,95,false
L19_SEED_4,80,8,1825,0.0132223438299,1.30763486177,32,95,false
L19_SEED_4,80,8,1850,0.0129035208549,1.3157623835,32,95,false
L19_SEED_4,80,8,1875,0.0125951447978,1.32381345465,32,95,false
L19_SEED_4,80,8,1900,0.0122967693791,1.33178995195,32,95,false
L19_SEED_4,80,8,1925,0.012007971759,1.33969369317,32,95,false
L19_SEED_4,80,8,1950,0.0117283510885,1.34752643932,32,95,false
L19_SEED_4,80,8,1975,0.0114575271627,1.35528989668,32,95,false
L19_SEED_4,80,8,2000,0.0111951391689,1.36298571883,32,95,false
L19_SEED_4,80,12,0,3.49580997804,3.51759256418,0,0,false
L19_SEED_4,80,12,25,1.19258483248,1.47264984657,28,106,false
L19_SEED_4,80,12,50,0.578225234788,0.927097460496,28,114,false
L19_SEED_4,80,12,75,0.391204310954,0.797539503861,28,114,false
L19_SEED_4,80,12,100,0.300317316069,0.753864630784,30,110,false
L19_SEED_4,80,12,125,0.244163526989,0.740589192192,30,111,true
L19_SEED_4,80,12,150,0.205189273679,0.742550361057,32,95,false
L19_SEED_4,80,12,175,0.176347913193,0.753281234807,32,95,false
L19_SEED_4,80,12,200,0.154107627078,0.768977356541,32,95,false
L19_SEED_4,80,12,225,0.136441029058,0.78745203997,32,95,false
L19_SEED_4,80,12,250,0.122081120999,0.807414137742,32,94,false
L19_SEED_4,80,12,275,0.110189483428,0.82810451942,32,94,false
L19_SEED_4,80,12,300,0.100187804572,0.849069653674,32,94,false
L19_SEED_4,80,12,325,0.0916641772915,0.870037399868,32,93,false
L19_SEED_4,80,12,350,0.0843174607187,0.890843614937,32,93,false
L19_SEED_4,80,12,375,0.0779226021226,0.911389720874,32,98,false
L19_SEED_4,80,12,400,0.07230819346,0.931617396929,32,97,false
L19_SEED_4,80,12,425,0.0673414955226,0.951493427867,32,94,false
L19_SEED_4,80,12,450,0.062918185236,0.971000413836,32,94,false
L19_SEED_4,80,12,475,0.0589551797526,0.990130957972,32,93,false
L19_SEED_4,80,12,500,0.0553855159121,1.0088839809,32,92,false
L19_SEED_4,80,12,525,0.0521546331025,1.02726236748,32,92,false
L19_SEED_4,80,12,550,0.0492176330327,1.04527146508,32,92,false
L19_SEED_4,80,12,575,0.0465372313457,1.06291813285,32,92,false
L19_SEED_4,80,12,600,0.0440822068391,1.0802101489,32,92,false
L19_SEED_4,80,12,625,0.0418262136571,1.09715584842,32,92,false
L19_SEED_4,80,12,650,0.039746861662,1.11376390812,32,92,false
L19_SEED_4,80,12,675,0.0378249972973,1.13004322064,32,92,false
L19_SEED_4,80,12,700,0.0360441359736,1.14600282137,32,90,false
L19_SEED_4,80,12,725,0.0343900101318,1.16165184333,32,89,false
L19_SEED_4,80,12,750,0.0328502064483,1.17699948492,32,89,false
L19_SEED_4,80,12,775,0.031413872345,1.1920549815,32,89,false
L19_SEED_4,80,12,800,0.0300714768285,1.2068275765,32,89,false
L19_SEED_4,80,12,825,0.028814614256,1.22132648997,32,89,false
L19_SEED_4,80,12,850,0.0276358422734,1.23556088484,32,89,false
L19_SEED_4,80,12,875,0.0265285471495,1.24953983178,32,89,false
L19_SEED_4,80,12,900,0.0254868312269,1.26327227407,32,89,false
L19_SEED_4,80,12,925,0.0245054183409,1.27676699393,32,89,false
L19_SEED_4,80,12,950,0.0235795739282,1.29003258151,32,89,false
L19_SEED_4,80,12,975,0.0227050372167,1.30307740775,32,89,false
L19_SEED_4,80,12,1000,0.0218779634056,1.31590960137,32,89,false
L19_SEED_4,80,12,1025,0.0210948741515,1.32853703067,32,89,false
L19_SEED_4,80,12,1050,0.0203526149946,1.34096728989,32,89,false
L19_SEED_4,80,12,1075,0.0196483186109,1.3532076901,32,89,false
L19_SEED_4,80,12,1100,0.0189793729773,1.36526525417,32,89,false
L19_SEED_4,80,12,1125,0.0183433936974,1.37714671538,32,89,false
L19_SEED_4,80,12,1150,0.0177381998638,1.38885851915,32,88,false
L19_SEED_4,80,12,1175,0.0171617929393,1.40040682741,32,88,false
L19_SEED_4,80,12,1200,0.0166123382233,1.41179752505,32,88,false
L19_SEED_4,80,12,1225,0.01608814854,1.42303622797,32,88,false
L19_SEED_4,80,12,1250,0.0155876698421,1.43412829232,32,88,false
L19_SEED_4,80,12,1275,0.015109468472,1.44507882467,32,88,false
L19_SEED_4,80,12,1300,0.0146522198606,1.4558926926,32,88,false
L19_SEED_4,80,12,1325,0.0142146984758,1.46657453561,32,88,false
L19_SEED_4,80,12,1350,0.0137957688641,1.4771287761,32,88,false
L19_SEED_4,80,12,1375,0.0133943776457,1.48755963023,32,88,false
L19_SEED_4,80,12,1400,0.013009546348,1.4978711186,32,88,false
L19_SEED_4,80,12,1425,0.0126403649748,1.50806707655,32,88,false
L19_SEED_4,80,12,1450,0.012285986226,1.51815116415,32,88,false
L19_SEED_4,80,12,1475,0.0119456202902,1.52812687572,32,88,false
L19_SEED_4,80,12,1500,0.0116185301454,1.53799754896,32,88,false
L19_SEED_4,80,12,1525,0.0113040273115,1.5477663735,32,88,false
L19_SEED_4,80,12,1550,0.0110014680028,1.55743639916,32,88,false
L19_SEED_4,80,12,1575,0.0107102496394,1.56701054358,32,89,false
L19_SEED_4,80,12,1600,0.0104298076764,1.57649159953,32,89,false
L19_SEED_4,80,12,1625,0.0101596127201,1.58588224176,32,89,false
L19_SEED_4,80,12,1650,0.00989916789931,1.59518503335,32,89,false
L19_SEED_4,80,12,1675,0.00964800646731,1.60440243181,32,89,false
L19_SEED_4,80,12,1700,0.00940568961007,1.61353679474,32,90,false
L19_SEED_4,80,12,1725,0.00917180444114,1.62259038509,32,90,false
L19_SEED_4,80,12,1750,0.00894596216465,1.63156537619,32,90,false
L19_SEED_4,80,12,1775,0.00872779639021,1.64046385642,32,90,false
L19_SEED_4,80,12,1800,0.00851696158549,1.64928783358,32,90,false
L19_SEED_4,80,12,1825,0.00831313165335,1.65803923902,32,90,false
L19_SEED_4,80,12,1850,0.00811599862232,1.66671993151,32,90,false
L19_SEED_4,80,12,1875,0.00792527143983,1.67533170088,32,90,false
L19_SEED_4,80,12,1900,0.00774067485911,1.68387627141,32,90,false
L19_SEED_4,80,12,1925,0.00756194841142,1.69235530505,32,90,false
L19_SEED_4,80,12,1950,0.00738884545609,1.70077040445,32,90,false
L19_SEED_4,80,12,1975,0.00722113230169,1.70912311579,32,90,false
L19_SEED_4,80,12,2000,0.0070585873922,1.71741493146,32,90,false
L19_SEED_4,80,16,0,3.4854179492,3.50727138114,0,0,false
L19_SEED_4,80,16,25,1.18227882447,1.59612173776,28,98,false
L19_SEED_4,80,16,50,0.581063926262,1.13805570452,28,97,false
L19_SEED_4,80,16,75,0.395086901009,1.05503633034,30,91,false
L19_SEED_4,80,16,100,0.302987318468,1.03052512603,30,91,true
L19_SEED_4,80,16,125,0.246170330473,1.03459642895,30,97,false
L19_SEED_4,80,16,150,0.207132865965,1.05237457239,31,86,false
L19_SEED_4,80,16,175,0.178491616154,1.07790856044,32,79,false
L19_SEED_4,80,16,200,0.15651800116,1.10782604295,32,78,false
L19_SEED_4,80,16,225,0.139101395262,1.140235163,32,78,false
L19_SEED_4,80,16,250,0.124947831799,1.17385750321,32,84,false
L19_SEED_4,80,16,275,0.113215318236,1.20786867719,32,84,false
L19_SEED_4,80,16,300,0.103330063696,1.24172978677,32,84,false
L19_SEED_4,80,16,325,0.094886555324,1.27510431381,32,83,false
L19_SEED_4,80,16,350,0.0875897856433,1.30779925489,32,83,false
L19_SEED_4,80,16,375,0.0812200317308,1.33971723762,32,84,false
L19_SEED_4,80,16,400,0.0756103840424,1.37081982772,32,84,false
L19_SEED_4,80,16,425,0.0706318694277,1.40110233701,32,84,false
L19_SEED_4,80,16,450,0.0661833108437,1.43057825218,32,84,false
L19_SEED_4,80,16,475,0.0621842520206,1.45927035432,32,84,false
L19_SEED_4,80,16,500,0.058569922378,1.48720589345,32,84,false
L19_SEED_4,80,16,525,0.0552875914257,1.5144140105,32,84,false
L19_SEED_4,80,16,550,0.0522938880701,1.54092434906,32,84,false
L19_SEED_4,80,16,575,0.0495528016472,1.56676629354,32,84,false
L19_SEED_4,80,16,600,0.0470341721523,1.59196854425,32,84,false
L19_SEED_4,80,16,625,0.0447125364981,1.61655888034,32,84,false
L19_SEED_4,80,16,650,0.0425662372394,1.64056403157,32,84,false
L19_SEED_4,80,16,675,0.0405767270919,1.66400961535,32,84,false
L19_SEED_4,80,16,700,0.0387280211102,1.68692011394,32,84,false
L19_SEED_4,80,16,725,0.0370062613588,1.70931887722,32,83,false
L19_SEED_4,80,16,750,0.0353993680954,1.7312281416,32,83,false
L19_SEED_4,80,16,775,0.0338967580835,1.75266905951,32,83,false
L19_SEED_4,80,16,800,0.0324891154245,1.77366173541,32,83,false
L19_SEED_4,80,16,825,0.0311682038094,1.79422526608,32,83,false
L19_SEED_4,80,16,850,0.0299267116783,1.81437778308,32,83,false
L19_SEED_4,80,16,875,0.0287581237127,1.83413649647,32,83,false
L19_SEED_4,80,16,900,0.0276566135419,1.85351773858,32,83,false
L19_SEED_4,80,16,925,0.0266169536514,1.87253700758,32,83,false
L19_SEED_4,80,16,950,0.0256344393247,1.89120900997,32,83,false
L19_SEED_4,80,16,975,0.0247048241041,1.90954770209,32,83,false
L19_SEED_4,80,16,1000,0.0238242647563,1.92756633012,32,83,false
L19_SEED_4,80,16,1025,0.0229892741273,1.94527746854,32,83,false
L19_SEED_4,80,16,1050,0.0221966805768,1.962693057,32,83,false
L19_SEED_4,80,16,1075,0.0214435929289,1.97982443548,32,83,false
L19_SEED_4,80,16,1100,0.0207273700672,1.99668237771,32,83,false
L19_SEED_4,80,16,1125,0.0200455944622,2.01327712296,32,83,false
L19_SEED_4,80,16,1150,0.0193960490379,2.02961840613,32,83,false
L19_SEED_4,80,16,1175,0.018776696889,2.04571548617,32,83,false
L19_SEED_4,80,16,1200,0.0181856634395,2.061577173,32,83,false
L19_SEED_4,80,16,1225,0.0176212207026,2.07721185285,32,77,false
L19_SEED_4,80,16,1250,0.0170817733511,2.0926275122,32,77,false
L19_SEED_4,80,16,1275,0.0165658463597,2.10783176023,32,77,false
L19_SEED_4,80,16,1300,0.01607207401,2.12283185009,32,77,false
L19_SEED_4,80,16,1325,0.0155991900854,2.13763469874,32,76,false
L19_SEED_4,80,16,1350,0.0151460191057,2.15224690579,32,76,false
L19_SEED_4,80,16,1375,0.0147114684738,2.16667477103,32,76,false
L19_SEED_4,80,16,1400,0.0142945214238,2.18092431103,32,76,false
L19_SEED_4,80,16,1425,0.0138942306761,2.19500127468,32,76,false
L19_SEED_4,80,16,1450,0.0135097127183,2.20891115779,32,76,false
L19_SEED_4,80,16,1475,0.0131401426385,2.22265921684,32,76,false
L19_SEED_4,80,16,1500,0.0127847494512,2.23625048186,32,76,false
L19_SEED_4,80,16,1525,0.0124428118603,2.24968976852,32,76,false
L19_SEED_4,80,16,1550,0.0121136544132,2.26298168956,32,76,false
L19_SEED_4,80,16,1575,0.0117966440031,2.27613066545,32,76,false
L19_SEED_4,80,16,1600,0.0114911866838,2.28914093445,32,76,false
L19_SEED_4,80,16,1625,0.0111967247652,2.30201656207,32,76,false
L19_SEED_4,80,16,1650,0.0109127341603,2.31476144994,32,76,false
L19_SEED_4,80,16,1675,0.0106387219592,2.32737934418,32,76,false
L19_SEED_4,80,16,1700,0.0103742242079,2.33987384326,32,76,false
L19_SEED_4,80,16,1725,0.010118803871,2.35224840541,32,76,false
L19_SEED_4,80,16,1750,0.00987204896244,2.36450635555,32,76,false
L19_SEED_4,80,16,1775,0.00963357082702,2.37665089191,32,76,false
L19_SEED_4,80,16,1800,0.00940300255971,2.38868509216,32,76,false
L19_SEED_4,80,16,1825,0.0091799975494,2.40061191928,32,76,false
L19_SEED_4,80,16,1850,0.0089642281363,2.41243422701,32,76,false
L19_SEED_4,80,16,1875,0.00875538437275,2.42415476505,32,76,false
L19_SEED_4,80,16,1900,0.00855317287831,2.43577618397,32,76,false
L19_SEED_4,80,16,1925,0.00835731578087,2.44730103978,32,76,false
L19_SEED_4,80,16,1950,0.00816754973657,2.45873179834,32,76,false
L19_SEED_4,80,16,1975,0.00798362502169,2.47007083944,32,76,false
L19_SEED_4,80,16,2000,0.00780530469046,2.4813204607,32,76,false
L19_SEED_4,80,19,0,3.47736523554,3.50073276054,0,9,false
L19_SEED_4,80,19,25,1.20276108187,1.72804946669,27,82,false
L19_SEED_4,80,19,50,0.611491897339,1.32667012666,28,91,false
L19_SEED_4,80,19,75,0.421120608838,1.28497685022,29,88,false
L19_SEED_4,80,19,100,0.324065550218,1.27173948333,30,88,true
L19_SEED_4,80,19,125,0.26308324155,1.2846507456,30,87,false
L19_SEED_4,80,19,150,0.221029463651,1.31141124682,31,76,false
L19_SEED_4,80,19,175,0.190242136807,1.34483736058,32,71,false
L19_SEED_4,80,19,200,0.166704021526,1.38206947238,32,71,false
L19_SEED_4,80,19,225,0.148105335836,1.42143614771,32,71,false
L19_SEED_4,80,19,250,0.13302638025,1.4618089106,32,71,false
L19_SEED_4,80,19,275,0.120547068147,1.50246100776,32,71,false
L19_SEED_4,80,19,300,0.110044614787,1.5429151511,32,71,false
L19_SEED_4,80,19,325,0.10108191731,1.58285608706,32,71,false
L19_SEED_4,80,19,350,0.0933426966177,1.62208137396,32,71,false
L19_SEED_4,80,19,375,0.0865921252759,1.66046884087,32,71,false
L19_SEED_4,80,19,400,0.080652005034,1.69795291252,32,71,false
L19_SEED_4,80,19,425,0.0753845818064,1.73450730054,32,71,false
L19_SEED_4,80,19,450,0.0706816658558,1.77013215908,32,70,false
L19_SEED_4,80,19,475,0.0664571135796,1.80484463537,32,70,false
L19_SEED_4,80,19,500,0.0626415033282,1.83867212078,32,70,false
L19_SEED_4,80,19,525,0.0591782839408,1.8716476092,32,70,false
L19_SEED_4,80,19,550,0.0560209375468,1.90380663359,32,70,false
L19_SEED_4,80,19,575,0.0531308568608,1.93518532894,32,70,false
L19_SEED_4,80,19,600,0.0504757356187,1.96581926298,32,70,false
L19_SEED_4,80,19,625,0.0480283336367,1.99574277082,32,70,false
L19_SEED_4,80,19,650,0.0457655192376,2.02498860916,32,71,false
L19_SEED_4,80,19,675,0.0436675195662,2.0535878077,32,71,false
L19_SEED_4,80,19,700,0.0417173284295,2.08156963814,32,71,false
L19_SEED_4,80,19,725,0.0399002346871,2.1089616508,32,71,false
L19_SEED_4,80,19,750,0.0382034437348,2.13578974802,32,71,false
L19_SEED_4,80,19,775,0.0366157714906,2.1620782755,32,71,false
L19_SEED_4,80,19,800,0.0351273952901,2.18785012045,32,71,false
L19_SEED_4,80,19,825,0.0337296497866,2.2131268102,32,71,false
L19_SEED_4,80,19,850,0.0324148586896,2.2379286076,32,71,false
L19_SEED_4,80,19,875,0.0311761952333,2.26227460147,32,71,false
L19_SEED_4,80,19,900,0.0300075658204,2.2861827912,32,71,false
L19_SEED_4,80,19,925,0.028903512474,2.30967016528,32,71,false
L19_SEED_4,80,19,950,0.0278591306411,2.33275277391,32,71,false
L19_SEED_4,80,19,975,0.026869999593,2.35544579584,32,71,false
L19_SEED_4,80,19,1000,0.0259321232191,2.37776359994,32,71,false
L19_SEED_4,80,19,1025,0.0250418794367,2.39971980173,32,71,false
L19_SEED_4,80,19,1050,0.0241959767799,2.4213273154,32,71,false
L19_SEED_4,80,19,1075,0.023391416996,2.44259840154,32,71,false
L19_SEED_4,80,19,1100,0.0226254626927,2.46354471112,32,70,false
L19_SEED_4,80,19,1125,0.0218956092502,2.48417732582,32,70,false
L19_SEED_4,80,19,1150,0.0211995603475,2.50450679523,32,70,false
L19_SEED_4,80,19,1175,0.0205352065662,2.52454317105,32,70,false
L19_SEED_4,80,19,1200,0.0199006066228,2.54429603861,32,70,false
L19_SEED_4,80,19,1225,0.0192939708547,2.56377454592,32,70,false
L19_SEED_4,80,19,1250,0.0187136466467,2.58298743046,32,68,false
L19_SEED_4,80,19,1275,0.018158105532,2.60194304396,32,68,false
L19_SEED_4,80,19,1300,0.0176259317446,2.62064937526,32,68,false
L19_SEED_4,80,19,1325,0.0171158120326,2.63911407145,32,68,false
L19_SEED_4,80,19,1350,0.0166265265706,2.65734445751,32,68,false
L19_SEED_4,80,19,1375,0.0161569408341,2.67534755443,32,67,false
L19_SEED_4,80,19,1400,0.0157059983154,2.69313009607,32,67,false
L19_SEED_4,80,19,1425,0.0152727139816,2.71069854483,32,67,false
L19_SEED_4,80,19,1450,0.0148561683843,2.72805910621,32,67,false
L19_SEED_4,80,19,1475,0.0144555023482,2.74521774234,32,67,false
L19_SEED_4,80,19,1500,0.014069912169,2.76218018462,32,67,false
L19_SEED_4,80,19,1525,0.0136986452667,2.77895194553,32,67,false
L19_SEED_4,80,19,1550,0.0133409962422,2.79553832963,32,67,false
L19_SEED_4,80,19,1575,0.0129963032942,2.81194444385,32,67,false
L19_SEED_4,80,19,1600,0.0126639449589,2.82817520715,32,67,false
L19_SEED_4,80,19,1625,0.0123433371367,2.84423535952,32,67,false
L19_SEED_4,80,19,1650,0.0120339303788,2.86012947054,32,67,false
L19_SEED_4,80,19,1675,0.0117352074063,2.87586194727,32,67,false
L19_SEED_4,80,19,1700,0.011446680838,2.89143704179,32,67,false
L19_SEED_4,80,19,1725,0.0111678911081,2.90685885821,32,67,false
L19_SEED_4,80,19,1750,0.0108984045542,2.92213135937,32,67,false
L19_SEED_4,80,19,1775,0.0106378116598,2.93725837306,32,67,false
L19_SEED_4,80,19,1800,0.0103857254372,2.95224359796,32,67,false
L19_SEED_4,80,19,1825,0.0101417799373,2.96709060921,32,67,false
L19_SEED_4,80,19,1850,0.00990562887543,2.98180286372,32,67,false
L19_SEED_4,80,19,1875,0.0096769443619,2.99638370514,32,67,false
L19_SEED_4,80,19,1900,0.00945541572912,3.01083636863,32,67,false
L19_SEED_4,80,19,1925,0.00924074844593,3.02516398532,32,67,false
L19_SEED_4,80,19,1950,0.00903266311217,3.03936958659,32,67,false
L19_SEED_4,80,19,1975,0.00883089452654,3.05345610809,32,67,false
L19_SEED_4,80,19,2000,0.00863519082151,3.06742639362,32,67,false
L19_SEED_4,80,20,0,3.47808595924,3.5010746829,0,8,false
L19_SEED_4,80,20,25,1.19493283633,1.72370022509,27,84,false
L19_SEED_4,80,20,50,0.603435249573,1.32307810604,28,92,false
L19_SEED_4,80,20,75,0.413976728576,1.28306525818,29,88,false
L19_SEED_4,80,20,100,0.317846463677,1.27144539907,30,88,true
L19_SEED_4,80,20,125,0.257704684147,1.28645218456,30,87,false
L19_SEED_4,80,20,150,0.216355553718,1.31417568211,31,76,false
L19_SEED_4,80,20,175,0.186146736157,1.34839754994,32,70,false
L19_SEED_4,80,20,200,0.163084279027,1.38617135454,32,70,false
L19_SEED_4,80,20,225,0.144879652448,1.42589100269,32,70,false
L19_SEED_4,80,20,250,0.130130050765,1.46647924454,32,71,false
L19_SEED_4,80,20,275,0.117928442205,1.50724716166,32,71,false
L19_SEED_4,80,20,300,0.107662117127,1.54774000053,32,71,false
L19_SEED_4,80,20,325,0.0989017912509,1.58765820868,32,71,false
L19_SEED_4,80,20,350,0.0913372961117,1.62681145664,32,71,false
L19_SEED_4,80,20,375,0.0847386173791,1.66508658965,32,71,false
L19_SEED_4,80,20,400,0.0789313803658,1.70242519104,32,71,false
L19_SEED_4,80,20,425,0.0737808965182,1.73880688958,32,71,false
L19_SEED_4,80,20,450,0.0691814571308,1.77423682519,32,71,false
L19_SEED_4,80,20,475,0.0650489447724,1.80873636517,32,71,false
L19_SEED_4,80,20,500,0.061315606045,1.84233644672,32,71,false
L19_SEED_4,80,20,525,0.0579262731281,1.87507300523,32,71,false
L19_SEED_4,80,20,550,0.0548355822473,1.90698398015,32,71,false
L19_SEED_4,80,20,575,0.0520058940373,1.93810745013,32,71,false
L19_SEED_4,80,20,600,0.049405717777,1.96848053621,32,71,false
L19_SEED_4,80,20,625,0.0470085033088,1.99813880448,32,71,false
L19_SEED_4,80,20,650,0.0447917050307,2.02711598133,32,72,false
L19_SEED_4,80,20,675,0.042736049673,2.05544385705,32,71,false
L19_SEED_4,80,20,700,0.0408249583733,2.0831522983,32,71,false
L19_SEED_4,80,20,725,0.0390440867365,2.11026932013,32,71,false
L19_SEED_4,80,20,750,0.0373809559319,2.13682118766,32,71,false
L19_SEED_4,80,20,775,0.0358246546314,2.16283252984,32,71,false
L19_SEED_4,80,20,800,0.0343655965088,2.18832645519,32,71,false
L19_SEED_4,80,20,825,0.0329953216414,2.21332466414,32,71,false
L19_SEED_4,80,20,850,0.0317063328471,2.23784755516,32,71,false
L19_SEED_4,80,20,875,0.0304919600069,2.26191432352,32,70,false
L19_SEED_4,80,20,900,0.0293462469481,2.2855430523,32,70,false
L19_SEED_4,80,20,925,0.0282638566266,2.30875079596,32,70,false
L19_SEED_4,80,20,950,0.0272399912355,2.33155365684,32,70,false
L19_SEED_4,80,20,975,0.0262703245591,2.35396685498,32,70,false
L19_SEED_4,80,20,1000,0.025350944423,2.37600479204,32,70,false
L19_SEED_4,80,20,1025,0.0244783035145,2.39768110968,32,70,false
L19_SEED_4,80,20,1050,0.0236491771724,2.41900874294,32,70,false
L19_SEED_4,80,20,1075,0.0228606270105,2.43999996917,32,70,false
L19_SEED_4,80,20,1100,0.022109969444,2.46066645275,32,70,false
L19_SEED_4,80,20,1125,0.021394748355,2.48101928621,32,70,false
L19_SEED_4,80,20,1150,0.0207127112681,2.50106902794,32,69,false
L19_SEED_4,80,20,1175,0.0200617885119,2.52082573675,32,68,false
L19_SEED_4,80,20,1200,0.0194400749344,2.54029900382,32,68,false
L19_SEED_4,80,20,1225,0.0188458138058,2.55949798194,32,68,false
L19_SEED_4,80,20,1250,0.0182773826071,2.5784314126,32,68,false
L19_SEED_4,80,20,1275,0.0177332804453,2.59710765084,32,68,false
L19_SEED_4,80,20,1300,0.0172121168797,2.61553468834,32,68,false
L19_SEED_4,80,20,1325,0.0167126019737,2.63372017465,32,67,false
L19_SEED_4,80,20,1350,0.0162335374168,2.6516714369,32,67,false
L19_SEED_4,80,20,1375,0.0157738085812,2.66939549802,32,67,false
L19_SEED_4,80,20,1400,0.0153323773993,2.68689909369,32,67,false
L19_SEED_4,80,20,1425,0.0149082759625,2.704188688,32,67,false
L19_SEED_4,80,20,1450,0.0145006007569,2.72127048811,32,67,false
L19_SEED_4,80,20,1475,0.014108507461,2.73815045779,32,67,false
L19_SEED_4,80,20,1500,0.0137312062425,2.75483433011,32,67,false
L19_SEED_4,80,20,1525,0.0133679574981,2.77132761925,32,67,false
L19_SEED_4,80,20,1550,0.0130180679877,2.78763563154,32,67,false
L19_SEED_4,80,20,1575,0.0126808873202,2.80376347575,32,67,false
L19_SEED_4,80,20,1600,0.012355804755,2.81971607277,32,67,false
L19_SEED_4,80,20,1625,0.012042246284,2.83549816464,32,67,false
L19_SEED_4,80,20,1650,0.0117396719683,2.85111432305,32,67,false
L19_SEED_4,80,20,1675,0.0114475735016,2.86656895732,32,67,false
L19_SEED_4,80,20,1700,0.0111654719785,2.88186632187,32,67,false
L19_SEED_4,80,20,1725,0.010892915849,2.8970105233,32,67,false
L19_SEED_4,80,20,1750,0.0106294790392,2.91200552701,32,67,false
L19_SEED_4,80,20,1775,0.0103747592242,2.92685516346,32,67,false
L19_SEED_4,80,20,1800,0.0101283762381,2.94156313411,32,67,false
L19_SEED_4,80,20,1825,0.0098899706089,2.95613301699,32,67,false
L19_SEED_4,80,20,1850,0.00965920220692,2.97056827196,32,67,false
L19_SEED_4,80,20,1875,0.0094357489964,2.98487224575,32,67,false
L19_SEED_4,80,20,1900,0.00921930588156,2.99904817662,32,67,false
L19_SEED_4,80,20,1925,0.0090095836386,3.01309919892,32,67,false
L19_SEED_4,80,20,1950,0.00880630792638,3.0270283473,32,67,false
L19_SEED_4,80,20,1975,0.0086092183692,3.04083856073,32,67,false
L19_SEED_4,80,20,2000,0.00841806770547,3.05453268637,32,67,false
L19_SEED_4,80,21,0,3.47739598804,3.50222744983,0,1,false
L19_SEED_4,80,21,25,1.18408026003,1.6987154972,28,86,false
L19_SEED_4,80,21,50,0.573412531029,1.3225016299,29,94,false
L19_SEED_4,80,21,75,0.38966134497,1.28186595593,30,88,true
L19_SEED_4,80,21,100,0.29926687224,1.29150187961,30,87,false
L19_SEED_4,80,21,125,0.243340556337,1.31786629172,30,87,false
L19_SEED_4,80,21,150,0.204885865088,1.35233019048,32,71,false
L19_SEED_4,80,21,175,0.176717178855,1.39063944858,32,71,false
L19_SEED_4,80,21,200,0.155147144828,1.43120128841,32,71,false
L19_SEED_4,80,21,225,0.138069628338,1.47280374199,32,71,false
L19_SEED_4,80,21,250,0.124192497817,1.51464105309,32,71,false
L19_SEED_4,80,21,275,0.112678962705,1.55621154521,32,71,false
L19_SEED_4,80,21,300,0.102963039586,1.59719589737,32,71,false
L19_SEED_4,80,21,325,0.0946479149608,1.63739638763,32,71,false
L19_SEED_4,80,21,350,0.0874468827541,1.67669829629,32,71,false
L19_SEED_4,80,21,375,0.0811474478693,1.71504244036,32,71,false
L19_SEED_4,80,21,400,0.0755886502172,1.75240663426,32,71,false
L19_SEED_4,80,21,425,0.0706462499277,1.78879272265,32,70,false
L19_SEED_4,80,21,450,0.0662227598135,1.8242177389,32,70,false
L19_SEED_4,80,21,475,0.0622405648769,1.85870794436,32,70,false
L19_SEED_4,80,21,500,0.0586370651809,1.89229486782,32,70,false
L19_SEED_4,80,21,525,0.0553611790773,1.92501270696,32,70,false
L19_SEED_4,80,21,550,0.0523707817837,1.95689664727,32,70,false
L19_SEED_4,80,21,575,0.0496307999339,1.98798179449,32,70,false
L19_SEED_4,80,21,600,0.0471117743,2.01830251443,32,70,false
L19_SEED_4,80,21,625,0.0447887619139,2.04789204194,32,70,false
L19_SEED_4,80,21,650,0.0426404877149,2.07678226638,32,70,false
L19_SEED_4,80,21,675,0.0406486820084,2.10500363177,32,70,false
L19_SEED_4,80,21,700,0.0387975579139,2.13258511054,32,70,false
L19_SEED_4,80,21,725,0.037073395426,2.15955422321,32,70,false
L19_SEED_4,80,21,750,0.035464207485,2.18593708578,32,70,false
L19_SEED_4,80,21,775,0.0339594697214,2.21175847244,32,70,false
L19_SEED_4,80,21,800,0.0325499000728,2.2370418856,32,70,false
L19_SEED_4,80,21,825,0.031227277782,2.26180962795,32,70,false
L19_SEED_4,80,21,850,0.0299842937324,2.28608287319,32,70,false
L19_SEED_4,80,21,875,0.0288144259024,2.30988173346,32,70,false
L19_SEED_4,80,21,900,0.0277118350916,2.33322532233,32,70,false
L19_SEED_4,80,21,925,0.0266712771148,2.35613181304,32,70,false
L19_SEED_4,80,21,950,0.0256880284584,2.37861849186,32,70,false
L19_SEED_4,80,21,975,0.0247578230064,2.40070180688,32,70,false
L19_SEED_4,80,21,1000,0.0238767979235,2.42239741274,32,70,false
L19_SEED_4,80,21,1025,0.0230414471533,2.44372021167,32,70,false
L19_SEED_4,80,21,1050,0.0222485812857,2.46468439151,32,70,false
L19_SEED_4,80,21,1075,0.0214952927768,2.48530346104,32,71,false
L19_SEED_4,80,21,1100,0.0207789256918,2.50559028324,32,71,false
L19_SEED_4,80,21,1125,0.0200970492859,2.52555710666,32,71,false
L19_SEED_4,80,21,1150,0.0194474348593,2.54521559536,32,71,false
L19_SEED_4,80,21,1175,0.0188280354142,2.56457685754,32,71,false
L19_SEED_4,80,21,1200,0.0182369677235,2.58365147297,32,71,false
L19_SEED_4,80,21,1225,0.0176724964792,2.60244951954,32,71,false
L19_SEED_4,80,21,1250,0.0171330202432,2.62098059869,32,71,false
L19_SEED_4,80,21,1275,0.0166170589647,2.63925385999,32,71,false
L19_SEED_4,80,21,1300,0.0161232428634,2.65727802474,32,71,false
L19_SEED_4,80,21,1325,0.0156503025066,2.67506140869,32,71,false
L19_SEED_4,80,21,1350,0.015197059934,2.69261194372,32,71,false
L19_SEED_4,80,21,1375,0.014762420702,2.70993719867,32,71,false
L19_SEED_4,80,21,1400,0.0143453667397,2.72704439912,32,71,false
L19_SEED_4,80,21,1425,0.0139449499214,2.74394044622,32,70,false
L19_SEED_4,80,21,1450,0.0135602862726,2.76063193462,32,70,false
L19_SEED_4,80,21,1475,0.0131905507387,2.77712516934,32,70,false
L19_SEED_4,80,21,1500,0.0128349724539,2.79342618182,32,70,false
L19_SEED_4,80,21,1525,0.0124928304548,2.80954074498,32,70,false
L19_SEED_4,80,21,1550,0.0121634497913,2.82547438745,32,70,false
L19_SEED_4,80,21,1575,0.0118461979927,2.84123240692,32,70,false
L19_SEED_4,80,21,1600,0.0115404818515,2.85681988272,32,70,false
L19_SEED_4,80,21,1625,0.0112457444919,2.87224168762,32,70,false
L19_SEED_4,80,21,1650,0.0109614626951,2.88750249886,32,70,false
L19_SEED_4,80,21,1675,0.0106871444548,2.90260680855,32,70,false
L19_SEED_4,80,21,1700,0.01042232674,2.91755893341,32,70,false
L19_SEED_4,80,21,1725,0.0101665734457,2.93236302384,32,70,false
L19_SEED_4,80,21,1750,0.00991947351296,2.94702307249,32,70,false
L19_SEED_4,80,21,1775,0.00968063920232,2.96154292228,32,70,false
L19_SEED_4,80,21,1800,0.00944970450611,2.97592627389,32,70,false
L19_SEED_4,80,21,1825,0.00922632368729,2.99017669282,32,70,false
L19_SEED_4,80,21,1850,0.00901016993276,3.00429761597,32,70,false
L19_SEED_4,80,21,1875,0.00880093411123,3.01829235789,32,70,false
L19_SEED_4,80,21,1900,0.00859832362611,3.03216411658,32,70,false
L19_SEED_4,80,21,1925,0.00840206135532,3.04591597898,32,70,false
L19_SEED_4,80,21,1950,0.00821188467027,3.05955092611,32,70,false
L19_SEED_4,80,21,1975,0.00802754452744,3.07307183794,32,70,false
L19_SEED_4,80,21,2000,0.00784880462623,3.08648149795,32,70,false
L19_SEED_4,320,0,0,3.48620409477,3.47042084234,1,9,false
L19_SEED_4,320,0,25,0.951057647016,0.723130508893,28,144,false
L19_SEED_4,320,0,50,0.453406138744,0.224150489081,28,144,false
L19_SEED_4,320,0,75,0.35150702664,0.182235390729,28,144,false
L19_SEED_4,320,0,100,0.320965856795,0.150630830636,28,144,false
L19_SEED_4,320,0,125,0.306089997893,0.138356519827,28,144,false
L19_SEED_4,320,0,150,0.297223032113,0.129714447712,28,144,false
L19_SEED_4,320,0,175,0.291360750767,0.124438837386,28,144,false
L19_SEED_4,320,0,200,0.287227519813,0.120573275843,28,144,false
L19_SEED_4,320,0,225,0.28417786037,0.117748081464,28,144,false
L19_SEED_4,320,0,250,0.281848981585,0.115588646941,28,144,false
L19_SEED_4,320,0,275,0.280021652201,0.113891255748,28,144,false
L19_SEED_4,320,0,300,0.278555966079,0.112529729235,28,144,false
L19_SEED_4,320,0,325,0.277358710953,0.111417233508,28,144,false
L19_SEED_4,320,0,350,0.276365562538,0.110494094943,28,144,false
L19_SEED_4,320,0,375,0.275530810344,0.109718010644,28,144,false
L19_SEED_4,320,0,400,0.274821152519,0.109058112856,28,144,false
L19_SEED_4,320,0,425,0.274211802091,0.108491405833,28,144,false
L19_SEED_4,320,0,450,0.273683962677,0.108000445387,28,144,false
L19_SEED_4,320,0,475,0.273223145266,0.107571780563,28,144,false
L19_SEED_4,320,0,500,0.272818017863,0.107194887952,28,144,false
L19_SEED_4,320,0,525,0.272459602056,0.106861427517,28,144,false
L19_SEED_4,320,0,550,0.272140700937,0.106564712504,28,144,false
L19_SEED_4,320,0,575,0.271855484663,0.106299325235,28,144,false
L19_SEED_4,320,0,600,0.271599185491,0.106060834266,28,144,false
L19_SEED_4,320,0,625,0.271367870191,0.105845583245,28,144,false
L19_SEED_4,320,0,650,0.271158268004,0.105650531248,28,144,false
L19_SEED_4,320,0,675,0.270967639046,0.105473130618,28,144,false
L19_SEED_4,320,0,700,0.270793672567,0.105311232496,28,144,false
L19_SEED_4,320,0,725,0.270634407494,0.105163013035,28,144,false
L19_SEED_4,320,0,750,0.270488169818,0.105026915231,28,144,false
L19_SEED_4,320,0,775,0.27035352282,0.104901602686,28,144,false
L19_SEED_4,320,0,800,0.270229227193,0.104785922552,28,144,false
L19_SEED_4,320,0,825,0.270114208857,0.104678875621,28,144,false
L19_SEED_4,320,0,850,0.270007532799,0.10457959201,28,144,false
L19_SEED_4,320,0,875,0.269908381677,0.104487311274,28,144,false
L19_SEED_4,320,0,900,0.269816038206,0.104401366029,28,144,false
L19_SEED_4,320,0,925,0.269729870582,0.104321168406,28,144,false
L19_SEED_4,320,0,950,0.269649320356,0.104246198765,28,144,false
L19_SEED_4,320,0,975,0.269573892279,0.104175996263,28,144,false
L19_SEED_4,320,0,1000,0.269503145782,0.104110150925,28,144,false
L19_SEED_4,320,0,1025,0.269436687772,0.104048296944,28,144,false
L19_SEED_4,320,0,1050,0.269374166525,0.103990107006,28,144,false
L19_SEED_4,320,0,1075,0.269315266491,0.103935287449,28,144,false
L19_SEED_4,320,0,1100,0.26925970385,0.103883574139,28,144,false
L19_SEED_4,320,0,1125,0.269207222695,0.103834728912,28,144,false
L19_SEED_4,320,0,1150,0.269157591755,0.10378853653,28,144,false
L19_SEED_4,320,0,1175,0.269110601557,0.103744802036,28,144,false
L19_SEED_4,320,0,1200,0.269066061966,0.103703348473,28,144,false
L19_SEED_4,320,0,1225,0.26902380005,0.103664014889,28,144,false
L19_SEED_4,320,0,1250,0.268983658217,0.103626654609,28,144,false
L19_SEED_4,320,0,1275,0.268945492585,0.103591133716,28,144,false
L19_SEED_4,320,0,1300,0.268909171551,0.103557329722,28,144,false
L19_SEED_4,320,0,1325,0.268874574539,0.103525130399,28,144,false
L19_SEED_4,320,0,1350,0.268841590887,0.103494432749,28,144,false
L19_SEED_4,320,0,1375,0.268810118876,0.103465142096,28,144,false
L19_SEED_4,320,0,1400,0.268780064859,0.103437171273,28,144,false
L19_SEED_4,320,0,1425,0.268751342494,0.103410439917,28,144,false
L19_SEED_4,320,0,1450,0.268723872058,0.103384873822,28,144,false
L19_SEED_4,320,0,1475,0.268697579841,0.103360404382,28,144,false
L19_SEED_4,320,0,1500,0.268672397601,0.103336968076,28,144,false
L19_SEED_4,320,0,1525,0.268648262076,0.10331450602,28,144,false
L19_SEED_4,320,0,1550,0.268625114546,0.103292963559,28,144,false
L19_SEED_4,320,0,1575,0.268602900445,0.103272289903,28,144,false
L19_SEED_4,320,0,1600,0.268581569004,0.103252437796,28,144,false
L19_SEED_4,320,0,1625,0.268561072937,0.103233363224,28,144,false
L19_SEED_4,320,0,1650,0.268541368152,0.103215025146,28,144,false
L19_SEED_4,320,0,1675,0.268522413491,0.103197385253,28,144,false
L19_SEED_4,320,0,1700,0.268504170497,0.103180407747,28,144,false
L19_SEED_4,320,0,1725,0.268486603198,0.103164059147,28,144,false
L19_SEED_4,320,0,1750,0.268469677918,0.103148308107,28,144,false
L19_SEED_4,320,0,1775,0.268453363097,0.10313312525,28,144,false
L19_SEED_4,320,0,1800,0.268437629134,0.103118483024,28,144,false
L19_SEED_4,320,0,1825,0.268422448237,0.10310435556,28,144,false
L19_SEED_4,320,0,1850,0.268407794294,0.103090718552,28,144,false
L19_SEED_4,320,0,1875,0.268393642747,0.103077549144,28,144,false
L19_SEED_4,320,0,1900,0.268379970486,0.103064825822,28,144,false
L19_SEED_4,320,0,1925,0.268366755738,0.103052528322,28,144,false
L19_SEED_4,320,0,1950,0.268353977983,0.103040637542,28,144,false
L19_SEED_4,320,0,1975,0.268341617861,0.103029135463,28,144,false
L19_SEED_4,320,0,2000,0.268329657093,0.103018005071,28,144,true
L19_SEED_4,320,1,0,3.51623592558,3.51972449193,3,15,false
L19_SEED_4,320,1,25,1.15022402751,1.00999228249,28,143,false
L19_SEED_4,320,1,50,0.588106921745,0.440133794038,28,144,false
L19_SEED_4,320,1,75,0.416566081899,0.328061236471,28,144,false
L19_SEED_4,320,1,100,0.346537011385,0.259712110232,28,144,false
L19_SEED_4,320,1,125,0.309263040186,0.228542917355,28,144,false
L19_SEED_4,320,1,150,0.285497154539,0.211504257282,28,144,false
L19_SEED_4,320,1,175,0.268498133491,0.201769984551,28,144,false
L19_SEED_4,320,1,200,0.255367039128,0.196255395303,29,137,false
L19_SEED_4,320,1,225,0.244662499998,0.193482677675,29,137,false
L19_SEED_4,320,1,250,0.23558917151,0.19261354029,29,137,true
L19_SEED_4,320,1,275,0.227673015033,0.193128746795,29,136,false
L19_SEED_4,320,1,300,0.220614089962,0.194695371114,29,136,false
L19_SEED_4,320,1,325,0.214213233168,0.19709040353,29,136,false
L19_SEED_4,320,1,350,0.208332774441,0.200157920283,29,136,false
L19_SEED_4,320,1,375,0.202874238995,0.203784917437,29,136,false
L19_SEED_4,320,1,400,0.197765090636,0.20788685351,29,136,false
L19_SEED_4,320,1,425,0.192950539178,0.212398573336,29,135,false
L19_SEED_4,320,1,450,0.188388302898,0.217268377609,29,134,false
L19_SEED_4,320,1,475,0.184045152882,0.222453984782,29,134,false
L19_SEED_4,320,1,500,0.179894561316,0.227919679606,29,132,false
L19_SEED_4,320,1,525,0.175915050271,0.233634263234,29,132,false
L19_SEED_4,320,1,550,0.172088996646,0.239569613251,29,132,false
L19_SEED_4,320,1,575,0.168401744984,0.245699777339,29,132,false
L19_SEED_4,320,1,600,0.164840939479,0.252000572512,29,132,false
L19_SEED_4,320,1,625,0.161396022471,0.25844964108,29,131,false
L19_SEED_4,320,1,650,0.158057865637,0.265026838043,29,131,false
L19_SEED_4,320,1,675,0.154818506604,0.271714737608,29,131,false
L19_SEED_4,320,1,700,0.151670963959,0.278499014065,29,131,false
L19_SEED_4,320,1,725,0.148609103871,0.285368514925,30,124,false
L19_SEED_4,320,1,750,0.145627535877,0.292314979775,30,124,false
L19_SEED_4,320,1,775,0.142721523125,0.299332494012,30,124,false
L19_SEED_4,320,1,800,0.139886900405,0.306416836139,30,124,false
L19_SEED_4,320,1,825,0.13711999857,0.313564866175,30,124,false
L19_SEED_4,320,1,850,0.13441757616,0.320774043331,30,124,false
L19_SEED_4,320,1,875,0.131776759009,0.328042097009,30,124,false
L19_SEED_4,320,1,900,0.129194987946,0.335366832325,30,123,false
L19_SEED_4,320,1,925,0.12666997402,0.34274603393,30,123,false
L19_SEED_4,320,1,950,0.124199660332,0.350177432073,30,123,false
L19_SEED_4,320,1,975,0.121782189518,0.357658702927,31,117,false
L19_SEED_4,320,1,1000,0.119415875971,0.365187484665,31,117,false
L19_SEED_4,320,1,1025,0.117099182039,0.372761398446,31,117,false
L19_SEED_4,320,1,1050,0.114830697581,0.380378068809,31,117,false
L19_SEED_4,320,1,1075,0.112609122375,0.388035141122,32,106,false
L19_SEED_4,320,1,1100,0.110433250956,0.395730295463,32,106,false
L19_SEED_4,320,1,1125,0.108301959559,0.403461257126,32,106,false
L19_SEED_4,320,1,1150,0.106214194868,0.411225804245,32,106,false
L19_SEED_4,320,1,1175,0.10416896435,0.419021773079,32,106,false
L19_SEED_4,320,1,1200,0.102165327954,0.426847061452,32,106,false
L19_SEED_4,320,1,1225,0.100202391,0.434699630762,32,106,false
L19_SEED_4,320,1,1250,0.0982792981107,0.44257750688,32,106,false
L19_SEED_4,320,1,1275,0.0963952280464,0.450478780192,32,106,false
L19_SEED_4,320,1,1300,0.09454938932,0.45840160499,32,106,false
L19_SEED_4,320,1,1325,0.0927410164954,0.466344198353,32,106,false
L19_SEED_4,320,1,1350,0.0909693670701,0.474304838672,32,106,false
L19_SEED_4,320,1,1375,0.0892337188642,0.482281863903,32,106,false
L19_SEED_4,320,1,1400,0.0875333678412,0.490273669657,32,106,false
L19_SEED_4,320,1,1425,0.0858676262982,0.49827870719,32,105,false
L19_SEED_4,320,1,1450,0.0842358213677,0.506295481368,32,105,false
L19_SEED_4,320,1,1475,0.0826372937839,0.514322548656,32,105,false
L19_SEED_4,320,1,1500,0.0810713968693,0.522358515181,32,105,false
L19_SEED_4,320,1,1525,0.0795374957045,0.530402034891,32,105,false
L19_SEED_4,320,1,1550,0.078034966451,0.538451807862,32,105,false
L19_SEED_4,320,1,1575,0.0765631957982,0.546506578732,32,105,false
L19_SEED_4,320,1,1600,0.075121580513,0.554565135301,32,105,false
L19_SEED_4,320,1,1625,0.0737095270736,0.56262630729,32,105,false
L19_SEED_4,320,1,1650,0.0723264513696,0.570688965247,32,105,false
L19_SEED_4,320,1,1675,0.0709717784581,0.578752019592,32,105,false
L19_SEED_4,320,1,1700,0.0696449423636,0.586814419803,32,105,false
L19_SEED_4,320,1,1725,0.0683453859134,0.594875153701,32,105,false
L19_SEED_4,320,1,1750,0.0670725606019,0.602933246845,32,105,false
L19_SEED_4,320,1,1775,0.0658259264779,0.610987761999,32,105,false
L19_SEED_4,320,1,1800,0.0646049520503,0.61903779866,32,105,false
L19_SEED_4,320,1,1825,0.0634091142081,0.627082492642,32,105,false
L19_SEED_4,320,1,1850,0.0622378981527,0.635121015679,32,105,false
L19_SEED_4,320,1,1875,0.0610907973389,0.643152575056,32,105,false
L19_SEED_4,320,1,1900,0.0599673134224,0.651176413248,32,105,false
L19_SEED_4,320,1,1925,0.0588669562135,0.659191807554,32,105,false
L19_SEED_4,320,1,1950,0.0577892436337,0.667198069718,32,105,false
L19_SEED_4,320,1,1975,0.0567337016753,0.675194545548,32,105,false
L19_SEED_4,320,1,2000,0.0556998643623,0.683180614499,32,105,false
L19_SEED_4,320,2,0,3.52863550089,3.53140692659,0,4,false
L19_SEED_4,320,2,25,1.16052275482,1.03083199211,28,141,false
L19_SEED_4,320,2,50,0.604257161015,0.462430768377,28,143,false
L19_SEED_4,320,2,75,0.432628484501,0.371406956856,28,142,false
L19_SEED_4,320,2,100,0.358538354781,0.297501069,28,143,false
L19_SEED_4,320,2,125,0.317507421466,0.264709331295,28,143,false
L19_SEED_4,320,2,150,0.290772075545,0.244638815181,28,142,false
L19_SEED_4,320,2,175,0.271383430164,0.232090355789,29,137,false
L19_SEED_4,320,2,200,0.256248077872,0.224377572795,29,137,false
L19_SEED_4,320,2,225,0.243797939037,0.219801075384,29,137,false
L19_SEED_4,320,2,250,0.233161059613,0.217396150889,29,137,false
L19_SEED_4,320,2,275,0.223816729268,0.216586857031,29,137,true
L19_SEED_4,320,2,300,0.215435613344,0.216997850054,29,137,false
L19_SEED_4,320,2,325,0.207799400273,0.218375661287,29,137,false
L19_SEED_4,320,2,350,0.200757671943,0.220543617836,29,137,false
L19_SEED_4,320,2,375,0.19420337332,0.22337456436,29,137,false
L19_SEED_4,320,2,400,0.188058127996,0.22677389988,29,137,false
L19_SEED_4,320,2,425,0.182263066901,0.230668777923,29,136,false
L19_SEED_4,320,2,450,0.176772909066,0.235001265146,30,130,false
L19_SEED_4,320,2,475,0.171552044822,0.239724035113,30,129,false
L19_SEED_4,320,2,500,0.166571892772,0.244797641037,30,129,false
L19_SEED_4,320,2,525,0.161809087128,0.250188745176,30,129,false
L19_SEED_4,320,2,550,0.157244216404,0.255868916059,30,128,false
L19_SEED_4,320,2,575,0.152860932859,0.261813756526,30,127,false
L19_SEED_4,320,2,600,0.148645312844,0.268002219424,30,127,false
L19_SEED_4,320,2,625,0.144585387212,0.274416027508,30,125,false
L19_SEED_4,320,2,650,0.140670787122,0.281039155243,30,124,false
L19_SEED_4,320,2,675,0.136892468861,0.287857358769,30,124,false
L19_SEED_4,320,2,700,0.133242494126,0.294857757532,30,124,false
L19_SEED_4,320,2,725,0.129713850907,0.30202847766,30,124,false
L19_SEED_4,320,2,750,0.126300305593,0.309358365528,31,119,false
L19_SEED_4,320,2,775,0.122996280173,0.316836773904,31,119,false
L19_SEED_4,320,2,800,0.119796750086,0.324453416193,31,119,false
L19_SEED_4,320,2,825,0.1166971593,0.332198279088,31,119,false
L19_SEED_4,320,2,850,0.113693349724,0.340061581217,32,107,false
L19_SEED_4,320,2,875,0.110781502536,0.348033764979,32,107,false
L19_SEED_4,320,2,900,0.107958089364,0.356105509956,32,107,false
L19_SEED_4,320,2,925,0.105219831605,0.364267758329,32,107,false
L19_SEED_4,320,2,950,0.102563666457,0.372511744973,32,107,false
L19_SEED_4,320,2,975,0.0999867185166,0.380829027059,32,107,false
L19_SEED_4,320,2,1000,0.0974862759566,0.389211509825,32,107,false
L19_SEED_4,320,2,1025,0.0950597705363,0.397651466641,32,107,false
L19_SEED_4,320,2,1050,0.0927047607796,0.406141552587,32,107,false
L19_SEED_4,320,2,1075,0.0904189178073,0.41467481155,32,107,false
L19_SEED_4,320,2,1100,0.0882000133878,0.423244677366,32,107,false
L19_SEED_4,320,2,1125,0.0860459098508,0.431844969835,32,107,false
L19_SEED_4,320,2,1150,0.083954551568,0.440469886602,32,107,false
L19_SEED_4,320,2,1175,0.0819239577622,0.449113991914,32,107,false
L19_SEED_4,320,2,1200,0.0799522164403,0.457772203243,32,107,false
L19_SEED_4,320,2,1225,0.0780374792873,0.466439776664,32,107,false
L19_SEED_4,320,2,1250,0.0761779573815,0.475112291722,32,107,false
L19_SEED_4,320,2,1275,0.0743719176121,0.48378563643,32,107,false
L19_SEED_4,320,2,1300,0.0726176797022,0.492455992818,32,107,false
L19_SEED_4,320,2,1325,0.0709136137459,0.501119823362,32,107,false
L19_SEED_4,320,2,1350,0.0692581381827,0.509773858435,32,107,false
L19_SEED_4,320,2,1375,0.0676497181366,0.518415084821,32,107,false
L19_SEED_4,320,2,1400,0.0660868640543,0.527040735207,32,107,false
L19_SEED_4,320,2,1425,0.0645681305795,0.5356482785,32,107,false
L19_SEED_4,320,2,1450,0.0630921156073,0.544235410757,32,107,false
L19_SEED_4,320,2,1475,0.0616574594654,0.552800046476,32,107,false
L19_SEED_4,320,2,1500,0.0602628441769,0.561340310028,32,107,false
L19_SEED_4,320,2,1525,0.0589069927648,0.569854527001,32,107,false
L19_SEED_4,320,2,1550,0.0575886685637,0.578341215299,32,107,false
L19_SEED_4,320,2,1575,0.0563066745167,0.58679907586,32,107,false
L19_SEED_4,320,2,1600,0.0550598524367,0.595226982961,32,107,false
L19_SEED_4,320,2,1625,0.0538470822229,0.603623974097,32,107,false
L19_SEED_4,320,2,1650,0.0526672810267,0.611989239491,32,107,false
L19_SEED_4,320,2,1675,0.0515194023681,0.620322111327,32,107,false
L19_SEED_4,320,2,1700,0.0504024352063,0.62862205284,32,106,false
L19_SEED_4,320,2,1725,0.0493154029711,0.636888647385,32,106,false
L19_SEED_4,320,2,1750,0.0482573625646,0.645121587634,32,106,false
L19_SEED_4,320,2,1775,0.047227403341,0.653320665045,32,106,false
L19_SEED_4,320,2,1800,0.0462246460764,0.661485759695,32,106,false
L19_SEED_4,320,2,1825,0.0452482419342,0.66961683061,32,106,false
L19_SEED_4,320,2,1850,0.0442973714369,0.677713906645,32,106,false
L19_SEED_4,320,2,1875,0.043371243449,0.685777077976,32,106,false
L19_SEED_4,320,2,1900,0.0424690941776,0.69380648824,32,106,false
L19_SEED_4,320,2,1925,0.0415901861954,0.701802327334,32,106,false
L19_SEED_4,320,2,1950,0.0407338074883,0.709764824864,32,105,false
L19_SEED_4,320,2,1975,0.039899270531,0.717694244236,32,104,false
L19_SEED_4,320,2,2000,0.0390859113918,0.725590877352,32,104,false
L19_SEED_4,320,3,0,3.53916206649,3.54760676712,3,16,false
L19_SEED_4,320,3,25,1.15011352126,1.08131485235,28,140,false
L19_SEED_4,320,3,50,0.574383350237,0.480305889107,28,141,false
L19_SEED_4,320,3,75,0.413054461499,0.376665003639,28,141,false
L19_SEED_4,320,3,100,0.343423100512,0.30948606546,28,141,false
L19_SEED_4,320,3,125,0.303726985354,0.277974590034,29,136,false
L19_SEED_4,320,3,150,0.277256001342,0.257934968526,29,136,false
L19_SEED_4,320,3,175,0.257812312268,0.245568790828,29,136,false
L19_SEED_4,320,3,200,0.242564551215,0.23771366492,29,136,false
L19_SEED_4,320,3,225,0.230032012112,0.232728725541,29,136,false
L19_SEED_4,320,3,250,0.219364172588,0.229730809409,29,136,false
L19_SEED_4,320,3,275,0.210037290845,0.228166764503,29,136,false
L19_SEED_4,320,3,300,0.201711296588,0.227675602252,29,136,true
L19_SEED_4,320,3,325,0.194156288102,0.228018201399,29,136,false
L19_SEED_4,320,3,350,0.187211879732,0.22903089782,29,136,false
L19_SEED_4,320,3,375,0.180763255387,0.230596864315,29,136,false
L19_SEED_4,320,3,400,0.174726365263,0.232629155918,29,136,false
L19_SEED_4,320,3,425,0.169038441551,0.235060862644,30,130,false
L19_SEED_4,320,3,450,0.163651748082,0.237839220003,30,130,false
L19_SEED_4,320,3,475,0.15852936159,0.240921873059,30,130,false
L19_SEED_4,320,3,500,0.153642263989,0.244274343721,30,130,false
L19_SEED_4,320,3,525,0.148967300605,0.247868224203,31,125,false
L19_SEED_4,320,3,550,0.144485722427,0.251679842776,31,125,false
L19_SEED_4,320,3,575,0.140182129689,0.255689251699,31,125,false
L19_SEED_4,320,3,600,0.136043696055,0.259879440447,31,125,false
L19_SEED_4,320,3,625,0.132059592144,0.264235709929,31,125,false
L19_SEED_4,320,3,650,0.128220552731,0.268745165745,31,125,false
L19_SEED_4,320,3,675,0.124518548908,0.273396304503,31,125,false
L19_SEED_4,320,3,700,0.120946537773,0.278178678264,31,125,false
L19_SEED_4,320,3,725,0.11749826997,0.283082629054,31,125,false
L19_SEED_4,320,3,750,0.114168140733,0.28809908875,31,125,false
L19_SEED_4,320,3,775,0.110951073842,0.293219440086,31,125,false
L19_SEED_4,320,3,800,0.107842430611,0.298435433059,31,125,false
L19_SEED_4,320,3,825,0.104837937936,0.303739148683,31,125,false
L19_SEED_4,320,3,850,0.101933630916,0.309122999816,32,114,false
L19_SEED_4,320,3,875,0.0991258065555,0.314579757464,32,114,false
L19_SEED_4,320,3,900,0.0964109859213,0.320102590897,32,114,false
L19_SEED_4,320,3,925,0.0937858826864,0.325685110975,32,114,false
L19_SEED_4,320,3,950,0.0912473765038,0.331321408066,32,114,false
L19_SEED_4,320,3,975,0.088792490044,0.337006078304,32,114,false
L19_SEED_4,320,3,1000,0.0864183688748,0.342734234338,32,114,false
L19_SEED_4,320,3,1025,0.0841222636706,0.348501498884,32,114,false
L19_SEED_4,320,3,1050,0.0819015145225,0.354303981238,32,114,false
L19_SEED_4,320,3,1075,0.0797535373613,0.360138238307,32,114,false
L19_SEED_4,320,3,1100,0.0776758126939,0.366001222902,32,114,false
L19_SEED_4,320,3,1125,0.0756658769542,0.371890222863,32,114,false
L19_SEED_4,320,3,1150,0.0737213167654,0.377802795222,32,114,false
L19_SEED_4,320,3,1175,0.0718397662792,0.383736699854,32,114,false
L19_SEED_4,320,3,1200,0.0700189075343,0.389689837047,32,114,false
L19_SEED_4,320,3,1225,0.0682564734788,0.395660192871,32,114,false
L19_SEED_4,320,3,1250,0.0665502530201,0.401645795369,32,114,false
L19_SEED_4,320,3,1275,0.0648980972513,0.407644683369,32,114,false
L19_SEED_4,320,3,1300,0.0632979259211,0.413654888333,32,114,false
L19_SEED_4,320,3,1325,0.0617477332776,0.419674428381,32,114,false
L19_SEED_4,320,3,1350,0.0602455926036,0.425701312522,32,114,false
L19_SEED_4,320,3,1375,0.0587896590345,0.431733552457,32,114,false
L19_SEED_4,320,3,1400,0.0573781705293,0.437769179055,32,114,false
L19_SEED_4,320,3,1425,0.0560094471124,0.443806260753,32,114,false
L19_SEED_4,320,3,1450,0.0546818886734,0.44984292158,32,114,false
L19_SEED_4,320,3,1475,0.0533939716991,0.45587735711,32,114,false
L19_SEED_4,320,3,1500,0.0521442453218,0.461907847294,32,114,false
L19_SEED_4,320,3,1525,0.0509313270295,0.467932765721,32,114,false
L19_SEED_4,320,3,1550,0.0497538983084,0.473950585295,32,114,false
L19_SEED_4,320,3,1575,0.0486107004146,0.479959880681,32,114,false
L19_SEED_4,320,3,1600,0.0475005303967,0.485959328002,32,113,false
L19_SEED_4,320,3,1625,0.046422237432,0.491947702414,32,113,false
L19_SEED_4,320,3,1650,0.0453747194988,0.497923874139,32,113,false
L19_SEED_4,320,3,1675,0.0443569203758,0.503886803497,32,113,false
L19_SEED_4,320,3,1700,0.0433678269451,0.509835535389,32,113,false
L19_SEED_4,320,3,1725,0.0424064667683,0.515769193606,32,112,false
L19_SEED_4,320,3,1750,0.0414719058987,0.521686975214,32,112,false
L19_SEED_4,320,3,1775,0.0405632469009,0.527588145214,32,112,false
L19_SEED_4,320,3,1800,0.0396796270448,0.533472031583,32,112,false
L19_SEED_4,320,3,1825,0.0388202166509,0.539338020764,32,112,false
L19_SEED_4,320,3,1850,0.0379842175636,0.545185553607,32,112,false
L19_SEED_4,320,3,1875,0.0371708617356,0.551014121764,32,112,false
L19_SEED_4,320,3,1900,0.036379409907,0.556823264489,32,111,false
L19_SEED_4,320,3,1925,0.0356091503688,0.562612565819,32,111,false
L19_SEED_4,320,3,1950,0.0348593977995,0.568381652059,32,111,false
L19_SEED_4,320,3,1975,0.0341294921659,0.574130189547,32,111,false
L19_SEED_4,320,3,2000,0.0334187976844,0.57985788264,32,111,false
L19_SEED_4,320,4,0,3.55064441497,3.56024983454,4,16,false
L19_SEED_4,320,4,25,1.16322849264,1.12420237414,28,139,false
L19_SEED_4,320,4,50,0.577099530596,0.517121042381,28,141,false
L19_SEED_4,320,4,75,0.417518094824,0.396332962661,28,141,false
L19_SEED_4,320,4,100,0.345250559609,0.332471548386,28,142,false
L19_SEED_4,320,4,125,0.302438721328,0.29859317403,29,137,false
L19_SEED_4,320,4,150,0.273220448352,0.278744322333,29,136,false
L19_SEED_4,320,4,175,0.251414730653,0.266297058997,29,136,false
L19_SEED_4,320,4,200,0.234095219637,0.258650903451,29,136,false
L19_SEED_4,320,4,225,0.219707684411,0.254255604075,29,136,false
L19_SEED_4,320,4,250,0.207358159225,0.252156064884,29,136,false
L19_SEED_4,320,4,275,0.196499587382,0.251756147844,30,130,true
L19_SEED_4,320,4,300,0.186779373738,0.252657750929,30,130,false
L19_SEED_4,320,4,325,0.177959748619,0.254581460277,30,130,false
L19_SEED_4,320,4,350,0.169873854693,0.257324944681,30,130,false
L19_SEED_4,320,4,375,0.162400482342,0.260738384428,30,130,false
L19_SEED_4,320,4,400,0.155448990634,0.264708822137,31,125,false
L19_SEED_4,320,4,425,0.148949955298,0.269149457704,31,125,false
L19_SEED_4,320,4,450,0.142849110087,0.273991996624,31,125,false
L19_SEED_4,320,4,475,0.137103248364,0.279181188587,31,125,false
L19_SEED_4,320,4,500,0.131677357113,0.284671060739,31,125,false
L19_SEED_4,320,4,525,0.126542572526,0.290422425525,31,125,false
L19_SEED_4,320,4,550,0.121674705443,0.296401271067,31,124,false
L19_SEED_4,320,4,575,0.117053168706,0.302577711897,31,124,false
L19_SEED_4,320,4,600,0.11266018938,0.308925274885,31,124,false
L19_SEED_4,320,4,625,0.108480223712,0.315420383328,31,124,false
L19_SEED_4,320,4,650,0.104499517485,0.322041963429,31,124,false
L19_SEED_4,320,4,675,0.100705771821,0.328771133006,31,124,false
L19_SEED_4,320,4,700,0.0970878864649,0.335590950254,32,113,false
L19_SEED_4,320,4,725,0.093635760784,0.342486208699,32,113,false
L19_SEED_4,320,4,750,0.0903401382628,0.349443268006,32,113,false
L19_SEED_4,320,4,775,0.0871924841345,0.356449911956,32,113,false
L19_SEED_4,320,4,800,0.0841848884463,0.363495225968,32,113,false
L19_SEED_4,320,4,825,0.0813099887464,0.370569487629,32,112,false
L19_SEED_4,320,4,850,0.078560907931,0.377664064997,32,111,false
L19_SEED_4,320,4,875,0.0759312037963,0.38477131899,32,111,false
L19_SEED_4,320,4,900,0.0734148275934,0.391884507736,32,109,false
L19_SEED_4,320,4,925,0.0710060894799,0.398997692327,32,107,false
L19_SEED_4,320,4,950,0.0686996292372,0.406105644578,32,106,false
L19_SEED_4,320,4,975,0.0664903910066,0.413203758267,32,106,false
L19_SEED_4,320,4,1000,0.0643736011112,0.420287965682,32,106,false
L19_SEED_4,320,4,1025,0.0623447482812,0.42735466127,32,106,false
L19_SEED_4,320,4,1050,0.0603995657992,0.434400633845,32,106,false
L19_SEED_4,320,4,1075,0.0585340152286,0.441423008297,32,106,false
L19_SEED_4,320,4,1100,0.0567442715013,0.44841919711,32,106,false
L19_SEED_4,320,4,1125,0.0550267092182,0.455386861476,32,106,false
L19_SEED_4,320,4,1150,0.0533778900635,0.462323881301,32,106,false
L19_SEED_4,320,4,1175,0.0517945512709,0.469228333014,32,106,false
L19_SEED_4,320,4,1200,0.0502735950881,0.476098473926,32,106,false
L19_SEED_4,320,4,1225,0.0488120791932,0.482932731704,32,106,false
L19_SEED_4,320,4,1250,0.0474072080101,0.489729697563,32,106,false
L19_SEED_4,320,4,1275,0.0460563248556,0.496488121827,32,106,false
L19_SEED_4,320,4,1300,0.0447569048429,0.503206910672,32,106,false
L19_SEED_4,320,4,1325,0.0435065484487,0.509885123043,32,106,false
L19_SEED_4,320,4,1350,0.0423029756431,0.516521966984,32,106,false
L19_SEED_4,320,4,1375,0.0411440204801,0.523116794868,32,106,false
L19_SEED_4,320,4,1400,0.0400276260468,0.52966909727,32,106,false
L19_SEED_4,320,4,1425,0.038951839679,0.536178495415,32,106,false
L19_SEED_4,320,4,1450,0.037914808368,0.54264473238,32,106,false
L19_SEED_4,320,4,1475,0.0369147742991,0.549067663294,32,106,false
L19_SEED_4,320,4,1500,0.0359500704823,0.555447244899,32,106,false
L19_SEED_4,320,4,1525,0.0350191164543,0.561783524854,32,106,false
L19_SEED_4,320,4,1550,0.0341204140462,0.568076631117,32,106,false
L19_SEED_4,320,4,1575,0.0332525432217,0.574326761731,32,106,false
L19_SEED_4,320,4,1600,0.0324141580008,0.580534175232,32,106,false
L19_SEED_4,320,4,1625,0.0316039824863,0.586699181838,32,106,false
L19_SEED_4,320,4,1650,0.0308208070113,0.592822135521,32,106,false
L19_SEED_4,320,4,1675,0.0300634844254,0.598903426964,32,106,false
L19_SEED_4,320,4,1700,0.0293309265347,0.604943477411,32,106,false
L19_SEED_4,320,4,1725,0.0286221007044,0.610942733329,32,106,false
L19_SEED_4,320,4,1750,0.0279360266337,0.616901661825,32,106,false
L19_SEED_4,320,4,1775,0.0272717733034,0.622820746733,32,106,false
L19_SEED_4,320,4,1800,0.0266284560989,0.62870048527,32,106,false
L19_SEED_4,320,4,1825,0.0260052341037,0.634541385203,32,106,false
L19_SEED_4,320,4,1850,0.0254013075595,0.640343962427,32,106,false
L19_SEED_4,320,4,1875,0.0248159154865,0.646108738906,32,106,false
L19_SEED_4,320,4,1900,0.024248333456,0.651836240913,32,106,false
L19_SEED_4,320,4,1925,0.0236978715074,0.657526997521,32,106,false
L19_SEED_4,320,4,1950,0.023163872201,0.663181539298,32,106,false
L19_SEED_4,320,4,1975,0.0226457087972,0.668800397188,32,106,false
L19_SEED_4,320,4,2000,0.022142783555,0.674384101536,32,106,false
L19_SEED_4,320,5,0,3.54216908885,3.55590653847,4,14,false
L19_SEED_4,320,5,25,1.17118670354,1.14788736767,28,138,false
L19_SEED_4,320,5,50,0.588029843326,0.561192575099,28,139,false
L19_SEED_4,320,5,75,0.428917149595,0.432035882951,28,138,false
L19_SEED_4,320,5,100,0.355533061933,0.372434608333,28,139,false
L19_SEED_4,320,5,125,0.311070579615,0.338520591017,28,139,false
L19_SEED_4,320,5,150,0.28026486958,0.317010309776,29,133,false
L19_SEED_4,320,5,175,0.257065641073,0.303255068765,29,132,false
L19_SEED_4,320,5,200,0.238531532908,0.29463743248,29,132,false
L19_SEED_4,320,5,225,0.22307237484,0.289608792856,29,132,false
L19_SEED_4,320,5,250,0.209764332611,0.287209356297,30,127,false
L19_SEED_4,320,5,275,0.198039442761,0.286807397695,30,127,true
L19_SEED_4,320,5,300,0.187531450603,0.287965597012,30,126,false
L19_SEED_4,320,5,325,0.177994084299,0.290366183189,30,126,false
L19_SEED_4,320,5,350,0.169255388543,0.2937693357,30,126,false
L19_SEED_4,320,5,375,0.161191064,0.297988510113,31,121,false
L19_SEED_4,320,5,400,0.153708313365,0.302875009,31,121,false
L19_SEED_4,320,5,425,0.146735740053,0.308308228118,31,121,false
L19_SEED_4,320,5,450,0.140216863274,0.314189438694,31,121,false
L19_SEED_4,320,5,475,0.134105863851,0.320437721304,31,121,false
L19_SEED_4,320,5,500,0.128364741404,0.326987123953,31,120,false
L19_SEED_4,320,5,525,0.122961378829,0.333784419722,31,120,false
L19_SEED_4,320,5,550,0.117868193592,0.340787100659,31,120,false
L19_SEED_4,320,5,575,0.113061169416,0.347961469244,31,120,false
L19_SEED_4,320,5,600,0.108519137471,0.355280842474,31,120,false
L19_SEED_4,320,5,625,0.104223227483,0.362723946014,32,109,false
L19_SEED_4,320,5,650,0.100156442801,0.370273564116,32,109,false
L19_SEED_4,320,5,675,0.0963033334426,0.377915465422,32,109,false
L19_SEED_4,320,5,700,0.0926497506682,0.385637582402,32,108,false
L19_SEED_4,320,5,725,0.0891826692664,0.393429400574,32,108,false
L19_SEED_4,320,5,750,0.0858900626304,0.401281512322,32,108,false
L19_SEED_4,320,5,775,0.0827608143652,0.409185299397,32,108,false
L19_SEED_4,320,5,800,0.0797846508535,0.417132718505,32,108,false
L19_SEED_4,320,5,825,0.0769520826115,0.425116170455,32,108,false
L19_SEED_4,320,5,850,0.0742543472725,0.433128434782,32,108,false
L19_SEED_4,320,5,875,0.0716833517794,0.441162651138,32,108,false
L19_SEED_4,320,5,900,0.0692316145044,0.449212328863,32,108,false
L19_SEED_4,320,5,925,0.0668922092512,0.457271368355,32,108,false
L19_SEED_4,320,5,950,0.0646587129732,0.465334081981,32,108,false
L19_SEED_4,320,5,975,0.0625251583174,0.4733952071,32,108,false
L19_SEED_4,320,5,1000,0.0604859913386,0.481449908111,32,108,false
L19_SEED_4,320,5,1025,0.0585360341898,0.4894937676,32,108,false
L19_SEED_4,320,5,1050,0.0566704523002,0.497522768535,32,108,false
L19_SEED_4,320,5,1075,0.0548847254625,0.505533270174,32,107,false
L19_SEED_4,320,5,1100,0.0531746222572,0.51352198036,32,107,false
L19_SEED_4,320,5,1125,0.051536177311,0.521485926447,32,107,false
L19_SEED_4,320,5,1150,0.0499656709624,0.529422426556,32,107,false
L19_SEED_4,320,5,1175,0.0484596109812,0.537329062283,32,107,false
L19_SEED_4,320,5,1200,0.0470147160538,0.545203653556,32,107,false
L19_SEED_4,320,5,1225,0.0456279007977,0.55304423592,32,106,false
L19_SEED_4,320,5,1250,0.0442962621094,0.560849040349,32,106,false
L19_SEED_4,320,5,1275,0.0430170666862,0.568616475476,32,106,false
L19_SEED_4,320,5,1300,0.0417877395842,0.576345112052,32,106,false
L19_SEED_4,320,5,1325,0.0406058537011,0.584033669398,32,106,false
L19_SEED_4,320,5,1350,0.0394691200841,0.591681003611,32,106,false
L19_SEED_4,320,5,1375,0.0383753789827,0.599286097264,32,106,false
L19_SEED_4,320,5,1400,0.0373225915718,0.606848050381,32,106,false
L19_SEED_4,320,5,1425,0.0363088322852,0.61436607248,32,105,false
L19_SEED_4,320,5,1450,0.0353322817018,0.621839475504,32,105,false
L19_SEED_4,320,5,1475,0.03439121994,0.629267667484,32,105,false
L19_SEED_4,320,5,1500,0.0334840205134,0.636650146801,32,105,false
L19_SEED_4,320,5,1525,0.0326091446134,0.643986496944,32,105,false
L19_SEED_4,320,5,1550,0.0317651357824,0.651276381659,32,105,false
L19_SEED_4,320,5,1575,0.0309506149472,0.65851954043,32,105,false
L19_SEED_4,320,5,1600,0.0301642757854,0.665715784225,32,105,false
L19_SEED_4,320,5,1625,0.0294048803994,0.672864991453,32,105,false
L19_SEED_4,320,5,1650,0.028671255275,0.679967104104,32,105,false
L19_SEED_4,320,5,1675,0.0279622875037,0.687022124039,32,105,false
L19_SEED_4,320,5,1700,0.0272769212495,0.694030109406,32,105,false
L19_SEED_4,320,5,1725,0.0266141544428,0.700991171169,32,105,false
L19_SEED_4,320,5,1750,0.0259730356858,0.707905469733,32,105,false
L19_SEED_4,320,5,1775,0.0253526613532,0.714773211667,32,104,false
L19_SEED_4,320,5,1800,0.0247521728761,0.721594646507,32,104,false
L19_SEED_4,320,5,1825,0.0241707541951,0.728370063657,32,104,false
L19_SEED_4,320,5,1850,0.0236076293727,0.73509978936,32,103,false
L19_SEED_4,320,5,1875,0.023062060352,0.741784183771,32,103,false
L19_SEED_4,320,5,1900,0.0225333448537,0.748423638109,32,103,false
L19_SEED_4,320,5,1925,0.0220208144014,0.755018571908,32,103,false
L19_SEED_4,320,5,1950,0.0215238324662,0.761569430362,32,103,false
L19_SEED_4,320,5,1975,0.0210417927242,0.768076681771,32,103,false
L19_SEED_4,320,5,2000,0.0205741174173,0.774540815083,32,103,false
L19_SEED_4,320,6,0,3.53513104651,3.54858867366,1,13,false
L19_SEED_4,320,6,25,1.17259321039,1.15069001614,28,124,false
L19_SEED_4,320,6,50,0.581101362233,0.590041946965,28,136,false
L19_SEED_4,320,6,75,0.42021668336,0.453455789271,28,135,false
L19_SEED_4,320,6,100,0.346001040965,0.398381342467,28,135,false
L19_SEED_4,320,6,125,0.300452384443,0.368896901929,29,130,false
L19_SEED_4,320,6,150,0.268379592023,0.351070360176,29,129,false
L19_SEED_4,320,6,175,0.243871270704,0.340918015873,29,129,false
L19_SEED_4,320,6,200,0.22408276693,0.335943572701,30,123,false
L19_SEED_4,320,6,225,0.207475953971,0.33465430917,30,123,true
L19_SEED_4,320,6,250,0.193151930206,0.336073628717,30,123,false
L19_SEED_4,320,6,275,0.180552370804,0.339525113958,30,123,false
L19_SEED_4,320,6,300,0.169311736674,0.344513659792,31,118,false
L19_SEED_4,320,6,325,0.159178900317,0.350662662802,31,118,false
L19_SEED_4,320,6,350,0.149973438291,0.357682067791,31,118,false
L19_SEED_4,320,6,375,0.141560352257,0.365350444254,31,118,false
L19_SEED_4,320,6,400,0.133835032798,0.373502206656,31,118,false
L19_SEED_4,320,6,425,0.126714056652,0.382015989634,31,118,false
L19_SEED_4,320,6,450,0.12012934309,0.39080343271,31,118,false
L19_SEED_4,320,6,475,0.114024276834,0.399799331623,32,107,false
L19_SEED_4,320,6,500,0.108351026401,0.408954107688,32,107,false
L19_SEED_4,320,6,525,0.103068629111,0.418228720696,32,107,false
L19_SEED_4,320,6,550,0.0981415926552,0.42759150072,32,107,false
L19_SEED_4,320,6,575,0.0935388561339,0.437016219578,32,106,false
L19_SEED_4,320,6,600,0.0892330057968,0.446480874287,32,106,false
L19_SEED_4,320,6,625,0.0851996733367,0.455966862758,32,106,false
L19_SEED_4,320,6,650,0.0814170665077,0.465458382715,32,106,false
L19_SEED_4,320,6,675,0.0778655969461,0.474941969124,32,106,false
L19_SEED_4,320,6,700,0.0745275805173,0.484406126684,32,106,false
L19_SEED_4,320,6,725,0.0713869926953,0.493841032831,32,106,false
L19_SEED_4,320,6,750,0.0684292663958,0.503238295505,32,106,false
L19_SEED_4,320,6,775,0.0656411230605,0.512590754201,32,106,false
L19_SEED_4,320,6,800,0.0630104301215,0.521892315386,32,106,false
L19_SEED_4,320,6,825,0.0605260796252,0.53113781516,32,106,false
L19_SEED_4,320,6,850,0.0581778839795,0.540322903436,32,105,false
L19_SEED_4,320,6,875,0.0559564856672,0.549443945115,32,105,false
L19_SEED_4,320,6,900,0.0538532784374,0.558497934776,32,105,false
L19_SEED_4,320,6,925,0.0518603379975,0.567482422185,32,105,false
L19_SEED_4,320,6,950,0.0499703606362,0.576395446647,32,105,false
L19_SEED_4,320,6,975,0.0481766085242,0.585235478713,32,105,false
L19_SEED_4,320,6,1000,0.0464728606901,0.594001368189,32,105,false
L19_SEED_4,320,6,1025,0.0448533688708,0.602692297616,32,105,false
L19_SEED_4,320,6,1050,0.0433128175896,0.611307740662,32,105,false
L19_SEED_4,320,6,1075,0.0418462879406,0.619847424921,32,105,false
L19_SEED_4,320,6,1100,0.0404492246518,0.628311298743,32,105,false
L19_SEED_4,320,6,1125,0.0391174060764,0.636699501729,32,105,false
L19_SEED_4,320,6,1150,0.0378469168154,0.645012338584,32,105,false
L19_SEED_4,320,6,1175,0.0366341227224,0.653250255984,32,104,false
L19_SEED_4,320,6,1200,0.0354756480719,0.661413822204,32,104,false
L19_SEED_4,320,6,1225,0.0343683546995,0.669503709174,32,104,false
L19_SEED_4,320,6,1250,0.033309322944,0.677520676735,32,104,false
L19_SEED_4,320,6,1275,0.0322958342339,0.685465558819,32,104,false
L19_SEED_4,320,6,1300,0.0313253551782,0.69333925134,32,104,false
L19_SEED_4,320,6,1325,0.0303955230309,0.701142701575,32,104,false
L19_SEED_4,320,6,1350,0.029504132408,0.708876898874,32,104,false
L19_SEED_4,320,6,1375,0.0286491231476,0.716542866505,32,103,false
L19_SEED_4,320,6,1400,0.0278285692117,0.724141654525,32,103,false
L19_SEED_4,320,6,1425,0.0270406685341,0.731674333525,32,103,false
L19_SEED_4,320,6,1450,0.0262837337307,0.739141989162,32,103,false
L19_SEED_4,320,6,1475,0.0255561835937,0.746545717365,32,103,false
L19_SEED_4,320,6,1500,0.0248565352973,0.753886620151,32,103,false
L19_SEED_4,320,6,1525,0.0241833972507,0.761165801973,32,103,false
L19_SEED_4,320,6,1550,0.0235354625404,0.768384366531,32,103,false
L19_SEED_4,320,6,1575,0.0229115029067,0.775543414005,32,103,false
L19_SEED_4,320,6,1600,0.0223103632075,0.782644038658,32,103,false
L19_SEED_4,320,6,1625,0.0217309563256,0.789687326756,32,103,false
L19_SEED_4,320,6,1650,0.0211722584793,0.796674354794,32,103,false
L19_SEED_4,320,6,1675,0.0206333049011,0.80360618796,32,103,false
L19_SEED_4,320,6,1700,0.020113185853,0.810483878847,32,103,false
L19_SEED_4,320,6,1725,0.0196110429472,0.817308466355,32,102,false
L19_SEED_4,320,6,1750,0.0191260657487,0.824080974776,32,102,false
L19_SEED_4,320,6,1775,0.0186574886326,0.830802413042,32,102,false
L19_SEED_4,320,6,1800,0.0182045878776,0.837473774108,32,102,false
L19_SEED_4,320,6,1825,0.0177666789733,0.84409603447,32,102,false
L19_SEED_4,320,6,1850,0.0173431141263,0.850670153777,32,102,false
L19_SEED_4,320,6,1875,0.0169332799458,0.857197074561,32,102,false
L19_SEED_4,320,6,1900,0.0165365952966,0.863677722032,32,102,false
L19_SEED_4,320,6,1925,0.0161525093048,0.870113003964,32,102,false
L19_SEED_4,320,6,1950,0.0157804995045,0.876503810636,32,102,false
L19_SEED_4,320,6,1975,0.0154200701132,0.882851014838,32,102,false
L19_SEED_4,320,6,2000,0.0150707504282,0.889155471921,32,102,false
L19_SEED_4,320,7,0,3.5283418749,3.54100084734,1,0,false
L19_SEED_4,320,7,25,1.17083085531,1.17912533348,28,124,false
L19_SEED_4,320,7,50,0.579986868927,0.62124615077,28,134,false
L19_SEED_4,320,7,75,0.416907571397,0.485363544137,28,134,false
L19_SEED_4,320,7,100,0.341474110718,0.43202128253,28,133,false
L19_SEED_4,320,7,125,0.295070360468,0.404486068967,29,128,false
L19_SEED_4,320,7,150,0.262275744037,0.388770692477,29,128,false
L19_SEED_4,320,7,175,0.237141881911,0.380890011947,30,122,false
L19_SEED_4,320,7,200,0.216823561268,0.37825989873,30,122,true
L19_SEED_4,320,7,225,0.199783233174,0.379336071587,30,122,false
L19_SEED_4,320,7,250,0.185117756779,0.383117802609,30,122,false
L19_SEED_4,320,7,275,0.172260810305,0.388912287108,30,123,false
L19_SEED_4,320,7,300,0.160837081345,0.396211813242,31,118,false
L19_SEED_4,320,7,325,0.150585447726,0.404632201951,31,118,false
L19_SEED_4,320,7,350,0.141316209395,0.413878702822,31,118,false
L19_SEED_4,320,7,375,0.13288619848,0.423724690907,31,118,false
L19_SEED_4,320,7,400,0.125183745336,0.4339968745,31,118,false
L19_SEED_4,320,7,425,0.118119296285,0.444564041905,32,107,false
L19_SEED_4,320,7,450,0.111619376226,0.45532789109,32,107,false
L19_SEED_4,320,7,475,0.105622581258,0.466215352437,32,107,false
L19_SEED_4,320,7,500,0.100076830372,0.477172234846,32,107,false
L19_SEED_4,320,7,525,0.0949374163919,0.488158157803,32,106,false
L19_SEED_4,320,7,550,0.0901655791887,0.499142700955,32,106,false
L19_SEED_4,320,7,575,0.0857274322382,0.510102614561,32,106,false
L19_SEED_4,320,7,600,0.0815931369951,0.521019871059,32,106,false
L19_SEED_4,320,7,625,0.0777362566751,0.531880329596,32,106,false
L19_SEED_4,320,7,650,0.0741332431485,0.542672819114,32,106,false
L19_SEED_4,320,7,675,0.0707630243775,0.55338849568,32,106,false
L19_SEED_4,320,7,700,0.0676066688274,0.564020376714,32,106,false
L19_SEED_4,320,7,725,0.0646471094739,0.574562990407,32,105,false
L19_SEED_4,320,7,750,0.0618689144344,0.585012102539,32,105,false
L19_SEED_4,320,7,775,0.0592580944502,0.595364497659,32,105,false
L19_SEED_4,320,7,800,0.0568019397918,0.605617800424,32,105,false
L19_SEED_4,320,7,825,0.0544888808825,0.615770327958,32,105,false
L19_SEED_4,320,7,850,0.0523083682179,0.625820967107,32,105,false
L19_SEED_4,320,7,875,0.0502507681187,0.635769072236,32,105,false
L19_SEED_4,320,7,900,0.04830727158,0.64561438031,32,105,false
L19_SEED_4,320,7,925,0.0464698140436,0.655356940667,32,105,false
L19_SEED_4,320,7,950,0.0447310043581,0.664997057373,32,105,false
L19_SEED_4,320,7,975,0.0430840615397,0.674535242283,32,105,false
L19_SEED_4,320,7,1000,0.0415227582211,0.683972177175,32,105,false
L19_SEED_4,320,7,1025,0.0400413698954,0.693308683467,32,104,false
L19_SEED_4,320,7,1050,0.0386346292322,0.70254569815,32,104,false
L19_SEED_4,320,7,1075,0.0372976848747,0.711684254735,32,104,false
L19_SEED_4,320,7,1100,0.036026064227,0.720725468134,32,104,false
L19_SEED_4,320,7,1125,0.034815639816,0.729670522544,32,104,false
L19_SEED_4,320,7,1150,0.0336625988703,0.738520661599,32,104,false
L19_SEED_4,320,7,1175,0.0325634158,0.747277180137,32,104,false
L19_SEED_4,320,7,1200,0.0315148272965,0.755941417147,32,104,false
L19_SEED_4,320,7,1225,0.0305138097989,0.764514749514,32,104,false
L19_SEED_4,320,7,1250,0.0295575590966,0.772998586341,32,104,false
L19_SEED_4,320,7,1275,0.0286434718582,0.781394363676,32,104,false
L19_SEED_4,320,7,1300,0.0277691288978,0.789703539539,32,104,false
L19_SEED_4,320,7,1325,0.026932280005,0.797927589219,32,104,false
L19_SEED_4,320,7,1350,0.0261308301817,0.806068000797,32,104,false
L19_SEED_4,320,7,1375,0.0253628271468,0.81412627091,32,104,false
L19_SEED_4,320,7,1400,0.0246264499788,0.822103900749,32,104,false
L19_SEED_4,320,7,1425,0.0239199987859,0.830002392322,32,104,false
L19_SEED_4,320,7,1450,0.0232418852972,0.837823244975,32,103,false
L19_SEED_4,320,7,1475,0.0225906242881,0.845567952194,32,103,false
L19_SEED_4,320,7,1500,0.0219648257536,0.853237998684,32,103,false
L19_SEED_4,320,7,1525,0.0213631877606,0.860834857727,32,103,false
L19_SEED_4,320,7,1550,0.0207844899098,0.86835998882,32,103,false
L19_SEED_4,320,7,1575,0.0202275873523,0.87581483558,32,102,false
L19_SEED_4,320,7,1600,0.0196914053055,0.883200823906,32,102,false
L19_SEED_4,320,7,1625,0.019174934024,0.890519360388,32,102,false
L19_SEED_4,320,7,1650,0.018677224181,0.897771830941,32,102,false
L19_SEED_4,320,7,1675,0.0181973826247,0.904959599655,32,102,false
L19_SEED_4,320,7,1700,0.017734568474,0.912084007846,32,102,false
L19_SEED_4,320,7,1725,0.0172879895243,0.919146373277,32,102,false
L19_SEED_4,320,7,1750,0.0168568989348,0.926147989555,32,102,false
L19_SEED_4,320,7,1775,0.0164405921735,0.933090125666,32,102,false
L19_SEED_4,320,7,1800,0.0160384041972,0.939974025644,32,102,false
L19_SEED_4,320,7,1825,0.0156497068454,0.946800908367,32,102,false
L19_SEED_4,320,7,1850,0.0152739064315,0.953571967447,32,102,false
L19_SEED_4,320,7,1875,0.0149104415132,0.960288371217,32,102,false
L19_SEED_4,320,7,1900,0.0145587808281,0.966951262803,32,102,false
L19_SEED_4,320,7,1925,0.0142184213801,0.973561760258,32,102,false
L19_SEED_4,320,7,1950,0.0138888866648,0.980120956767,32,102,false
L19_SEED_4,320,7,1975,0.0135697250223,0.986629920896,32,102,false
L19_SEED_4,320,7,2000,0.013260508107,0.993089696894,32,102,false
L19_SEED_4,320,8,0,3.52841402714,3.54386497151,1,0,false
L19_SEED_4,320,8,25,1.17102781255,1.20359450711,28,125,false
L19_SEED_4,320,8,50,0.583348291952,0.647977610071,28,134,false
L19_SEED_4,320,8,75,0.417182491369,0.507290837089,28,134,false
L19_SEED_4,320,8,100,0.339322306872,0.453887764897,29,128,false
L19_SEED_4,320,8,125,0.291270103672,0.42783427653,29,128,false
L19_SEED_4,320,8,150,0.257235061512,0.41447373425,29,128,false
L19_SEED_4,320,8,175,0.231119728862,0.408742763267,29,128,false
L19_SEED_4,320,8,200,0.210017156342,0.407934653753,30,123,true
L19_SEED_4,320,8,225,0.192358270992,0.410509341464,30,123,false
L19_SEED_4,320,8,250,0.177217126165,0.415479645819,31,118,false
L19_SEED_4,320,8,275,0.164007152541,0.422190873312,31,118,false
L19_SEED_4,320,8,300,0.152334315616,0.430196969494,31,118,false
L19_SEED_4,320,8,325,0.141920538939,0.439180564853,31,118,false
L19_SEED_4,320,8,350,0.132561234032,0.44890492212,32,107,false
L19_SEED_4,320,8,375,0.124100490433,0.459186883282,32,107,false
L19_SEED_4,320,8,400,0.116415924364,0.469881744292,32,107,false
L19_SEED_4,320,8,425,0.109409060523,0.480874151646,32,106,false
L19_SEED_4,320,8,450,0.102999012058,0.492071929413,32,106,false
L19_SEED_4,320,8,475,0.0971181960789,0.503401471826,32,106,false
L19_SEED_4,320,8,500,0.0917093449175,0.514804120708,32,106,false
L19_SEED_4,320,8,525,0.0867233655251,0.52623325334,32,106,false
L19_SEED_4,320,8,550,0.0821177683069,0.537651926065,32,106,false
L19_SEED_4,320,8,575,0.0778554873489,0.549030968649,32,105,false
L19_SEED_4,320,8,600,0.0739039756226,0.56034744804,32,104,false
L19_SEED_4,320,8,625,0.070234497431,0.571583434224,32,104,false
L19_SEED_4,320,8,650,0.0668215651706,0.582725011512,32,104,false
L19_SEED_4,320,8,675,0.0636424837152,0.593761487756,32,104,false
L19_SEED_4,320,8,700,0.0606769765386,0.604684762241,32,104,false
L19_SEED_4,320,8,725,0.0579068750096,0.615488820214,32,104,false
L19_SEED_4,320,8,750,0.055315857324,0.6261693282,32,104,false
L19_SEED_4,320,8,775,0.0528892270413,0.636723309452,32,104,false
L19_SEED_4,320,8,800,0.0506137236727,0.647148883076,32,104,false
L19_SEED_4,320,8,825,0.048477359544,0.657445053828,32,104,false
L19_SEED_4,320,8,850,0.0464692784455,0.667611542263,32,104,false
L19_SEED_4,320,8,875,0.044579632534,0.677648647107,32,104,false
L19_SEED_4,320,8,900,0.0427994746606,0.687557133389,32,104,false
L19_SEED_4,320,8,925,0.0411206638381,0.697338141251,32,104,false
L19_SEED_4,320,8,950,0.0395357819752,0.706993111375,32,104,false
L19_SEED_4,320,8,975,0.038038060327,0.716523723815,32,104,false
L19_SEED_4,320,8,1000,0.0366213143667,0.725931847676,32,104,false
L19_SEED_4,320,8,1025,0.0352798859874,0.735219499594,32,104,false
L19_SEED_4,320,8,1050,0.0340085921064,0.744388809395,32,104,false
L19_SEED_4,320,8,1075,0.0328026788804,0.753441991609,32,104,false
L19_SEED_4,320,8,1100,0.0316577808521,0.762381321809,32,104,false
L19_SEED_4,320,8,1125,0.0305698844398,0.771209116915,32,104,false
L19_SEED_4,320,8,1150,0.0295352952622,0.779927718787,32,104,false
L19_SEED_4,320,8,1175,0.0285506088531,0.788539480548,32,104,false
L19_SEED_4,320,8,1200,0.0276126843827,0.7970467552,32,104,false
L19_SEED_4,320,8,1225,0.0267186210442,0.80545188614,32,104,false
L19_SEED_4,320,8,1250,0.02586573681,0.813757199306,32,104,false
L19_SEED_4,320,8,1275,0.0250515492981,0.821964996673,32,104,false
L19_SEED_4,320,8,1300,0.024273758516,0.830077550909,32,104,false
L19_SEED_4,320,8,1325,0.0235302312827,0.838097101014,32,104,false
L19_SEED_4,320,8,1350,0.0228189871474,0.846025848801,32,104,false
L19_SEED_4,320,8,1375,0.0221381856481,0.853865956081,32,104,false
L19_SEED_4,320,8,1400,0.0214861147694,0.861619542471,32,104,false
L19_SEED_4,320,8,1425,0.0208611804743,0.869288683719,32,104,false
L19_SEED_4,320,8,1450,0.020261897202,0.876875410476,32,104,false
L19_SEED_4,320,8,1475,0.0196868792306,0.884381707453,32,104,false
L19_SEED_4,320,8,1500,0.0191348328197,0.891809512902,32,104,false
L19_SEED_4,320,8,1525,0.0186045490539,0.899160718374,32,104,false
L19_SEED_4,320,8,1550,0.0180948973186,0.906437168718,32,104,false
L19_SEED_4,320,8,1575,0.0176048193458,0.913640662272,32,104,false
L19_SEED_4,320,8,1600,0.0171333237746,0.920772951229,32,104,false
L19_SEED_4,320,8,1625,0.0166794811773,0.927835742138,32,104,false
L19_SEED_4,320,8,1650,0.0162424195066,0.934830696526,32,104,false
L19_SEED_4,320,8,1675,0.0158213199239,0.941759431616,32,104,false
L19_SEED_4,320,8,1700,0.015415412974,0.948623521119,32,104,false
L19_SEED_4,320,8,1725,0.0150239750734,0.955424496094,32,104,false
L19_SEED_4,320,8,1750,0.0146463252838,0.962163845852,32,104,false
L19_SEED_4,320,8,1775,0.0142818223449,0.968843018903,32,104,false
L19_SEED_4,320,8,1800,0.0139298619434,0.975463423929,32,104,false
L19_SEED_4,320,8,1825,0.0135898741969,0.982026430768,32,103,false
L19_SEED_4,320,8,1850,0.0132613213343,0.988533371423,32,103,false
L19_SEED_4,320,8,1875,0.0129436955544,0.994985541066,32,103,false
L19_SEED_4,320,8,1900,0.0126365170491,1.00138419904,32,103,false
L19_SEED_4,320,8,1925,0.0123393321754,1.00773056988,32,103,false
L19_SEED_4,320,8,1950,0.0120517117647,1.01402584428,32,103,false
L19_SEED_4,320,8,1975,0.0117732495572,1.02027118008,32,103,false
L19_SEED_4,320,8,2000,0.0115035607518,1.02646770325,32,103,false
L19_SEED_4,320,9,0,3.52526559006,3.54229914315,0,1,false
L19_SEED_4,320,9,25,1.18002511081,1.22351878256,28,116,false
L19_SEED_4,320,9,50,0.599162163632,0.681573034517,28,132,false
L19_SEED_4,320,9,75,0.424801012055,0.538122840718,29,127,false
L19_SEED_4,320,9,100,0.341913815411,0.483562808989,29,127,false
L19_SEED_4,320,9,125,0.290909268035,0.457810616551,29,127,false
L19_SEED_4,320,9,150,0.254893668229,0.446411625006,29,127,false
L19_SEED_4,320,9,175,0.227319593207,0.443136851789,29,127,true
L19_SEED_4,320,9,200,0.205088883431,0.445018603259,30,121,false
L19_SEED_4,320,9,225,0.186542085942,0.45047624595,31,116,false
L19_SEED_4,320,9,250,0.170704252709,0.458409622069,31,115,false
L19_SEED_4,320,9,275,0.156957617852,0.468070088387,31,115,false
L19_SEED_4,320,9,300,0.144885014522,0.478930812822,31,115,false
L19_SEED_4,320,9,325,0.134189237593,0.490609161903,32,104,false
L19_SEED_4,320,9,350,0.124648879928,0.50282271209,32,104,false
L19_SEED_4,320,9,375,0.116092815934,0.515361526662,32,104,false
L19_SEED_4,320,9,400,0.108384768786,0.528070706814,32,104,false
L19_SEED_4,320,9,425,0.101413614471,0.540838566063,32,104,false
L19_SEED_4,320,9,450,0.0950870863795,0.55358751833,32,104,false
L19_SEED_4,320,9,475,0.0893275473306,0.566266048245,32,104,false
L19_SEED_4,320,9,500,0.0840690327476,0.578841338712,32,104,false
L19_SEED_4,320,9,525,0.0792550848509,0.591292903108,32,104,false
L19_SEED_4,320,9,550,0.074837095726,0.603607702772,32,104,false
L19_SEED_4,320,9,575,0.0707729983353,0.615776908305,32,104,false
L19_SEED_4,320,9,600,0.0670262125118,0.627794064864,32,104,false
L19_SEED_4,320,9,625,0.0635647876906,0.639654215163,32,104,false
L19_SEED_4,320,9,650,0.0603607014565,0.65135354969,32,104,false
L19_SEED_4,320,9,675,0.0573892826244,0.662889283835,32,104,false
L19_SEED_4,320,9,700,0.0546287340975,0.674259599132,32,104,false
L19_SEED_4,320,9,725,0.0520597358391,0.685463581492,32,104,false
L19_SEED_4,320,9,750,0.0496651124123,0.696501140021,32,104,false
L19_SEED_4,320,9,775,0.047429552855,0.707372910512,32,104,false
L19_SEED_4,320,9,800,0.0453393732639,0.71808015275,32,104,false
L19_SEED_4,320,9,825,0.0433823144873,0.728624649548,32,104,false
L19_SEED_4,320,9,850,0.0415473688908,0.739008612739,32,104,false
L19_SEED_4,320,9,875,0.0398246313602,0.749234598806,32,104,false
L19_SEED_4,320,9,900,0.038205170642,0.75930543512,32,104,false
L19_SEED_4,320,9,925,0.0366809178447,0.769224156572,32,104,false
L19_SEED_4,320,9,950,0.0352445694968,0.778993951875,32,104,false
L19_SEED_4,320,9,975,0.0338895030077,0.788618118477,32,104,false
L19_SEED_4,320,9,1000,0.0326097027426,0.798100024993,32,104,false
L19_SEED_4,320,9,1025,0.031399695212,0.80744308011,32,104,false
L19_SEED_4,320,9,1050,0.030254492116,0.816650706986,32,104,false
L19_SEED_4,320,9,1075,0.0291695401782,0.825726322291,32,104,false
L19_SEED_4,320,9,1100,0.0281406768651,0.834673319177,32,104,false
L19_SEED_4,320,9,1125,0.0271640912197,0.84349505351,32,104,false
L19_SEED_4,320,9,1150,0.0262362891519,0.852194832873,32,104,false
L19_SEED_4,320,9,1175,0.0253540626199,0.86077590786,32,104,false
L19_SEED_4,320,9,1200,0.0245144622166,0.869241465299,32,104,false
L19_SEED_4,320,9,1225,0.0237147727419,0.87759462308,32,104,false
L19_SEED_4,320,9,1250,0.0229524913993,0.885838426326,32,104,false
L19_SEED_4,320,9,1275,0.0222253083013,0.893975844678,32,104,false
L19_SEED_4,320,9,1300,0.0215310890125,0.902009770509,32,104,false
L19_SEED_4,320,9,1325,0.020867858892,0.909943017905,32,104,false
L19_SEED_4,320,9,1350,0.0202337890281,0.917778322278,32,104,false
L19_SEED_4,320,9,1375,0.019627183586,0.925518340507,32,104,false
L19_SEED_4,320,9,1400,0.0190464684078,0.933165651497,32,104,false
L19_SEED_4,320,9,1425,0.0184901807284,0.940722757086,32,104,false
L19_SEED_4,320,9,1450,0.017956959884,0.948192083237,32,104,false
L19_SEED_4,320,9,1475,0.0174455389069,0.955575981436,32,104,false
L19_SEED_4,320,9,1500,0.0169547369107,0.962876730274,32,104,false
L19_SEED_4,320,9,1525,0.0164834521851,0.970096537156,32,104,false
L19_SEED_4,320,9,1550,0.016030655923,0.977237540107,32,104,false
L19_SEED_4,320,9,1575,0.0155953865187,0.984301809648,32,104,false
L19_SEED_4,320,9,1600,0.0151767443757,0.991291350719,32,104,false
L19_SEED_4,320,9,1625,0.0147738871749,0.998208104625,32,104,false
L19_SEED_4,320,9,1650,0.0143860255574,1.00505395099,32,104,false
L19_SEED_4,320,9,1675,0.0140124191799,1.01183070971,32,104,false
L19_SEED_4,320,9,1700,0.0136523731079,1.01854014288,32,104,false
L19_SEED_4,320,9,1725,0.0133052345137,1.02518395672,32,104,false
L19_SEED_4,320,9,1750,0.0129703896501,1.03176380346,32,104,false
L19_SEED_4,320,9,1775,0.0126472610741,1.03828128315,32,104,false
L19_SEED_4,320,9,1800,0.0123353050976,1.04473794548,32,104,false
L19_SEED_4,320,9,1825,0.012034009444,1.05113529154,32,104,false
L19_SEED_4,320,9,1850,0.0117428910915,1.05747477552,32,104,false
L19_SEED_4,320,9,1875,0.0114614942879,1.06375780637,32,104,false
L19_SEED_4,320,9,1900,0.0111893887195,1.0699857494,32,104,false
L19_SEED_4,320,9,1925,0.0109261678223,1.07615992784,32,104,false
L19_SEED_4,320,9,1950,0.010671447222,1.08228162434,32,103,false
L19_SEED_4,320,9,1975,0.0104248632925,1.08835208245,32,103,false
L19_SEED_4,320,9,2000,0.0101860718221,1.09437250797,32,103,false
L19_SEED_4,320,10,0,3.52081129053,3.53912911878,0,0,false
L19_SEED_4,320,10,25,1.17365479927,1.24303361736,26,114,false
L19_SEED_4,320,10,50,0.590120256317,0.717031732215,28,132,false
L19_SEED_4,320,10,75,0.414719497389,0.576969153469,29,127,false
L19_SEED_4,320,10,100,0.33137537874,0.521700994732,29,127,false
L19_SEED_4,320,10,125,0.280367043266,0.496132311112,29,127,false
L19_SEED_4,320,10,150,0.244435094014,0.485568895835,29,127,false
L19_SEED_4,320,10,175,0.216935249923,0.483629008887,30,120,true
L19_SEED_4,320,10,200,0.194769644376,0.487054177711,31,115,false
L19_SEED_4,320,10,225,0.176295230537,0.494050749439,31,115,false
L19_SEED_4,320,10,250,0.160549652047,0.503453961231,31,115,false
L19_SEED_4,320,10,275,0.146921277089,0.514501034358,31,115,false
L19_SEED_4,320,10,300,0.134994060858,0.526671693046,32,104,false
L19_SEED_4,320,10,325,0.124468839728,0.539599030656,32,104,false
L19_SEED_4,320,10,350,0.115120725105,0.553018094002,32,104,false
L19_SEED_4,320,10,375,0.106774655895,0.566733206147,32,104,false
L19_SEED_4,320,10,400,0.0992906034579,0.580597093849,32,104,false
L19_SEED_4,320,10,425,0.0925541700042,0.59449731714,32,104,false
L19_SEED_4,320,10,450,0.0864703422515,0.608347237075,32,104,false
L19_SEED_4,320,10,475,0.080959172557,0.622079989328,32,104,false
L19_SEED_4,320,10,500,0.0759526876277,0.63564447188,32,104,false
L19_SEED_4,320,10,525,0.0713926111706,0.649002645802,32,104,false
L19_SEED_4,320,10,550,0.0672286463861,0.66212761639,32,104,false
L19_SEED_4,320,10,575,0.0634171548693,0.675002083088,32,104,false
L19_SEED_4,320,10,600,0.059920121267,0.687616875037,32,104,false
L19_SEED_4,320,10,625,0.0567043255272,0.699969435596,32,103,false
L19_SEED_4,320,10,650,0.0537406666963,0.712062258855,32,103,false
L19_SEED_4,320,10,675,0.0510035988171,0.723901375829,32,103,false
L19_SEED_4,320,10,700,0.04847065226,0.735495015231,32,103,false
L19_SEED_4,320,10,725,0.0461220230907,0.74685253178,32,103,false
L19_SEED_4,320,10,750,0.0439402190886,0.757983634629,32,103,false
L19_SEED_4,320,10,775,0.0419097544278,0.768897892353,32,103,false
L19_SEED_4,320,10,800,0.0400168867311,0.77960445739,32,103,false
L19_SEED_4,320,10,825,0.0382493910358,0.790111943856,32,103,false
L19_SEED_4,320,10,850,0.0365963657237,0.800428400362,32,103,false
L19_SEED_4,320,10,875,0.0350480659192,0.810561334216,32,103,false
L19_SEED_4,320,10,900,0.0335957603513,0.820517758423,32,103,false
L19_SEED_4,320,10,925,0.0322316081737,0.83030424477,32,103,false
L19_SEED_4,320,10,950,0.0309485527327,0.839926974439,32,103,false
L19_SEED_4,320,10,975,0.0297402297266,0.849391782585,32,103,false
L19_SEED_4,320,10,1000,0.0286008875985,0.858704195983,32,103,false
L19_SEED_4,320,10,1025,0.0275253183521,0.867869464194,32,103,false
L19_SEED_4,320,10,1050,0.0265087972664,0.876892585197,32,103,false
L19_SEED_4,320,10,1075,0.0255470302332,0.885778326514,32,103,false
L19_SEED_4,320,10,1100,0.024636107638,0.894531242781,32,103,false
L19_SEED_4,320,10,1125,0.0237724638758,0.903155690558,32,103,false
L19_SEED_4,320,10,1150,0.0229528417318,0.911655841008,32,103,false
L19_SEED_4,320,10,1175,0.0221742609734,0.920035690921,32,103,false
L19_SEED_4,320,10,1200,0.0214339905959,0.928299072463,32,103,false
L19_SEED_4,320,10,1225,0.0207295242465,0.936449661922,32,103,false
L19_SEED_4,320,10,1250,0.02005855842,0.944490987644,32,103,false
L19_SEED_4,320,10,1275,0.0194189730751,0.952426437332,32,103,false
L19_SEED_4,320,10,1300,0.0188088143712,0.960259264794,32,103,false
L19_SEED_4,320,10,1325,0.0182262792662,0.967992596254,32,103,false
L19_SEED_4,320,10,1350,0.0176697017489,0.975629436257,32,103,false
L19_SEED_4,320,10,1375,0.0171375405135,0.983172673245,32,103,false
L19_SEED_4,320,10,1400,0.0166283679057,0.99062508482,32,103,false
L19_SEED_4,320,10,1425,0.0161408599927,0.997989342732,32,103,false
L19_SEED_4,320,10,1450,0.0156737876301,1.00526801761,32,103,false
L19_SEED_4,320,10,1475,0.0152260084127,1.01246358348,32,103,false
L19_SEED_4,320,10,1500,0.0147964594105,1.019578422,32,103,false
L19_SEED_4,320,10,1525,0.0143841506048,1.0266148266,32,103,false
L19_SEED_4,320,10,1550,0.0139881589472,1.03357500628,32,103,false
L19_SEED_4,320,10,1575,0.0136076229765,1.04046108938,32,103,false
L19_SEED_4,320,10,1600,0.0132417379333,1.04727512703,32,103,false
L19_SEED_4,320,10,1625,0.0128897513213,1.05401909657,32,103,false
L19_SEED_4,320,10,1650,0.0125509588688,1.06069490469,32,103,false
L19_SEED_4,320,10,1675,0.01222470085,1.06730439049,32,103,false
L19_SEED_4,320,10,1700,0.01191035873,1.07384932837,32,103,false
L19_SEED_4,320,10,1725,0.0116073521012,1.08033143083,32,103,false
L19_SEED_4,320,10,1750,0.0113151358824,1.08675235105,32,103,false
L19_SEED_4,320,10,1775,0.0110331977563,1.09311368543,32,103,false
L19_SEED_4,320,10,1800,0.0107610558203,1.09941697598,32,103,false
L19_SEED_4,320,10,1825,0.0104982564332,1.10566371257,32,103,false
L19_SEED_4,320,10,1850,0.0102443722373,1.11185533513,32,103,false
L19_SEED_4,320,10,1875,0.0099990003405,1.1179932357,32,103,false
L19_SEED_4,320,10,1900,0.00976176064434,1.12407876042,32,103,false
L19_SEED_4,320,10,1925,0.00953229430343,1.13011321137,32,103,false
L19_SEED_4,320,10,1950,0.00931026230594,1.13609784841,32,103,false
L19_SEED_4,320,10,1975,0.00909534416345,1.14203389086,32,103,false
L19_SEED_4,320,10,2000,0.0088872367012,1.14792251911,32,103,false
L19_SEED_4,320,11,0,3.51402245922,3.53151598405,0,0,false
L19_SEED_4,320,11,25,1.17027694735,1.24809004892,26,117,false
L19_SEED_4,320,11,50,0.567270731255,0.721898595542,28,125,false
L19_SEED_4,320,11,75,0.387819334165,0.589353817518,29,126,false
L19_SEED_4,320,11,100,0.305783434929,0.540361142567,29,126,false
L19_SEED_4,320,11,125,0.256393893143,0.522274610494,29,126,false
L19_SEED_4,320,11,150,0.221806454004,0.519198032471,30,120,true
L19_SEED_4,320,11,175,0.195455512466,0.52426235969,31,114,false
L19_SEED_4,320,11,200,0.174333125902,0.534185409334,31,114,false
L19_SEED_4,320,11,225,0.15684417961,0.547072028484,31,114,false
L19_SEED_4,320,11,250,0.142046933446,0.561781500039,32,103,false
L19_SEED_4,320,11,275,0.129336569579,0.5775948312,32,102,false
L19_SEED_4,320,11,300,0.118297554629,0.59403872509,32,102,false
L19_SEED_4,320,11,325,0.108628702597,0.610796071079,32,102,false
L19_SEED_4,320,11,350,0.100102418697,0.627649632848,32,102,false
L19_SEED_4,320,11,375,0.0925411469513,0.644449156665,32,103,false
L19_SEED_4,320,11,400,0.085802981707,0.661090379135,32,103,false
L19_SEED_4,320,11,425,0.079772413286,0.677501251584,32,103,false
L19_SEED_4,320,11,450,0.0743540897072,0.693632704067,32,97,false
L19_SEED_4,320,11,475,0.0694684328425,0.709452262519,32,97,false
L19_SEED_4,320,11,500,0.0650484457382,0.724939554525,32,98,false
L19_SEED_4,320,11,525,0.0610373171995,0.740083085921,32,98,false
L19_SEED_4,320,11,550,0.0573865804298,0.754877894778,32,98,false
L19_SEED_4,320,11,575,0.0540546697314,0.769323823389,32,98,false
L19_SEED_4,320,11,600,0.0510057714763,0.783424234139,32,98,false
L19_SEED_4,320,11,625,0.0482088978871,0.797185049225,32,98,false
L19_SEED_4,320,11,650,0.045637132865,0.810614029447,32,98,false
L19_SEED_4,320,11,675,0.0432670128051,0.82372023085,32,98,false
L19_SEED_4,320,11,700,0.0410780146956,0.836513594116,32,98,false
L19_SEED_4,320,11,725,0.0390521303813,0.849004633098,32,98,false
L19_SEED_4,320,11,750,0.0371735106251,0.861204197336,32,98,false
L19_SEED_4,320,11,775,0.0354281661181,0.873123289795,32,98,false
L19_SEED_4,320,11,800,0.0338037152428,0.884772925965,32,98,false
L19_SEED_4,320,11,825,0.0322891704252,0.896164024229,32,98,false
L19_SEED_4,320,11,850,0.0308747564963,0.907307320268,32,98,false
L19_SEED_4,320,11,875,0.0295517557236,0.918213300344,32,98,false
L19_SEED_4,320,11,900,0.0283123751589,0.928892149841,32,98,false
L19_SEED_4,320,11,925,0.0271496327319,0.939353714411,32,98,false
L19_SEED_4,320,11,950,0.0260572591524,0.949607471786,32,98,false
L19_SEED_4,320,11,975,0.0250296131887,0.959662512701,32,98,false
L19_SEED_4,320,11,1000,0.0240616083032,0.969527529606,32,98,false
L19_SEED_4,320,11,1025,0.0231486489617,0.979210812036,32,98,false
L19_SEED_4,320,11,1050,0.022286575205,0.98872024756,32,98,false
L19_SEED_4,320,11,1075,0.0214716142984,0.998063327328,32,98,false
L19_SEED_4,320,11,1100,0.0207003384606,1.00724715531,32,98,false
L19_SEED_4,320,11,1125,0.0199696278246,1.01627846042,32,98,false
L19_SEED_4,320,11,1150,0.0192766379156,1.02516361071,32,98,false
L19_SEED_4,320,11,1175,0.0186187710337,1.03390862911,32,98,false
L19_SEED_4,320,11,1200,0.0179936510238,1.04251921008,32,98,false
L19_SEED_4,320,11,1225,0.0173991009842,1.05100073669,32,98,false
L19_SEED_4,320,11,1250,0.0168331235364,1.05935829787,32,98,false
L19_SEED_4,320,11,1275,0.016293883326,1.06759670541,32,98,false
L19_SEED_4,320,11,1300,0.0157796914753,1.07572051058,32,98,false
L19_SEED_4,320,11,1325,0.0152889917432,1.08373402016,32,98,false
L19_SEED_4,320,11,1350,0.014820348184,1.09164131179,32,98,false
L19_SEED_4,320,11,1375,0.0143724341222,1.09944624851,32,98,false
L19_SEED_4,320,11,1400,0.0139440222882,1.10715249254,32,98,false
L19_SEED_4,320,11,1425,0.0135339759754,1.11476351823,32,98,false
L19_SEED_4,320,11,1450,0.0131412411026,1.12228262419,32,98,false
L19_SEED_4,320,11,1475,0.0127648390749,1.12971294459,32,98,false
L19_SEED_4,320,11,1500,0.0124038603561,1.13705745969,32,98,false
L19_SEED_4,320,11,1525,0.0120574586696,1.14431900574,32,98,false
L19_SEED_4,320,11,1550,0.0117248457613,1.15150028401,32,98,false
L19_SEED_4,320,11,1575,0.0114052866617,1.15860386927,32,98,false
L19_SEED_4,320,11,1600,0.011098095394,1.16563221769,32,98,false
L19_SEED_4,320,11,1625,0.0108026310812,1.17258767406,32,98,false
L19_SEED_4,320,11,1650,0.0105182944101,1.17947247854,32,98,false
L19_SEED_4,320,11,1675,0.0102445244151,1.18628877298,32,98,false
L19_SEED_4,320,11,1700,0.00998079554979,1.19303860664,32,98,false
L19_SEED_4,320,11,1725,0.00972661501693,1.19972394163,32,98,false
L19_SEED_4,320,11,1750,0.00948152033062,1.2063466579,32,98,false
L19_SEED_4,320,11,1775,0.0092450770888,1.21290855788,32,97,false
L19_SEED_4,320,11,1800,0.00901687693481,1.21941137081,32,97,false
L19_SEED_4,320,11,1825,0.0087965356903,1.22585675674,32,97,false
L19_SEED_4,320,11,1850,0.00858369164292,1.2322463103,32,97,false
L19_SEED_4,320,11,1875,0.00837800397453,1.23858156415,32,97,false
L19_SEED_4,320,11,1900,0.00817915131672,1.24486399229,32,97,false
L19_SEED_4,320,11,1925,0.00798683042202,1.25109501305,32,97,false
L19_SEED_4,320,11,1950,0.00780075494038,1.25727599195,32,97,false
L19_SEED_4,320,11,1975,0.00762065429131,1.26340824435,32,97,false
L19_SEED_4,320,11,2000,0.00744627262339,1.26949303793,32,97,false
L19_SEED_4,320,12,0,3.51983803539,3.54088595153,1,0,false
L19_SEED_4,320,12,25,1.1545096445,1.29316713231,28,114,false
L19_SEED_4,320,12,50,0.536021009795,0.759551605158,29,119,false
L19_SEED_4,320,12,75,0.361655204231,0.635488377127,29,124,false
L19_SEED_4,320,12,100,0.283200931618,0.59586940476,29,124,false
L19_SEED_4,320,12,125,0.235890272404,0.586158738907,30,118,true
L19_SEED_4,320,12,150,0.202760193289,0.59073646486,31,113,false
L19_SEED_4,320,12,175,0.177614787345,0.603056906857,31,113,false
L19_SEED_4,320,12,200,0.157590038002,0.61981032009,32,101,false
L19_SEED_4,320,12,225,0.141142138038,0.639174820126,32,101,false
L19_SEED_4,320,12,250,0.127343657363,0.660004975694,32,100,false
L19_SEED_4,320,12,275,0.115590062021,0.681566361561,32,100,false
L19_SEED_4,320,12,300,0.105461831116,0.703384138166,32,99,false
L19_SEED_4,320,12,325,0.0966535758486,0.725145613964,32,99,false
L19_SEED_4,320,12,350,0.0889347921927,0.746646885837,32,99,false
L19_SEED_4,320,12,375,0.0821266699908,0.767758392776,32,99,false
L19_SEED_4,320,12,400,0.0760875727924,0.788401684469,32,99,false
L19_SEED_4,320,12,425,0.0707034710959,0.808533175145,32,99,false
L19_SEED_4,320,12,450,0.0658813591381,0.828132738899,32,99,false
L19_SEED_4,320,12,475,0.0615445599421,0.847195720686,32,100,false
L19_SEED_4,320,12,500,0.057629279886,0.865727402102,32,100,false
L19_SEED_4,320,12,525,0.0540820222459,0.883739234286,32,100,false
L19_SEED_4,320,12,550,0.0508576099684,0.901246321742,32,100,false
L19_SEED_4,320,12,575,0.0479176515086,0.918265774073,32,100,false
L19_SEED_4,320,12,600,0.0452293354566,0.934815647941,32,100,false
L19_SEED_4,320,12,625,0.0427644732255,0.950914283117,32,100,false
L19_SEED_4,320,12,650,0.0404987315255,0.966579897441,32,100,false
L19_SEED_4,320,12,675,0.0384110117998,0.981830349182,32,94,false
L19_SEED_4,320,12,700,0.0364829446702,0.996683005665,32,94,false
L19_SEED_4,320,12,725,0.034698475237,1.0111546777,32,94,false
L19_SEED_4,320,12,750,0.0330435207616,1.02526159324,32,94,false
L19_SEED_4,320,12,775,0.0315056864519,1.03901939306,32,94,false
L19_SEED_4,320,12,800,0.0300740282173,1.05244313751,32,94,false
L19_SEED_4,320,12,825,0.0287388536324,1.06554731776,32,94,false
L19_SEED_4,320,12,850,0.0274915541674,1.07834586769,32,94,false
L19_SEED_4,320,12,875,0.0263244631462,1.09085217468,32,94,false
L19_SEED_4,320,12,900,0.0252307349841,1.10307908874,32,94,false
L19_SEED_4,320,12,925,0.0242042421114,1.11503893004,32,94,false
L19_SEED_4,320,12,950,0.0232394866669,1.12674349567,32,94,false
L19_SEED_4,320,12,975,0.0223315245791,1.13820406605,32,94,false
L19_SEED_4,320,12,1000,0.0214759000821,1.14943141204,32,94,false
L19_SEED_4,320,12,1025,0.0206685890563,1.16043580294,32,93,false
L19_SEED_4,320,12,1050,0.0199059498592,1.17122701617,32,93,false
L19_SEED_4,320,12,1075,0.0191846805396,1.18181434858,32,93,false
L19_SEED_4,320,12,1100,0.0185017815057,1.19220662946,32,93,false
L19_SEED_4,320,12,1125,0.0178545228727,1.20241223531,32,93,false
L19_SEED_4,320,12,1150,0.0172404158324,1.21243910602,32,93,false
L19_SEED_4,320,12,1175,0.0166571874934,1.22229476222,32,93,false
L19_SEED_4,320,12,1200,0.0161027587221,1.23198632356,32,93,false
L19_SEED_4,320,12,1225,0.0155752245839,1.24152052758,32,93,false
L19_SEED_4,320,12,1250,0.0150728370453,1.25090374882,32,93,false
L19_SEED_4,320,12,1275,0.0145939896439,1.26014201801,32,93,false
L19_SEED_4,320,12,1300,0.0141372038769,1.26924104105,32,93,false
L19_SEED_4,320,12,1325,0.013701117091,1.27820621754,32,92,false
L19_SEED_4,320,12,1350,0.0132844716906,1.28704265882,32,92,false
L19_SEED_4,320,12,1375,0.0128861055011,1.29575520527,32,92,false
L19_SEED_4,320,12,1400,0.0125049431497,1.30434844293,32,92,false
L19_SEED_4,320,12,1425,0.012139988344,1.31282671925,32,92,false
L19_SEED_4,320,12,1450,0.0117903169407,1.32119415799,32,92,false
L19_SEED_4,320,12,1475,0.0114550707164,1.32945467333,32,92,false
L19_SEED_4,320,12,1500,0.0111334517585,1.33761198305,32,92,false
L19_SEED_4,320,12,1525,0.0108247174071,1.34566962092,32,92,false
L19_SEED_4,320,12,1550,0.0105281756876,1.35363094831,32,92,false
L19_SEED_4,320,12,1575,0.010243181179,1.36149916495,32,92,false
L19_SEED_4,320,12,1600,0.00996913127213,1.36927731901,32,92,false
L19_SEED_4,320,12,1625,0.00970546277595,1.37696831651,32,92,false
L19_SEED_4,320,12,1650,0.00945164883479,1.38457492998,32,92,false
L19_SEED_4,320,12,1675,0.009207196125,1.39209980662,32,93,false
L19_SEED_4,320,12,1700,0.00897164230201,1.39954547581,32,93,false
L19_SEED_4,320,12,1725,0.00874455367254,1.40691435612,32,93,false
L19_SEED_4,320,12,1750,0.00852552306962,1.41420876182,32,93,false
L19_SEED_4,320,12,1775,0.00831416791015,1.4214309089,32,93,false
L19_SEED_4,320,12,1800,0.00811012841751,1.42858292077,32,93,false
L19_SEED_4,320,12,1825,0.00791306599317,1.43566683343,32,93,false
L19_SEED_4,320,12,1850,0.00772266172313,1.44268460038,32,93,false
L19_SEED_4,320,12,1875,0.00753861500665,1.44963809713,32,93,false
L19_SEED_4,320,12,1900,0.00736064229583,1.45652912545,32,93,false
L19_SEED_4,320,12,1925,0.00718847593583,1.46335941735,32,93,false
L19_SEED_4,320,12,1950,0.00702186309677,1.47013063868,32,93,false
L19_SEED_4,320,12,1975,0.00686056478892,1.47684439266,32,93,false
L19_SEED_4,320,12,2000,0.0067043549539,1.48350222304,32,93,false
L19_SEED_4,320,13,0,3.51707108299,3.54147259803,0,0,false
L19_SEED_4,320,13,25,1.1434457594,1.32498916697,28,113,false
L19_SEED_4,320,13,50,0.527699575729,0.801895200956,29,118,false
L19_SEED_4,320,13,75,0.353446711418,0.691562988426,29,118,false
L19_SEED_4,320,13,100,0.274893264402,0.660725322925,30,111,false
L19_SEED_4,320,13,125,0.227774110757,0.657543474864,30,117,true
L19_SEED_4,320,13,150,0.195082147644,0.668102935402,31,111,false
L19_SEED_4,320,13,175,0.170507348905,0.685636528097,31,111,false
L19_SEED_4,320,13,200,0.151103118359,0.706994182082,32,99,false
L19_SEED_4,320,13,225,0.135275132129,0.730469476266,32,99,false
L19_SEED_4,320,13,250,0.122067796788,0.754982512456,32,98,false
L19_SEED_4,320,13,275,0.110862420921,0.779865180174,32,98,false
L19_SEED_4,320,13,300,0.101233657341,0.80469146219,32,98,false
L19_SEED_4,320,13,325,0.0928751159648,0.829192445461,32,98,false
L19_SEED_4,320,13,350,0.0855580236534,0.85320530523,32,98,false
L19_SEED_4,320,13,375,0.0791067781777,0.876638511968,32,98,false
L19_SEED_4,320,13,400,0.073383656003,0.899447632033,32,98,false
L19_SEED_4,320,13,425,0.0682787627701,0.921618344371,32,99,false
L19_SEED_4,320,13,450,0.063703153575,0.943154792544,32,99,false
L19_SEED_4,320,13,475,0.0595839675059,0.964071889598,32,99,false
L19_SEED_4,320,13,500,0.0558608968221,0.984390426993,32,99,false
L19_SEED_4,320,13,525,0.0524835702322,1.00413407476,32,99,false
L19_SEED_4,320,13,550,0.0494095787604,1.0233275964,32,98,false
L19_SEED_4,320,13,575,0.0466029630624,1.04199581398,32,98,false
L19_SEED_4,320,13,600,0.0440330382412,1.06016302357,32,98,false
L19_SEED_4,320,13,625,0.0416734695705,1.07785267651,32,98,false
L19_SEED_4,320,13,650,0.0395015375317,1.09508721626,32,98,false
L19_SEED_4,320,13,675,0.0374975476189,1.11188800626,32,98,false
L19_SEED_4,320,13,700,0.0356443522049,1.12827531118,32,98,false
L19_SEED_4,320,13,725,0.033926960107,1.14426830959,32,98,false
L19_SEED_4,320,13,750,0.0323322154732,1.15988512525,32,98,false
L19_SEED_4,320,13,775,0.0308485319545,1.17514286889,32,98,false
L19_SEED_4,320,13,800,0.0294656713282,1.19005768602,32,98,false
L19_SEED_4,320,13,825,0.0281745581282,1.20464480745,32,96,false
L19_SEED_4,320,13,850,0.0269671236375,1.21891860076,32,96,false
L19_SEED_4,320,13,875,0.0258361739746,1.23289262126,32,96,false
L19_SEED_4,320,13,900,0.0247752780621,1.24657966178,32,96,false
L19_SEED_4,320,13,925,0.0237786720915,1.25999180059,32,96,false
L19_SEED_4,320,13,950,0.0228411777395,1.27314044714,32,96,false
L19_SEED_4,320,13,975,0.0219581319025,1.28603638554,32,96,false
L19_SEED_4,320,13,1000,0.0211253261193,1.29868981548,32,96,false
L19_SEED_4,320,13,1025,0.0203389541758,1.31111039063,32,96,false
L19_SEED_4,320,13,1050,0.0195955666464,1.32330725472,32,96,false
L19_SEED_4,320,13,1075,0.0188920313379,1.335289075,32,96,false
L19_SEED_4,320,13,1100,0.0182254987713,1.34706407357,32,96,false
L19_SEED_4,320,13,1125,0.0175933719804,1.35864005633,32,96,false
L19_SEED_4,320,13,1150,0.0169932800178,1.37002443989,32,96,false
L19_SEED_4,320,13,1175,0.0164230546567,1.38122427653,32,96,false
L19_SEED_4,320,13,1200,0.0158807098542,1.3922462772,32,97,false
L19_SEED_4,320,13,1225,0.0153644236067,1.40309683284,32,97,false
L19_SEED_4,320,13,1250,0.0148725218847,1.41378203412,32,97,false
L19_SEED_4,320,13,1275,0.0144034643776,1.42430768956,32,97,false
L19_SEED_4,320,13,1300,0.013955831819,1.43467934238,32,97,false
L19_SEED_4,320,13,1325,0.0135283146954,1.44490228605,32,97,false
L19_SEED_4,320,13,1350,0.0131197031672,1.45498157864,32,97,false
L19_SEED_4,320,13,1375,0.0127288780563,1.46492205609,32,97,false
L19_SEED_4,320,13,1400,0.0123548027723,1.47472834458,32,97,false
L19_SEED_4,320,13,1425,0.0119965160673,1.48440487189,32,97,false
L19_SEED_4,320,13,1450,0.0116531255231,1.49395587803,32,97,false
L19_SEED_4,320,13,1475,0.0113238016882,1.5033854251,32,97,false
L19_SEED_4,320,13,1500,0.0110077727896,1.51269740643,32,97,false
L19_SEED_4,320,13,1525,0.010704319958,1.52189555518,32,97,false
L19_SEED_4,320,13,1550,0.0104127729086,1.53098345231,32,97,false
L19_SEED_4,320,13,1575,0.0101325060286,1.53996453408,32,97,false
L19_SEED_4,320,13,1600,0.00986293482885,1.54884209901,32,97,false
L19_SEED_4,320,13,1625,0.00960351272072,1.55761931455,32,97,false
L19_SEED_4,320,13,1650,0.00935372808478,1.56629922319,32,97,false
L19_SEED_4,320,13,1675,0.00911310160132,1.57488474836,32,97,false
L19_SEED_4,320,13,1700,0.00888118381643,1.58337869987,32,97,false
L19_SEED_4,320,13,1725,0.00865755292004,1.59178377918,32,97,false
L19_SEED_4,320,13,1750,0.008441812715,1.60010258427,32,97,false
L19_SEED_4,320,13,1775,0.00823359075884,1.6083376143,32,97,false
L19_SEED_4,320,13,1800,0.0080325366614,1.61649127407,32,97,false
L19_SEED_4,320,13,1825,0.00783832052361,1.62456587818,32,97,false
L19_SEED_4,320,13,1850,0.00765063150423,1.63256365502,32,97,false
L19_SEED_4,320,13,1875,0.00746917650266,1.64048675057,32,97,false
L19_SEED_4,320,13,1900,0.0072936789471,1.64833723199,32,97,false
L19_SEED_4,320,13,1925,0.0071238776787,1.65611709107,32,97,false
L19_SEED_4,320,13,1950,0.0069595259229,1.66382824747,32,97,false
L19_SEED_4,320,13,1975,0.00680039034038,1.67147255186,32,97,false
L19_SEED_4,320,13,2000,0.00664625015062,1.67905178888,32,97,false
L19_SEED_4,320,14,0,3.51482885928,3.5407780442,0,0,false
L19_SEED_4,320,14,25,1.14121086748,1.37626106969,28,107,false
L19_SEED_4,320,14,50,0.517518865182,0.848049663088,29,118,false
L19_SEED_4,320,14,75,0.343224786606,0.754607565751,29,117,false
L19_SEED_4,320,14,100,0.265041944156,0.728797115469,30,111,true
L19_SEED_4,320,14,125,0.218344369316,0.731007702636,30,110,false
L19_SEED_4,320,14,150,0.186137761345,0.745941702617,31,104,false
L19_SEED_4,320,14,175,0.162099866352,0.767222453831,32,92,false
L19_SEED_4,320,14,200,0.143261063585,0.791783667814,32,92,false
L19_SEED_4,320,14,225,0.128003931749,0.817908282981,32,92,false
L19_SEED_4,320,14,250,0.115353758503,0.844571766616,32,92,false
L19_SEED_4,320,14,275,0.104678104397,0.87118934709,32,92,false
L19_SEED_4,320,14,300,0.0955432884255,0.897430397081,32,92,false
L19_SEED_4,320,14,325,0.087639132906,0.923117549258,32,92,false
L19_SEED_4,320,14,350,0.0807363453693,0.948163841037,32,92,false
L19_SEED_4,320,14,375,0.0746608388222,0.97253337553,32,93,false
L19_SEED_4,320,14,400,0.0692774893069,0.996218530479,32,99,false
L19_SEED_4,320,14,425,0.0644794575545,1.01922726228,32,97,false
L19_SEED_4,320,14,450,0.0601809375835,1.04157611912,32,97,false
L19_SEED_4,320,14,475,0.0563120917942,1.06328636407,32,97,false
L19_SEED_4,320,14,500,0.0528154243197,1.08438174792,32,97,false
L19_SEED_4,320,14,525,0.0496431266968,1.10488717493,32,97,false
L19_SEED_4,320,14,550,0.0467550973445,1.12482787094,32,97,false
L19_SEED_4,320,14,575,0.0441174385133,1.14422885099,32,97,false
L19_SEED_4,320,14,600,0.0417012984114,1.16311457533,32,97,false
L19_SEED_4,320,14,625,0.03948196736,1.18150872962,32,97,false
L19_SEED_4,320,14,650,0.0374381639091,1.19943408959,32,97,false
L19_SEED_4,320,14,675,0.0355514650395,1.21691244407,32,97,false
L19_SEED_4,320,14,700,0.0338058470675,1.23396455892,32,97,false
L19_SEED_4,320,14,725,0.0321873125873,1.25061016931,32,97,false
L19_SEED_4,320,14,750,0.0306835849802,1.26686799181,32,97,false
L19_SEED_4,320,14,775,0.0292838564931,1.28275574976,32,97,false
L19_SEED_4,320,14,800,0.0279785791509,1.29829020757,32,96,false
L19_SEED_4,320,14,825,0.0267592901939,1.31348721057,32,96,false
L19_SEED_4,320,14,850,0.0256184655398,1.32836172806,32,96,false
L19_SEED_4,320,14,875,0.024549396152,1.34292789792,32,96,false
L19_SEED_4,320,14,900,0.0235460832379,1.35719907151,32,96,false
L19_SEED_4,320,14,925,0.0226031490232,1.37118785803,32,96,false
L19_SEED_4,320,14,950,0.021715760472,1.38490616781,32,96,false
L19_SEED_4,320,14,975,0.0208795638229,1.398365254,32,96,false
L19_SEED_4,320,14,1000,0.0200906282052,1.4115757526,32,96,false
L19_SEED_4,320,14,1025,0.0193453969058,1.42454772049,32,96,false
L19_SEED_4,320,14,1050,0.0186406451141,1.43729067155,32,96,false
L19_SEED_4,320,14,1075,0.0179734431702,1.4498136107,32,96,false
L19_SEED_4,320,14,1100,0.0173411245053,1.46212506603,32,96,false
L19_SEED_4,320,14,1125,0.0167412575973,1.47423311889,32,96,false
L19_SEED_4,320,14,1150,0.0161716213737,1.48614543219,32,96,false
L19_SEED_4,320,14,1175,0.0156301835826,1.49786927682,32,96,false
L19_SEED_4,320,14,1200,0.0151150817269,1.50941155642,32,96,false
L19_SEED_4,320,14,1225,0.0146246062188,1.52077883045,32,96,false
L19_SEED_4,320,14,1250,0.0141571854629,1.53197733572,32,90,false
L19_SEED_4,320,14,1275,0.0137113726175,1.54301300651,32,84,false
L19_SEED_4,320,14,1300,0.0132858338216,1.55389149326,32,84,false
L19_SEED_4,320,14,1325,0.0128793377042,1.56461818002,32,84,false
L19_SEED_4,320,14,1350,0.0124907460176,1.57519820065,32,84,false
L19_SEED_4,320,14,1375,0.0121190052589,1.58563645392,32,84,false
L19_SEED_4,320,14,1400,0.0117631391622,1.59593761759,32,84,false
L19_SEED_4,320,14,1425,0.0114222419585,1.60610616142,32,84,false
L19_SEED_4,320,14,1450,0.0110954723153,1.61614635939,32,84,false
L19_SEED_4,320,14,1475,0.0107820478781,1.62606230093,32,84,false
L19_SEED_4,320,14,1500,0.0104812403457,1.63585790155,32,84,false
L19_SEED_4,320,14,1525,0.0101923710213,1.6455369125,32,84,false
L19_SEED_4,320,14,1550,0.00991480678667,1.65510293,32,84,false
L19_SEED_4,320,14,1575,0.00964795645355,1.66455940365,32,84,false
L19_SEED_4,320,14,1600,0.00939126745356,1.67390964436,32,84,false
L19_SEED_4,320,14,1625,0.00914422282967,1.68315683174,32,84,false
L19_SEED_4,320,14,1650,0.00890633849906,1.69230402093,32,84,false
L19_SEED_4,320,14,1675,0.00867716075916,1.70135414904,32,84,false
L19_SEED_4,320,14,1700,0.00845626401269,1.7103100411,32,84,false
L19_SEED_4,320,14,1725,0.00824324868979,1.71917441572,32,84,false
L19_SEED_4,320,14,1750,0.00803773934789,1.72794989027,32,84,false
L19_SEED_4,320,14,1775,0.00783938293222,1.73663898579,32,84,false
L19_SEED_4,320,14,1800,0.00764784718143,1.74524413159,32,84,false
L19_SEED_4,320,14,1825,0.00746281916464,1.75376766958,32,84,false
L19_SEED_4,320,14,1850,0.0072840039378,1.76221185824,32,84,false
L19_SEED_4,320,14,1875,0.00711112330805,1.77057887653,32,84,false
L19_SEED_4,320,14,1900,0.0069439146965,1.77887082737,32,84,false
L19_SEED_4,320,14,1925,0.00678213009041,1.78708974105,32,84,false
L19_SEED_4,320,14,1950,0.00662553507685,1.79523757844,32,84,false
L19_SEED_4,320,14,1975,0.0064739079506,1.80331623393,32,83,false
L19_SEED_4,320,14,2000,0.00632703888992,1.81132753831,32,83,false
L19_SEED_4,320,15,0,3.51032366209,3.53724350574,1,0,false
L19_SEED_4,320,15,25,1.13656160144,1.38175610309,28,100,false
L19_SEED_4,320,15,50,0.51414218868,0.870746175808,29,117,false
L19_SEED_4,320,15,75,0.342213444326,0.784013164221,29,116,false
L19_SEED_4,320,15,100,0.264884561632,0.76389346393,30,110,true
L19_SEED_4,320,15,125,0.218437419949,0.769250990008,30,109,false
L19_SEED_4,320,15,150,0.186232637607,0.787103253783,31,103,false
L19_SEED_4,320,15,175,0.162100949023,0.811163669955,32,92,false
L19_SEED_4,320,15,200,0.143142357253,0.838313987353,32,94,false
L19_SEED_4,320,15,225,0.127769390138,0.86678346697,32,94,false
L19_SEED_4,320,15,250,0.115018573827,0.895542146026,32,94,false
L19_SEED_4,320,15,275,0.104260295575,0.924026855224,32,94,false
L19_SEED_4,320,15,300,0.0950602002335,0.951936090951,32,94,false
L19_SEED_4,320,15,325,0.0871061604152,0.979120545998,32,93,false
L19_SEED_4,320,15,350,0.0801666196836,1.00551684097,32,93,false
L19_SEED_4,320,15,375,0.0740653093151,1.03110851496,32,92,false
L19_SEED_4,320,15,400,0.068665154632,1.05590418276,32,92,false
L19_SEED_4,320,15,425,0.063857636393,1.07992559478,32,92,false
L19_SEED_4,320,15,450,0.0595555317726,1.10320122073,32,92,false
L19_SEED_4,320,15,475,0.0556878229705,1.12576271688,32,92,false
L19_SEED_4,320,15,500,0.0521960385776,1.1476429138,32,92,false
L19_SEED_4,320,15,525,0.0490315678155,1.16887463237,32,92,false
L19_SEED_4,320,15,550,0.0461536516092,1.18948997313,32,92,false
L19_SEED_4,320,15,575,0.0435278549044,1.20951989207,32,92,false
L19_SEED_4,320,15,600,0.0411248879042,1.22899395777,32,92,false
L19_SEED_4,320,15,625,0.038919684734,1.24794022663,32,92,false
L19_SEED_4,320,15,650,0.0368906750161,1.26638519646,32,92,false
L19_SEED_4,320,15,675,0.0350192020391,1.28435381197,32,92,false
L19_SEED_4,320,15,700,0.0332890537328,1.30186950441,32,91,false
L19_SEED_4,320,15,725,0.0316860814295,1.31895425296,32,90,false
L19_SEED_4,320,15,750,0.0301978876449,1.33562865951,32,84,false
L19_SEED_4,320,15,775,0.0288135686264,1.35191203059,32,84,false
L19_SEED_4,320,15,800,0.027523500725,1.36782246246,32,84,false
L19_SEED_4,320,15,825,0.0263191621067,1.38337692632,32,84,false
L19_SEED_4,320,15,850,0.0251929831612,1.39859135163,32,84,false
L19_SEED_4,320,15,875,0.0241382203667,1.41348070616,32,84,false
L19_SEED_4,320,15,900,0.0231488494403,1.42805907182,32,84,false
L19_SEED_4,320,15,925,0.022219474435,1.44233971568,32,84,false
L19_SEED_4,320,15,950,0.0213452500887,1.45633515582,32,84,false
L19_SEED_4,320,15,975,0.0205218152398,1.47005722199,32,84,false
L19_SEED_4,320,15,1000,0.0197452355263,1.48351711087,32,84,false
L19_SEED_4,320,15,1025,0.0190119539036,1.49672543624,32,84,false
L19_SEED_4,320,15,1050,0.0183187477775,1.50969227421,32,84,false
L19_SEED_4,320,15,1075,0.01766269175,1.52242720372,32,84,false
L19_SEED_4,320,15,1100,0.0170411251495,1.53493934278,32,84,false
L19_SEED_4,320,15,1125,0.0164516236488,1.54723738065,32,84,false
L19_SEED_4,320,15,1150,0.015891974391,1.55932960651,32,84,false
L19_SEED_4,320,15,1175,0.0153601541311,1.5712239348,32,84,false
L19_SEED_4,320,15,1200,0.0148543099818,1.58292792786,32,84,false
L19_SEED_4,320,15,1225,0.0143727424104,1.59444881602,32,84,false
L19_SEED_4,320,15,1250,0.0139138901917,1.60579351561,32,84,false
L19_SEED_4,320,15,1275,0.0134763170603,1.61696864516,32,84,false
L19_SEED_4,320,15,1300,0.0130586998464,1.62798054006,32,84,false
L19_SEED_4,320,15,1325,0.0126598179085,1.63883526599,32,84,false
L19_SEED_4,320,15,1350,0.0122785437027,1.64953863127,32,84,false
L19_SEED_4,320,15,1375,0.011913834351,1.66009619835,32,84,false
L19_SEED_4,320,15,1400,0.0115647240878,1.67051329457,32,84,false
L19_SEED_4,320,15,1425,0.0112303174829,1.68079502232,32,84,false
L19_SEED_4,320,15,1450,0.0109097833502,1.69094626871,32,84,false
L19_SEED_4,320,15,1475,0.0106023492632,1.7009717148,32,84,false
L19_SEED_4,320,15,1500,0.0103072966103,1.71087584445,32,84,false
L19_SEED_4,320,15,1525,0.0100239561293,1.72066295285,32,84,false
L19_SEED_4,320,15,1550,0.009751703869,1.73033715476,32,84,false
L19_SEED_4,320,15,1575,0.00948995753127,1.73990239243,32,84,false
L19_SEED_4,320,15,1600,0.00923817315417,1.74936244328,32,84,false
L19_SEED_4,320,15,1625,0.00899584209946,1.75872092729,32,84,false
L19_SEED_4,320,15,1650,0.00876248831338,1.76798131416,32,84,false
L19_SEED_4,320,15,1675,0.00853766583267,1.77714693018,32,83,false
L19_SEED_4,320,15,1700,0.0083209565111,1.78622096486,32,83,false
L19_SEED_4,320,15,1725,0.00811196794442,1.79520647732,32,83,false
L19_SEED_4,320,15,1750,0.00791033157437,1.80410640237,32,83,false
L19_SEED_4,320,15,1775,0.00771570095413,1.8129235564,32,83,false
L19_SEED_4,320,15,1800,0.00752775015984,1.82166064297,32,83,false
L19_SEED_4,320,15,1825,0.00734617233422,1.83032025819,32,83,false
L19_SEED_4,320,15,1850,0.00717067834983,1.8389048958,32,83,false
L19_SEED_4,320,15,1875,0.00700099558105,1.8474169521,32,83,false
L19_SEED_4,320,15,1900,0.00683686677453,1.85585873051,32,83,false
L19_SEED_4,320,15,1925,0.00667804900941,1.86423244608,32,83,false
L19_SEED_4,320,15,1950,0.00652431273908,1.87254022958,32,83,false
L19_SEED_4,320,15,1975,0.00637544090731,1.88078413158,32,83,false
L19_SEED_4,320,15,2000,0.00623122813222,1.88896612612,32,83,false
L19_SEED_4,320,16,0,3.50959550705,3.53633870436,1,0,false
L19_SEED_4,320,16,25,1.12531788528,1.40008762059,29,100,false
L19_SEED_4,320,16,50,0.503296960272,0.903907701106,29,115,false
L19_SEED_4,320,16,75,0.334166069829,0.824307480371,29,116,false
L19_SEED_4,320,16,100,0.258633037185,0.806982453874,30,107,true
L19_SEED_4,320,16,125,0.213363715842,0.814799027807,30,107,false
L19_SEED_4,320,16,150,0.182001456658,0.835059052312,31,101,false
L19_SEED_4,320,16,175,0.158510145674,0.86190873626,32,90,false
L19_SEED_4,320,16,200,0.140057999637,0.892135500301,32,90,false
L19_SEED_4,320,16,225,0.125096563043,0.923867732274,32,91,false
L19_SEED_4,320,16,250,0.112686111564,0.955922419358,32,90,false
L19_SEED_4,320,16,275,0.102212451349,0.987619252244,32,89,false
L19_SEED_4,320,16,300,0.093252139293,1.01861279599,32,89,false
L19_SEED_4,320,16,325,0.0855013606237,1.04874970587,32,89,false
L19_SEED_4,320,16,350,0.0787351311441,1.07797643481,32,89,false
L19_SEED_4,320,16,375,0.0727824412539,1.10628738557,32,89,false
L19_SEED_4,320,16,400,0.0675104409402,1.1336997714,32,89,false
L19_SEED_4,320,16,425,0.0628140156933,1.16024207061,32,89,false
L19_SEED_4,320,16,450,0.0586086980612,1.18594851248,32,89,false
L19_SEED_4,320,16,475,0.0548257110907,1.21085610305,32,89,false
L19_SEED_4,320,16,500,0.0514084155676,1.23500282666,32,88,false
L19_SEED_4,320,16,525,0.0483097071911,1.2584265025,32,87,false
L19_SEED_4,320,16,550,0.0454900726265,1.28116405725,32,87,false
L19_SEED_4,320,16,575,0.0429161128349,1.30325107614,32,87,false
L19_SEED_4,320,16,600,0.0405594044743,1.32472154268,32,87,false
L19_SEED_4,320,16,625,0.0383956103031,1.34560770569,32,88,false
L19_SEED_4,320,16,650,0.0364037759465,1.36594003148,32,88,false
L19_SEED_4,320,16,675,0.0345657681525,1.38574721238,32,88,false
L19_SEED_4,320,16,700,0.0328658218642,1.40505621144,32,88,false
L19_SEED_4,320,16,725,0.0312901719465,1.42389232987,32,88,false
L19_SEED_4,320,16,750,0.0298267514645,1.44227928769,32,88,false
L19_SEED_4,320,16,775,0.0284649427719,1.46023931118,32,88,false
L19_SEED_4,320,16,800,0.0271953708671,1.47779322286,32,88,false
L19_SEED_4,320,16,825,0.0260097308422,1.49496053101,32,88,false
L19_SEED_4,320,16,850,0.0249006430278,1.51175951694,32,88,false
L19_SEED_4,320,16,875,0.023861530783,1.52820731878,32,88,false
L19_SEED_4,320,16,900,0.022886516915,1.54432001105,32,88,false
L19_SEED_4,320,16,925,0.021970335509,1.56011267968,32,88,false
L19_SEED_4,320,16,950,0.0211082565707,1.57559949246,32,88,false
L19_SEED_4,320,16,975,0.0202960213764,1.59079376466,32,88,false
L19_SEED_4,320,16,1000,0.0195297868083,1.60570802023,32,88,false
L19_SEED_4,320,16,1025,0.0188060772642,1.62035404856,32,88,false
L19_SEED_4,320,16,1050,0.0181217429775,1.63474295717,32,88,false
L19_SEED_4,320,16,1075,0.0174739237816,1.64888522038,32,88,false
L19_SEED_4,320,16,1100,0.0168600175162,1.66279072446,32,88,false
L19_SEED_4,320,16,1125,0.0162776524044,1.67646880924,32,88,false
L19_SEED_4,320,16,1150,0.0157246628368,1.68992830658,32,88,false
L19_SEED_4,320,16,1175,0.0151990680889,1.70317757597,32,88,false
L19_SEED_4,320,16,1200,0.0146990535707,1.71622453728,32,88,false
L19_SEED_4,320,16,1225,0.0142229542677,1.72907670105,32,88,false
L19_SEED_4,320,16,1250,0.0137692400857,1.74174119648,32,88,false
L19_SEED_4,320,16,1275,0.0133365028511,1.75422479718,32,88,false
L19_SEED_4,320,16,1300,0.0129234447562,1.76653394501,32,88,false
L19_SEED_4,320,16,1325,0.0125288680678,1.77867477202,32,88,false
L19_SEED_4,320,16,1350,0.0121516659439,1.79065312081,32,88,false
L19_SEED_4,320,16,1375,0.0117908142225,1.80247456315,32,88,false
L19_SEED_4,320,16,1400,0.0114453640677,1.81414441734,32,88,false
L19_SEED_4,320,16,1425,0.0111144353705,1.82566776416,32,88,false
L19_SEED_4,320,16,1450,0.0107972108183,1.83704946156,32,88,false
L19_SEED_4,320,16,1475,0.0104929305551,1.84829415832,32,88,false
L19_SEED_4,320,16,1500,0.010200887367,1.85940630658,32,88,false
L19_SEED_4,320,16,1525,0.00992042233356,1.87039017348,32,88,false
L19_SEED_4,320,16,1550,0.00965092089495,1.88124985189,32,88,false
L19_SEED_4,320,16,1575,0.00939180928938,1.8919892703,32,88,false
L19_SEED_4,320,16,1600,0.00914255132145,1.90261220206,32,87,false
L19_SEED_4,320,16,1625,0.00890264542663,1.9131222738,32,87,false
L19_SEED_4,320,16,1650,0.00867162200126,1.92352297335,32,87,false
L19_SEED_4,320,16,1675,0.00844904097073,1.933817657,32,87,false
L19_SEED_4,320,16,1700,0.00823448957185,1.94400955626,32,87,false
L19_SEED_4,320,16,1725,0.00802758032804,1.95410178413,32,87,false
L19_SEED_4,320,16,1750,0.00782794919831,1.96409734093,32,87,false
L19_SEED_4,320,16,1775,0.00763525388317,1.97399911971,32,87,false
L19_SEED_4,320,16,1800,0.00744917227236,1.98380991129,32,87,false
L19_SEED_4,320,16,1825,0.00726940102099,1.99353240896,32,87,false
L19_SEED_4,320,16,1850,0.00709565424193,2.00316921287,32,87,false
L19_SEED_4,320,16,1875,0.00692766230392,2.01272283415,32,87,false
L19_SEED_4,320,16,1900,0.0067651707254,2.0221956987,32,87,false
L19_SEED_4,320,16,1925,0.00660793915575,2.03159015082,32,87,false
L19_SEED_4,320,16,1950,0.00645574043578,2.04090845661,32,87,false
L19_SEED_4,320,16,1975,0.00630835973079,2.05015280709,32,87,false
L19_SEED_4,320,16,2000,0.00616559372957,2.05932532123,32,87,false
L19_SEED_4,320,17,0,3.50900183788,3.53516884582,1,0,false
L19_SEED_4,320,17,25,1.13194693887,1.46121257347,29,99,false
L19_SEED_4,320,17,50,0.507356046023,0.971941287669,29,104,false
L19_SEED_4,320,17,75,0.334895630276,0.898987660004,30,106,false
L19_SEED_4,320,17,100,0.257826857552,0.88284708584,30,106,true
L19_SEED_4,320,17,125,0.211755699514,0.89231766598,30,99,false
L19_SEED_4,320,17,150,0.179974127692,0.914548391664,32,83,false
L19_SEED_4,320,17,175,0.156262887986,0.943490268601,32,82,false
L19_SEED_4,320,17,200,0.137698017188,0.976232633793,32,82,false
L19_SEED_4,320,17,225,0.122686518802,1.01099284658,32,81,false
L19_SEED_4,320,17,250,0.110267941109,1.04653625833,32,81,false
L19_SEED_4,320,17,275,0.0998178281963,1.08206482642,32,81,false
L19_SEED_4,320,17,300,0.0909059625014,1.11705692715,32,81,false
L19_SEED_4,320,17,325,0.0832225559371,1.15119743722,32,81,false
L19_SEED_4,320,17,350,0.0765370479167,1.18431947667,32,81,false
L19_SEED_4,320,17,375,0.0706735486692,1.21635602561,32,81,false
L19_SEED_4,320,17,400,0.0654952614869,1.24730138874,32,81,false
L19_SEED_4,320,17,425,0.0608940769779,1.27718356803,32,81,false
L19_SEED_4,320,17,450,0.0567833626806,1.30604681463,32,81,false
L19_SEED_4,320,17,475,0.0530928396896,1.3339418046,32,81,false
L19_SEED_4,320,17,500,0.0497648712707,1.36092057804,32,81,false
L19_SEED_4,320,17,525,0.0467517284304,1.38703410548,32,76,false
L19_SEED_4,320,17,550,0.0440135434218,1.41233118472,32,76,false
L19_SEED_4,320,17,575,0.0415167556309,1.43685798404,32,76,false
L19_SEED_4,320,17,600,0.0392329154719,1.46065789848,32,76,false
L19_SEED_4,320,17,625,0.0371377525195,1.48377156087,32,76,false
L19_SEED_4,320,17,650,0.0352104414287,1.5062369315,32,76,false
L19_SEED_4,320,17,675,0.0334330178261,1.52808942742,32,76,false
L19_SEED_4,320,17,700,0.0317899092817,1.54936207039,32,76,false
L19_SEED_4,320,17,725,0.0302675555454,1.57008564153,32,76,false
L19_SEED_4,320,17,750,0.0288540987196,1.59028883544,32,76,false
L19_SEED_4,320,17,775,0.0275391287224,1.60999840968,32,76,false
L19_SEED_4,320,17,800,0.026313472828,1.62923932723,32,76,false
L19_SEED_4,320,17,825,0.0251690206185,1.64803489069,32,76,false
L19_SEED_4,320,17,850,0.024098577584,1.66640686756,32,76,false
L19_SEED_4,320,17,875,0.0230957420538,1.68437560667,32,76,false
L19_SEED_4,320,17,900,0.0221548012447,1.70196014585,32,76,false
L19_SEED_4,320,17,925,0.0212706430602,1.71917831136,32,76,false
L19_SEED_4,320,17,950,0.0204386809385,1.73604680928,32,75,false
L19_SEED_4,320,17,975,0.0196547895636,1.75258130974,32,75,false
L19_SEED_4,320,17,1000,0.0189152496619,1.76879652415,32,75,false
L19_SEED_4,320,17,1025,0.0182167004311,1.78470627631,32,75,false
L19_SEED_4,320,17,1050,0.0175560984082,1.80032356755,32,75,false
L19_SEED_4,320,17,1075,0.0169306817896,1.81566063669,32,75,false
L19_SEED_4,320,17,1100,0.0163379393864,1.83072901504,32,75,false
L19_SEED_4,320,17,1125,0.015775583534,1.84553957698,32,75,false
L19_SEED_4,320,17,1150,0.0152415263855,1.86010258647,32,75,false
L19_SEED_4,320,17,1175,0.0147338591115,1.87442773978,32,75,false
L19_SEED_4,320,17,1200,0.0142508336026,1.88852420492,32,75,false
L19_SEED_4,320,17,1225,0.0137908463346,1.9024006578,32,75,false
L19_SEED_4,320,17,1250,0.0133524241067,1.91606531573,32,75,false
L19_SEED_4,320,17,1275,0.0129342114069,1.92952596812,32,75,false
L19_SEED_4,320,17,1300,0.0125349591941,1.94279000499,32,75,false
L19_SEED_4,320,17,1325,0.0121535149183,1.95586444312,32,81,false
L19_SEED_4,320,17,1350,0.011788813622,1.96875595036,32,81,false
L19_SEED_4,320,17,1375,0.0114398699931,1.981470868,32,81,false
L19_SEED_4,320,17,1400,0.0111057712512,1.99401523153,32,81,false
L19_SEED_4,320,17,1425,0.0107856707705,2.00639478977,32,81,false
L19_SEED_4,320,17,1450,0.0104787823519,2.01861502271,32,81,false
L19_SEED_4,320,17,1475,0.0101843750692,2.03068115797,32,81,false
L19_SEED_4,320,17,1500,0.00990176862524,2.04259818604,32,81,false
L19_SEED_4,320,17,1525,0.00963032915979,2.05437087451,32,80,false
L19_SEED_4,320,17,1550,0.00936946545968,2.0660037812,32,80,false
L19_SEED_4,320,17,1575,0.00911862552776,2.07750126642,32,80,false
L19_SEED_4,320,17,1600,0.00887729347168,2.08886750435,32,80,false
L19_SEED_4,320,17,1625,0.00864498667903,2.10010649358,32,80,false
L19_SEED_4,320,17,1650,0.00842125324876,2.11122206701,32,80,false
L19_SEED_4,320,17,1675,0.00820566965251,2.12221790103,32,80,false
L19_SEED_4,320,17,1700,0.00799783860267,2.13309752402,32,80,false
L19_SEED_4,320,17,1725,0.00779738710619,2.14386432438,32,80,false
L19_SEED_4,320,17,1750,0.00760396468596,2.15452155796,32,80,false
L19_SEED_4,320,17,1775,0.00741724175329,2.16507235502,32,80,false
L19_SEED_4,320,17,1800,0.00723690811698,2.17551972671,32,80,false
L19_SEED_4,320,17,1825,0.00706267161583,2.18586657117,32,85,false
L19_SEED_4,320,17,1850,0.00689425686323,2.19611567918,32,85,false
L19_SEED_4,320,17,1875,0.0067314040931,2.20626973955,32,85,false
L19_SEED_4,320,17,1900,0.00657386809809,2.21633134403,32,85,false
L19_SEED_4,320,17,1925,0.00642141725168,2.22630299205,32,85,false
L19_SEED_4,320,17,1950,0.00627383260644,2.23618709511,32,85,false
L19_SEED_4,320,17,1975,0.0061309070619,2.24598598084,32,85,false
L19_SEED_4,320,17,2000,0.00599244459594,2.25570189696,32,85,false
L19_SEED_4,320,18,0,3.50342989156,3.53054728033,0,0,false
L19_SEED_4,320,18,25,1.13308415491,1.50611446837,29,99,false
L19_SEED_4,320,18,50,0.511049022092,1.03554541292,29,105,false
L19_SEED_4,320,18,75,0.335658382944,0.97465954486,30,99,false
L19_SEED_4,320,18,100,0.256636690117,0.961397441709,30,100,true
L19_SEED_4,320,18,125,0.209383592692,0.973569621205,31,94,false
L19_SEED_4,320,18,150,0.176935978128,0.998474597867,32,82,false
L19_SEED_4,320,18,175,0.152879996982,1.02982332635,32,81,false
L19_SEED_4,320,18,200,0.134172075044,1.06470969741,32,81,false
L19_SEED_4,320,18,225,0.119144910656,1.10124943726,32,76,false
L19_SEED_4,320,18,250,0.106789918213,1.13824875254,32,76,false
L19_SEED_4,320,18,275,0.096450768675,1.17495408551,32,76,false
L19_SEED_4,320,18,300,0.0876761963449,1.21090120109,32,76,false
L19_SEED_4,320,18,325,0.0801427957519,1.24583477636,32,76,false
L19_SEED_4,320,18,350,0.0736114271747,1.27963575835,32,76,false
L19_SEED_4,320,18,375,0.0679009233133,1.31227014309,32,76,false
L19_SEED_4,320,18,400,0.0628713139566,1.34375254558,32,76,false
L19_SEED_4,320,18,425,0.0584126471955,1.37412286687,32,76,false
L19_SEED_4,320,18,450,0.0544372971686,1.40343262028,32,76,false
L19_SEED_4,320,18,475,0.0508745390166,1.43173748873,32,76,false
L19_SEED_4,320,18,500,0.0476666437178,1.45909345482,32,76,false
L19_SEED_4,320,18,525,0.044766015877,1.48555485554,32,76,false
L19_SEED_4,320,18,550,0.0421330615428,1.51117344732,32,76,false
L19_SEED_4,320,18,575,0.0397345762394,1.53599800297,32,76,false
L19_SEED_4,320,18,600,0.0375425098466,1.56007419311,32,75,false
L19_SEED_4,320,18,625,0.035533008638,1.58344462144,32,75,false
L19_SEED_4,320,18,650,0.0336856640147,1.60614894271,32,75,false
L19_SEED_4,320,18,675,0.0319829173668,1.62822402287,32,75,false
L19_SEED_4,320,18,700,0.0304095842551,1.64970411816,32,75,false
L19_SEED_4,320,18,725,0.0289524707692,1.67062105925,32,75,false
L19_SEED_4,320,18,750,0.0276000617972,1.69100443254,32,75,false
L19_SEED_4,320,18,775,0.0263422659103,1.71088175408,32,75,false
L19_SEED_4,320,18,800,0.0251702051958,1.73027863354,32,75,false
L19_SEED_4,320,18,825,0.0240760410525,1.74921892725,32,75,false
L19_SEED_4,320,18,850,0.0230528289675,1.76772488,32,75,false
L19_SEED_4,320,18,875,0.0220943968054,1.78581725553,32,75,false
L19_SEED_4,320,18,900,0.0211952422933,1.80351545654,32,75,false
L19_SEED_4,320,18,925,0.0203504462666,1.82083763441,32,75,false
L19_SEED_4,320,18,950,0.0195555989311,1.83780078967,32,75,false
L19_SEED_4,320,18,975,0.0188067369236,1.85442086365,32,75,false
L19_SEED_4,320,18,1000,0.0181002893819,1.87071282217,32,75,false
L19_SEED_4,320,18,1025,0.0174330315599,1.88669073187,32,75,false
L19_SEED_4,320,18,1050,0.0168020447918,1.90236782981,32,75,false
L19_SEED_4,320,18,1075,0.0162046818209,1.91775658692,32,75,false
L19_SEED_4,320,18,1100,0.0156385366774,1.93286876587,32,75,false
L19_SEED_4,320,18,1125,0.0151014184294,1.94771547383,32,75,false
L19_SEED_4,320,18,1150,0.0145913282416,1.96230721061,32,75,false
L19_SEED_4,320,18,1175,0.0141064392698,1.97665391258,32,75,false
L19_SEED_4,320,18,1200,0.0136450789939,1.9907649927,32,75,false
L19_SEED_4,320,18,1225,0.0132057136533,2.00464937717,32,75,false
L19_SEED_4,320,18,1250,0.0127869345019,2.0183155388,32,75,false
L19_SEED_4,320,18,1275,0.0123874456402,2.03177152758,32,75,false
L19_SEED_4,320,18,1300,0.0120060532205,2.04502499862,32,75,false
L19_SEED_4,320,18,1325,0.0116416558492,2.05808323775,32,75,false
L19_SEED_4,320,18,1350,0.0112932360341,2.07095318494,32,75,false
L19_SEED_4,320,18,1375,0.0109598525502,2.08364145579,32,75,false
L19_SEED_4,320,18,1400,0.0106406336092,2.09615436132,32,75,false
L19_SEED_4,320,18,1425,0.0103347707392,2.10849792611,32,75,false
L19_SEED_4,320,18,1450,0.0100415132892,2.12067790502,32,75,false
L19_SEED_4,320,18,1475,0.00976016348602,2.13269979863,32,75,false
L19_SEED_4,320,18,1500,0.00949007198217,2.14456886751,32,75,false
L19_SEED_4,320,18,1525,0.0092306338371,2.1562901454,32,75,false
L19_SEED_4,320,18,1550,0.00898128488572,2.16786845147,32,75,false
L19_SEED_4,320,18,1575,0.00874149845094,2.17930840166,32,75,false
L19_SEED_4,320,18,1600,0.00851078236349,2.19061441931,32,75,false
L19_SEED_4,320,18,1625,0.00828867625644,2.20179074499,32,75,false
L19_SEED_4,320,18,1650,0.00807474910561,2.21284144574,32,75,false
L19_SEED_4,320,18,1675,0.00786859699059,2.22377042371,32,75,false
L19_SEED_4,320,18,1700,0.00766984105379,2.23458142423,32,75,false
L19_SEED_4,320,18,1725,0.00747812563785,2.24527804346,32,75,false
L19_SEED_4,320,18,1750,0.00729311658346,2.25586373548,32,75,false
L19_SEED_4,320,18,1775,0.00711449967217,2.26634181908,32,75,false
L19_SEED_4,320,18,1800,0.00694197920001,2.27671548408,32,75,false
L19_SEED_4,320,18,1825,0.00677527666951,2.28698779738,32,75,false
L19_SEED_4,320,18,1850,0.00661412958896,2.29716170858,32,75,false
L19_SEED_4,320,18,1875,0.00645829036896,2.30724005539,32,75,false
L19_SEED_4,320,18,1900,0.00630752530728,2.31722556873,32,75,false
L19_SEED_4,320,18,1925,0.00616161365401,2.32712087752,32,75,false
L19_SEED_4,320,18,1950,0.0060203467498,2.33692851334,32,75,false
L19_SEED_4,320,18,1975,0.00588352723078,2.34665091467,32,75,false
L19_SEED_4,320,18,2000,0.00575096829412,2.35629043113,32,75,false
L19_SEED_4,320,19,0,3.50199786379,3.53009028144,0,0,false
L19_SEED_4,320,19,25,1.13684328795,1.52801777355,29,98,false
L19_SEED_4,320,19,50,0.514496168318,1.06948506534,29,105,false
L19_SEED_4,320,19,75,0.337860196132,1.01735885646,30,98,false
L19_SEED_4,320,19,100,0.257824350264,1.00642255335,30,100,true
L19_SEED_4,320,19,125,0.209901351717,1.02208387953,31,94,false
L19_SEED_4,320,19,150,0.177037012574,1.04896668858,32,83,false
L19_SEED_4,320,19,175,0.152727668172,1.08207851149,32,81,false
L19_SEED_4,320,19,200,0.133867129534,1.11850653872,32,81,false
L19_SEED_4,320,19,225,0.118749646953,1.15643174782,32,76,false
L19_SEED_4,320,19,250,0.106343429363,1.1947240884,32,76,false
L19_SEED_4,320,19,275,0.0959780157616,1.23264813537,32,76,false
L19_SEED_4,320,19,300,0.0871933703752,1.26975727444,32,76,false
L19_SEED_4,320,19,325,0.0796605092307,1.30580340165,32,75,false
L19_SEED_4,320,19,350,0.0731366369067,1.34067046567,32,75,false
L19_SEED_4,320,19,375,0.067438120913,1.37432592898,32,75,false
L19_SEED_4,320,19,400,0.0624232953099,1.40678583385,32,75,false
L19_SEED_4,320,19,425,0.057981031618,1.43809209262,32,75,false
L19_SEED_4,320,19,450,0.0540228881549,1.46829878485,32,75,false
L19_SEED_4,320,19,475,0.0504775786133,1.49746446176,32,75,false
L19_SEED_4,320,19,500,0.0472869928061,1.52564803077,32,75,false
L19_SEED_4,320,19,525,0.0444032819904,1.55290664491,32,75,false
L19_SEED_4,320,19,550,0.0417866893088,1.57929468091,32,75,false
L19_SEED_4,320,19,575,0.0394039111457,1.60486330215,32,75,false
L19_SEED_4,320,19,600,0.0372268429588,1.62966033646,32,75,false
L19_SEED_4,320,19,625,0.0352316077095,1.65373032334,32,75,false
L19_SEED_4,320,19,650,0.0333977948774,1.67711465061,32,75,false
L19_SEED_4,320,19,675,0.0317078583843,1.6998517351,32,75,false
L19_SEED_4,320,19,700,0.0301466358297,1.72197722213,32,75,false
L19_SEED_4,320,19,725,0.0287009613331,1.74352418843,32,75,false
L19_SEED_4,320,19,750,0.027359351314,1.76452334049,32,75,false
L19_SEED_4,320,19,775,0.0261117476272,1.78500320346,32,75,false
L19_SEED_4,320,19,800,0.0249493061775,1.80499029829,32,75,false
L19_SEED_4,320,19,825,0.0238642218798,1.82450930619,32,75,false
L19_SEED_4,320,19,850,0.0228495828762,1.84358322016,32,75,false
L19_SEED_4,320,19,875,0.0218992484631,1.8622334841,32,75,false
L19_SEED_4,320,19,900,0.0210077463535,1.88048011999,32,75,false
L19_SEED_4,320,19,925,0.0201701858025,1.89834184397,32,75,false
L19_SEED_4,320,19,950,0.0193821838166,1.91583617214,32,75,false
L19_SEED_4,320,19,975,0.018639802213,1.93297951696,32,75,false
L19_SEED_4,320,19,1000,0.0179394937192,1.94978727494,32,75,false
L19_SEED_4,320,19,1025,0.0172780556406,1.96627390657,32,75,false
L19_SEED_4,320,19,1050,0.0166525898913,1.98245300901,32,75,false
L19_SEED_4,320,19,1075,0.0160604683971,1.99833738235,32,75,false
L19_SEED_4,320,19,1100,0.0154993030512,2.01393908996,32,75,false
L19_SEED_4,320,19,1125,0.0149669195448,2.02926951354,32,75,false
L19_SEED_4,320,19,1150,0.0144613345042,2.04433940331,32,75,false
L19_SEED_4,320,19,1175,0.013980735462,2.05915892383,32,75,false
L19_SEED_4,320,19,1200,0.0135234632629,2.07373769587,32,75,false
L19_SEED_4,320,19,1225,0.0130879965693,2.08808483466,32,75,false
L19_SEED_4,320,19,1250,0.0126729381823,2.1022089849,32,75,false
L19_SEED_4,320,19,1275,0.0122770029364,2.11611835278,32,75,false
L19_SEED_4,320,19,1300,0.0118990069628,2.12982073538,32,75,false
L19_SEED_4,320,19,1325,0.0115378581463,2.14332354757,32,75,false
L19_SEED_4,320,19,1350,0.0111925476242,2.15663384671,32,75,false
L19_SEED_4,320,19,1375,0.0108621421987,2.16975835538,32,75,false
L19_SEED_4,320,19,1400,0.0105457775519,2.18270348226,32,75,false
L19_SEED_4,320,19,1425,0.0102426521656,2.19547534131,32,75,false
L19_SEED_4,320,19,1450,0.00995202186472,2.20807976957,32,75,false
L19_SEED_4,320,19,1475,0.00967319490961,2.22052234343,32,75,false
L19_SEED_4,320,19,1500,0.00940552757665,2.23280839378,32,75,false
L19_SEED_4,320,19,1525,0.00914842017037,2.24494301995,32,75,false
L19_SEED_4,320,19,1550,0.00890131342008,2.25693110271,32,75,false
L19_SEED_4,320,19,1575,0.00866368521871,2.26877731621,32,75,false
L19_SEED_4,320,19,1600,0.00843504766685,2.28048613916,32,75,false
L19_SEED_4,320,19,1625,0.00821494438976,2.29206186523,32,75,false
L19_SEED_4,320,19,1650,0.00800294809845,2.30350861264,32,75,false
L19_SEED_4,320,19,1675,0.00779865836988,2.31483033326,32,75,false
L19_SEED_4,320,19,1700,0.00760169962376,2.32603082097,32,75,false
L19_SEED_4,320,19,1725,0.00741171927616,2.33711371956,32,75,false
L19_SEED_4,320,19,1750,0.00722838605249,2.34808253011,32,75,false
L19_SEED_4,320,19,1775,0.00705138844415,2.35894061792,32,75,false
L19_SEED_4,320,19,1800,0.0068804332949,2.36969121901,32,75,false
L19_SEED_4,320,19,1825,0.00671524450471,2.38033744623,32,75,false
L19_SEED_4,320,19,1850,0.00655556183983,2.39088229505,32,75,false
L19_SEED_4,320,19,1875,0.00640113983937,2.40132864895,32,75,false
L19_SEED_4,320,19,1900,0.00625174680928,2.41167928461,32,75,false
L19_SEED_4,320,19,1925,0.00610716389605,2.42193687671,32,75,false
L19_SEED_4,320,19,1950,0.00596718423267,2.43210400253,32,75,false
L19_SEED_4,320,19,1975,0.00583161215075,2.4421831463,32,75,false
L19_SEED_4,320,19,2000,0.00570026245269,2.45217670329,32,75,false
L19_SEED_4,320,20,0,3.50198129915,3.52977993036,0,0,false
L19_SEED_4,320,20,25,1.12780338345,1.52828274061,29,98,false
L19_SEED_4,320,20,50,0.507252873607,1.06484540059,29,104,false
L19_SEED_4,320,20,75,0.333040014101,1.01276116853,30,99,false
L19_SEED_4,320,20,100,0.254343469459,1.00266475986,30,100,true
L19_SEED_4,320,20,125,0.20727734516,1.01851110262,31,94,false
L19_SEED_4,320,20,150,0.174999051745,1.04577254503,32,83,false
L19_SEED_4,320,20,175,0.151108522224,1.07909538004,32,81,false
L19_SEED_4,320,20,200,0.132556431006,1.11572838611,32,76,false
L19_SEED_4,320,20,225,0.117671521274,1.15387092556,32,76,false
L19_SEED_4,320,20,250,0.105444669012,1.19240648737,32,76,false
L19_SEED_4,320,20,275,0.0952208147155,1.23060280495,32,76,false
L19_SEED_4,320,20,300,0.0865504103091,1.26799618065,32,76,false
L19_SEED_4,320,20,325,0.0791115417011,1.3043212444,32,76,false
L19_SEED_4,320,20,350,0.0726661714939,1.33944931603,32,76,false
L19_SEED_4,320,20,375,0.0670339332063,1.37334167671,32,76,false
L19_SEED_4,320,20,400,0.062075491983,1.40601347477,32,76,false
L19_SEED_4,320,20,425,0.0576814598888,1.43750873255,32,75,false
L19_SEED_4,320,20,450,0.0537647465742,1.46788475191,32,75,false
L19_SEED_4,320,20,475,0.0502551452795,1.49720334616,32,75,false
L19_SEED_4,320,20,500,0.0470954250424,1.52552627403,32,75,false
L19_SEED_4,320,20,525,0.0442384624438,1.55291302315,32,75,false
L19_SEED_4,320,20,550,0.0416451042574,1.57941982556,32,75,false
L19_SEED_4,320,20,575,0.0392825524003,1.60509930019,32,75,false
L19_SEED_4,320,20,600,0.0371231277505,1.63000041141,32,75,false
L19_SEED_4,320,20,625,0.035143312674,1.65416858507,32,75,false
L19_SEED_4,320,20,650,0.0333230012959,1.6776459003,32,75,false
L19_SEED_4,320,20,675,0.0316449065318,1.70047131365,32,75,false
L19_SEED_4,320,20,700,0.0300940867585,1.72268089229,32,75,false
L19_SEED_4,320,20,725,0.0286575647673,1.74430804334,32,75,false
L19_SEED_4,320,20,750,0.0273240185948,1.76538373296,32,75,false
L19_SEED_4,320,20,775,0.0260835288486,1.78593669154,32,75,false
L19_SEED_4,320,20,800,0.0249273708132,1.80599360395,32,75,false
L19_SEED_4,320,20,825,0.0238478423274,1.82557928435,32,75,false
L19_SEED_4,320,20,850,0.0228381204468,1.84471683618,32,75,false
L19_SEED_4,320,20,875,0.0218921414264,1.86342779805,32,75,false
L19_SEED_4,320,20,900,0.0210044997161,1.88173227636,32,75,false
L19_SEED_4,320,20,925,0.0201703625501,1.89964906587,32,75,false
L19_SEED_4,320,20,950,0.0193853973963,1.91719575901,32,75,false
L19_SEED_4,320,20,975,0.0186457100693,1.93438884507,32,75,false
L19_SEED_4,320,20,1000,0.017947791726,1.95124380005,32,75,false
L19_SEED_4,320,20,1025,0.0172884732977,1.96777516819,32,75,false
L19_SEED_4,320,20,1050,0.0166648861736,1.98399663578,32,75,false
L19_SEED_4,320,20,1075,0.0160744281633,1.99992109809,32,75,false
L19_SEED_4,320,20,1100,0.0155147339319,2.01556072009,32,75,false
L19_SEED_4,320,20,1125,0.0149836492422,2.03092699148,32,75,false
L19_SEED_4,320,20,1150,0.0144792084462,2.04603077658,32,75,false
L19_SEED_4,320,20,1175,0.0139996147613,2.06088235974,32,75,false
L19_SEED_4,320,20,1200,0.0135432229386,2.07549148647,32,75,false
L19_SEED_4,320,20,1225,0.0131085239964,2.08986740086,32,75,false
L19_SEED_4,320,20,1250,0.0126941317363,2.10401887969,32,75,false
L19_SEED_4,320,20,1275,0.0122987708079,2.11795426345,32,75,false
L19_SEED_4,320,20,1300,0.0119212661186,2.13168148461,32,75,false
L19_SEED_4,320,20,1325,0.0115605334173,2.14520809357,32,75,false
L19_SEED_4,320,20,1350,0.0112155709034,2.15854128225,32,75,false
L19_SEED_4,320,20,1375,0.0108854517345,2.17168790584,32,75,false
L19_SEED_4,320,20,1400,0.0105693173242,2.18465450273,32,75,false
L19_SEED_4,320,20,1425,0.0102663713335,2.19744731287,32,75,false
L19_SEED_4,320,20,1450,0.00997587427661,2.21007229471,32,75,false
L19_SEED_4,320,20,1475,0.00969713866798,2.22253514085,32,75,false
L19_SEED_4,320,20,1500,0.00942952464974,2.23484129259,32,75,false
L19_SEED_4,320,20,1525,0.00917243604535,2.24699595342,32,75,false
L19_SEED_4,320,20,1550,0.00892531679228,2.25900410156,32,75,false
L19_SEED_4,320,20,1575,0.00868764771241,2.27087050173,32,75,false
L19_SEED_4,320,20,1600,0.00845894358387,2.28259971609,32,75,false
L19_SEED_4,320,20,1625,0.00823875048236,2.29419611453,32,75,false
L19_SEED_4,320,20,1650,0.00802664336385,2.30566388433,32,75,false
L19_SEED_4,320,20,1675,0.00782222386374,2.31700703923,32,75,false
L19_SEED_4,320,20,1700,0.00762511829059,2.32822942798,32,75,false
L19_SEED_4,320,20,1725,0.00743497579471,2.33933474241,32,75,false
L19_SEED_4,320,20,1750,0.00725146669463,2.35032652504,32,75,false
L19_SEED_4,320,20,1775,0.00707428094565,2.36120817629,32,75,false
L19_SEED_4,320,20,1800,0.00690312673709,2.37198296126,32,75,false
L19_SEED_4,320,20,1825,0.00673772920583,2.38265401623,32,75,false
L19_SEED_4,320,20,1850,0.00657782925518,2.39322435471,32,75,false
L19_SEED_4,320,20,1875,0.00642318246941,2.40369687329,32,75,false
L19_SEED_4,320,20,1900,0.006273558115,2.41407435707,32,75,false
L19_SEED_4,320,20,1925,0.00612873822089,2.42435948494,32,75,false
L19_SEED_4,320,20,1950,0.0059885167306,2.43455483447,32,75,false
L19_SEED_4,320,20,1975,0.00585269871971,2.4446628866,32,75,false
L19_SEED_4,320,20,2000,0.00572109967323,2.45468603017,32,75,false
L19_SEED_4,320,21,0,3.51871818277,3.5426584917,0,0,false
L19_SEED_4,320,21,25,1.11257624632,1.44907457176,29,96,false
L19_SEED_4,320,21,50,0.490576700284,1.02183606815,29,103,false
L19_SEED_4,320,21,75,0.320534708551,0.997118820414,29,102,false
L19_SEED_4,320,21,100,0.246341763808,0.994014972277,30,96,true
L19_SEED_4,320,21,125,0.202235889163,1.01576188492,31,94,false
L19_SEED_4,320,21,150,0.171872072825,1.04676136897,31,95,false
L19_SEED_4,320,21,175,0.149276505498,1.08132686731,32,85,false
L19_SEED_4,320,21,200,0.13163592594,1.11725619268,32,86,false
L19_SEED_4,320,21,225,0.117406024456,1.15339128467,32,86,false
L19_SEED_4,320,21,250,0.105650829503,1.18904708551,32,86,false
L19_SEED_4,320,21,275,0.0957623916995,1.22388188044,32,86,false
L19_SEED_4,320,21,300,0.0873247891409,1.25772443562,32,86,false
L19_SEED_4,320,21,325,0.0800416498732,1.29050577413,32,86,false
L19_SEED_4,320,21,350,0.0736947387018,1.32221452309,32,86,false
L19_SEED_4,320,21,375,0.0681189658528,1.35287060901,32,86,false
L19_SEED_4,320,21,400,0.0631866173763,1.38251097455,32,86,false
L19_SEED_4,320,21,425,0.058797022002,1.41118097853,32,86,false
L19_SEED_4,320,21,450,0.0548695562662,1.4389293815,32,86,false
L19_SEED_4,320,21,475,0.0513387729173,1.46580545274,32,86,false
L19_SEED_4,320,21,500,0.048150922311,1.4918573263,32,86,false
L19_SEED_4,320,21,525,0.0452614132664,1.51713110741,32,86,false
L19_SEED_4,320,21,550,0.0426329233828,1.54167042896,32,86,false
L19_SEED_4,320,21,575,0.0402339684316,1.56551627738,32,86,false
L19_SEED_4,320,21,600,0.0380378027919,1.58870697763,32,86,false
L19_SEED_4,320,21,625,0.0360215629259,1.61127826954,32,86,false
L19_SEED_4,320,21,650,0.0341655921866,1.63326343399,32,86,false
L19_SEED_4,320,21,675,0.0324529028838,1.6546934433,32,86,false
L19_SEED_4,320,21,700,0.0308687436115,1.67559712051,32,86,false
L19_SEED_4,320,21,725,0.0294002482459,1.69600129823,32,86,false
L19_SEED_4,320,21,750,0.0280361489826,1.71593097196,32,86,false
L19_SEED_4,320,21,775,0.0267665400728,1.73540944481,32,86,false
L19_SEED_4,320,21,800,0.0255826820426,1.75445846246,32,86,false
L19_SEED_4,320,21,825,0.0244768384979,1.7730983378,32,86,false
L19_SEED_4,320,21,850,0.0234421393456,1.79134806553,32,86,false
L19_SEED_4,320,21,875,0.0224724655745,1.80922542698,32,86,false
L19_SEED_4,320,21,900,0.0215623517394,1.82674708587,32,86,false
L19_SEED_4,320,21,925,0.0207069030632,1.84392867564,32,86,false
L19_SEED_4,320,21,950,0.0199017246754,1.86078487908,32,86,false
L19_SEED_4,320,21,975,0.0191428609754,1.87732950085,32,86,false
L19_SEED_4,320,21,1000,0.0184267434796,1.89357553361,32,86,false
L19_SEED_4,320,21,1025,0.0177501458123,1.90953521839,32,86,false
L19_SEED_4,320,21,1050,0.0171101447312,1.92522009955,32,86,false
L19_SEED_4,320,21,1075,0.016504086275,1.94064107519,32,86,false
L19_SEED_4,320,21,1100,0.0159295562714,1.95580844304,32,86,false
L19_SEED_4,320,21,1125,0.0153843545708,1.9707319426,32,86,false
L19_SEED_4,320,21,1150,0.014866472475,1.9854207937,32,86,false
L19_SEED_4,320,21,1175,0.014374072911,1.99988373188,32,86,false
L19_SEED_4,320,21,1200,0.0139054729762,2.01412904089,32,86,false
L19_SEED_4,320,21,1225,0.0134591285309,2.02816458256,32,86,false
L19_SEED_4,320,21,1250,0.0130336205692,2.04199782428,32,86,false
L19_SEED_4,320,21,1275,0.0126276431361,2.05563586439,32,86,false
L19_SEED_4,320,21,1300,0.0122399925913,2.06908545552,32,86,false
L19_SEED_4,320,21,1325,0.0118695580518,2.08235302617,32,80,false
L19_SEED_4,320,21,1350,0.0115153128651,2.09544470073,32,80,false
L19_SEED_4,320,21,1375,0.0111763069897,2.10836631791,32,80,false
L19_SEED_4,320,21,1400,0.0108516601714,2.12112344787,32,80,false
L19_SEED_4,320,21,1425,0.0105405558231,2.13372140812,32,79,false
L19_SEED_4,320,21,1450,0.0102422355251,2.14616527824,32,79,false
L19_SEED_4,320,21,1475,0.00995599407554,2.15845991361,32,79,false
L19_SEED_4,320,21,1500,0.00968117502759,2.17060995813,32,79,false
L19_SEED_4,320,21,1525,0.00941716666063,2.1826198561,32,79,false
L19_SEED_4,320,21,1550,0.00916339833643,2.19449386329,32,79,false
L19_SEED_4,320,21,1575,0.00891933719934,2.20623605726,32,79,false
L19_SEED_4,320,21,1600,0.00868448518352,2.21785034699,32,79,false
L19_SEED_4,320,21,1625,0.00845837629484,2.22934048186,32,79,false
L19_SEED_4,320,21,1650,0.008240574139,2.24071006012,32,79,false
L19_SEED_4,320,21,1675,0.00803066967043,2.25196253673,32,79,false
L19_SEED_4,320,21,1700,0.00782827913978,2.26310123075,32,79,false
L19_SEED_4,320,21,1725,0.00763304222005,2.27412933227,32,79,false
L19_SEED_4,320,21,1750,0.00744462029376,2.2850499089,32,79,false
L19_SEED_4,320,21,1775,0.00726269488548,2.29586591184,32,79,false
L19_SEED_4,320,21,1800,0.0070869662257,2.30658018166,32,79,false
L19_SEED_4,320,21,1825,0.00691715193355,2.31719545362,32,79,false
L19_SEED_4,320,21,1850,0.00675298580727,2.32771436278,32,79,false
L19_SEED_4,320,21,1875,0.00659421671236,2.33813944874,32,79,false
L19_SEED_4,320,21,1900,0.00644060755849,2.34847316015,32,79,false
L19_SEED_4,320,21,1925,0.00629193435709,2.35871785894,32,79,false
L19_SEED_4,320,21,1950,0.00614798535247,2.36887582431,32,79,false
L19_SEED_4,320,21,1975,0.0060085602199,2.37894925649,32,79,false
L19_SEED_4,320,21,2000,0.00587346932473,2.38894028031,32,79,false
L18_SEED_2_CONTROL,4,0,0,3.52918125743,3.52863187361,0,0,false
L18_SEED_2_CONTROL,4,0,25,1.06493562716,0.825476197492,28,144,false
L18_SEED_2_CONTROL,4,0,50,0.50251982776,0.282417436424,28,144,false
L18_SEED_2_CONTROL,4,0,75,0.372559909601,0.198079233746,28,144,false
L18_SEED_2_CONTROL,4,0,100,0.332191819403,0.161442917858,28,144,false
L18_SEED_2_CONTROL,4,0,125,0.313293551256,0.145010259793,28,144,false
L18_SEED_2_CONTROL,4,0,150,0.302355757047,0.134537836634,28,144,false
L18_SEED_2_CONTROL,4,0,175,0.295257818272,0.128093662992,28,144,false
L18_SEED_2_CONTROL,4,0,200,0.290315609187,0.123474430325,28,144,false
L18_SEED_2_CONTROL,4,0,225,0.286701760551,0.120124672574,28,144,false
L18_SEED_2_CONTROL,4,0,250,0.283960795646,0.117581897672,28,144,false
L18_SEED_2_CONTROL,4,0,275,0.281821601412,0.115593806945,28,144,false
L18_SEED_2_CONTROL,4,0,300,0.28011315122,0.114005515813,28,144,false
L18_SEED_2_CONTROL,4,0,325,0.278722535723,0.112712094207,28,144,false
L18_SEED_2_CONTROL,4,0,350,0.277572413979,0.111641816242,28,144,false
L18_SEED_2_CONTROL,4,0,375,0.276608162297,0.110744137118,28,144,false
L18_SEED_2_CONTROL,4,0,400,0.275790190639,0.109982376152,28,144,false
L18_SEED_2_CONTROL,4,0,425,0.275089161556,0.109329324615,28,144,false
L18_SEED_2_CONTROL,4,0,450,0.274482912671,0.108764415909,28,144,false
L18_SEED_2_CONTROL,4,0,475,0.273954417077,0.108271841313,28,144,false
L18_SEED_2_CONTROL,4,0,500,0.273490396787,0.107839267385,28,144,false
L18_SEED_2_CONTROL,4,0,525,0.273080358825,0.107456943641,28,144,false
L18_SEED_2_CONTROL,4,0,550,0.272715911701,0.107117069576,28,144,false
L18_SEED_2_CONTROL,4,0,575,0.272390272015,0.10681333751,28,144,false
L18_SEED_2_CONTROL,4,0,600,0.272097902596,0.106540597101,28,144,false
L18_SEED_2_CONTROL,4,0,625,0.271834243231,0.106294605604,28,144,false
L18_SEED_2_CONTROL,4,0,650,0.271595507659,0.106071839501,28,144,false
L18_SEED_2_CONTROL,4,0,675,0.271378528669,0.105869350718,28,144,false
L18_SEED_2_CONTROL,4,0,700,0.271180638588,0.105684655657,28,144,false
L18_SEED_2_CONTROL,4,0,725,0.270999576158,0.105515648695,28,144,false
L18_SEED_2_CONTROL,4,0,750,0.270833413264,0.105360534118,28,144,false
L18_SEED_2_CONTROL,4,0,775,0.270680496807,0.105217772089,28,144,false
L18_SEED_2_CONTROL,4,0,800,0.270539402196,0.105086035425,28,144,false
L18_SEED_2_CONTROL,4,0,825,0.270408895872,0.104964174752,28,144,false
L18_SEED_2_CONTROL,4,0,850,0.270287904886,0.104851190213,28,144,false
L18_SEED_2_CONTROL,4,0,875,0.270175492052,0.104746208356,28,144,false
L18_SEED_2_CONTROL,4,0,900,0.270070835515,0.104648463127,28,144,false
L18_SEED_2_CONTROL,4,0,925,0.269973211864,0.104557280156,28,144,false
L18_SEED_2_CONTROL,4,0,950,0.269881982089,0.104472063693,28,144,false
L18_SEED_2_CONTROL,4,0,975,0.269796579849,0.104392285683,28,144,false
L18_SEED_2_CONTROL,4,0,1000,0.269716501621,0.104317476597,28,144,false
L18_SEED_2_CONTROL,4,0,1025,0.269641298389,0.104247217697,28,144,false
L18_SEED_2_CONTROL,4,0,1050,0.269570568602,0.104181134474,28,144,false
L18_SEED_2_CONTROL,4,0,1075,0.269503952184,0.104118891078,28,144,false
L18_SEED_2_CONTROL,4,0,1100,0.269441125415,0.104060185542,28,144,false
L18_SEED_2_CONTROL,4,0,1125,0.269381796548,0.104004745705,28,144,false
L18_SEED_2_CONTROL,4,0,1150,0.269325702033,0.103952325688,28,144,false
L18_SEED_2_CONTROL,4,0,1175,0.269272603253,0.103902702864,28,144,false
L18_SEED_2_CONTROL,4,0,1200,0.269222283709,0.103855675223,28,144,false
L18_SEED_2_CONTROL,4,0,1225,0.269174546562,0.10381105909,28,144,false
L18_SEED_2_CONTROL,4,0,1250,0.269129212495,0.103768687131,28,144,false
L18_SEED_2_CONTROL,4,0,1275,0.269086117848,0.10372840661,28,144,false
L18_SEED_2_CONTROL,4,0,1300,0.269045112977,0.103690077868,28,144,false
L18_SEED_2_CONTROL,4,0,1325,0.26900606082,0.103653572977,28,144,false
L18_SEED_2_CONTROL,4,0,1350,0.268968835622,0.103618774559,28,144,false
L18_SEED_2_CONTROL,4,0,1375,0.268933321824,0.103585574745,28,144,false
L18_SEED_2_CONTROL,4,0,1400,0.268899413067,0.103553874251,28,144,false
L18_SEED_2_CONTROL,4,0,1425,0.268867011313,0.103523581555,28,144,false
L18_SEED_2_CONTROL,4,0,1450,0.268836026067,0.103494612172,28,144,false
L18_SEED_2_CONTROL,4,0,1475,0.268806373677,0.103466888003,28,144,false
L18_SEED_2_CONTROL,4,0,1500,0.268777976717,0.103440336758,28,144,false
L18_SEED_2_CONTROL,4,0,1525,0.268750763424,0.103414891432,28,144,false
L18_SEED_2_CONTROL,4,0,1550,0.268724667208,0.103390489846,28,144,false
L18_SEED_2_CONTROL,4,0,1575,0.2686996262,0.103367074228,28,144,false
L18_SEED_2_CONTROL,4,0,1600,0.268675582848,0.103344590835,28,144,false
L18_SEED_2_CONTROL,4,0,1625,0.268652483561,0.103322989621,28,144,false
L18_SEED_2_CONTROL,4,0,1650,0.268630278375,0.103302223924,28,144,false
L18_SEED_2_CONTROL,4,0,1675,0.268608920661,0.103282250196,28,144,false
L18_SEED_2_CONTROL,4,0,1700,0.268588366859,0.103263027755,28,144,false
L18_SEED_2_CONTROL,4,0,1725,0.26856857623,0.103244518549,28,144,false
L18_SEED_2_CONTROL,4,0,1750,0.268549510643,0.103226686964,28,144,false
L18_SEED_2_CONTROL,4,0,1775,0.268531134367,0.103209499625,28,144,false
L18_SEED_2_CONTROL,4,0,1800,0.268513413894,0.103192925232,28,144,false
L18_SEED_2_CONTROL,4,0,1825,0.268496317773,0.103176934407,28,144,false
L18_SEED_2_CONTROL,4,0,1850,0.268479816455,0.103161499544,28,144,false
L18_SEED_2_CONTROL,4,0,1875,0.268463882155,0.103146594691,28,144,false
L18_SEED_2_CONTROL,4,0,1900,0.268448488727,0.10313219542,28,144,false
L18_SEED_2_CONTROL,4,0,1925,0.268433611548,0.103118278727,28,144,false
L18_SEED_2_CONTROL,4,0,1950,0.268419227409,0.103104822928,28,144,false
L18_SEED_2_CONTROL,4,0,1975,0.268405314417,0.103091807571,28,144,false
L18_SEED_2_CONTROL,4,0,2000,0.268391851908,0.103079213348,28,144,true
L18_SEED_2_CONTROL,4,4,0,3.49214949387,3.49315160312,0,0,false
L18_SEED_2_CONTROL,4,4,25,1.1837395274,1.47146135886,27,122,false
L18_SEED_2_CONTROL,4,4,50,0.547845275533,0.861694845657,29,126,false
L18_SEED_2_CONTROL,4,4,75,0.33983247073,0.713590947458,30,121,false
L18_SEED_2_CONTROL,4,4,100,0.247260287223,0.681009707524,30,119,true
L18_SEED_2_CONTROL,4,4,125,0.195651985229,0.68575056692,30,119,false
L18_SEED_2_CONTROL,4,4,150,0.162168912013,0.704579223942,31,113,false
L18_SEED_2_CONTROL,4,4,175,0.138277927808,0.729628542621,31,113,false
L18_SEED_2_CONTROL,4,4,200,0.120167476747,0.757673439122,31,112,false
L18_SEED_2_CONTROL,4,4,225,0.10587855094,0.786984410745,32,101,false
L18_SEED_2_CONTROL,4,4,250,0.0942872290592,0.816621456119,32,100,false
L18_SEED_2_CONTROL,4,4,275,0.0846905666943,0.846039471909,32,99,false
L18_SEED_2_CONTROL,4,4,300,0.0766187024971,0.874919669128,32,99,false
L18_SEED_2_CONTROL,4,4,325,0.0697415600457,0.903089852755,32,99,false
L18_SEED_2_CONTROL,4,4,350,0.0638186592536,0.930470317683,32,99,false
L18_SEED_2_CONTROL,4,4,375,0.0586700284241,0.957038382717,32,99,false
L18_SEED_2_CONTROL,4,4,400,0.0541581661217,0.982803853075,32,99,false
L18_SEED_2_CONTROL,4,4,425,0.0501762161133,1.00779307327,32,99,false
L18_SEED_2_CONTROL,4,4,450,0.0466398937542,1.03203941459,32,98,false
L18_SEED_2_CONTROL,4,4,475,0.0434818191525,1.05557818326,32,98,false
L18_SEED_2_CONTROL,4,4,500,0.0406474626196,1.07844423472,32,98,false
L18_SEED_2_CONTROL,4,4,525,0.0380921998647,1.10067105332,32,98,false
L18_SEED_2_CONTROL,4,4,550,0.0357791439469,1.12229051645,32,97,false
L18_SEED_2_CONTROL,4,4,575,0.0336775275483,1.14333291927,32,97,false
L18_SEED_2_CONTROL,4,4,600,0.0317614795338,1.16382706225,32,97,false
L18_SEED_2_CONTROL,4,4,625,0.0300090873943,1.183800328,32,97,false
L18_SEED_2_CONTROL,4,4,650,0.0284016696631,1.20327873227,32,97,false
L18_SEED_2_CONTROL,4,4,675,0.0269232046329,1.22228695566,32,97,false
L18_SEED_2_CONTROL,4,4,700,0.0255598769737,1.24084836702,32,97,false
L18_SEED_2_CONTROL,4,4,725,0.0242997144213,1.25898504777,32,97,false
L18_SEED_2_CONTROL,4,4,750,0.0231322940857,1.27671782202,32,97,false
L18_SEED_2_CONTROL,4,4,775,0.0220485031525,1.29406629483,32,96,false
L18_SEED_2_CONTROL,4,4,800,0.0210403424946,1.31104889824,32,96,false
L18_SEED_2_CONTROL,4,4,825,0.020100764435,1.32768294379,32,96,false
L18_SEED_2_CONTROL,4,4,850,0.0192235379068,1.34398467964,32,96,false
L18_SEED_2_CONTROL,4,4,875,0.0184031357523,1.35996935037,32,96,false
L18_SEED_2_CONTROL,4,4,900,0.0176346400357,1.37565125773,32,96,false
L18_SEED_2_CONTROL,4,4,925,0.0169136620989,1.39104382104,32,96,false
L18_SEED_2_CONTROL,4,4,950,0.0162362747578,1.40615963598,32,96,false
L18_SEED_2_CONTROL,4,4,975,0.0155989545482,1.42101053115,32,96,false
L18_SEED_2_CONTROL,4,4,1000,0.0149985323308,1.4356076219,32,96,false
L18_SEED_2_CONTROL,4,4,1025,0.0144321508863,1.44996136096,32,96,false
L18_SEED_2_CONTROL,4,4,1050,0.0138972283773,1.46408158592,32,96,false
L18_SEED_2_CONTROL,4,4,1075,0.0133914267589,1.4779775634,32,96,false
L18_SEED_2_CONTROL,4,4,1100,0.0129126243781,1.49165803009,32,96,false
L18_SEED_2_CONTROL,4,4,1125,0.0124588921328,1.50513123063,32,96,false
L18_SEED_2_CONTROL,4,4,1150,0.0120284726671,1.5184049527,32,96,false
L18_SEED_2_CONTROL,4,4,1175,0.0116197621645,1.53148655917,32,96,false
L18_SEED_2_CONTROL,4,4,1200,0.0112312943723,1.54438301795,32,96,false
L18_SEED_2_CONTROL,4,4,1225,0.0108617265469,1.55710092922,32,96,false
L18_SEED_2_CONTROL,4,4,1250,0.0105098270598,1.56964655066,32,96,false
L18_SEED_2_CONTROL,4,4,1275,0.0101744644406,1.58202582059,32,96,false
L18_SEED_2_CONTROL,4,4,1300,0.0098545976692,1.59424437927,32,96,false
L18_SEED_2_CONTROL,4,4,1325,0.00954926755657,1.60630758852,32,96,false
L18_SEED_2_CONTROL,4,4,1350,0.00925758907457,1.61822054982,32,96,false
L18_SEED_2_CONTROL,4,4,1375,0.00897874451772,1.629988121,32,96,false
L18_SEED_2_CONTROL,4,4,1400,0.00871197739406,1.64161493158,32,96,false
L18_SEED_2_CONTROL,4,4,1425,0.00845658695743,1.65310539699,32,96,false
L18_SEED_2_CONTROL,4,4,1450,0.00821192330484,1.66446373175,32,96,false
L18_SEED_2_CONTROL,4,4,1475,0.00797738297271,1.67569396157,32,96,false
L18_SEED_2_CONTROL,4,4,1500,0.00775240497467,1.68679993461,32,96,false
L18_SEED_2_CONTROL,4,4,1525,0.00753646723061,1.69778533195,32,96,false
L18_SEED_2_CONTROL,4,4,1550,0.00732908334339,1.70865367723,32,96,false
L18_SEED_2_CONTROL,4,4,1575,0.00712979968469,1.71940834564,32,96,false
L18_SEED_2_CONTROL,4,4,1600,0.0069381927566,1.7300525723,32,96,false
L18_SEED_2_CONTROL,4,4,1625,0.0067538667992,1.74058946002,32,89,false
L18_SEED_2_CONTROL,4,4,1650,0.00657645161832,1.75102198654,32,89,false
L18_SEED_2_CONTROL,4,4,1675,0.00640560061041,1.76135301128,32,89,false
L18_SEED_2_CONTROL,4,4,1700,0.00624098896422,1.77158528166,32,89,false
L18_SEED_2_CONTROL,4,4,1725,0.00608231202147,1.78172143895,32,89,false
L18_SEED_2_CONTROL,4,4,1750,0.00592928378048,1.79176402377,32,89,false
L18_SEED_2_CONTROL,4,4,1775,0.00578163552861,1.80171548127,32,89,false
L18_SEED_2_CONTROL,4,4,1800,0.00563911459101,1.81157816592,32,89,false
L18_SEED_2_CONTROL,4,4,1825,0.00550148318444,1.82135434601,32,89,false
L18_SEED_2_CONTROL,4,4,1850,0.00536851736606,1.83104620791,32,89,false
L18_SEED_2_CONTROL,4,4,1875,0.0052400060684,1.84065586003,32,89,false
L18_SEED_2_CONTROL,4,4,1900,0.00511575021241,1.85018533657,32,89,false
L18_SEED_2_CONTROL,4,4,1925,0.00499556189144,1.85963660098,32,89,false
L18_SEED_2_CONTROL,4,4,1950,0.00487926361966,1.86901154932,32,89,false
L18_SEED_2_CONTROL,4,4,1975,0.00476668763929,1.87831201334,32,89,false
L18_SEED_2_CONTROL,4,4,2000,0.00465767528125,1.8875397634,32,89,false
L18_SEED_2_CONTROL,4,8,0,3.53069212346,3.50510045376,4,18,false
L18_SEED_2_CONTROL,4,8,25,1.26566260448,1.92508603035,28,80,false
L18_SEED_2_CONTROL,4,8,50,0.653626488773,1.50655822812,29,97,false
L18_SEED_2_CONTROL,4,8,75,0.420743829048,1.39074364293,31,93,false
L18_SEED_2_CONTROL,4,8,100,0.302182846735,1.36883650441,31,93,true
L18_SEED_2_CONTROL,4,8,125,0.232589138026,1.37271284117,31,86,false
L18_SEED_2_CONTROL,4,8,150,0.187234859395,1.39120665737,31,84,false
L18_SEED_2_CONTROL,4,8,175,0.15542493714,1.41562434321,32,70,false
L18_SEED_2_CONTROL,4,8,200,0.131918131029,1.44289614779,32,74,false
L18_SEED_2_CONTROL,4,8,225,0.113867541265,1.47151627193,32,74,false
L18_SEED_2_CONTROL,4,8,250,0.0995979111755,1.50073762152,32,74,false
L18_SEED_2_CONTROL,4,8,275,0.0880585643267,1.53016171705,32,75,false
L18_SEED_2_CONTROL,4,8,300,0.0785558919711,1.55954417637,32,75,false
L18_SEED_2_CONTROL,4,8,325,0.0706126598696,1.58872212408,32,74,false
L18_SEED_2_CONTROL,4,8,350,0.0638892756318,1.61758370126,32,74,false
L18_SEED_2_CONTROL,4,8,375,0.0581373014672,1.64604953085,32,74,false
L18_SEED_2_CONTROL,4,8,400,0.0531707165441,1.67406269087,32,74,false
L18_SEED_2_CONTROL,4,8,425,0.0488474528934,1.70158265622,32,74,false
L18_SEED_2_CONTROL,4,8,450,0.0450571432112,1.72858153767,32,74,false
L18_SEED_2_CONTROL,4,8,475,0.0417127651299,1.75504154954,32,74,false
L18_SEED_2_CONTROL,4,8,500,0.0387448054946,1.78095311072,32,74,false
L18_SEED_2_CONTROL,4,8,525,0.0360970975044,1.806313288,32,74,false
L18_SEED_2_CONTROL,4,8,550,0.0337237942766,1.83112446079,32,74,false
L18_SEED_2_CONTROL,4,8,575,0.0315871307505,1.85539316659,32,74,false
L18_SEED_2_CONTROL,4,8,600,0.0296557430591,1.87912911426,32,74,false
L18_SEED_2_CONTROL,4,8,625,0.0279033890968,1.90234435669,32,74,false
L18_SEED_2_CONTROL,4,8,650,0.0263079624662,1.9250526111,32,74,false
L18_SEED_2_CONTROL,4,8,675,0.0248507240901,1.94726871121,32,74,false
L18_SEED_2_CONTROL,4,8,700,0.0235156974361,1.96900817337,32,74,false
L18_SEED_2_CONTROL,4,8,725,0.022289188188,1.99028685854,32,74,false
L18_SEED_2_CONTROL,4,8,750,0.0211593995876,2.0111207131,32,74,false
L18_SEED_2_CONTROL,4,8,775,0.0201161220451,2.03152557344,32,74,false
L18_SEED_2_CONTROL,4,8,800,0.0191504809184,2.05151702135,32,74,false
L18_SEED_2_CONTROL,4,8,825,0.0182547302225,2.07111027961,32,74,false
L18_SEED_2_CONTROL,4,8,850,0.0174220828819,2.09032013881,32,74,false
L18_SEED_2_CONTROL,4,8,875,0.0166465702588,2.10916090852,32,74,false
L18_SEED_2_CONTROL,4,8,900,0.0159229252888,2.12764638699,32,74,false
L18_SEED_2_CONTROL,4,8,925,0.0152464847695,2.14578984515,32,74,false
L18_SEED_2_CONTROL,4,8,950,0.0146131072764,2.16360402116,32,74,false
L18_SEED_2_CONTROL,4,8,975,0.0140191038975,2.181101123,32,74,false
L18_SEED_2_CONTROL,4,8,1000,0.0134611795378,2.19829283687,32,74,false
L18_SEED_2_CONTROL,4,8,1025,0.0129363829797,2.21519033973,32,74,false
L18_SEED_2_CONTROL,4,8,1050,0.0124420642298,2.23180431481,32,74,false
L18_SEED_2_CONTROL,4,8,1075,0.0119758379569,2.24814496903,32,74,false
L18_SEED_2_CONTROL,4,8,1100,0.0115355520412,2.26422205163,32,74,false
L18_SEED_2_CONTROL,4,8,1125,0.0111192604306,2.28004487347,32,74,false
L18_SEED_2_CONTROL,4,8,1150,0.0107251996391,2.29562232648,32,74,false
L18_SEED_2_CONTROL,4,8,1175,0.0103517683371,2.31096290308,32,74,false
L18_SEED_2_CONTROL,4,8,1200,0.0099975095746,2.32607471528,32,74,false
L18_SEED_2_CONTROL,4,8,1225,0.00966109525409,2.34096551321,32,74,false
L18_SEED_2_CONTROL,4,8,1250,0.00934131253239,2.35564270315,32,74,false
L18_SEED_2_CONTROL,4,8,1275,0.00903705188031,2.37011336481,32,74,false
L18_SEED_2_CONTROL,4,8,1300,0.00874729657241,2.38438426794,32,74,false
L18_SEED_2_CONTROL,4,8,1325,0.00847111341297,2.39846188813,32,74,false
L18_SEED_2_CONTROL,4,8,1350,0.00820764453416,2.41235242191,32,74,false
L18_SEED_2_CONTROL,4,8,1375,0.00795610012608,2.42606180103,32,74,false
L18_SEED_2_CONTROL,4,8,1400,0.00771575197905,2.43959570612,32,74,false
L18_SEED_2_CONTROL,4,8,1425,0.00748592773539,2.45295957947,32,74,false
L18_SEED_2_CONTROL,4,8,1450,0.0072660057626,2.46615863725,32,74,false
L18_SEED_2_CONTROL,4,8,1475,0.00705541057185,2.47919788101,32,74,false
L18_SEED_2_CONTROL,4,8,1500,0.00685360871601,2.49208210855,32,74,false
L18_SEED_2_CONTROL,4,8,1525,0.00666010511059,2.50481592415,32,74,false
L18_SEED_2_CONTROL,4,8,1550,0.00647443972793,2.51740374828,32,74,false
L18_SEED_2_CONTROL,4,8,1575,0.00629618462199,2.52984982677,32,74,false
L18_SEED_2_CONTROL,4,8,1600,0.006124941246,2.54215823938,32,74,false
L18_SEED_2_CONTROL,4,8,1625,0.00596033803057,2.55433290795,32,74,false
L18_SEED_2_CONTROL,4,8,1650,0.00580202819325,2.56637760413,32,74,false
L18_SEED_2_CONTROL,4,8,1675,0.00564968775475,2.57829595655,32,74,false
L18_SEED_2_CONTROL,4,8,1700,0.00550301373956,2.59009145773,32,74,false
L18_SEED_2_CONTROL,4,8,1725,0.00536172254144,2.6017674705,32,74,false
L18_SEED_2_CONTROL,4,8,1750,0.00522554843679,2.6133272341,32,74,false
L18_SEED_2_CONTROL,4,8,1775,0.00509424223064,2.62477386995,32,74,false
L18_SEED_2_CONTROL,4,8,1800,0.00496757002175,2.63611038712,32,74,false
L18_SEED_2_CONTROL,4,8,1825,0.0048453120751,2.64733968741,32,75,false
L18_SEED_2_CONTROL,4,8,1850,0.00472726179089,2.65846457028,32,75,false
L18_SEED_2_CONTROL,4,8,1875,0.00461322476102,2.66948773744,32,75,false
L18_SEED_2_CONTROL,4,8,1900,0.0045030179042,2.68041179716,32,75,false
L18_SEED_2_CONTROL,4,8,1925,0.00439646867264,2.69123926845,32,75,false
L18_SEED_2_CONTROL,4,8,1950,0.00429341432331,2.70197258494,32,75,false
L18_SEED_2_CONTROL,4,8,1975,0.00419370124785,2.71261409858,32,75,false
L18_SEED_2_CONTROL,4,8,2000,0.00409718435591,2.72316608314,32,75,false
L18_SEED_2_CONTROL,4,12,0,3.52152231809,3.48235202593,4,16,false
L18_SEED_2_CONTROL,4,12,25,1.19824007927,1.99925366824,30,76,false
L18_SEED_2_CONTROL,4,12,50,0.602309750969,1.69659839713,30,76,false
L18_SEED_2_CONTROL,4,12,75,0.384041113406,1.67552046512,31,74,true
L18_SEED_2_CONTROL,4,12,100,0.272960718756,1.72141554191,32,55,false
L18_SEED_2_CONTROL,4,12,125,0.207005575655,1.76815020361,32,54,false
L18_SEED_2_CONTROL,4,12,150,0.163970803742,1.8158428659,32,61,false
L18_SEED_2_CONTROL,4,12,175,0.13403869555,1.86509574076,32,60,false
L18_SEED_2_CONTROL,4,12,200,0.112214772851,1.91395574596,32,60,false
L18_SEED_2_CONTROL,4,12,225,0.0957131584187,1.96150170094,32,60,false
L18_SEED_2_CONTROL,4,12,250,0.0828706125539,2.00742152771,32,60,false
L18_SEED_2_CONTROL,4,12,275,0.072639277565,2.05158675621,32,60,false
L18_SEED_2_CONTROL,4,12,300,0.0643292816024,2.09399627545,32,60,false
L18_SEED_2_CONTROL,4,12,325,0.05746950411,2.13470547154,32,60,false
L18_SEED_2_CONTROL,4,12,350,0.05172814977,2.17379661126,32,59,false
L18_SEED_2_CONTROL,4,12,375,0.046865343794,2.21136299406,32,59,false
L18_SEED_2_CONTROL,4,12,400,0.0427037176387,2.24750015421,32,59,false
L18_SEED_2_CONTROL,4,12,425,0.0391095333896,2.28230128728,32,59,false
L18_SEED_2_CONTROL,4,12,450,0.0359802108311,2.31585484848,32,58,false
L18_SEED_2_CONTROL,4,12,475,0.0332358708378,2.34824349298,32,58,false
L18_SEED_2_CONTROL,4,12,500,0.0308134702426,2.37954374574,32,58,false
L18_SEED_2_CONTROL,4,12,525,0.0286626512035,2.40982607939,32,58,false
L18_SEED_2_CONTROL,4,12,550,0.0267427504745,2.43915520636,32,58,false
L18_SEED_2_CONTROL,4,12,575,0.0250206092545,2.46759047428,32,58,false
L18_SEED_2_CONTROL,4,12,600,0.02346894566,2.49518630031,32,58,false
L18_SEED_2_CONTROL,4,12,625,0.0220651291106,2.52199260765,32,59,false
L18_SEED_2_CONTROL,4,12,650,0.0207902461191,2.54805524424,32,59,false
L18_SEED_2_CONTROL,4,12,675,0.0196283802497,2.57341637337,32,64,false
L18_SEED_2_CONTROL,4,12,700,0.0185660514513,2.59811483164,32,64,false
L18_SEED_2_CONTROL,4,12,725,0.0175917753568,2.62218645342,32,64,false
L18_SEED_2_CONTROL,4,12,750,0.0166957138435,2.64566436262,32,64,false
L18_SEED_2_CONTROL,4,12,775,0.0158693957029,2.66857923373,32,64,false
L18_SEED_2_CONTROL,4,12,800,0.0151054916617,2.69095952475,32,64,false
L18_SEED_2_CONTROL,4,12,825,0.0143976318979,2.71283168446,32,64,false
L18_SEED_2_CONTROL,4,12,850,0.0137402570456,2.73422033692,32,64,false
L18_SEED_2_CONTROL,4,12,875,0.0131284957883,2.75514844548,32,64,false
L18_SEED_2_CONTROL,4,12,900,0.0125580637092,2.77563745888,32,64,false
L18_SEED_2_CONTROL,4,12,925,0.0120251792493,2.79570744138,32,64,false
L18_SEED_2_CONTROL,4,12,950,0.0115264935167,2.81537718892,32,64,false
L18_SEED_2_CONTROL,4,12,975,0.0110590313794,2.8346643331,32,64,false
L18_SEED_2_CONTROL,4,12,1000,0.0106201417979,2.85358543427,32,64,false
L18_SEED_2_CONTROL,4,12,1025,0.0102074557652,2.87215606531,32,64,false
L18_SEED_2_CONTROL,4,12,1050,0.00981885054145,2.89039088702,32,64,false
L18_SEED_2_CONTROL,4,12,1075,0.00945241912052,2.90830371629,32,64,false
L18_SEED_2_CONTROL,4,12,1100,0.00910644406572,2.92590758784,32,64,false
L18_SEED_2_CONTROL,4,12,1125,0.00877937500923,2.94321481032,32,64,false
L18_SEED_2_CONTROL,4,12,1150,0.0084698092363,2.96023701736,32,64,false
L18_SEED_2_CONTROL,4,12,1175,0.00817647487688,2.97698521424,32,64,false
L18_SEED_2_CONTROL,4,12,1200,0.00789821630924,2.99346982054,32,64,false
L18_SEED_2_CONTROL,4,12,1225,0.00763398144683,3.00970070933,32,64,false
L18_SEED_2_CONTROL,4,12,1250,0.00738281063379,3.02568724314,32,64,false
L18_SEED_2_CONTROL,4,12,1275,0.00714382691922,3.04143830708,32,64,false
L18_SEED_2_CONTROL,4,12,1300,0.00691622751651,3.05696233945,32,64,false
L18_SEED_2_CONTROL,4,12,1325,0.00669927628456,3.07226735995,32,64,false
L18_SEED_2_CONTROL,4,12,1350,0.0064922970925,3.08736099582,32,64,false
L18_SEED_2_CONTROL,4,12,1375,0.00629466795049,3.10225050605,32,64,false
L18_SEED_2_CONTROL,4,12,1400,0.0061058158064,3.11694280385,32,64,false
L18_SEED_2_CONTROL,4,12,1425,0.0059252119229,3.13144447744,32,64,false
L18_SEED_2_CONTROL,4,12,1450,0.00575236776153,3.14576180949,32,64,false
L18_SEED_2_CONTROL,4,12,1475,0.00558683131088,3.15990079506,32,64,false
L18_SEED_2_CONTROL,4,12,1500,0.00542818380429,3.17386715845,32,64,false
L18_SEED_2_CONTROL,4,12,1525,0.00527603678058,3.18766636875,32,64,false
L18_SEED_2_CONTROL,4,12,1550,0.00513002944676,3.20130365445,32,64,false
L18_SEED_2_CONTROL,4,12,1575,0.00498982630778,3.21478401699,32,64,false
L18_SEED_2_CONTROL,4,12,1600,0.00485511503246,3.22811224347,32,64,false
L18_SEED_2_CONTROL,4,12,1625,0.00472560452899,3.24129291845,32,64,false
L18_SEED_2_CONTROL,4,12,1650,0.00460102320654,3.25433043503,32,64,false
L18_SEED_2_CONTROL,4,12,1675,0.00448111740249,3.26722900521,32,64,false
L18_SEED_2_CONTROL,4,12,1700,0.00436564995746,3.27999266954,32,64,false
L18_SEED_2_CONTROL,4,12,1725,0.00425439892231,3.2926253062,32,64,false
L18_SEED_2_CONTROL,4,12,1750,0.00414715638307,3.30513063946,32,64,false
L18_SEED_2_CONTROL,4,12,1775,0.00404372739179,3.31751224766,32,64,false
L18_SEED_2_CONTROL,4,12,1800,0.00394392899223,3.32977357063,32,64,false
L18_SEED_2_CONTROL,4,12,1825,0.00384758933101,3.34191791672,32,64,false
L18_SEED_2_CONTROL,4,12,1850,0.00375454684547,3.35394846932,32,64,false
L18_SEED_2_CONTROL,4,12,1875,0.00366464952091,3.36586829309,32,64,false
L18_SEED_2_CONTROL,4,12,1900,0.00357775421031,3.37768033968,32,64,false
L18_SEED_2_CONTROL,4,12,1925,0.00349372601064,3.38938745325,32,64,false
L18_SEED_2_CONTROL,4,12,1950,0.00341243769026,3.40099237555,32,64,false
L18_SEED_2_CONTROL,4,12,1975,0.00333376916286,3.41249775077,32,64,false
L18_SEED_2_CONTROL,4,12,2000,0.00325760700342,3.42390613008,32,64,false
L18_SEED_2_CONTROL,4,16,0,3.48603204456,3.46401678808,4,5,false
L18_SEED_2_CONTROL,4,16,25,1.25046029859,2.25263770268,27,46,false
L18_SEED_2_CONTROL,4,16,50,0.659031747526,2.08472467641,30,59,true
L18_SEED_2_CONTROL,4,16,75,0.422005911891,2.13538783362,31,57,false
L18_SEED_2_CONTROL,4,16,100,0.303016184779,2.19543163341,31,55,false
L18_SEED_2_CONTROL,4,16,125,0.233381626622,2.26003234994,32,50,false
L18_SEED_2_CONTROL,4,16,150,0.187822343899,2.3228583072,32,50,false
L18_SEED_2_CONTROL,4,16,175,0.155750484546,2.38412381787,32,50,false
L18_SEED_2_CONTROL,4,16,200,0.132010411616,2.44281907693,32,50,false
L18_SEED_2_CONTROL,4,16,225,0.113783949967,2.49868942066,32,50,false
L18_SEED_2_CONTROL,4,16,250,0.0993953795285,2.55170396708,32,50,false
L18_SEED_2_CONTROL,4,16,275,0.0877837953345,2.60198742091,32,51,false
L18_SEED_2_CONTROL,4,16,300,0.0782441442319,2.64970897192,32,51,false
L18_SEED_2_CONTROL,4,16,325,0.0702893647656,2.6950565735,32,51,false
L18_SEED_2_CONTROL,4,16,350,0.0635721698026,2.73821853141,32,51,false
L18_SEED_2_CONTROL,4,16,375,0.0578383263921,2.77937450601,32,51,false
L18_SEED_2_CONTROL,4,16,400,0.0528975352544,2.81869202576,32,51,false
L18_SEED_2_CONTROL,4,16,425,0.0486046158825,2.85632518647,32,51,false
L18_SEED_2_CONTROL,4,16,450,0.0448469704744,2.8924145145,32,51,false
L18_SEED_2_CONTROL,4,16,475,0.0415360062013,2.92708748647,32,51,false
L18_SEED_2_CONTROL,4,16,500,0.0386011281275,2.96045934869,32,51,false
L18_SEED_2_CONTROL,4,16,525,0.0359854456175,2.99263406491,32,51,false
L18_SEED_2_CONTROL,4,16,550,0.0336426474353,3.02370529407,32,51,false
L18_SEED_2_CONTROL,4,16,575,0.0315346903954,3.05375734488,32,51,false
L18_SEED_2_CONTROL,4,16,600,0.0296300647869,3.08286608072,32,51,false
L18_SEED_2_CONTROL,4,16,625,0.0279024754925,3.11109976295,32,51,false
L18_SEED_2_CONTROL,4,16,650,0.0263298272144,3.1385198292,32,51,false
L18_SEED_2_CONTROL,4,16,675,0.0248934352302,3.16518160687,32,51,false
L18_SEED_2_CONTROL,4,16,700,0.0235774055014,3.19113496461,32,51,false
L18_SEED_2_CONTROL,4,16,725,0.0223681434204,3.21642490455,32,52,false
L18_SEED_2_CONTROL,4,16,750,0.0212539612984,3.24109209885,32,52,false
L18_SEED_2_CONTROL,4,16,775,0.0202247623809,3.26517337378,32,52,false
L18_SEED_2_CONTROL,4,16,800,0.0192717847023,3.28870214449,32,52,false
L18_SEED_2_CONTROL,4,16,825,0.0183873921073,3.31170880388,32,52,false
L18_SEED_2_CONTROL,4,16,850,0.0175649027309,3.3342210688,32,52,false
L18_SEED_2_CONTROL,4,16,875,0.0167984474298,3.35626428681,32,52,false
L18_SEED_2_CONTROL,4,16,900,0.0160828523138,3.37786170707,32,52,false
L18_SEED_2_CONTROL,4,16,925,0.0154135407863,3.39903471847,32,52,false
L18_SEED_2_CONTROL,4,16,950,0.0147864514625,3.41980305846,32,52,false
L18_SEED_2_CONTROL,4,16,975,0.0141979690784,3.44018499555,32,52,false
L18_SEED_2_CONTROL,4,16,1000,0.0136448660828,3.4601974886,32,52,false
L18_SEED_2_CONTROL,4,16,1025,0.0131242530528,3.47985632561,32,52,false
L18_SEED_2_CONTROL,4,16,1050,0.0126335364337,3.49917624452,32,52,false
L18_SEED_2_CONTROL,4,16,1075,0.0121703823826,3.51817103841,32,52,false
L18_SEED_2_CONTROL,4,16,1100,0.0117326857209,3.53685364716,32,52,false
L18_SEED_2_CONTROL,4,16,1125,0.0113185431805,3.55523623731,32,52,false
L18_SEED_2_CONTROL,4,16,1150,0.010926230272,3.57333027194,32,52,false
L18_SEED_2_CONTROL,4,16,1175,0.0105541812198,3.59114657173,32,52,false
L18_SEED_2_CONTROL,4,16,1200,0.0102009715049,3.60869536871,32,52,false
L18_SEED_2_CONTROL,4,16,1225,0.00986530262933,3.62598635347,32,52,false
L18_SEED_2_CONTROL,4,16,1250,0.00954598878422,3.64302871706,32,50,false
L18_SEED_2_CONTROL,4,16,1275,0.00924194515048,3.65983118801,32,50,false
L18_SEED_2_CONTROL,4,16,1300,0.00895217760588,3.6764020655,32,50,false
L18_SEED_2_CONTROL,4,16,1325,0.00867577364694,3.6927492489,32,50,false
L18_SEED_2_CONTROL,4,16,1350,0.00841189436317,3.70888026445,32,50,false
L18_SEED_2_CONTROL,4,16,1375,0.00815976732523,3.7248022893,32,50,false
L18_SEED_2_CONTROL,4,16,1400,0.00791868026924,3.74052217332,32,50,false
L18_SEED_2_CONTROL,4,16,1425,0.00768797547621,3.75604645897,32,50,false
L18_SEED_2_CONTROL,4,16,1450,0.00746704475989,3.77138139951,32,50,false
L18_SEED_2_CONTROL,4,16,1475,0.00725532498847,3.78653297565,32,50,false
L18_SEED_2_CONTROL,4,16,1500,0.00705229407571,3.80150691097,32,50,false
L18_SEED_2_CONTROL,4,16,1525,0.00685746738581,3.81630868609,32,50,false
L18_SEED_2_CONTROL,4,16,1550,0.00667039450354,3.83094355189,32,50,false
L18_SEED_2_CONTROL,4,16,1575,0.00649065632779,3.84541654176,32,50,false
L18_SEED_2_CONTROL,4,16,1600,0.00631786245165,3.85973248299,32,50,false
L18_SEED_2_CONTROL,4,16,1625,0.00615164879718,3.87389600747,32,50,false
L18_SEED_2_CONTROL,4,16,1650,0.00599167547674,3.88791156166,32,50,false
L18_SEED_2_CONTROL,4,16,1675,0.00583762485628,3.90178341594,32,50,false
L18_SEED_2_CONTROL,4,16,1700,0.00568919979898,3.91551567339,32,50,false
L18_SEED_2_CONTROL,4,16,1725,0.00554612207026,3.92911227806,32,50,false
L18_SEED_2_CONTROL,4,16,1750,0.00540813088723,3.94257702272,32,50,false
L18_SEED_2_CONTROL,4,16,1775,0.00527498159778,3.9559135562,32,50,false
L18_SEED_2_CONTROL,4,16,1800,0.00514644447623,3.96912539026,32,50,false
L18_SEED_2_CONTROL,4,16,1825,0.00502230362376,3.98221590613,32,50,false
L18_SEED_2_CONTROL,4,16,1850,0.00490235596328,3.99518836062,32,50,false
L18_SEED_2_CONTROL,4,16,1875,0.00478641031959,4.00804589197,32,50,false
L18_SEED_2_CONTROL,4,16,1900,0.00467428657652,4.0207915253,32,50,false
L18_SEED_2_CONTROL,4,16,1925,0.00456581490375,4.0334281778,32,50,false
L18_SEED_2_CONTROL,4,16,1950,0.0044608350468,4.04595866369,32,50,false
L18_SEED_2_CONTROL,4,16,1975,0.00435919567423,4.0583856988,32,50,false
L18_SEED_2_CONTROL,4,16,2000,0.00426075377686,4.07071190501,32,50,false
L18_SEED_2_CONTROL,4,18,0,3.48095547612,3.45979944556,4,5,false
L18_SEED_2_CONTROL,4,18,25,1.31524191325,2.42695071235,26,40,false
L18_SEED_2_CONTROL,4,18,50,0.731032940959,2.3027906099,30,61,true
L18_SEED_2_CONTROL,4,18,75,0.489850710528,2.34332917173,31,54,false
L18_SEED_2_CONTROL,4,18,100,0.359757510528,2.41268201263,31,52,false
L18_SEED_2_CONTROL,4,18,125,0.279644431092,2.4806899525,31,51,false
L18_SEED_2_CONTROL,4,18,150,0.226190006309,2.54996378418,32,40,false
L18_SEED_2_CONTROL,4,18,175,0.1883417865,2.61699524706,32,40,false
L18_SEED_2_CONTROL,4,18,200,0.160281753199,2.681388225,32,41,false
L18_SEED_2_CONTROL,4,18,225,0.138724489318,2.74290585875,32,41,false
L18_SEED_2_CONTROL,4,18,250,0.12169292576,2.8015128404,32,41,false
L18_SEED_2_CONTROL,4,18,275,0.107930763494,2.85730953599,32,41,false
L18_SEED_2_CONTROL,4,18,300,0.096603228919,2.9104512395,32,41,false
L18_SEED_2_CONTROL,4,18,325,0.0871348441554,2.96112285305,32,41,false
L18_SEED_2_CONTROL,4,18,350,0.0791164756602,3.0095153987,32,41,false
L18_SEED_2_CONTROL,4,18,375,0.0722495499627,3.05581375084,32,41,false
L18_SEED_2_CONTROL,4,18,400,0.0663112431096,3.10019169722,32,41,false
L18_SEED_2_CONTROL,4,18,425,0.0611320164685,3.14280977204,32,41,false
L18_SEED_2_CONTROL,4,18,450,0.0565806857178,3.18381445222,32,41,false
L18_SEED_2_CONTROL,4,18,475,0.0525542328515,3.22333809835,32,41,false
L18_SEED_2_CONTROL,4,18,500,0.0489706903664,3.261499367,32,41,false
L18_SEED_2_CONTROL,4,18,525,0.0457640678639,3.29840398156,32,41,false
L18_SEED_2_CONTROL,4,18,550,0.0428806690905,3.33414577442,32,41,false
L18_SEED_2_CONTROL,4,18,575,0.0402763758503,3.36880789851,32,41,false
L18_SEED_2_CONTROL,4,18,600,0.0379146168239,3.40246410184,32,41,false
L18_SEED_2_CONTROL,4,18,625,0.0357648293962,3.43517997329,32,48,false
L18_SEED_2_CONTROL,4,18,650,0.0338012813487,3.46701409412,32,48,false
L18_SEED_2_CONTROL,4,18,675,0.0320021585203,3.49801905849,32,48,false
L18_SEED_2_CONTROL,4,18,700,0.0303488512818,3.52824235028,32,48,false
L18_SEED_2_CONTROL,4,18,725,0.0288253912183,3.55772708024,32,48,false
L18_SEED_2_CONTROL,4,18,750,0.0274180024393,3.58651259724,32,48,false
L18_SEED_2_CONTROL,4,18,775,0.0261147412116,3.61463499146,32,48,false
L18_SEED_2_CONTROL,4,18,800,0.0249052042676,3.64212750796,32,48,false
L18_SEED_2_CONTROL,4,18,825,0.0237802909804,3.66902088737,32,48,false
L18_SEED_2_CONTROL,4,18,850,0.0227320081353,3.69534364834,32,48,false
L18_SEED_2_CONTROL,4,18,875,0.0217533086503,3.72112232367,32,48,false
L18_SEED_2_CONTROL,4,18,900,0.0208379575507,3.74638165959,32,48,false
L18_SEED_2_CONTROL,4,18,925,0.0199804199717,3.77114478575,32,48,false
L18_SEED_2_CONTROL,4,18,950,0.0191757670822,3.79543336177,32,48,false
L18_SEED_2_CONTROL,4,18,975,0.0184195966759,3.81926770477,32,48,false
L18_SEED_2_CONTROL,4,18,1000,0.0177079658344,3.84266690141,32,48,false
L18_SEED_2_CONTROL,4,18,1025,0.0170373335799,3.86564890709,32,48,false
L18_SEED_2_CONTROL,4,18,1050,0.016404511836,3.8882306344,32,48,false
L18_SEED_2_CONTROL,4,18,1075,0.0158066233304,3.91042803247,32,48,false
L18_SEED_2_CONTROL,4,18,1100,0.0152410653248,3.93225615852,32,48,false
L18_SEED_2_CONTROL,4,18,1125,0.0147054782566,3.95372924263,32,48,false
L18_SEED_2_CONTROL,4,18,1150,0.014197718537,3.97486074666,32,48,false
L18_SEED_2_CONTROL,4,18,1175,0.0137158348808,3.99566341792,32,48,false
L18_SEED_2_CONTROL,4,18,1200,0.0132580476476,4.01614933821,32,48,false
L18_SEED_2_CONTROL,4,18,1225,0.012822730759,4.03632996878,32,48,false
L18_SEED_2_CONTROL,4,18,1250,0.0124083958277,4.05621619158,32,48,false
L18_SEED_2_CONTROL,4,18,1275,0.012013678191,4.07581834722,32,48,false
L18_SEED_2_CONTROL,4,18,1300,0.0116373245892,4.09514626979,32,48,false
L18_SEED_2_CONTROL,4,18,1325,0.0112781822699,4.11420931917,32,48,false
L18_SEED_2_CONTROL,4,18,1350,0.0109351893291,4.13301641065,32,48,false
L18_SEED_2_CONTROL,4,18,1375,0.010607366131,4.15157604245,32,48,false
L18_SEED_2_CONTROL,4,18,1400,0.0102938076697,4.16989632111,32,48,false
L18_SEED_2_CONTROL,4,18,1425,0.00999367675426,4.18798498499,32,48,false
L18_SEED_2_CONTROL,4,18,1450,0.00970619791713,4.20584942615,32,48,false
L18_SEED_2_CONTROL,4,18,1475,0.00943065195886,4.22349671048,32,48,false
L18_SEED_2_CONTROL,4,18,1500,0.00916637105283,4.2409335966,32,48,false
L18_SEED_2_CONTROL,4,18,1525,0.00891273434523,4.25816655324,32,48,false
L18_SEED_2_CONTROL,4,18,1550,0.00866916399315,4.27520177555,32,48,false
L18_SEED_2_CONTROL,4,18,1575,0.00843512159119,4.29204520019,32,48,false
L18_SEED_2_CONTROL,4,18,1600,0.00821010494324,4.30870251944,32,48,false
L18_SEED_2_CONTROL,4,18,1625,0.00799364514165,4.32517919436,32,48,false
L18_SEED_2_CONTROL,4,18,1650,0.00778530392029,4.34148046705,32,48,false
L18_SEED_2_CONTROL,4,18,1675,0.00758467125251,4.35761137211,32,48,false
L18_SEED_2_CONTROL,4,18,1700,0.00739136316806,4.37357674738,32,48,false
L18_SEED_2_CONTROL,4,18,1725,0.00720501976631,4.38938124396,32,48,false
L18_SEED_2_CONTROL,4,18,1750,0.00702530340575,4.4050293356,32,48,false
L18_SEED_2_CONTROL,4,18,1775,0.00685189705188,4.42052532751,32,48,false
L18_SEED_2_CONTROL,4,18,1800,0.00668450276774,4.43587336461,32,48,false
L18_SEED_2_CONTROL,4,18,1825,0.00652284033314,4.45107743932,32,48,false
L18_SEED_2_CONTROL,4,18,1850,0.00636664598,4.46614139879,32,48,false
L18_SEED_2_CONTROL,4,18,1875,0.0062156712327,4.48106895177,32,48,false
L18_SEED_2_CONTROL,4,18,1900,0.00606968184361,4.49586367509,32,48,false
L18_SEED_2_CONTROL,4,18,1925,0.00592845681477,4.51052901967,32,48,false
L18_SEED_2_CONTROL,4,18,1950,0.00579178749787,4.52506831629,32,48,false
L18_SEED_2_CONTROL,4,18,1975,0.0056594767654,4.53948478095,32,48,false
L18_SEED_2_CONTROL,4,18,2000,0.00553133824647,4.55378151999,32,48,false
L18_SEED_2_CONTROL,4,19,0,3.48112695365,3.45449841056,4,6,false
L18_SEED_2_CONTROL,4,19,25,1.30795843497,2.39058271752,26,43,false
L18_SEED_2_CONTROL,4,19,50,0.719910196025,2.25503430444,30,62,true
L18_SEED_2_CONTROL,4,19,75,0.476117016035,2.30564429045,31,55,false
L18_SEED_2_CONTROL,4,19,100,0.347090927247,2.37918737545,31,53,false
L18_SEED_2_CONTROL,4,19,125,0.26922541829,2.44706434128,31,52,false
L18_SEED_2_CONTROL,4,19,150,0.21765864604,2.51308776115,31,51,false
L18_SEED_2_CONTROL,4,19,175,0.181252188993,2.5767160179,32,40,false
L18_SEED_2_CONTROL,4,19,200,0.154315241845,2.63753383214,32,40,false
L18_SEED_2_CONTROL,4,19,225,0.133652623767,2.69522871793,32,40,false
L18_SEED_2_CONTROL,4,19,250,0.117343235439,2.74987191236,32,40,false
L18_SEED_2_CONTROL,4,19,275,0.10416892618,2.80168752761,32,47,false
L18_SEED_2_CONTROL,4,19,300,0.0933231062486,2.8509254991,32,47,false
L18_SEED_2_CONTROL,4,19,325,0.0842519962405,2.89782607969,32,47,false
L18_SEED_2_CONTROL,4,19,350,0.076563474362,2.94260706486,32,47,false
L18_SEED_2_CONTROL,4,19,375,0.0699724006909,2.9854628334,32,47,false
L18_SEED_2_CONTROL,4,19,400,0.064266578647,3.02656568741,32,47,false
L18_SEED_2_CONTROL,4,19,425,0.0592848698095,3.06606822245,32,47,false
L18_SEED_2_CONTROL,4,19,450,0.0549027175008,3.10410573239,32,48,false
L18_SEED_2_CONTROL,4,19,475,0.0510223253524,3.14079840523,32,48,false
L18_SEED_2_CONTROL,4,19,500,0.0475658400809,3.17625322164,32,48,false
L18_SEED_2_CONTROL,4,19,525,0.0444705204173,3.2105655722,32,48,false
L18_SEED_2_CONTROL,4,19,550,0.0416852482955,3.24382063669,32,48,false
L18_SEED_2_CONTROL,4,19,575,0.0391679656889,3.27609457358,32,48,false
L18_SEED_2_CONTROL,4,19,600,0.0368837618663,3.30745556063,32,48,false
L18_SEED_2_CONTROL,4,19,625,0.0348034256833,3.33796471685,32,48,false
L18_SEED_2_CONTROL,4,19,650,0.0329023357441,3.36767692589,32,48,false
L18_SEED_2_CONTROL,4,19,675,0.0311595996846,3.39664157401,32,48,false
L18_SEED_2_CONTROL,4,19,700,0.0295573796228,3.4249032102,32,48,false
L18_SEED_2_CONTROL,4,19,725,0.0280803584408,3.45250213419,32,48,false
L18_SEED_2_CONTROL,4,19,750,0.0267153137853,3.47947491672,32,48,false
L18_SEED_2_CONTROL,4,19,775,0.0254507752958,3.5058548567,32,48,false
L18_SEED_2_CONTROL,4,19,800,0.0242767467289,3.5316723803,32,48,false
L18_SEED_2_CONTROL,4,19,825,0.0231844791172,3.55695538713,32,48,false
L18_SEED_2_CONTROL,4,19,850,0.0221662843793,3.58172954939,32,48,false
L18_SEED_2_CONTROL,4,19,875,0.0212153812261,3.60601856939,32,48,false
L18_SEED_2_CONTROL,4,19,900,0.0203257670329,3.62984440092,32,48,false
L18_SEED_2_CONTROL,4,19,925,0.0194921107222,3.65322743949,32,48,false
L18_SEED_2_CONTROL,4,19,950,0.018709662754,3.67618668592,32,48,false
L18_SEED_2_CONTROL,4,19,975,0.0179741791233,3.69873988738,32,48,false
L18_SEED_2_CONTROL,4,19,1000,0.0172818568947,3.72090365931,32,48,false
L18_SEED_2_CONTROL,4,19,1025,0.0166292792841,3.74269359121,32,48,false
L18_SEED_2_CONTROL,4,19,1050,0.0160133686829,3.76412433887,32,48,false
L18_SEED_2_CONTROL,4,19,1075,0.0154313463211,3.78520970511,32,48,false
L18_SEED_2_CONTROL,4,19,1100,0.0148806975023,3.80596271083,32,48,false
L18_SEED_2_CONTROL,4,19,1125,0.0143591415375,3.82639565791,32,48,false
L18_SEED_2_CONTROL,4,19,1150,0.0138646056551,3.84652018504,32,48,false
L18_SEED_2_CONTROL,4,19,1175,0.0133952022909,3.86634731762,32,48,false
L18_SEED_2_CONTROL,4,19,1200,0.0129492092592,3.88588751257,32,48,false
L18_SEED_2_CONTROL,4,19,1225,0.0125250523914,3.90515069863,32,48,false
L18_SEED_2_CONTROL,4,19,1250,0.012121290291,3.9241463129,32,48,false
L18_SEED_2_CONTROL,4,19,1275,0.0117366009145,3.94288333397,32,48,false
L18_SEED_2_CONTROL,4,19,1300,0.011369769727,3.9613703121,32,48,false
L18_SEED_2_CONTROL,4,19,1325,0.0110196792247,3.97961539691,32,48,false
L18_SEED_2_CONTROL,4,19,1350,0.0106852996437,3.99762636258,32,48,false
L18_SEED_2_CONTROL,4,19,1375,0.0103656807034,4.0154106312,32,48,false
L18_SEED_2_CONTROL,4,19,1400,0.010059944252,4.03297529411,32,48,false
L18_SEED_2_CONTROL,4,19,1425,0.00976727770452,4.0503271317,32,48,false
L18_SEED_2_CONTROL,4,19,1450,0.00948692817391,4.06747263172,32,48,false
L18_SEED_2_CONTROL,4,19,1475,0.00921819721324,4.08441800611,32,48,false
L18_SEED_2_CONTROL,4,19,1500,0.00896043609654,4.10116920681,32,48,false
L18_SEED_2_CONTROL,4,19,1525,0.00871304157526,4.11773194026,32,48,false
L18_SEED_2_CONTROL,4,19,1550,0.00847545205599,4.134111681,32,48,false
L18_SEED_2_CONTROL,4,19,1575,0.00824714415186,4.15031368431,32,48,false
L18_SEED_2_CONTROL,4,19,1600,0.00802762956613,4.16634299793,32,48,false
L18_SEED_2_CONTROL,4,19,1625,0.00781645227137,4.18220447312,32,48,false
L18_SEED_2_CONTROL,4,19,1650,0.00761318595261,4.19790277483,32,48,false
L18_SEED_2_CONTROL,4,19,1675,0.00741743168612,4.21344239135,32,48,false
L18_SEED_2_CONTROL,4,19,1700,0.00722881582916,4.22882764327,32,48,false
L18_SEED_2_CONTROL,4,19,1725,0.00704698809901,4.24406269183,32,48,false
L18_SEED_2_CONTROL,4,19,1750,0.00687161982174,4.25915154685,32,48,false
L18_SEED_2_CONTROL,4,19,1775,0.00670240233379,4.27409807406,32,48,false
L18_SEED_2_CONTROL,4,19,1800,0.00653904552116,4.28890600202,32,48,false
L18_SEED_2_CONTROL,4,19,1825,0.00638127648262,4.30357892867,32,48,false
L18_SEED_2_CONTROL,4,19,1850,0.0062288383051,4.31812032735,32,48,false
L18_SEED_2_CONTROL,4,19,1875,0.00608148894037,4.33253355261,32,48,false
L18_SEED_2_CONTROL,4,19,1900,0.00593900017362,4.34682184559,32,48,false
L18_SEED_2_CONTROL,4,19,1925,0.00580115667523,4.36098833908,32,48,false
L18_SEED_2_CONTROL,4,19,1950,0.00566775512828,4.37503606234,32,49,false
L18_SEED_2_CONTROL,4,19,1975,0.00553860342459,4.38896794562,32,49,false
L18_SEED_2_CONTROL,4,19,2000,0.00541351992357,4.40278682438,32,49,false
L18_SEED_2_CONTROL,4,20,0,3.51566320075,3.48907279862,0,1,false
L18_SEED_2_CONTROL,4,20,25,1.19684967063,2.4777871447,24,40,false
L18_SEED_2_CONTROL,4,20,50,0.654911914724,2.44919508561,32,44,true
L18_SEED_2_CONTROL,4,20,75,0.460767679754,2.57579840447,31,55,false
L18_SEED_2_CONTROL,4,20,100,0.35336311037,2.67893854666,31,55,false
L18_SEED_2_CONTROL,4,20,125,0.283549005235,2.76986296484,31,55,false
L18_SEED_2_CONTROL,4,20,150,0.234909435946,2.85496705745,31,54,false
L18_SEED_2_CONTROL,4,20,175,0.1995272455,2.93539732393,31,54,false
L18_SEED_2_CONTROL,4,20,200,0.172893799684,3.01081267839,31,52,false
L18_SEED_2_CONTROL,4,20,225,0.152252153581,3.08177811133,31,52,false
L18_SEED_2_CONTROL,4,20,250,0.135844517503,3.14874048389,31,53,false
L18_SEED_2_CONTROL,4,20,275,0.12251326744,3.21212687385,31,53,false
L18_SEED_2_CONTROL,4,20,300,0.111474014332,3.27232418125,31,53,false
L18_SEED_2_CONTROL,4,20,325,0.102181298482,3.3296790819,32,42,false
L18_SEED_2_CONTROL,4,20,350,0.094246688133,3.38449448327,32,42,false
L18_SEED_2_CONTROL,4,20,375,0.0873874975551,3.43703470182,32,41,false
L18_SEED_2_CONTROL,4,20,400,0.0813938792356,3.48752957606,32,41,false
L18_SEED_2_CONTROL,4,20,425,0.0761072149833,3.5361786578,32,41,false
L18_SEED_2_CONTROL,4,20,450,0.0714056174754,3.58315507892,32,41,false
L18_SEED_2_CONTROL,4,20,475,0.0671940052233,3.62860906454,32,41,false
L18_SEED_2_CONTROL,4,20,500,0.0633971802919,3.67267106566,32,41,false
L18_SEED_2_CONTROL,4,20,525,0.0599549159528,3.71545451174,32,41,false
L18_SEED_2_CONTROL,4,20,550,0.056818414259,3.7570582115,32,41,false
L18_SEED_2_CONTROL,4,20,575,0.0539477132452,3.79756843474,32,41,false
L18_SEED_2_CONTROL,4,20,600,0.0513097628946,3.83706070984,32,41,false
L18_SEED_2_CONTROL,4,20,625,0.0488769790744,3.87560137031,32,41,false
L18_SEED_2_CONTROL,4,20,650,0.0466261438079,3.9132488816,32,41,false
L18_SEED_2_CONTROL,4,20,675,0.0445375597301,3.95005497714,32,41,false
L18_SEED_2_CONTROL,4,20,700,0.0425943933212,3.98606562935,32,41,false
L18_SEED_2_CONTROL,4,20,725,0.0407821598971,4.02132187944,32,40,false
L18_SEED_2_CONTROL,4,20,750,0.0390883161433,4.05586054663,32,40,false
L18_SEED_2_CONTROL,4,20,775,0.0375019350164,4.08971483566,32,40,false
L18_SEED_2_CONTROL,4,20,800,0.0360134442976,4.12291485845,32,40,false
L18_SEED_2_CONTROL,4,20,825,0.0346144147486,4.15548808397,32,40,false
L18_SEED_2_CONTROL,4,20,850,0.0332973872308,4.18745972817,32,40,false
L18_SEED_2_CONTROL,4,20,875,0.0320557306657,4.21885309374,32,40,false
L18_SEED_2_CONTROL,4,20,900,0.0308835245882,4.24968986785,32,40,false
L18_SEED_2_CONTROL,4,20,925,0.029775461454,4.27999038413,32,40,false
L18_SEED_2_CONTROL,4,20,950,0.0287267649281,4.30977385386,32,40,false
L18_SEED_2_CONTROL,4,20,975,0.0277331211955,4.33905857004,32,40,false
L18_SEED_2_CONTROL,4,20,1000,0.0267906209568,4.3678620867,32,40,false
L18_SEED_2_CONTROL,4,20,1025,0.0258957102534,4.39620137511,32,40,false
L18_SEED_2_CONTROL,4,20,1050,0.0250451486321,4.42409295787,32,40,false
L18_SEED_2_CONTROL,4,20,1075,0.0242359734499,4.45155302126,32,40,false
L18_SEED_2_CONTROL,4,20,1100,0.0234654693347,4.47859750626,32,40,false
L18_SEED_2_CONTROL,4,20,1125,0.0227311419905,4.50524217859,32,40,false
L18_SEED_2_CONTROL,4,20,1150,0.0220306956654,4.53150267839,32,39,false
L18_SEED_2_CONTROL,4,20,1175,0.0213620137067,4.55739455073,32,39,false
L18_SEED_2_CONTROL,4,20,1200,0.0207231417072,4.5829332586,32,39,false
L18_SEED_2_CONTROL,4,20,1225,0.020112272819,4.60813418071,32,39,false
L18_SEED_2_CONTROL,4,20,1250,0.01952773487,4.63301259702,32,39,false
L18_SEED_2_CONTROL,4,20,1275,0.0189679789732,4.65758366509,32,39,false
L18_SEED_2_CONTROL,4,20,1300,0.0184315693672,4.68186239103,32,39,false
L18_SEED_2_CONTROL,4,20,1325,0.0179171742765,4.70586359828,32,39,false
L18_SEED_2_CONTROL,4,20,1350,0.0174235576187,4.7296018975,32,39,false
L18_SEED_2_CONTROL,4,20,1375,0.0169495714267,4.75309166023,32,39,false
L18_SEED_2_CONTROL,4,20,1400,0.016494148884,4.7763469983,32,39,false
L18_SEED_2_CONTROL,4,20,1425,0.0160562979,4.79938175021,32,39,false
L18_SEED_2_CONTROL,4,20,1450,0.0156350951695,4.82220947487,32,39,false
L18_SEED_2_CONTROL,4,20,1475,0.0152296806776,4.84484345244,32,39,false
L18_SEED_2_CONTROL,4,20,1500,0.0148392526183,4.86729669107,32,39,false
L18_SEED_2_CONTROL,4,20,1525,0.0144630627033,4.88958193835,32,39,false
L18_SEED_2_CONTROL,4,20,1550,0.0141004118384,4.91171169531,32,39,false
L18_SEED_2_CONTROL,4,20,1575,0.0137506461452,4.93369823111,32,39,false
L18_SEED_2_CONTROL,4,20,1600,0.0134131533101,4.95555359618,32,39,false
L18_SEED_2_CONTROL,4,20,1625,0.0130873592361,4.97728963194,32,39,false
L18_SEED_2_CONTROL,4,20,1650,0.0127727249783,4.99891797498,32,39,false
L18_SEED_2_CONTROL,4,20,1675,0.0124687439419,5.02045005441,32,39,false
L18_SEED_2_CONTROL,4,20,1700,0.0121749393212,5.0418970808,32,39,false
L18_SEED_2_CONTROL,4,20,1725,0.0118908617618,5.0632700261,32,39,false
L18_SEED_2_CONTROL,4,20,1750,0.0116160872269,5.08457959388,32,39,false
L18_SEED_2_CONTROL,4,20,1775,0.0113502150527,5.10583618006,32,39,false
L18_SEED_2_CONTROL,4,20,1800,0.0110928661768,5.12704982466,32,39,false
L18_SEED_2_CONTROL,4,20,1825,0.010843681528,5.14823015552,32,39,false
L18_SEED_2_CONTROL,4,20,1850,0.0106023205649,5.16938632567,32,39,false
L18_SEED_2_CONTROL,4,20,1875,0.0103684599529,5.19052694627,32,39,false
L18_SEED_2_CONTROL,4,20,1900,0.0101417923706,5.21166001773,32,39,false
L18_SEED_2_CONTROL,4,20,1925,0.00992202543586,5.23279286153,32,39,false
L18_SEED_2_CONTROL,4,20,1950,0.0097088807421,5.25393205602,32,39,false
L18_SEED_2_CONTROL,4,20,1975,0.00950209299731,5.27508337892,32,46,false
L18_SEED_2_CONTROL,4,20,2000,0.00930140925488,5.29625175959,32,46,false
L18_SEED_2_CONTROL,160,0,0,3.52865428795,3.53338495905,0,0,false
L18_SEED_2_CONTROL,160,0,25,1.10115513091,0.877516805615,28,144,false
L18_SEED_2_CONTROL,160,0,50,0.50978518689,0.293400296182,28,144,false
L18_SEED_2_CONTROL,160,0,75,0.37406777951,0.206604436911,28,144,false
L18_SEED_2_CONTROL,160,0,100,0.332579461127,0.161853588889,28,144,false
L18_SEED_2_CONTROL,160,0,125,0.313455308625,0.145799509989,28,144,false
L18_SEED_2_CONTROL,160,0,150,0.302448660978,0.135082042695,28,144,false
L18_SEED_2_CONTROL,160,0,175,0.295319841197,0.128450467009,28,144,false
L18_SEED_2_CONTROL,160,0,200,0.290360151188,0.123819294082,28,144,false
L18_SEED_2_CONTROL,160,0,225,0.286735403715,0.120401811868,28,144,false
L18_SEED_2_CONTROL,160,0,250,0.283987186336,0.117812640171,28,144,false
L18_SEED_2_CONTROL,160,0,275,0.281842920798,0.115792881122,28,144,false
L18_SEED_2_CONTROL,160,0,300,0.280130785109,0.114178907427,28,144,false
L18_SEED_2_CONTROL,160,0,325,0.278737406346,0.112864670253,28,144,false
L18_SEED_2_CONTROL,160,0,350,0.277585158422,0.111777392921,28,144,false
L18_SEED_2_CONTROL,160,0,375,0.276619234522,0.110865618128,28,144,false
L18_SEED_2_CONTROL,160,0,400,0.275799922723,0.110092003069,28,144,false
L18_SEED_2_CONTROL,160,0,425,0.275097801951,0.109428868458,28,144,false
L18_SEED_2_CONTROL,160,0,450,0.274490650947,0.108855298043,28,144,false
L18_SEED_2_CONTROL,160,0,475,0.273961400393,0.10835521751,28,144,false
L18_SEED_2_CONTROL,160,0,500,0.273496741142,0.107916088458,28,144,false
L18_SEED_2_CONTROL,160,0,525,0.273086156919,0.107528000011,28,144,false
L18_SEED_2_CONTROL,160,0,550,0.272721238529,0.107183024524,28,144,false
L18_SEED_2_CONTROL,160,0,575,0.272395188933,0.106874752343,28,144,false
L18_SEED_2_CONTROL,160,0,600,0.27210246031,0.106597950486,28,144,false
L18_SEED_2_CONTROL,160,0,625,0.271838484039,0.106348308593,28,144,false
L18_SEED_2_CONTROL,160,0,650,0.271599467145,0.106122247341,28,144,false
L18_SEED_2_CONTROL,160,0,675,0.271382237,0.105916772233,28,144,false
L18_SEED_2_CONTROL,160,0,700,0.27118412153,0.105729360771,28,144,false
L18_SEED_2_CONTROL,160,0,725,0.271002855862,0.105557874515,28,144,false
L18_SEED_2_CONTROL,160,0,750,0.270836508892,0.105400489887,28,144,false
L18_SEED_2_CONTROL,160,0,775,0.270683425033,0.105255643263,28,144,false
L18_SEED_2_CONTROL,160,0,800,0.270542177604,0.105121987039,28,144,false
L18_SEED_2_CONTROL,160,0,825,0.270411531285,0.10499835422,28,144,false
L18_SEED_2_CONTROL,160,0,850,0.270290411632,0.104883729675,28,144,false
L18_SEED_2_CONTROL,160,0,875,0.270177880179,0.104777226653,28,144,false
L18_SEED_2_CONTROL,160,0,900,0.270073113975,0.104678067472,28,144,false
L18_SEED_2_CONTROL,160,0,925,0.269975388664,0.104585567557,28,144,false
L18_SEED_2_CONTROL,160,0,950,0.269884064416,0.104499122164,28,144,false
L18_SEED_2_CONTROL,160,0,975,0.269798574177,0.10441819529,28,144,false
L18_SEED_2_CONTROL,160,0,1000,0.2697184138,0.104342310358,28,144,false
L18_SEED_2_CONTROL,160,0,1025,0.269643133721,0.104271042354,28,144,false
L18_SEED_2_CONTROL,160,0,1050,0.269572331908,0.104204011174,28,144,false
L18_SEED_2_CONTROL,160,0,1075,0.269505647857,0.104140875956,28,144,false
L18_SEED_2_CONTROL,160,0,1100,0.269442757472,0.104081330241,28,144,false
L18_SEED_2_CONTROL,160,0,1125,0.269383368669,0.104025097822,28,144,false
L18_SEED_2_CONTROL,160,0,1150,0.269327217596,0.103971929177,28,144,false
L18_SEED_2_CONTROL,160,0,1175,0.26927406537,0.103921598381,28,144,false
L18_SEED_2_CONTROL,160,0,1200,0.269223695249,0.103873900441,28,144,false
L18_SEED_2_CONTROL,160,0,1225,0.269175910176,0.103828648972,28,144,false
L18_SEED_2_CONTROL,160,0,1250,0.26913053064,0.103785674174,28,144,false
L18_SEED_2_CONTROL,160,0,1275,0.269087392801,0.103744821066,28,144,false
L18_SEED_2_CONTROL,160,0,1300,0.269046346857,0.103705947936,28,144,false
L18_SEED_2_CONTROL,160,0,1325,0.269007255598,0.10366892498,28,144,false
L18_SEED_2_CONTROL,160,0,1350,0.268969993137,0.103633633103,28,144,false
L18_SEED_2_CONTROL,160,0,1375,0.268934443792,0.103599962856,28,144,false
L18_SEED_2_CONTROL,160,0,1400,0.268900501094,0.103567813504,28,144,false
L18_SEED_2_CONTROL,160,0,1425,0.268868066902,0.10353709219,28,144,false
L18_SEED_2_CONTROL,160,0,1450,0.268837050629,0.103507713198,28,144,false
L18_SEED_2_CONTROL,160,0,1475,0.268807368538,0.103479597292,28,144,false
L18_SEED_2_CONTROL,160,0,1500,0.26877894312,0.103452671129,28,144,false
L18_SEED_2_CONTROL,160,0,1525,0.268751702543,0.103426866732,28,144,false
L18_SEED_2_CONTROL,160,0,1550,0.268725580148,0.103402121019,28,144,false
L18_SEED_2_CONTROL,160,0,1575,0.268700514003,0.10337837538,28,144,false
L18_SEED_2_CONTROL,160,0,1600,0.2686764465,0.103355575293,28,144,false
L18_SEED_2_CONTROL,160,0,1625,0.268653323992,0.103333669988,28,144,false
L18_SEED_2_CONTROL,160,0,1650,0.268631096466,0.103312612127,28,144,false
L18_SEED_2_CONTROL,160,0,1675,0.268609717248,0.103292357536,28,144,false
L18_SEED_2_CONTROL,160,0,1700,0.268589142733,0.103272864941,28,144,false
L18_SEED_2_CONTROL,160,0,1725,0.268569332143,0.103254095745,28,144,false
L18_SEED_2_CONTROL,160,0,1750,0.268550247308,0.103236013818,28,144,false
L18_SEED_2_CONTROL,160,0,1775,0.268531852462,0.103218585305,28,144,false
L18_SEED_2_CONTROL,160,0,1800,0.268514114066,0.103201778457,28,144,false
L18_SEED_2_CONTROL,160,0,1825,0.268497000636,0.10318556347,28,144,false
L18_SEED_2_CONTROL,160,0,1850,0.268480482594,0.103169912346,28,144,false
L18_SEED_2_CONTROL,160,0,1875,0.268464532129,0.103154798755,28,144,false
L18_SEED_2_CONTROL,160,0,1900,0.26844912307,0.103140197921,28,144,false
L18_SEED_2_CONTROL,160,0,1925,0.268434230768,0.103126086511,28,144,false
L18_SEED_2_CONTROL,160,0,1950,0.268419831992,0.103112442529,28,144,false
L18_SEED_2_CONTROL,160,0,1975,0.268405904829,0.103099245229,28,144,false
L18_SEED_2_CONTROL,160,0,2000,0.268392428593,0.103086475027,28,144,true
L18_SEED_2_CONTROL,160,4,0,3.52384852834,3.53381457848,4,17,false
L18_SEED_2_CONTROL,160,4,25,1.28706950477,1.29226820479,27,119,false
L18_SEED_2_CONTROL,160,4,50,0.646764858553,0.709787233652,27,129,false
L18_SEED_2_CONTROL,160,4,75,0.418964877712,0.555819600695,28,137,false
L18_SEED_2_CONTROL,160,4,100,0.31796018575,0.475003112319,29,132,false
L18_SEED_2_CONTROL,160,4,125,0.260018330266,0.444721459149,31,122,false
L18_SEED_2_CONTROL,160,4,150,0.221014964483,0.432191050218,31,122,false
L18_SEED_2_CONTROL,160,4,175,0.192230842392,0.429786928773,31,122,true
L18_SEED_2_CONTROL,160,4,200,0.169768044299,0.433168691066,31,121,false
L18_SEED_2_CONTROL,160,4,225,0.151595682036,0.440413411813,32,110,false
L18_SEED_2_CONTROL,160,4,250,0.136528769046,0.450161724341,32,109,false
L18_SEED_2_CONTROL,160,4,275,0.123813223998,0.461559310176,32,109,false
L18_SEED_2_CONTROL,160,4,300,0.112936080716,0.474039914616,32,109,false
L18_SEED_2_CONTROL,160,4,325,0.103530389518,0.487211682852,32,109,false
L18_SEED_2_CONTROL,160,4,350,0.0953236915454,0.500802078566,32,108,false
L18_SEED_2_CONTROL,160,4,375,0.0881080259742,0.514619316718,32,107,false
L18_SEED_2_CONTROL,160,4,400,0.0817212861745,0.528527619866,32,107,false
L18_SEED_2_CONTROL,160,4,425,0.0760349623979,0.542430760446,32,107,false
L18_SEED_2_CONTROL,160,4,450,0.0709457266514,0.556260660251,32,107,false
L18_SEED_2_CONTROL,160,4,475,0.0663694717292,0.56996941976,32,107,false
L18_SEED_2_CONTROL,160,4,500,0.0622369909096,0.583523679205,32,107,false
L18_SEED_2_CONTROL,160,4,525,0.0584907892078,0.596900610533,32,107,false
L18_SEED_2_CONTROL,160,4,550,0.0550826921276,0.610085057804,32,107,false
L18_SEED_2_CONTROL,160,4,575,0.0519720261295,0.623067483955,32,107,false
L18_SEED_2_CONTROL,160,4,600,0.0491242152701,0.635842484338,32,107,false
L18_SEED_2_CONTROL,160,4,625,0.0465096852477,0.648407700415,32,107,false
L18_SEED_2_CONTROL,160,4,650,0.0441029977308,0.660763018334,32,107,false
L18_SEED_2_CONTROL,160,4,675,0.0418821595139,0.672909972598,32,106,false
L18_SEED_2_CONTROL,160,4,700,0.0398280660558,0.684851299205,32,106,false
L18_SEED_2_CONTROL,160,4,725,0.0379240494976,0.696590598958,32,106,false
L18_SEED_2_CONTROL,160,4,750,0.0361555087567,0.708132082845,32,106,false
L18_SEED_2_CONTROL,160,4,775,0.0345096047031,0.719480379046,32,106,false
L18_SEED_2_CONTROL,160,4,800,0.0329750073876,0.730640386565,32,106,false
L18_SEED_2_CONTROL,160,4,825,0.0315416852168,0.741617164291,32,106,false
L18_SEED_2_CONTROL,160,4,850,0.0302007281753,0.752415847117,32,106,false
L18_SEED_2_CONTROL,160,4,875,0.0289441988578,0.763041582783,32,106,false
L18_SEED_2_CONTROL,160,4,900,0.0277650063545,0.773499484613,32,106,false
L18_SEED_2_CONTROL,160,4,925,0.0266567990189,0.783794596497,32,106,false
L18_SEED_2_CONTROL,160,4,950,0.025613872918,0.793931867284,32,106,false
L18_SEED_2_CONTROL,160,4,975,0.0246310933686,0.803916132431,32,106,false
L18_SEED_2_CONTROL,160,4,1000,0.0237038274448,0.813752101248,32,105,false
L18_SEED_2_CONTROL,160,4,1025,0.0228278857212,0.823444348438,32,105,false
L18_SEED_2_CONTROL,160,4,1050,0.0219994718211,0.832997308955,32,105,false
L18_SEED_2_CONTROL,160,4,1075,0.0212151385897,0.842415275385,32,105,false
L18_SEED_2_CONTROL,160,4,1100,0.0204717499068,0.851702397274,32,105,false
L18_SEED_2_CONTROL,160,4,1125,0.0197664473189,0.860862681906,32,105,false
L18_SEED_2_CONTROL,160,4,1150,0.0190966208032,0.869899996193,32,105,false
L18_SEED_2_CONTROL,160,4,1175,0.0184598830853,0.878818069377,32,105,false
L18_SEED_2_CONTROL,160,4,1200,0.017854047022,0.887620496324,32,105,false
L18_SEED_2_CONTROL,160,4,1225,0.0172771056347,0.896310741241,32,105,false
L18_SEED_2_CONTROL,160,4,1250,0.0167272144443,0.904892141673,32,105,false
L18_SEED_2_CONTROL,160,4,1275,0.0162026758053,0.913367912682,32,105,false
L18_SEED_2_CONTROL,160,4,1300,0.0157019249852,0.921741151123,32,105,false
L18_SEED_2_CONTROL,160,4,1325,0.0152235177679,0.930014839953,32,105,false
L18_SEED_2_CONTROL,160,4,1350,0.0147661193933,0.938191852528,32,105,false
L18_SEED_2_CONTROL,160,4,1375,0.0143284946701,0.946274956841,32,105,false
L18_SEED_2_CONTROL,160,4,1400,0.0139094991203,0.954266819693,32,105,false
L18_SEED_2_CONTROL,160,4,1425,0.0135080710349,0.962170010753,32,105,false
L18_SEED_2_CONTROL,160,4,1450,0.0131232243337,0.96998700651,32,105,false
L18_SEED_2_CONTROL,160,4,1475,0.0127540421374,0.977720194101,32,105,false
L18_SEED_2_CONTROL,160,4,1500,0.0123996709718,0.985371874999,32,105,false
L18_SEED_2_CONTROL,160,4,1525,0.0120593155334,0.992944268581,32,105,false
L18_SEED_2_CONTROL,160,4,1550,0.0117322339554,1.00043951554,32,104,false
L18_SEED_2_CONTROL,160,4,1575,0.0114177335193,1.00785968119,32,104,false
L18_SEED_2_CONTROL,160,4,1600,0.011115166765,1.01520675859,32,104,false
L18_SEED_2_CONTROL,160,4,1625,0.0108239279572,1.02248267157,32,104,false
L18_SEED_2_CONTROL,160,4,1650,0.0105434498721,1.02968927765,32,104,false
L18_SEED_2_CONTROL,160,4,1675,0.0102732008693,1.03682837075,32,104,false
L18_SEED_2_CONTROL,160,4,1700,0.0100126822232,1.04390168387,32,104,false
L18_SEED_2_CONTROL,160,4,1725,0.00976142568532,1.05091089157,32,104,false
L18_SEED_2_CONTROL,160,4,1750,0.00951899125608,1.05785761241,32,104,false
L18_SEED_2_CONTROL,160,4,1775,0.00928496514567,1.06474341126,32,104,false
L18_SEED_2_CONTROL,160,4,1800,0.00905895790534,1.07156980144,32,104,false
L18_SEED_2_CONTROL,160,4,1825,0.00884060271336,1.07833824686,32,104,false
L18_SEED_2_CONTROL,160,4,1850,0.00862955380088,1.08505016398,32,104,false
L18_SEED_2_CONTROL,160,4,1875,0.00842548500489,1.09170692377,32,104,false
L18_SEED_2_CONTROL,160,4,1900,0.0082280884366,1.09830985344,32,104,false
L18_SEED_2_CONTROL,160,4,1925,0.00803707325475,1.10486023829,32,104,false
L18_SEED_2_CONTROL,160,4,1950,0.00785216453456,1.11135932324,32,104,false
L18_SEED_2_CONTROL,160,4,1975,0.00767310222371,1.11780831452,32,104,false
L18_SEED_2_CONTROL,160,4,2000,0.00749964017793,1.1242083811,32,104,false
L18_SEED_2_CONTROL,160,8,0,3.55390605893,3.57172497552,4,6,false
L18_SEED_2_CONTROL,160,8,25,1.26080307686,1.45102809486,27,113,false
L18_SEED_2_CONTROL,160,8,50,0.63706229895,0.958149324468,29,109,false
L18_SEED_2_CONTROL,160,8,75,0.417273681511,0.85015997386,30,107,false
L18_SEED_2_CONTROL,160,8,100,0.311729861389,0.793235770571,31,96,false
L18_SEED_2_CONTROL,160,8,125,0.248798070047,0.785048188441,32,91,true
L18_SEED_2_CONTROL,160,8,150,0.206239567701,0.792176060615,32,91,false
L18_SEED_2_CONTROL,160,8,175,0.175243567784,0.806822074336,32,90,false
L18_SEED_2_CONTROL,160,8,200,0.151558423509,0.826071082863,32,90,false
L18_SEED_2_CONTROL,160,8,225,0.132841937488,0.84773705119,32,92,false
L18_SEED_2_CONTROL,160,8,250,0.117680798886,0.870732461225,32,92,false
L18_SEED_2_CONTROL,160,8,275,0.105163407153,0.894360589066,32,92,false
L18_SEED_2_CONTROL,160,8,300,0.0946708830891,0.918194498284,32,91,false
L18_SEED_2_CONTROL,160,8,325,0.0857657571729,0.941958553138,32,91,false
L18_SEED_2_CONTROL,160,8,350,0.0781286260018,0.965473276537,32,91,false
L18_SEED_2_CONTROL,160,8,375,0.0715200929849,0.988623290625,32,91,false
L18_SEED_2_CONTROL,160,8,400,0.0657568282517,1.01133601607,32,91,false
L18_SEED_2_CONTROL,160,8,425,0.0606959074835,1.0335681355,32,92,false
L18_SEED_2_CONTROL,160,8,450,0.0562242161327,1.05529637823,32,92,false
L18_SEED_2_CONTROL,160,8,475,0.0522510710963,1.07651126401,32,92,false
L18_SEED_2_CONTROL,160,8,500,0.0487029545858,1.09721275883,32,92,false
L18_SEED_2_CONTROL,160,8,525,0.0455196753077,1.11740724377,32,92,false
L18_SEED_2_CONTROL,160,8,550,0.0426515188136,1.13710538551,32,92,false
L18_SEED_2_CONTROL,160,8,575,0.0400570986187,1.15632063592,32,92,false
L18_SEED_2_CONTROL,160,8,600,0.0377017133726,1.17506817335,32,92,false
L18_SEED_2_CONTROL,160,8,625,0.0355560756382,1.19336415583,32,92,false
L18_SEED_2_CONTROL,160,8,650,0.0335953175885,1.21122519552,32,92,false
L18_SEED_2_CONTROL,160,8,675,0.0317982057605,1.22866799089,32,92,false
L18_SEED_2_CONTROL,160,8,700,0.0301465154681,1.24570907141,32,92,false
L18_SEED_2_CONTROL,160,8,725,0.0286245284259,1.26236462301,32,92,false
L18_SEED_2_CONTROL,160,8,750,0.0272186263503,1.27865037155,32,92,false
L18_SEED_2_CONTROL,160,8,775,0.0259169599729,1.29458150793,32,92,false
L18_SEED_2_CONTROL,160,8,800,0.0247091777689,1.31017264328,32,92,false
L18_SEED_2_CONTROL,160,8,825,0.0235862023227,1.32543778578,32,92,false
L18_SEED_2_CONTROL,160,8,850,0.0225400449463,1.34039033278,32,91,false
L18_SEED_2_CONTROL,160,8,875,0.0215636512123,1.35504307404,32,91,false
L18_SEED_2_CONTROL,160,8,900,0.020650771619,1.36940820262,32,91,false
L18_SEED_2_CONTROL,160,8,925,0.0197958527963,1.3834973311,32,91,false
L18_SEED_2_CONTROL,160,8,950,0.018993945592,1.39732151131,32,91,false
L18_SEED_2_CONTROL,160,8,975,0.0182406270967,1.41089125633,32,91,false
L18_SEED_2_CONTROL,160,8,1000,0.0175319342322,1.42421656381,32,91,false
L18_SEED_2_CONTROL,160,8,1025,0.0168643069761,1.43730693979,32,91,false
L18_SEED_2_CONTROL,160,8,1050,0.0162345396512,1.45017142267,32,91,false
L18_SEED_2_CONTROL,160,8,1075,0.0156397389897,1.46281860688,32,90,false
L18_SEED_2_CONTROL,160,8,1100,0.0150772879134,1.47525666593,32,90,false
L18_SEED_2_CONTROL,160,8,1125,0.014544814151,1.48749337481,32,90,false
L18_SEED_2_CONTROL,160,8,1150,0.014040162967,1.49953613148,32,90,false
L18_SEED_2_CONTROL,160,8,1175,0.0135613733928,1.51139197748,32,90,false
L18_SEED_2_CONTROL,160,8,1200,0.0131066574552,1.5230676175,32,90,false
L18_SEED_2_CONTROL,160,8,1225,0.0126743819745,1.53456943805,32,90,false
L18_SEED_2_CONTROL,160,8,1250,0.0122630525744,1.54590352507,32,90,false
L18_SEED_2_CONTROL,160,8,1275,0.0118712996001,1.55707568068,32,90,false
L18_SEED_2_CONTROL,160,8,1300,0.0114978656874,1.56809143887,32,90,false
L18_SEED_2_CONTROL,160,8,1325,0.0111415947644,1.57895608036,32,90,false
L18_SEED_2_CONTROL,160,8,1350,0.010801422299,1.58967464661,32,90,false
L18_SEED_2_CONTROL,160,8,1375,0.0104763666331,1.60025195298,32,90,false
L18_SEED_2_CONTROL,160,8,1400,0.0101655212658,1.61069260107,32,90,false
L18_SEED_2_CONTROL,160,8,1425,0.00986804796925,1.62100099035,32,90,false
L18_SEED_2_CONTROL,160,8,1450,0.00958317063456,1.63118132916,32,90,false
L18_SEED_2_CONTROL,160,8,1475,0.00931016976016,1.64123764489,32,90,false
L18_SEED_2_CONTROL,160,8,1500,0.00904837750733,1.65117379369,32,90,false
L18_SEED_2_CONTROL,160,8,1525,0.00879717325626,1.66099346951,32,90,false
L18_SEED_2_CONTROL,160,8,1550,0.00855597960545,1.67070021265,32,90,false
L18_SEED_2_CONTROL,160,8,1575,0.00832425876424,1.6802974177,32,90,false
L18_SEED_2_CONTROL,160,8,1600,0.0081015092948,1.68978834114,32,90,false
L18_SEED_2_CONTROL,160,8,1625,0.00788726316516,1.69917610837,32,90,false
L18_SEED_2_CONTROL,160,8,1650,0.00768108307947,1.70846372038,32,90,false
L18_SEED_2_CONTROL,160,8,1675,0.00748256005619,1.71765405999,32,90,false
L18_SEED_2_CONTROL,160,8,1700,0.00729131122779,1.72674989777,32,90,false
L18_SEED_2_CONTROL,160,8,1725,0.0071069778392,1.73575389755,32,90,false
L18_SEED_2_CONTROL,160,8,1750,0.00692922342447,1.74466862166,32,90,false
L18_SEED_2_CONTROL,160,8,1775,0.00675773214373,1.75349653587,32,90,false
L18_SEED_2_CONTROL,160,8,1800,0.00659220726439,1.76224001397,32,90,false
L18_SEED_2_CONTROL,160,8,1825,0.00643236977242,1.77090134221,32,90,false
L18_SEED_2_CONTROL,160,8,1850,0.00627795710095,1.77948272337,32,90,false
L18_SEED_2_CONTROL,160,8,1875,0.0061287219651,1.78798628069,32,90,false
L18_SEED_2_CONTROL,160,8,1900,0.00598443129279,1.79641406153,32,90,false
L18_SEED_2_CONTROL,160,8,1925,0.0058448652426,1.80476804083,32,90,false
L18_SEED_2_CONTROL,160,8,1950,0.00570981630065,1.81305012441,32,90,false
L18_SEED_2_CONTROL,160,8,1975,0.00557908844925,1.82126215208,32,90,false
L18_SEED_2_CONTROL,160,8,2000,0.00545249640083,1.82940590055,32,90,false
L18_SEED_2_CONTROL,160,12,0,3.56129695437,3.58280450605,1,4,false
L18_SEED_2_CONTROL,160,12,25,1.22040840797,1.49180573195,27,105,false
L18_SEED_2_CONTROL,160,12,50,0.601523807671,1.07721709087,29,103,false
L18_SEED_2_CONTROL,160,12,75,0.393419139881,0.99146627655,31,88,false
L18_SEED_2_CONTROL,160,12,100,0.291958662869,0.964174520938,31,93,true
L18_SEED_2_CONTROL,160,12,125,0.231168836835,0.971425741102,32,86,false
L18_SEED_2_CONTROL,160,12,150,0.190177852099,0.9921696864,32,88,false
L18_SEED_2_CONTROL,160,12,175,0.160507540152,1.017788714,32,88,false
L18_SEED_2_CONTROL,160,12,200,0.138005488415,1.04633947357,32,89,false
L18_SEED_2_CONTROL,160,12,225,0.120364193419,1.07610444841,32,89,false
L18_SEED_2_CONTROL,160,12,250,0.106184471026,1.1062597977,32,88,false
L18_SEED_2_CONTROL,160,12,275,0.0945622823028,1.13631236292,32,88,false
L18_SEED_2_CONTROL,160,12,300,0.0848846185495,1.16597503605,32,87,false
L18_SEED_2_CONTROL,160,12,325,0.0767197363587,1.19507896236,32,87,false
L18_SEED_2_CONTROL,160,12,350,0.0697541283421,1.22352665059,32,87,false
L18_SEED_2_CONTROL,160,12,375,0.0637543690432,1.2512659907,32,87,false
L18_SEED_2_CONTROL,160,12,400,0.0585429909105,1.27827385326,32,87,false
L18_SEED_2_CONTROL,160,12,425,0.0539826633951,1.30454610515,32,87,false
L18_SEED_2_CONTROL,160,12,450,0.0499654904909,1.330091051,32,87,false
L18_SEED_2_CONTROL,160,12,475,0.0464055760641,1.35492507632,32,87,false
L18_SEED_2_CONTROL,160,12,500,0.043233739754,1.37906968429,32,87,false
L18_SEED_2_CONTROL,160,12,525,0.0403936861034,1.402549456,32,87,false
L18_SEED_2_CONTROL,160,12,550,0.037839178662,1.42539063847,32,87,false
L18_SEED_2_CONTROL,160,12,575,0.0355319233313,1.44762016624,32,87,false
L18_SEED_2_CONTROL,160,12,600,0.0334399612949,1.46926498796,32,87,false
L18_SEED_2_CONTROL,160,12,625,0.0315364339561,1.49035160905,32,87,false
L18_SEED_2_CONTROL,160,12,650,0.0297986233334,1.51090578841,32,87,false
L18_SEED_2_CONTROL,160,12,675,0.0282071990439,1.53095234515,32,87,false
L18_SEED_2_CONTROL,160,12,700,0.0267456220215,1.55051504366,32,88,false
L18_SEED_2_CONTROL,160,12,725,0.0253996684029,1.56961653431,32,88,false
L18_SEED_2_CONTROL,160,12,750,0.0241570464327,1.58827833317,32,88,false
L18_SEED_2_CONTROL,160,12,775,0.0230070860143,1.60652082882,32,88,false
L18_SEED_2_CONTROL,160,12,800,0.0219404854564,1.62436330748,32,88,false
L18_SEED_2_CONTROL,160,12,825,0.0209491035956,1.64182399028,32,88,false
L18_SEED_2_CONTROL,160,12,850,0.020025788172,1.65892007804,32,88,false
L18_SEED_2_CONTROL,160,12,875,0.0191642333591,1.67566780044,32,88,false
L18_SEED_2_CONTROL,160,12,900,0.0183588608875,1.69208246712,32,88,false
L18_SEED_2_CONTROL,160,12,925,0.0176047203706,1.70817851927,32,88,false
L18_SEED_2_CONTROL,160,12,950,0.0168974053453,1.7239695805,32,88,false
L18_SEED_2_CONTROL,160,12,975,0.0162329822416,1.73946850625,32,88,false
L18_SEED_2_CONTROL,160,12,1000,0.0156079300393,1.75468743138,32,88,false
L18_SEED_2_CONTROL,160,12,1025,0.0150190888005,1.76963781538,32,88,false
L18_SEED_2_CONTROL,160,12,1050,0.0144636156083,1.78433048536,32,88,false
L18_SEED_2_CONTROL,160,12,1075,0.0139389467079,1.79877567655,32,88,false
L18_SEED_2_CONTROL,160,12,1100,0.0134427648666,1.81298307033,32,88,false
L18_SEED_2_CONTROL,160,12,1125,0.0129729711397,1.82696182992,32,88,false
L18_SEED_2_CONTROL,160,12,1150,0.0125276603707,1.84072063372,32,88,false
L18_SEED_2_CONTROL,160,12,1175,0.0121050998674,1.85426770651,32,88,false
L18_SEED_2_CONTROL,160,12,1200,0.0117037107889,1.8676108484,32,88,false
L18_SEED_2_CONTROL,160,12,1225,0.0113220518537,1.88075746194,32,88,false
L18_SEED_2_CONTROL,160,12,1250,0.0109588050407,1.89371457724,32,88,false
L18_SEED_2_CONTROL,160,12,1275,0.0106127630081,1.90648887541,32,88,false
L18_SEED_2_CONTROL,160,12,1300,0.0102828179963,1.91908671028,32,88,false
L18_SEED_2_CONTROL,160,12,1325,0.00996795201658,1.93151412865,32,88,false
L18_SEED_2_CONTROL,160,12,1350,0.00966722815691,1.94377688906,32,88,false
L18_SEED_2_CONTROL,160,12,1375,0.00937978286146,1.95588047927,32,88,false
L18_SEED_2_CONTROL,160,12,1400,0.00910481905969,1.96783013246,32,88,false
L18_SEED_2_CONTROL,160,12,1425,0.00884160003971,1.97963084237,32,88,false
L18_SEED_2_CONTROL,160,12,1450,0.00858944397458,1.99128737728,32,88,false
L18_SEED_2_CONTROL,160,12,1475,0.00834771902277,2.00280429311,32,88,false
L18_SEED_2_CONTROL,160,12,1500,0.00811583893482,2.01418594553,32,88,false
L18_SEED_2_CONTROL,160,12,1525,0.00789325910687,2.02543650134,32,88,false
L18_SEED_2_CONTROL,160,12,1550,0.00767947302981,2.03655994897,32,88,false
L18_SEED_2_CONTROL,160,12,1575,0.00747400908918,2.04756010833,32,88,false
L18_SEED_2_CONTROL,160,12,1600,0.00727642767654,2.05844064001,32,88,false
L18_SEED_2_CONTROL,160,12,1625,0.00708631857816,2.06920505387,32,88,false
L18_SEED_2_CONTROL,160,12,1650,0.00690329861084,2.07985671702,32,88,false
L18_SEED_2_CONTROL,160,12,1675,0.00672700947844,2.09039886133,32,88,false
L18_SEED_2_CONTROL,160,12,1700,0.00655711582573,2.1008345905,32,88,false
L18_SEED_2_CONTROL,160,12,1725,0.00639330346913,2.11116688658,32,88,false
L18_SEED_2_CONTROL,160,12,1750,0.00623527778604,2.12139861615,32,88,false
L18_SEED_2_CONTROL,160,12,1775,0.00608276224664,2.13153253616,32,88,false
L18_SEED_2_CONTROL,160,12,1800,0.00593549707398,2.14157129929,32,88,false
L18_SEED_2_CONTROL,160,12,1825,0.00579323801956,2.15151745913,32,88,false
L18_SEED_2_CONTROL,160,12,1850,0.00565575524315,2.16137347492,32,88,false
L18_SEED_2_CONTROL,160,12,1875,0.0055228322868,2.17114171613,32,88,false
L18_SEED_2_CONTROL,160,12,1900,0.00539426513397,2.18082446668,32,88,false
L18_SEED_2_CONTROL,160,12,1925,0.00526986134587,2.19042392895,32,88,false
L18_SEED_2_CONTROL,160,12,1950,0.00514943926772,2.19994222762,32,88,false
L18_SEED_2_CONTROL,160,12,1975,0.00503282729851,2.20938141316,32,88,false
L18_SEED_2_CONTROL,160,12,2000,0.00491986321857,2.21874346526,32,88,false
L18_SEED_2_CONTROL,160,16,0,3.53750271486,3.57230561031,1,3,false
L18_SEED_2_CONTROL,160,16,25,1.20883419309,1.60784384424,27,97,false
L18_SEED_2_CONTROL,160,16,50,0.620501974702,1.26279684923,30,90,false
L18_SEED_2_CONTROL,160,16,75,0.412132226667,1.23377829426,31,79,true
L18_SEED_2_CONTROL,160,16,100,0.306272272512,1.23949158416,31,82,false
L18_SEED_2_CONTROL,160,16,125,0.241985106728,1.27482998164,32,76,false
L18_SEED_2_CONTROL,160,16,150,0.198723599824,1.31764425038,32,75,false
L18_SEED_2_CONTROL,160,16,175,0.16756358862,1.36402937801,32,76,false
L18_SEED_2_CONTROL,160,16,200,0.144027675968,1.41119827931,32,76,false
L18_SEED_2_CONTROL,160,16,225,0.125626652632,1.4579794123,32,76,false
L18_SEED_2_CONTROL,160,16,250,0.110861585357,1.50365455155,32,76,false
L18_SEED_2_CONTROL,160,16,275,0.0987714772913,1.54793284059,32,76,false
L18_SEED_2_CONTROL,160,16,300,0.088708980523,1.59069376234,32,76,false
L18_SEED_2_CONTROL,160,16,325,0.0802205246516,1.63191393019,32,76,false
L18_SEED_2_CONTROL,160,16,350,0.0729780670531,1.67162324693,32,77,false
L18_SEED_2_CONTROL,160,16,375,0.066738109705,1.70987885475,32,78,false
L18_SEED_2_CONTROL,160,16,400,0.0613159632095,1.74675119887,32,78,false
L18_SEED_2_CONTROL,160,16,425,0.0565689643933,1.78231578664,32,77,false
L18_SEED_2_CONTROL,160,16,450,0.0523851771623,1.8166485396,32,79,false
L18_SEED_2_CONTROL,160,16,475,0.0486755748191,1.84982322512,32,79,false
L18_SEED_2_CONTROL,160,16,500,0.0453685028226,1.88191009545,32,79,false
L18_SEED_2_CONTROL,160,16,525,0.0424056762235,1.91297524595,32,79,false
L18_SEED_2_CONTROL,160,16,550,0.0397392345412,1.94308039722,32,79,false
L18_SEED_2_CONTROL,160,16,575,0.0373295404922,1.97228292281,32,79,false
L18_SEED_2_CONTROL,160,16,600,0.0351435116348,2.0006360147,32,79,false
L18_SEED_2_CONTROL,160,16,625,0.0331533400653,2.0281889209,32,79,false
L18_SEED_2_CONTROL,160,16,650,0.0313354988174,2.05498721555,32,79,false
L18_SEED_2_CONTROL,160,16,675,0.0296699628749,2.08107307767,32,79,false
L18_SEED_2_CONTROL,160,16,700,0.028139592747,2.10648556458,32,79,false
L18_SEED_2_CONTROL,160,16,725,0.0267296425111,2.13126087233,32,79,false
L18_SEED_2_CONTROL,160,16,750,0.0254273641001,2.15543257892,32,79,false
L18_SEED_2_CONTROL,160,16,775,0.0242216866848,2.17903186891,32,79,false
L18_SEED_2_CONTROL,160,16,800,0.0231029551435,2.20208773897,32,79,false
L18_SEED_2_CONTROL,160,16,825,0.0220627153813,2.22462718509,32,79,false
L18_SEED_2_CONTROL,160,16,850,0.021093537068,2.24667537254,32,79,false
L18_SEED_2_CONTROL,160,16,875,0.0201888664597,2.26825578967,32,79,false
L18_SEED_2_CONTROL,160,16,900,0.0193429035639,2.28939038721,32,79,false
L18_SEED_2_CONTROL,160,16,925,0.0185504991157,2.3100997041,32,79,false
L18_SEED_2_CONTROL,160,16,950,0.0178070677706,2.3304029814,32,79,false
L18_SEED_2_CONTROL,160,16,975,0.0171085146376,2.35031826539,32,79,false
L18_SEED_2_CONTROL,160,16,1000,0.0164511728448,2.36986250085,32,79,false
L18_SEED_2_CONTROL,160,16,1025,0.0158317502696,2.38905161577,32,79,false
L18_SEED_2_CONTROL,160,16,1050,0.0152472839165,2.40790059819,32,79,false
L18_SEED_2_CONTROL,160,16,1075,0.0146951007044,2.42642356607,32,79,false
L18_SEED_2_CONTROL,160,16,1100,0.0141727836481,2.44463383089,32,79,false
L18_SEED_2_CONTROL,160,16,1125,0.0136781425945,2.46254395565,32,79,false
L18_SEED_2_CONTROL,160,16,1150,0.0132091888225,2.48016580784,32,79,false
L18_SEED_2_CONTROL,160,16,1175,0.0127641129298,2.49751060782,32,79,false
L18_SEED_2_CONTROL,160,16,1200,0.0123412655256,2.51458897323,32,79,false
L18_SEED_2_CONTROL,160,16,1225,0.0119391403268,2.53141095966,32,79,false
L18_SEED_2_CONTROL,160,16,1250,0.0115563593203,2.54798609796,32,79,false
L18_SEED_2_CONTROL,160,16,1275,0.0111916597039,2.56432342872,32,79,false
L18_SEED_2_CONTROL,160,16,1300,0.0108438823671,2.58043153387,32,79,false
L18_SEED_2_CONTROL,160,16,1325,0.0105119617041,2.59631856593,32,79,false
L18_SEED_2_CONTROL,160,16,1350,0.0101949165859,2.611992275,32,79,false
L18_SEED_2_CONTROL,160,16,1375,0.00989184234162,2.62746003374,32,80,false
L18_SEED_2_CONTROL,160,16,1400,0.00960190362186,2.64272886044,32,80,false
L18_SEED_2_CONTROL,160,16,1425,0.00932432803372,2.65780544055,32,80,false
L18_SEED_2_CONTROL,160,16,1450,0.00905840045318,2.6726961465,32,80,false
L18_SEED_2_CONTROL,160,16,1475,0.00880345793324,2.68740705623,32,80,false
L18_SEED_2_CONTROL,160,16,1500,0.00855888513706,2.70194397037,32,80,false
L18_SEED_2_CONTROL,160,16,1525,0.00832411023478,2.71631242829,32,80,false
L18_SEED_2_CONTROL,160,16,1550,0.00809860121063,2.73051772297,32,80,false
L18_SEED_2_CONTROL,160,16,1575,0.0078818625339,2.74456491498,32,80,false
L18_SEED_2_CONTROL,160,16,1600,0.00767343215306,2.7584588454,32,80,false
L18_SEED_2_CONTROL,160,16,1625,0.00747287877753,2.77220414803,32,80,false
L18_SEED_2_CONTROL,160,16,1650,0.00727979941577,2.78580526068,32,80,false
L18_SEED_2_CONTROL,160,16,1675,0.0070938171424,2.79926643582,32,80,false
L18_SEED_2_CONTROL,160,16,1700,0.0069145790701,2.81259175049,32,80,false
L18_SEED_2_CONTROL,160,16,1725,0.006741754505,2.82578511563,32,80,false
L18_SEED_2_CONTROL,160,16,1750,0.00657503326668,2.83885028477,32,80,false
L18_SEED_2_CONTROL,160,16,1775,0.0064141241562,2.85179086225,32,80,false
L18_SEED_2_CONTROL,160,16,1800,0.00625875355718,2.86461031087,32,80,false
L18_SEED_2_CONTROL,160,16,1825,0.00610866415701,2.87731195909,32,80,false
L18_SEED_2_CONTROL,160,16,1850,0.0059636137763,2.88989900784,32,79,false
L18_SEED_2_CONTROL,160,16,1875,0.00582337429621,2.90237453684,32,79,false
L18_SEED_2_CONTROL,160,16,1900,0.00568773067443,2.9147415106,32,79,false
L18_SEED_2_CONTROL,160,16,1925,0.00555648004133,2.92700278405,32,79,false
L18_SEED_2_CONTROL,160,16,1950,0.00542943086904,2.93916110783,32,79,false
L18_SEED_2_CONTROL,160,16,1975,0.00530640220653,2.9512191333,32,79,false
L18_SEED_2_CONTROL,160,16,2000,0.00518722297499,2.96317941724,32,79,false
L18_SEED_2_CONTROL,160,18,0,3.52211436635,3.56561638293,1,0,false
L18_SEED_2_CONTROL,160,18,25,1.18430496265,1.66713755546,27,89,false
L18_SEED_2_CONTROL,160,18,50,0.612978122838,1.38683843788,31,77,true
L18_SEED_2_CONTROL,160,18,75,0.409933807505,1.39258604798,31,75,false
L18_SEED_2_CONTROL,160,18,100,0.303918148479,1.42568882719,31,69,false
L18_SEED_2_CONTROL,160,18,125,0.239035533867,1.48166826221,32,64,false
L18_SEED_2_CONTROL,160,18,150,0.195551156897,1.54083961469,32,63,false
L18_SEED_2_CONTROL,160,18,175,0.164447188945,1.60112766542,32,63,false
L18_SEED_2_CONTROL,160,18,200,0.141100434032,1.66052686929,32,63,false
L18_SEED_2_CONTROL,160,18,225,0.122935385418,1.71805288573,32,63,false
L18_SEED_2_CONTROL,160,18,250,0.108410616268,1.77338535647,32,63,false
L18_SEED_2_CONTROL,160,18,275,0.0965463215416,1.82643688855,32,63,false
L18_SEED_2_CONTROL,160,18,300,0.0866881618978,1.87725057832,32,64,false
L18_SEED_2_CONTROL,160,18,325,0.0783812107714,1.92592522567,32,64,false
L18_SEED_2_CONTROL,160,18,350,0.0712985922274,1.97258253555,32,65,false
L18_SEED_2_CONTROL,160,18,375,0.0651989599841,2.01735093056,32,65,false
L18_SEED_2_CONTROL,160,18,400,0.0599000217862,2.06035712941,32,65,false
L18_SEED_2_CONTROL,160,18,425,0.0552614198885,2.10172199199,32,65,false
L18_SEED_2_CONTROL,160,18,450,0.0511732955377,2.14155867634,32,65,false
L18_SEED_2_CONTROL,160,18,475,0.0475484325631,2.17997202999,32,65,false
L18_SEED_2_CONTROL,160,18,500,0.0443167265629,2.21705862158,32,65,false
L18_SEED_2_CONTROL,160,18,525,0.041421207498,2.25290710318,32,66,false
L18_SEED_2_CONTROL,160,18,550,0.0388151254932,2.28759872867,32,66,false
L18_SEED_2_CONTROL,160,18,575,0.036459780193,2.32120793203,32,66,false
L18_SEED_2_CONTROL,160,18,600,0.0343228801731,2.35380291254,32,66,false
L18_SEED_2_CONTROL,160,18,625,0.0323772867096,2.38544619834,32,66,false
L18_SEED_2_CONTROL,160,18,650,0.0306000405412,2.4161951743,32,66,false
L18_SEED_2_CONTROL,160,18,675,0.0289715998667,2.44610256808,32,66,false
L18_SEED_2_CONTROL,160,18,700,0.027475237978,2.47521689288,32,66,false
L18_SEED_2_CONTROL,160,18,725,0.0260965628935,2.50358284802,32,66,false
L18_SEED_2_CONTROL,160,18,750,0.0248231311893,2.53124167979,32,66,false
L18_SEED_2_CONTROL,160,18,775,0.0236441352421,2.55823150563,32,66,false
L18_SEED_2_CONTROL,160,18,800,0.0225501481824,2.58458760495,32,66,false
L18_SEED_2_CONTROL,160,18,825,0.0215329145752,2.61034267983,32,66,false
L18_SEED_2_CONTROL,160,18,850,0.0205851776005,2.63552708871,32,66,false
L18_SEED_2_CONTROL,160,18,875,0.019700535572,2.66016905591,32,66,false
L18_SEED_2_CONTROL,160,18,900,0.0188733221849,2.68429485971,32,66,false
L18_SEED_2_CONTROL,160,18,925,0.0180985060756,2.70792900113,32,66,false
L18_SEED_2_CONTROL,160,18,950,0.017371606185,2.73109435578,32,66,false
L18_SEED_2_CONTROL,160,18,975,0.0166886201239,2.75381231047,32,66,false
L18_SEED_2_CONTROL,160,18,1000,0.0160459632893,2.77610288638,32,66,false
L18_SEED_2_CONTROL,160,18,1025,0.0154404169132,2.79798485011,32,66,false
L18_SEED_2_CONTROL,160,18,1050,0.0148690835665,2.81947581416,32,66,false
L18_SEED_2_CONTROL,160,18,1075,0.014329348909,2.84059232771,32,66,false
L18_SEED_2_CONTROL,160,18,1100,0.0138188486996,2.861349959,32,66,false
L18_SEED_2_CONTROL,160,18,1125,0.0133354402465,2.88176337,32,66,false
L18_SEED_2_CONTROL,160,18,1150,0.0128771776256,2.90184638431,32,66,false
L18_SEED_2_CONTROL,160,18,1175,0.0124422901032,2.92161204887,32,66,false
L18_SEED_2_CONTROL,160,18,1200,0.0120291632957,2.94107269027,32,66,false
L18_SEED_2_CONTROL,160,18,1225,0.0116363226745,2.96023996608,32,66,false
L18_SEED_2_CONTROL,160,18,1250,0.0112624190843,2.97912491174,32,66,false
L18_SEED_2_CONTROL,160,18,1275,0.010906215998,2.99773798348,32,66,false
L18_SEED_2_CONTROL,160,18,1300,0.0105665782732,3.01608909761,32,66,false
L18_SEED_2_CONTROL,160,18,1325,0.0102424622074,3.03418766657,32,66,false
L18_SEED_2_CONTROL,160,18,1350,0.00993290672571,3.05204263202,32,66,false
L18_SEED_2_CONTROL,160,18,1375,0.00963702555138,3.0696624953,32,66,false
L18_SEED_2_CONTROL,160,18,1400,0.00935400023764,3.08705534542,32,66,false
L18_SEED_2_CONTROL,160,18,1425,0.00908307395196,3.10422888489,32,66,false
L18_SEED_2_CONTROL,160,18,1450,0.0088235459212,3.12119045359,32,66,false
L18_SEED_2_CONTROL,160,18,1475,0.00857476645774,3.13794705073,32,66,false
L18_SEED_2_CONTROL,160,18,1500,0.00833613249777,3.1545053553,32,66,false
L18_SEED_2_CONTROL,160,18,1525,0.00810708359186,3.17087174485,32,66,false
L18_SEED_2_CONTROL,160,18,1550,0.00788709829571,3.18705231305,32,66,false
L18_SEED_2_CONTROL,160,18,1575,0.00767569091588,3.20305288592,32,66,false
L18_SEED_2_CONTROL,160,18,1600,0.00747240857063,3.21887903689,32,66,false
L18_SEED_2_CONTROL,160,18,1625,0.00727682853151,3.23453610086,32,66,false
L18_SEED_2_CONTROL,160,18,1650,0.00708855581496,3.25002918731,32,66,false
L18_SEED_2_CONTROL,160,18,1675,0.0069072209974,3.26536319243,32,67,false
L18_SEED_2_CONTROL,160,18,1700,0.00673247823012,3.28054281057,32,67,false
L18_SEED_2_CONTROL,160,18,1725,0.00656400343335,3.29557254483,32,67,false
L18_SEED_2_CONTROL,160,18,1750,0.00640149265094,3.31045671703,32,66,false
L18_SEED_2_CONTROL,160,18,1775,0.00624466054966,3.32519947701,32,66,false
L18_SEED_2_CONTROL,160,18,1800,0.00609323904841,3.33980481138,32,66,false
L18_SEED_2_CONTROL,160,18,1825,0.00594697606479,3.35427655171,32,66,false
L18_SEED_2_CONTROL,160,18,1850,0.00580563436747,3.36861838218,32,66,false
L18_SEED_2_CONTROL,160,18,1875,0.00566899052421,3.38283384688,32,66,false
L18_SEED_2_CONTROL,160,18,1900,0.00553683393661,3.39692635651,32,66,false
L18_SEED_2_CONTROL,160,18,1925,0.00540896595329,3.41089919489,32,66,false
L18_SEED_2_CONTROL,160,18,1950,0.00528519905433,3.4247555249,32,66,false
L18_SEED_2_CONTROL,160,18,1975,0.0051653561005,3.43849839422,32,66,false
L18_SEED_2_CONTROL,160,18,2000,0.00504926964138,3.45213074065,32,66,false
L18_SEED_2_CONTROL,160,19,0,3.52494659198,3.56734676486,1,1,false
L18_SEED_2_CONTROL,160,19,25,1.18889592685,1.66442074681,27,90,false
L18_SEED_2_CONTROL,160,19,50,0.613136682363,1.37871802872,31,76,true
L18_SEED_2_CONTROL,160,19,75,0.407843442328,1.37873699859,31,70,false
L18_SEED_2_CONTROL,160,19,100,0.30150571141,1.41171948019,31,69,false
L18_SEED_2_CONTROL,160,19,125,0.236784941649,1.46895352693,32,64,false
L18_SEED_2_CONTROL,160,19,150,0.193516153842,1.52937082128,32,63,false
L18_SEED_2_CONTROL,160,19,175,0.162603646411,1.59106986372,32,63,false
L18_SEED_2_CONTROL,160,19,200,0.139422604586,1.65180596797,32,64,false
L18_SEED_2_CONTROL,160,19,225,0.121404863425,1.71056595997,32,64,false
L18_SEED_2_CONTROL,160,19,250,0.107013758462,1.76700743733,32,64,false
L18_SEED_2_CONTROL,160,19,275,0.095271752003,1.821039164,32,64,false
L18_SEED_2_CONTROL,160,19,300,0.0855255278368,1.87271013527,32,64,false
L18_SEED_2_CONTROL,160,19,325,0.0773207390794,1.9221287949,32,65,false
L18_SEED_2_CONTROL,160,19,350,0.0703310130963,1.96942831914,32,65,false
L18_SEED_2_CONTROL,160,19,375,0.0643155558496,2.01474905875,32,66,false
L18_SEED_2_CONTROL,160,19,400,0.0590926925558,2.05822910275,32,66,false
L18_SEED_2_CONTROL,160,19,425,0.0545227250646,2.0999996634,32,66,false
L18_SEED_2_CONTROL,160,19,450,0.0504964655157,2.14018307286,32,66,false
L18_SEED_2_CONTROL,160,19,475,0.0469273536213,2.17889216933,32,66,false
L18_SEED_2_CONTROL,160,19,500,0.0437459073175,2.21623040922,32,66,false
L18_SEED_2_CONTROL,160,19,525,0.0408957341928,2.25229234687,32,66,false
L18_SEED_2_CONTROL,160,19,550,0.0383306119106,2.2871642795,32,66,false
L18_SEED_2_CONTROL,160,19,575,0.0360123162773,2.32092494694,32,66,false
L18_SEED_2_CONTROL,160,19,600,0.0339089820299,2.35364622656,32,66,false
L18_SEED_2_CONTROL,160,19,625,0.031993849569,2.38539379283,32,66,false
L18_SEED_2_CONTROL,160,19,650,0.0302442955181,2.41622772768,32,66,false
L18_SEED_2_CONTROL,160,19,675,0.0286410748444,2.44620307663,32,66,false
L18_SEED_2_CONTROL,160,19,700,0.0271677226236,2.47537035075,32,66,false
L18_SEED_2_CONTROL,160,19,725,0.0258100776235,2.50377597725,32,66,false
L18_SEED_2_CONTROL,160,19,750,0.0245558997973,2.53146270237,32,66,false
L18_SEED_2_CONTROL,160,19,775,0.0233945608572,2.55846995097,32,66,false
L18_SEED_2_CONTROL,160,19,800,0.022316792211,2.58483414715,32,67,false
L18_SEED_2_CONTROL,160,19,825,0.0213144782907,2.61058900003,32,67,false
L18_SEED_2_CONTROL,160,19,850,0.0203804860662,2.63576575845,32,67,false
L18_SEED_2_CONTROL,160,19,875,0.019508523607,2.6603934381,32,68,false
L18_SEED_2_CONTROL,160,19,900,0.0186930221158,2.68449902427,32,67,false
L18_SEED_2_CONTROL,160,19,925,0.0179290370407,2.70810765289,32,67,false
L18_SEED_2_CONTROL,160,19,950,0.0172121647884,2.73124277248,32,67,false
L18_SEED_2_CONTROL,160,19,975,0.0165384722602,2.75392628909,32,67,false
L18_SEED_2_CONTROL,160,19,1000,0.015904436983,2.77617869624,32,67,false
L18_SEED_2_CONTROL,160,19,1025,0.0153068960372,2.79801919166,32,67,false
L18_SEED_2_CONTROL,160,19,1050,0.0147430023202,2.81946578216,32,67,false
L18_SEED_2_CONTROL,160,19,1075,0.0142101869562,2.84053537815,32,67,false
L18_SEED_2_CONTROL,160,19,1100,0.0137061268757,2.86124387895,32,67,false
L18_SEED_2_CONTROL,160,19,1125,0.0132287167601,2.88160624985,32,67,false
L18_SEED_2_CONTROL,160,19,1150,0.0127760446879,2.90163659199,32,67,false
L18_SEED_2_CONTROL,160,19,1175,0.0123463709292,2.92134820572,32,67,false
L18_SEED_2_CONTROL,160,19,1200,0.0119381094283,2.94075364826,32,67,false
L18_SEED_2_CONTROL,160,19,1225,0.011549811589,2.95986478625,32,67,false
L18_SEED_2_CONTROL,160,19,1250,0.0111801520384,2.97869284369,32,67,false
L18_SEED_2_CONTROL,160,19,1275,0.010827916096,2.99724844588,32,67,false
L18_SEED_2_CONTROL,160,19,1300,0.0104919887168,3.01554165963,32,67,false
L18_SEED_2_CONTROL,160,19,1325,0.0101713447127,3.03358203028,32,67,false
L18_SEED_2_CONTROL,160,19,1350,0.00986504008435,3.05137861566,32,67,false
L18_SEED_2_CONTROL,160,19,1375,0.00957220432111,3.06894001749,32,67,false
L18_SEED_2_CONTROL,160,19,1400,0.00929203354634,3.08627441032,32,67,false
L18_SEED_2_CONTROL,160,19,1425,0.00902378440362,3.1033895683,32,67,false
L18_SEED_2_CONTROL,160,19,1450,0.00876676859264,3.12029288994,32,67,false
L18_SEED_2_CONTROL,160,19,1475,0.00852034797705,3.13699142112,32,67,false
L18_SEED_2_CONTROL,160,19,1500,0.00828393019614,3.15349187643,32,67,false
L18_SEED_2_CONTROL,160,19,1525,0.00805696472195,3.16980065893,32,68,false
L18_SEED_2_CONTROL,160,19,1550,0.00783893931028,3.18592387862,32,68,false
L18_SEED_2_CONTROL,160,19,1575,0.00762937680131,3.2018673696,32,68,false
L18_SEED_2_CONTROL,160,19,1600,0.0074278322306,3.21763670603,32,68,false
L18_SEED_2_CONTROL,160,19,1625,0.00723389021653,3.23323721703,32,68,false
L18_SEED_2_CONTROL,160,19,1650,0.007047162594,3.24867400061,32,68,false
L18_SEED_2_CONTROL,160,19,1675,0.00686728626824,3.2639519366,32,68,false
L18_SEED_2_CONTROL,160,19,1700,0.00669392126547,3.27907569883,32,68,false
L18_SEED_2_CONTROL,160,19,1725,0.00652674895984,3.29404976639,32,68,false
L18_SEED_2_CONTROL,160,19,1750,0.00636547045864,3.3088784343,32,68,false
L18_SEED_2_CONTROL,160,19,1775,0.00620980512976,3.32356582335,32,68,false
L18_SEED_2_CONTROL,160,19,1800,0.00605948925705,3.33811588943,32,68,false
L18_SEED_2_CONTROL,160,19,1825,0.00591427481111,3.35253243219,32,68,false
L18_SEED_2_CONTROL,160,19,1850,0.00577392832413,3.36681910319,32,68,false
L18_SEED_2_CONTROL,160,19,1875,0.00563822985882,3.38097941354,32,68,false
L18_SEED_2_CONTROL,160,19,1900,0.00550697206249,3.39501674105,32,68,false
L18_SEED_2_CONTROL,160,19,1925,0.00537995929826,3.40893433696,32,68,false
L18_SEED_2_CONTROL,160,19,1950,0.00525700684618,3.42273533223,32,68,false
L18_SEED_2_CONTROL,160,19,1975,0.00513794016806,3.43642274348,32,68,false
L18_SEED_2_CONTROL,160,19,2000,0.00502259422992,3.44999947854,32,68,false
L18_SEED_2_CONTROL,160,20,0,3.55183556864,3.59409018907,1,4,false
L18_SEED_2_CONTROL,160,20,25,1.21627416378,1.68136935512,27,93,false
L18_SEED_2_CONTROL,160,20,50,0.636888734981,1.39566519585,30,89,true
L18_SEED_2_CONTROL,160,20,75,0.43613017105,1.42565826201,30,87,false
L18_SEED_2_CONTROL,160,20,100,0.329161859291,1.47776473771,31,70,false
L18_SEED_2_CONTROL,160,20,125,0.261945716364,1.54733374502,32,65,false
L18_SEED_2_CONTROL,160,20,150,0.216125735714,1.62080201726,32,67,false
L18_SEED_2_CONTROL,160,20,175,0.182996895338,1.69486036602,32,66,false
L18_SEED_2_CONTROL,160,20,200,0.157939887801,1.76771197937,32,66,false
L18_SEED_2_CONTROL,160,20,225,0.138329494858,1.83807703395,32,66,false
L18_SEED_2_CONTROL,160,20,250,0.122575770594,1.90542301557,32,65,false
L18_SEED_2_CONTROL,160,20,275,0.109658991503,1.96957417538,32,66,false
L18_SEED_2_CONTROL,160,20,300,0.0988925697621,2.03052838533,32,65,false
L18_SEED_2_CONTROL,160,20,325,0.0897952031849,2.0883762229,32,65,false
L18_SEED_2_CONTROL,160,20,350,0.0820181504985,2.14327343331,32,65,false
L18_SEED_2_CONTROL,160,20,375,0.0753019463027,2.19542840307,32,65,false
L18_SEED_2_CONTROL,160,20,400,0.0694495796142,2.24508688031,32,65,false
L18_SEED_2_CONTROL,160,20,425,0.0643091252611,2.2925099434,32,65,false
L18_SEED_2_CONTROL,160,20,450,0.0597619236118,2.33794975191,32,65,false
L18_SEED_2_CONTROL,160,20,475,0.0557141860953,2.38163098992,32,65,false
L18_SEED_2_CONTROL,160,20,500,0.0520908928858,2.42374246229,32,65,false
L18_SEED_2_CONTROL,160,20,525,0.0488313250064,2.46443776948,32,65,false
L18_SEED_2_CONTROL,160,20,550,0.0458857852772,2.50384101389,32,66,false
L18_SEED_2_CONTROL,160,20,575,0.0432131786521,2.54205375053,32,66,false
L18_SEED_2_CONTROL,160,20,600,0.0407792087659,2.57916105491,32,66,false
L18_SEED_2_CONTROL,160,20,625,0.0385550164299,2.61523604822,32,65,false
L18_SEED_2_CONTROL,160,20,650,0.0365161377453,2.65034300082,32,65,false
L18_SEED_2_CONTROL,160,20,675,0.0346416963465,2.68453938203,32,65,false
L18_SEED_2_CONTROL,160,20,700,0.0329137696099,2.71787721044,32,65,false
L18_SEED_2_CONTROL,160,20,725,0.0313168859358,2.75040396628,32,65,false
L18_SEED_2_CONTROL,160,20,750,0.0298376220692,2.78216323636,32,65,false
L18_SEED_2_CONTROL,160,20,775,0.0284642776828,2.81319519546,32,65,false
L18_SEED_2_CONTROL,160,20,800,0.0271866102657,2.84353698499,32,65,false
L18_SEED_2_CONTROL,160,20,825,0.0259956175502,2.8732230241,32,65,false
L18_SEED_2_CONTROL,160,20,850,0.0248833577411,2.90228527371,32,65,false
L18_SEED_2_CONTROL,160,20,875,0.0238428000538,2.93075346544,32,65,false
L18_SEED_2_CONTROL,160,20,900,0.0228676997356,2.95865530292,32,65,false
L18_SEED_2_CONTROL,160,20,925,0.021952493002,2.98601664049,32,65,false
L18_SEED_2_CONTROL,160,20,950,0.0210922082739,3.01286164264,32,65,false
L18_SEED_2_CONTROL,160,20,975,0.0202823908398,3.03921292686,32,65,false
L18_SEED_2_CONTROL,160,20,1000,0.0195190386342,3.06509169193,32,65,false
L18_SEED_2_CONTROL,160,20,1025,0.0187985472686,3.09051783341,32,65,false
L18_SEED_2_CONTROL,160,20,1050,0.0181176628005,3.11551004782,32,65,false
L18_SEED_2_CONTROL,160,20,1075,0.0174734410049,3.14008592667,32,65,false
L18_SEED_2_CONTROL,160,20,1100,0.0168632121315,3.16426204163,32,65,false
L18_SEED_2_CONTROL,160,20,1125,0.0162845503091,3.18805402165,32,65,false
L18_SEED_2_CONTROL,160,20,1150,0.0157352469031,3.211476623,32,65,false
L18_SEED_2_CONTROL,160,20,1175,0.0152132872462,3.23454379295,32,65,false
L18_SEED_2_CONTROL,160,20,1200,0.0147168302575,3.25726872774,32,65,false
L18_SEED_2_CONTROL,160,20,1225,0.0142441905449,3.27966392545,32,65,false
L18_SEED_2_CONTROL,160,20,1250,0.013793822646,3.30174123439,32,65,false
L18_SEED_2_CONTROL,160,20,1275,0.0133643071189,3.32351189723,32,65,false
L18_SEED_2_CONTROL,160,20,1300,0.0129543382367,3.34498659155,32,65,false
L18_SEED_2_CONTROL,160,20,1325,0.0125627130747,3.36617546703,32,65,false
L18_SEED_2_CONTROL,160,20,1350,0.0121883218138,3.38708817961,32,65,false
L18_SEED_2_CONTROL,160,20,1375,0.011830139104,3.40773392291,32,65,false
L18_SEED_2_CONTROL,160,20,1400,0.0114872163582,3.42812145728,32,65,false
L18_SEED_2_CONTROL,160,20,1425,0.0111586748618,3.44825913646,32,65,false
L18_SEED_2_CONTROL,160,20,1450,0.0108436996003,3.46815493236,32,65,false
L18_SEED_2_CONTROL,160,20,1475,0.0105415337202,3.48781645789,32,65,false
L18_SEED_2_CONTROL,160,20,1500,0.0102514735495,3.50725098814,32,65,false
L18_SEED_2_CONTROL,160,20,1525,0.00997286411271,3.52646548001,32,65,false
L18_SEED_2_CONTROL,160,20,1550,0.00970509508607,3.54546659046,32,65,false
L18_SEED_2_CONTROL,160,20,1575,0.00944759714279,3.56426069344,32,65,false
L18_SEED_2_CONTROL,160,20,1600,0.00919983864608,3.58285389565,32,66,false
L18_SEED_2_CONTROL,160,20,1625,0.00896132265231,3.60125205122,32,66,false
L18_SEED_2_CONTROL,160,20,1650,0.00873158419116,3.61946077543,32,66,false
L18_SEED_2_CONTROL,160,20,1675,0.00851018779386,3.63748545741,32,66,false
L18_SEED_2_CONTROL,160,20,1700,0.00829672524355,3.65533127215,32,66,false
L18_SEED_2_CONTROL,160,20,1725,0.00809081352537,3.67300319162,32,66,false
L18_SEED_2_CONTROL,160,20,1750,0.00789209295582,3.69050599518,32,66,false
L18_SEED_2_CONTROL,160,20,1775,0.00770022547379,3.70784427941,32,66,false
L18_SEED_2_CONTROL,160,20,1800,0.00751489307731,3.72502246724,32,66,false
L18_SEED_2_CONTROL,160,20,1825,0.00733579639177,3.74204481656,32,66,false
L18_SEED_2_CONTROL,160,20,1850,0.0071626533573,3.75891542826,32,66,false
L18_SEED_2_CONTROL,160,20,1875,0.00699519802367,3.77563825388,32,66,false
L18_SEED_2_CONTROL,160,20,1900,0.00683317944302,3.79221710268,32,66,false
L18_SEED_2_CONTROL,160,20,1925,0.00667636065123,3.80865564837,32,66,false
L18_SEED_2_CONTROL,160,20,1950,0.00652451772978,3.82495743547,32,66,false
L18_SEED_2_CONTROL,160,20,1975,0.00637743894103,3.8411258852,32,66,false
L18_SEED_2_CONTROL,160,20,2000,0.00623492393029,3.85716430115,32,66,false
L18_SEED_2_CONTROL,320,0,0,3.5294108781,3.53484072705,0,0,false
L18_SEED_2_CONTROL,320,0,25,1.10075824949,0.882314830377,28,144,false
L18_SEED_2_CONTROL,320,0,50,0.508165573304,0.293175945046,28,144,false
L18_SEED_2_CONTROL,320,0,75,0.373553901765,0.207174936761,28,144,false
L18_SEED_2_CONTROL,320,0,100,0.332330849655,0.16189589775,28,144,false
L18_SEED_2_CONTROL,320,0,125,0.313321112616,0.145754034432,28,144,false
L18_SEED_2_CONTROL,320,0,150,0.302365531936,0.135099658645,28,144,false
L18_SEED_2_CONTROL,320,0,175,0.29526303419,0.128443353014,28,144,false
L18_SEED_2_CONTROL,320,0,200,0.290318727975,0.123819112252,28,144,false
L18_SEED_2_CONTROL,320,0,225,0.286703769505,0.120405972167,28,144,false
L18_SEED_2_CONTROL,320,0,250,0.283962167137,0.117817918422,28,144,false
L18_SEED_2_CONTROL,320,0,275,0.281822584276,0.115798445469,28,144,false
L18_SEED_2_CONTROL,320,0,300,0.280113887713,0.114184678283,28,144,false
L18_SEED_2_CONTROL,320,0,325,0.278723111687,0.112870416853,28,144,false
L18_SEED_2_CONTROL,320,0,350,0.277572883209,0.111783001758,28,144,false
L18_SEED_2_CONTROL,320,0,375,0.276608559461,0.110871020811,28,144,false
L18_SEED_2_CONTROL,320,0,400,0.275790538548,0.110097171602,28,144,false
L18_SEED_2_CONTROL,320,0,425,0.27508947545,0.109433792418,28,144,false
L18_SEED_2_CONTROL,320,0,450,0.274483202844,0.108859977698,28,144,false
L18_SEED_2_CONTROL,320,0,475,0.273954690527,0.108359659206,28,144,false
L18_SEED_2_CONTROL,320,0,500,0.273490658286,0.107920301893,28,144,false
L18_SEED_2_CONTROL,320,0,525,0.273080611628,0.107531996609,28,144,false
L18_SEED_2_CONTROL,320,0,550,0.272716158013,0.107186816414,28,144,false
L18_SEED_2_CONTROL,320,0,575,0.272390513317,0.106878351739,28,144,false
L18_SEED_2_CONTROL,320,0,600,0.272098139863,0.106601369315,28,144,false
L18_SEED_2_CONTROL,320,0,625,0.271834477089,0.106351558282,28,144,false
L18_SEED_2_CONTROL,320,0,650,0.271595738492,0.106125338704,28,144,false
L18_SEED_2_CONTROL,320,0,675,0.271378756691,0.105919715422,28,144,false
L18_SEED_2_CONTROL,320,0,700,0.271180863901,0.105732165263,28,144,false
L18_SEED_2_CONTROL,320,0,725,0.270999798786,0.105560549123,28,144,false
L18_SEED_2_CONTROL,320,0,750,0.270833633184,0.105403042793,28,144,false
L18_SEED_2_CONTROL,320,0,775,0.270680713965,0.105258082048,28,144,false
L18_SEED_2_CONTROL,320,0,800,0.270539616521,0.105124318722,28,144,false
L18_SEED_2_CONTROL,320,0,825,0.270409107286,0.1050005853,28,144,false
L18_SEED_2_CONTROL,320,0,850,0.270288113309,0.104885866167,28,144,false
L18_SEED_2_CONTROL,320,0,875,0.270175697408,0.104779274129,28,144,false
L18_SEED_2_CONTROL,320,0,900,0.270071037733,0.104680031093,28,144,false
L18_SEED_2_CONTROL,320,0,925,0.269973410881,0.10458745211,28,144,false
L18_SEED_2_CONTROL,320,0,950,0.26988217785,0.104500932091,28,144,false
L18_SEED_2_CONTROL,320,0,975,0.269796772309,0.104419934716,28,144,false
L18_SEED_2_CONTROL,320,0,1000,0.269716690743,0.104343983116,28,144,false
L18_SEED_2_CONTROL,320,0,1025,0.269641484146,0.104272652012,28,144,false
L18_SEED_2_CONTROL,320,0,1050,0.269570750974,0.104205561054,28,144,false
L18_SEED_2_CONTROL,320,0,1075,0.269504131159,0.104142369156,28,144,false
L18_SEED_2_CONTROL,320,0,1100,0.26944130099,0.104082769651,28,144,false
L18_SEED_2_CONTROL,320,0,1125,0.269381968725,0.104026486143,28,144,false
L18_SEED_2_CONTROL,320,0,1150,0.26932587082,0.103973268932,28,144,false
L18_SEED_2_CONTROL,320,0,1175,0.269272768666,0.103922891935,28,144,false
L18_SEED_2_CONTROL,320,0,1200,0.269222445766,0.103875150007,28,144,false
L18_SEED_2_CONTROL,320,0,1225,0.269174705287,0.103829856625,28,144,false
L18_SEED_2_CONTROL,320,0,1250,0.269129367916,0.103786841862,28,144,false
L18_SEED_2_CONTROL,320,0,1275,0.269086269996,0.103745950621,28,144,false
L18_SEED_2_CONTROL,320,0,1300,0.269045261888,0.103707041079,28,144,false
L18_SEED_2_CONTROL,320,0,1325,0.26900620653,0.103669983331,28,144,false
L18_SEED_2_CONTROL,320,0,1350,0.268968978171,0.103634658188,28,144,false
L18_SEED_2_CONTROL,320,0,1375,0.268933461253,0.103600956114,28,144,false
L18_SEED_2_CONTROL,320,0,1400,0.268899549419,0.103568776293,28,144,false
L18_SEED_2_CONTROL,320,0,1425,0.268867144633,0.103538025792,28,144,false
L18_SEED_2_CONTROL,320,0,1450,0.268836156401,0.103508618824,28,144,false
L18_SEED_2_CONTROL,320,0,1475,0.268806501072,0.103480476089,28,144,false
L18_SEED_2_CONTROL,320,0,1500,0.268778101219,0.103453524181,28,144,false
L18_SEED_2_CONTROL,320,0,1525,0.268750885082,0.103427695067,28,144,false
L18_SEED_2_CONTROL,320,0,1550,0.268724786071,0.10340292561,28,144,false
L18_SEED_2_CONTROL,320,0,1575,0.268699742316,0.103379157151,28,144,false
L18_SEED_2_CONTROL,320,0,1600,0.268675696266,0.103356335122,28,144,false
L18_SEED_2_CONTROL,320,0,1625,0.26865259433,0.103334408706,28,144,false
L18_SEED_2_CONTROL,320,0,1650,0.268630386543,0.103313330528,28,144,false
L18_SEED_2_CONTROL,320,0,1675,0.268609026278,0.103293056371,28,144,false
L18_SEED_2_CONTROL,320,0,1700,0.268588469971,0.103273544928,28,144,false
L18_SEED_2_CONTROL,320,0,1725,0.268568676887,0.103254757566,28,144,false
L18_SEED_2_CONTROL,320,0,1750,0.268549608891,0.103236658123,28,144,false
L18_SEED_2_CONTROL,320,0,1775,0.268531230254,0.103219212714,28,144,false
L18_SEED_2_CONTROL,320,0,1800,0.268513507467,0.103202389561,28,144,false
L18_SEED_2_CONTROL,320,0,1825,0.268496409077,0.103186158835,28,144,false
L18_SEED_2_CONTROL,320,0,1850,0.268479905536,0.103170492509,28,144,false
L18_SEED_2_CONTROL,320,0,1875,0.268463969057,0.103155364232,28,144,false
L18_SEED_2_CONTROL,320,0,1900,0.268448573496,0.103140749204,28,144,false
L18_SEED_2_CONTROL,320,0,1925,0.268433694226,0.103126624071,28,144,false
L18_SEED_2_CONTROL,320,0,1950,0.268419308039,0.103112966816,28,144,false
L18_SEED_2_CONTROL,320,0,1975,0.268405393042,0.103099756676,28,144,false
L18_SEED_2_CONTROL,320,0,2000,0.268391928569,0.103086974046,28,144,true
L18_SEED_2_CONTROL,320,1,0,3.48782693926,3.50796146973,0,0,false
L18_SEED_2_CONTROL,320,1,25,1.26523777399,1.20635761697,28,131,false
L18_SEED_2_CONTROL,320,1,50,0.602003651131,0.52912206353,28,144,false
L18_SEED_2_CONTROL,320,1,75,0.406318328395,0.355007626485,28,144,false
L18_SEED_2_CONTROL,320,1,100,0.328840714995,0.284756036637,29,139,false
L18_SEED_2_CONTROL,320,1,125,0.287160402095,0.254495253827,29,139,false
L18_SEED_2_CONTROL,320,1,150,0.259748600434,0.238426164163,29,139,false
L18_SEED_2_CONTROL,320,1,175,0.239468488762,0.2301662442,29,139,false
L18_SEED_2_CONTROL,320,1,200,0.223318584666,0.226697400584,29,139,false
L18_SEED_2_CONTROL,320,1,225,0.209814190274,0.226294903172,29,138,true
L18_SEED_2_CONTROL,320,1,250,0.198136907674,0.228004203437,29,137,false
L18_SEED_2_CONTROL,320,1,275,0.187799139003,0.231237310235,29,137,false
L18_SEED_2_CONTROL,320,1,300,0.178492577103,0.235604881974,29,137,false
L18_SEED_2_CONTROL,320,1,325,0.170012430042,0.240837908844,30,132,false
L18_SEED_2_CONTROL,320,1,350,0.162216471869,0.246743322219,31,121,false
L18_SEED_2_CONTROL,320,1,375,0.155001671453,0.253177606262,31,121,false
L18_SEED_2_CONTROL,320,1,400,0.148290350073,0.260031135051,31,120,false
L18_SEED_2_CONTROL,320,1,425,0.142021784614,0.267218512018,31,118,false
L18_SEED_2_CONTROL,320,1,450,0.136147045386,0.274672385449,31,118,false
L18_SEED_2_CONTROL,320,1,475,0.130625787136,0.28233931144,31,116,false
L18_SEED_2_CONTROL,320,1,500,0.125424202331,0.290176807909,31,116,false
L18_SEED_2_CONTROL,320,1,525,0.120513641264,0.298151071309,31,116,false
L18_SEED_2_CONTROL,320,1,550,0.11586960686,0.306235070529,31,116,false
L18_SEED_2_CONTROL,320,1,575,0.111470971511,0.314406921776,31,116,false
L18_SEED_2_CONTROL,320,1,600,0.107299345855,0.322648548762,32,110,false
L18_SEED_2_CONTROL,320,1,625,0.103338567823,0.330944646439,32,110,false
L18_SEED_2_CONTROL,320,1,650,0.0995742930445,0.339281935051,32,110,false
L18_SEED_2_CONTROL,320,1,675,0.0959936703801,0.34764865815,32,109,false
L18_SEED_2_CONTROL,320,1,700,0.092585087097,0.35603426371,32,109,false
L18_SEED_2_CONTROL,320,1,725,0.0893379697053,0.364429210666,32,109,false
L18_SEED_2_CONTROL,320,1,750,0.0862426286136,0.372824855173,32,108,false
L18_SEED_2_CONTROL,320,1,775,0.0832901369877,0.381213384045,32,108,false
L18_SEED_2_CONTROL,320,1,800,0.0804722360816,0.389587773389,32,108,false
L18_SEED_2_CONTROL,320,1,825,0.0777812607605,0.397941757732,32,108,false
L18_SEED_2_CONTROL,320,1,850,0.0752100800728,0.406269799809,32,108,false
L18_SEED_2_CONTROL,320,1,875,0.0727520487039,0.414567054845,32,108,false
L18_SEED_2_CONTROL,320,1,900,0.0704009660774,0.422829326335,32,108,false
L18_SEED_2_CONTROL,320,1,925,0.0681510407624,0.431053013218,32,107,false
L18_SEED_2_CONTROL,320,1,950,0.0659968586481,0.439235050641,32,107,false
L18_SEED_2_CONTROL,320,1,975,0.0639333539817,0.447372847856,32,107,false
L18_SEED_2_CONTROL,320,1,1000,0.0619557828,0.455464227065,32,107,false
L18_SEED_2_CONTROL,320,1,1025,0.060059698525,0.463507366434,32,107,false
L18_SEED_2_CONTROL,320,1,1050,0.0582409295971,0.471500749373,32,107,false
L18_SEED_2_CONTROL,320,1,1075,0.0564955590405,0.479443121017,32,106,false
L18_SEED_2_CONTROL,320,1,1100,0.0548199058359,0.48733345183,32,106,false
L18_SEED_2_CONTROL,320,1,1125,0.0532105079583,0.495170907662,32,106,false
L18_SEED_2_CONTROL,320,1,1150,0.051664106926,0.502954825215,32,106,false
L18_SEED_2_CONTROL,320,1,1175,0.0501776337031,0.510684691877,32,106,false
L18_SEED_2_CONTROL,320,1,1200,0.0487481958116,0.518360128937,32,106,false
L18_SEED_2_CONTROL,320,1,1225,0.0473730655164,0.525980877376,32,106,false
L18_SEED_2_CONTROL,320,1,1250,0.0460496689684,0.533546785603,32,106,false
L18_SEED_2_CONTROL,320,1,1275,0.0447755762019,0.541057798695,32,106,false
L18_SEED_2_CONTROL,320,1,1300,0.0435484918989,0.548513948786,32,106,false
L18_SEED_2_CONTROL,320,1,1325,0.0423662468443,0.555915346395,32,106,false
L18_SEED_2_CONTROL,320,1,1350,0.0412267900068,0.563262172537,32,106,false
L18_SEED_2_CONTROL,320,1,1375,0.0401281811895,0.570554671498,32,106,false
L18_SEED_2_CONTROL,320,1,1400,0.0390685841986,0.577793144209,32,106,false
L18_SEED_2_CONTROL,320,1,1425,0.038046260489,0.584977942155,32,106,false
L18_SEED_2_CONTROL,320,1,1450,0.0370595632465,0.592109461789,32,106,false
L18_SEED_2_CONTROL,320,1,1475,0.0361069318712,0.599188139392,32,106,false
L18_SEED_2_CONTROL,320,1,1500,0.035186886834,0.606214446373,32,106,false
L18_SEED_2_CONTROL,320,1,1525,0.0342980248738,0.613188884964,32,106,false
L18_SEED_2_CONTROL,320,1,1550,0.0334390145135,0.620111984277,32,106,false
L18_SEED_2_CONTROL,320,1,1575,0.0326085918688,0.626984296721,32,106,false
L18_SEED_2_CONTROL,320,1,1600,0.0318055567305,0.63380639473,32,106,false
L18_SEED_2_CONTROL,320,1,1625,0.031028768899,0.640578867783,32,106,false
L18_SEED_2_CONTROL,320,1,1650,0.0302771447539,0.647302319708,32,106,false
L18_SEED_2_CONTROL,320,1,1675,0.0295496540423,0.65397736623,32,106,false
L18_SEED_2_CONTROL,320,1,1700,0.0288453168699,0.660604632749,32,106,false
L18_SEED_2_CONTROL,320,1,1725,0.0281632008812,0.667184752339,32,106,false
L18_SEED_2_CONTROL,320,1,1750,0.0275024186158,0.673718363928,32,106,false
L18_SEED_2_CONTROL,320,1,1775,0.0268621250288,0.680206110671,32,106,false
L18_SEED_2_CONTROL,320,1,1800,0.0262415151635,0.686648638472,32,106,false
L18_SEED_2_CONTROL,320,1,1825,0.0256398219673,0.693046594661,32,106,false
L18_SEED_2_CONTROL,320,1,1850,0.0250563142399,0.69940062681,32,106,false
L18_SEED_2_CONTROL,320,1,1875,0.0244902947063,0.705711381662,32,106,false
L18_SEED_2_CONTROL,320,1,1900,0.0239410982048,0.711979504181,32,106,false
L18_SEED_2_CONTROL,320,1,1925,0.0234080899839,0.718205636702,32,106,false
L18_SEED_2_CONTROL,320,1,1950,0.0228906641002,0.724390418171,32,106,false
L18_SEED_2_CONTROL,320,1,1975,0.0223882419107,0.730534483478,32,106,false
L18_SEED_2_CONTROL,320,1,2000,0.0219002706531,0.736638462852,32,106,false
L18_SEED_2_CONTROL,320,2,0,3.51391667366,3.52801838895,4,17,false
L18_SEED_2_CONTROL,320,2,25,1.26529502857,1.22903051335,27,132,false
L18_SEED_2_CONTROL,320,2,50,0.628870960609,0.588625042376,28,141,false
L18_SEED_2_CONTROL,320,2,75,0.419345389936,0.415455307368,28,143,false
L18_SEED_2_CONTROL,320,2,100,0.328176930571,0.35365835428,29,138,false
L18_SEED_2_CONTROL,320,2,125,0.278597930592,0.315060907695,29,137,false
L18_SEED_2_CONTROL,320,2,150,0.246188348946,0.297143212366,29,137,false
L18_SEED_2_CONTROL,320,2,175,0.222447716877,0.288539782431,29,137,false
L18_SEED_2_CONTROL,320,2,200,0.203745820103,0.285446705189,29,137,true
L18_SEED_2_CONTROL,320,2,225,0.188277013649,0.28611952471,29,136,false
L18_SEED_2_CONTROL,320,2,250,0.175044579581,0.289330870781,30,130,false
L18_SEED_2_CONTROL,320,2,275,0.163454379342,0.294376470811,31,118,false
L18_SEED_2_CONTROL,320,2,300,0.15313030836,0.300782993888,32,112,false
L18_SEED_2_CONTROL,320,2,325,0.143822064827,0.30821694843,32,112,false
L18_SEED_2_CONTROL,320,2,350,0.13535558748,0.316438702337,32,111,false
L18_SEED_2_CONTROL,320,2,375,0.127604878771,0.325269800559,32,111,false
L18_SEED_2_CONTROL,320,2,400,0.120475263972,0.334573567812,32,111,false
L18_SEED_2_CONTROL,320,2,425,0.113893096938,0.344243049204,32,111,false
L18_SEED_2_CONTROL,320,2,450,0.10779925615,0.35419300197,32,111,false
L18_SEED_2_CONTROL,320,2,475,0.102144943284,0.364354469599,32,110,false
L18_SEED_2_CONTROL,320,2,500,0.09688891592,0.374671032635,32,110,false
L18_SEED_2_CONTROL,320,2,525,0.0919956309555,0.385096148547,32,110,false
L18_SEED_2_CONTROL,320,2,550,0.0874339753252,0.395591211722,32,109,false
L18_SEED_2_CONTROL,320,2,575,0.0831763804639,0.406124100079,32,109,false
L18_SEED_2_CONTROL,320,2,600,0.0791981904673,0.416668057367,32,109,false
L18_SEED_2_CONTROL,320,2,625,0.0754771998951,0.427200812219,32,109,false
L18_SEED_2_CONTROL,320,2,650,0.0719933063435,0.437703868245,32,109,false
L18_SEED_2_CONTROL,320,2,675,0.0687282416748,0.44816192093,32,109,false
L18_SEED_2_CONTROL,320,2,700,0.065665357973,0.458562371089,32,109,false
L18_SEED_2_CONTROL,320,2,725,0.0627894522798,0.46889491402,32,109,false
L18_SEED_2_CONTROL,320,2,750,0.0600866194403,0.479151189705,32,109,false
L18_SEED_2_CONTROL,320,2,775,0.0575441258843,0.489324483609,32,108,false
L18_SEED_2_CONTROL,320,2,800,0.055150299491,0.499409470371,32,108,false
L18_SEED_2_CONTROL,320,2,825,0.0528944322222,0.509401994417,32,108,false
L18_SEED_2_CONTROL,320,2,850,0.050766693221,0.519298882699,32,108,false
L18_SEED_2_CONTROL,320,2,875,0.0487580507324,0.529097785435,32,108,false
L18_SEED_2_CONTROL,320,2,900,0.0468602016342,0.538797041221,32,108,false
L18_SEED_2_CONTROL,320,2,925,0.0450655076446,0.548395563265,32,108,false
L18_SEED_2_CONTROL,320,2,950,0.0433669374632,0.557892743794,32,108,false
L18_SEED_2_CONTROL,320,2,975,0.0417580142231,0.567288373954,32,108,false
L18_SEED_2_CONTROL,320,2,1000,0.0402327677274,0.576582576871,32,108,false
L18_SEED_2_CONTROL,320,2,1025,0.0387856910075,0.585775751752,32,108,false
L18_SEED_2_CONTROL,320,2,1050,0.0374117007945,0.594868527231,32,108,false
L18_SEED_2_CONTROL,320,2,1075,0.0361061015409,0.603861722406,32,108,false
L18_SEED_2_CONTROL,320,2,1100,0.0348645526629,0.612756314227,32,108,false
L18_SEED_2_CONTROL,320,2,1125,0.0336830387102,0.621553410149,32,108,false
L18_SEED_2_CONTROL,320,2,1150,0.0325578421944,0.630254225106,32,108,false
L18_SEED_2_CONTROL,320,2,1175,0.0314855188349,0.638860062066,32,108,false
L18_SEED_2_CONTROL,320,2,1200,0.0304628750028,0.647372295526,32,108,false
L18_SEED_2_CONTROL,320,2,1225,0.0294869471618,0.655792357449,32,108,false
L18_SEED_2_CONTROL,320,2,1250,0.0285549831256,0.664121725231,32,108,false
L18_SEED_2_CONTROL,320,2,1275,0.0276644249664,0.672361911354,32,108,false
L18_SEED_2_CONTROL,320,2,1300,0.026812893423,0.680514454469,32,108,false
L18_SEED_2_CONTROL,320,2,1325,0.0259981736734,0.688580911682,32,108,false
L18_SEED_2_CONTROL,320,2,1350,0.0252182023455,0.696562851859,32,108,false
L18_SEED_2_CONTROL,320,2,1375,0.0244710556541,0.704461849824,32,108,false
L18_SEED_2_CONTROL,320,2,1400,0.0237549385611,0.71227948131,32,108,false
L18_SEED_2_CONTROL,320,2,1425,0.0230681748647,0.720017318572,32,107,false
L18_SEED_2_CONTROL,320,2,1450,0.0224091981337,0.727676926586,32,107,false
L18_SEED_2_CONTROL,320,2,1475,0.0217765434097,0.735259859754,32,107,false
L18_SEED_2_CONTROL,320,2,1500,0.0211688396073,0.742767659058,32,107,false
L18_SEED_2_CONTROL,320,2,1525,0.0205848025492,0.750201849614,32,106,false
L18_SEED_2_CONTROL,320,2,1550,0.0200232285785,0.757563938582,32,106,false
L18_SEED_2_CONTROL,320,2,1575,0.0194829886978,0.764855413388,32,106,false
L18_SEED_2_CONTROL,320,2,1600,0.0189630231854,0.772077740226,32,106,false
L18_SEED_2_CONTROL,320,2,1625,0.0184623366488,0.779232362807,32,106,false
L18_SEED_2_CONTROL,320,2,1650,0.0179799934753,0.786320701338,32,106,false
L18_SEED_2_CONTROL,320,2,1675,0.0175151136448,0.793344151686,32,106,false
L18_SEED_2_CONTROL,320,2,1700,0.0170668688738,0.800304084728,32,106,false
L18_SEED_2_CONTROL,320,2,1725,0.0166344790615,0.807201845845,32,106,false
L18_SEED_2_CONTROL,320,2,1750,0.0162172090117,0.814038754567,32,106,false
L18_SEED_2_CONTROL,320,2,1775,0.0158143654074,0.820816104324,32,106,false
L18_SEED_2_CONTROL,320,2,1800,0.015425294016,0.827535162311,32,106,false
L18_SEED_2_CONTROL,320,2,1825,0.0150493771062,0.834197169454,32,106,false
L18_SEED_2_CONTROL,320,2,1850,0.014686031059,0.84080334044,32,106,false
L18_SEED_2_CONTROL,320,2,1875,0.0143347041554,0.847354863834,32,106,false
L18_SEED_2_CONTROL,320,2,1900,0.013994874528,0.853852902255,32,106,false
L18_SEED_2_CONTROL,320,2,1925,0.0136660482621,0.860298592596,32,106,false
L18_SEED_2_CONTROL,320,2,1950,0.0133477576337,0.866693046305,32,106,false
L18_SEED_2_CONTROL,320,2,1975,0.0130395594749,0.873037349691,32,106,false
L18_SEED_2_CONTROL,320,2,2000,0.0127410336549,0.879332564277,32,106,false
L18_SEED_2_CONTROL,320,3,0,3.50972997996,3.52465570248,4,17,false
L18_SEED_2_CONTROL,320,3,25,1.29740686164,1.2838400706,27,130,false
L18_SEED_2_CONTROL,320,3,50,0.662005561918,0.677597094212,27,130,false
L18_SEED_2_CONTROL,320,3,75,0.434336808217,0.48926975926,28,139,false
L18_SEED_2_CONTROL,320,3,100,0.334598335059,0.401014272521,28,140,false
L18_SEED_2_CONTROL,320,3,125,0.278915656187,0.363919944224,29,135,false
L18_SEED_2_CONTROL,320,3,150,0.241869278771,0.346136599068,30,130,false
L18_SEED_2_CONTROL,320,3,175,0.21449118497,0.3389294656,30,130,false
L18_SEED_2_CONTROL,320,3,200,0.192892600675,0.338167153078,31,123,true
L18_SEED_2_CONTROL,320,3,225,0.175117585137,0.341550403765,31,122,false
L18_SEED_2_CONTROL,320,3,250,0.160070222379,0.347784250201,31,122,false
L18_SEED_2_CONTROL,320,3,275,0.14708234454,0.356051993518,32,110,false
L18_SEED_2_CONTROL,320,3,300,0.13571688495,0.365796077214,32,108,false
L18_SEED_2_CONTROL,320,3,325,0.125670393186,0.37662121602,32,108,false
L18_SEED_2_CONTROL,320,3,350,0.116721434439,0.388238494318,32,107,false
L18_SEED_2_CONTROL,320,3,375,0.1087017245,0.400431233075,32,107,false
L18_SEED_2_CONTROL,320,3,400,0.101479155143,0.41303385328,32,107,false
L18_SEED_2_CONTROL,320,3,425,0.0949473340776,0.425918113089,32,107,false
L18_SEED_2_CONTROL,320,3,450,0.0890188492044,0.438983732787,32,107,false
L18_SEED_2_CONTROL,320,3,475,0.0836207491493,0.452151787377,32,107,false
L18_SEED_2_CONTROL,320,3,500,0.0786913941334,0.465359914851,32,107,false
L18_SEED_2_CONTROL,320,3,525,0.0741781857556,0.478558758766,32,107,false
L18_SEED_2_CONTROL,320,3,550,0.0700358804941,0.491709275896,32,107,false
L18_SEED_2_CONTROL,320,3,575,0.066225303812,0.504780665626,32,107,false
L18_SEED_2_CONTROL,320,3,600,0.062712347691,0.517748755984,32,107,false
L18_SEED_2_CONTROL,320,3,625,0.0594671743381,0.530594731383,32,106,false
L18_SEED_2_CONTROL,320,3,650,0.0564635736503,0.543304120271,32,106,false
L18_SEED_2_CONTROL,320,3,675,0.0536784379001,0.555865983173,32,105,false
L18_SEED_2_CONTROL,320,3,700,0.0510913275184,0.568272257153,32,105,false
L18_SEED_2_CONTROL,320,3,725,0.0486841088588,0.580517223587,32,105,false
L18_SEED_2_CONTROL,320,3,750,0.0464406496499,0.592597074063,32,105,false
L18_SEED_2_CONTROL,320,3,775,0.0443465612483,0.604509554931,32,105,false
L18_SEED_2_CONTROL,320,3,800,0.0423889792533,0.616253675357,32,105,false
L18_SEED_2_CONTROL,320,3,825,0.0405563758477,0.627829466923,32,105,false
L18_SEED_2_CONTROL,320,3,850,0.0388383985743,0.6392377853,32,105,false
L18_SEED_2_CONTROL,320,3,875,0.0372257312894,0.650480146389,32,105,false
L18_SEED_2_CONTROL,320,3,900,0.0357099738215,0.661558590836,32,105,false
L18_SEED_2_CONTROL,320,3,925,0.0342835374914,0.672475571948,32,105,false
L18_SEED_2_CONTROL,320,3,950,0.032939554138,0.683233862993,32,105,false
L18_SEED_2_CONTROL,320,3,975,0.0316717966906,0.693836480558,32,105,false
L18_SEED_2_CONTROL,320,3,1000,0.0304746096487,0.704286621271,32,105,false
L18_SEED_2_CONTROL,320,3,1025,0.029342848089,0.714587609623,32,105,false
L18_SEED_2_CONTROL,320,3,1050,0.0282718240336,0.724742855063,32,105,false
L18_SEED_2_CONTROL,320,3,1075,0.027257259191,0.734755816796,32,105,false
L18_SEED_2_CONTROL,320,3,1100,0.0262952432282,0.744629975033,32,105,false
L18_SEED_2_CONTROL,320,3,1125,0.025382196853,0.754368807603,32,105,false
L18_SEED_2_CONTROL,320,3,1150,0.0245148390922,0.763975771054,32,105,false
L18_SEED_2_CONTROL,320,3,1175,0.0236901582343,0.773454285485,32,105,false
L18_SEED_2_CONTROL,320,3,1200,0.0229053859823,0.782807722495,32,105,false
L18_SEED_2_CONTROL,320,3,1225,0.0221579744212,0.792039395726,32,105,false
L18_SEED_2_CONTROL,320,3,1250,0.0214455754608,0.801152553556,32,105,false
L18_SEED_2_CONTROL,320,3,1275,0.020766022457,0.810150373587,32,105,false
L18_SEED_2_CONTROL,320,3,1300,0.0201173137551,0.819035958614,32,105,false
L18_SEED_2_CONTROL,320,3,1325,0.019497597932,0.827812333812,32,105,false
L18_SEED_2_CONTROL,320,3,1350,0.0189051605413,0.83648244494,32,105,false
L18_SEED_2_CONTROL,320,3,1375,0.0183384121908,0.845049157368,32,105,false
L18_SEED_2_CONTROL,320,3,1400,0.0177958778038,0.853515255778,32,105,false
L18_SEED_2_CONTROL,320,3,1425,0.0172761869324,0.861883444415,32,105,false
L18_SEED_2_CONTROL,320,3,1450,0.0167780650078,0.870156347785,32,105,false
L18_SEED_2_CONTROL,320,3,1475,0.0163003254271,0.878336511695,32,105,false
L18_SEED_2_CONTROL,320,3,1500,0.0158418623864,0.886426404586,32,105,false
L18_SEED_2_CONTROL,320,3,1525,0.0154016443819,0.894428419073,32,105,false
L18_SEED_2_CONTROL,320,3,1550,0.0149787083094,0.902344873654,32,105,false
L18_SEED_2_CONTROL,320,3,1575,0.0145721541007,0.910178014545,32,105,false
L18_SEED_2_CONTROL,320,3,1600,0.0141811398413,0.917930017601,32,105,false
L18_SEED_2_CONTROL,320,3,1625,0.0138048773226,0.925602990293,32,105,false
L18_SEED_2_CONTROL,320,3,1650,0.0134426279832,0.933198973721,32,105,false
L18_SEED_2_CONTROL,320,3,1675,0.0130936992033,0.940719944646,32,105,false
L18_SEED_2_CONTROL,320,3,1700,0.0127574409161,0.948167817517,32,105,false
L18_SEED_2_CONTROL,320,3,1725,0.0124332425062,0.955544446481,32,105,false
L18_SEED_2_CONTROL,320,3,1750,0.0121205299686,0.962851627375,32,105,false
L18_SEED_2_CONTROL,320,3,1775,0.0118187633019,0.97009109968,32,105,false
L18_SEED_2_CONTROL,320,3,1800,0.0115274341158,0.977264548441,32,105,false
L18_SEED_2_CONTROL,320,3,1825,0.0112460634321,0.984373606134,32,105,false
L18_SEED_2_CONTROL,320,3,1850,0.0109741996615,0.991419854498,32,105,false
L18_SEED_2_CONTROL,320,3,1875,0.0107114167414,0.9984048263,32,105,false
L18_SEED_2_CONTROL,320,3,1900,0.0104573124188,1.00533000707,32,105,false
L18_SEED_2_CONTROL,320,3,1925,0.0102115066668,1.01219683674,32,105,false
L18_SEED_2_CONTROL,320,3,1950,0.0099736402223,1.01900671131,32,105,false
L18_SEED_2_CONTROL,320,3,1975,0.00974337323497,1.02576098435,32,105,false
L18_SEED_2_CONTROL,320,3,2000,0.00952038401728,1.03246096854,32,105,false
L18_SEED_2_CONTROL,320,4,0,3.51691380438,3.52701531409,4,18,false
L18_SEED_2_CONTROL,320,4,25,1.26604067838,1.26856728779,27,119,false
L18_SEED_2_CONTROL,320,4,50,0.6407321769,0.685395102165,27,129,false
L18_SEED_2_CONTROL,320,4,75,0.415784216085,0.535312926948,28,136,false
L18_SEED_2_CONTROL,320,4,100,0.316670223429,0.457642556448,28,137,false
L18_SEED_2_CONTROL,320,4,125,0.259970601725,0.427166641307,31,122,false
L18_SEED_2_CONTROL,320,4,150,0.221876761184,0.414597682565,31,122,false
L18_SEED_2_CONTROL,320,4,175,0.193758401545,0.411874181492,31,121,true
L18_SEED_2_CONTROL,320,4,200,0.171768555689,0.414767543638,31,121,false
L18_SEED_2_CONTROL,320,4,225,0.153913484506,0.421532350754,32,109,false
L18_SEED_2_CONTROL,320,4,250,0.139040272492,0.430834827604,32,108,false
L18_SEED_2_CONTROL,320,4,275,0.126423355328,0.441854793668,32,108,false
L18_SEED_2_CONTROL,320,4,300,0.115574431584,0.454031346887,32,108,false
L18_SEED_2_CONTROL,320,4,325,0.106146991056,0.46696931504,32,108,false
L18_SEED_2_CONTROL,320,4,350,0.0978847666084,0.480389839875,32,108,false
L18_SEED_2_CONTROL,320,4,375,0.090592072912,0.494093526669,32,108,false
L18_SEED_2_CONTROL,320,4,400,0.0841157332401,0.507936876591,32,108,false
L18_SEED_2_CONTROL,320,4,425,0.078333492067,0.521816045923,32,108,false
L18_SEED_2_CONTROL,320,4,450,0.0731462499221,0.535655611242,32,108,false
L18_SEED_2_CONTROL,320,4,475,0.0684726599129,0.549400784797,32,108,false
L18_SEED_2_CONTROL,320,4,500,0.0642452467309,0.563011933723,32,108,false
L18_SEED_2_CONTROL,320,4,525,0.0604075444791,0.576460677685,32,106,false
L18_SEED_2_CONTROL,320,4,550,0.0569119387222,0.589727075302,32,106,false
L18_SEED_2_CONTROL,320,4,575,0.0537180091101,0.602797565763,32,106,false
L18_SEED_2_CONTROL,320,4,600,0.050791236519,0.615663440775,32,106,false
L18_SEED_2_CONTROL,320,4,625,0.0481019812388,0.628319694085,32,106,false
L18_SEED_2_CONTROL,320,4,650,0.045624666379,0.640764144097,32,106,false
L18_SEED_2_CONTROL,320,4,675,0.0433371190829,0.65299675759,32,106,false
L18_SEED_2_CONTROL,320,4,700,0.0412200347156,0.665019124273,32,106,false
L18_SEED_2_CONTROL,320,4,725,0.0392565379615,0.676834046471,32,106,false
L18_SEED_2_CONTROL,320,4,750,0.0374318210296,0.688445217952,32,106,false
L18_SEED_2_CONTROL,320,4,775,0.0357328437099,0.699856972595,32,105,false
L18_SEED_2_CONTROL,320,4,800,0.0341480833982,0.711074088138,32,105,false
L18_SEED_2_CONTROL,320,4,825,0.0326673257399,0.72210163356,32,105,false
L18_SEED_2_CONTROL,320,4,850,0.0312814884835,0.732944851078,32,105,false
L18_SEED_2_CONTROL,320,4,875,0.0299824726223,0.743609065537,32,105,false
L18_SEED_2_CONTROL,320,4,900,0.0287630360737,0.754099615484,32,105,false
L18_SEED_2_CONTROL,320,4,925,0.0276166860542,0.764421801304,32,105,false
L18_SEED_2_CONTROL,320,4,950,0.0265375870339,0.774580846747,32,105,false
L18_SEED_2_CONTROL,320,4,975,0.0255204817281,0.784581870926,32,105,false
L18_SEED_2_CONTROL,320,4,1000,0.024560623043,0.794429868452,32,105,false
L18_SEED_2_CONTROL,320,4,1025,0.0236537152601,0.804129695871,32,105,false
L18_SEED_2_CONTROL,320,4,1050,0.0227958630447,0.813686062947,32,105,false
L18_SEED_2_CONTROL,320,4,1075,0.0219835271009,0.823103527657,32,105,false
L18_SEED_2_CONTROL,320,4,1100,0.0212134854952,0.832386494003,32,105,false
L18_SEED_2_CONTROL,320,4,1125,0.0204827998293,0.841539211939,32,105,false
L18_SEED_2_CONTROL,320,4,1150,0.0197887855747,0.850565778884,32,105,false
L18_SEED_2_CONTROL,320,4,1175,0.01912898599,0.859470142381,32,105,false
L18_SEED_2_CONTROL,320,4,1200,0.0185011491331,0.868256103595,32,105,false
L18_SEED_2_CONTROL,320,4,1225,0.0179032075503,0.876927321384,32,105,false
L18_SEED_2_CONTROL,320,4,1250,0.0173332602928,0.88548731676,32,105,false
L18_SEED_2_CONTROL,320,4,1275,0.0167895569572,0.893939477583,32,105,false
L18_SEED_2_CONTROL,320,4,1300,0.0162704834922,0.902287063389,32,105,false
L18_SEED_2_CONTROL,320,4,1325,0.0157745495521,0.910533210248,32,105,false
L18_SEED_2_CONTROL,320,4,1350,0.0153003772048,0.918680935606,32,105,false
L18_SEED_2_CONTROL,320,4,1375,0.0148466908305,0.926733143059,32,105,false
L18_SEED_2_CONTROL,320,4,1400,0.0144123080702,0.934692627014,32,105,false
L18_SEED_2_CONTROL,320,4,1425,0.013996131699,0.942562077234,32,105,false
L18_SEED_2_CONTROL,320,4,1450,0.0135971423185,0.950344083228,32,105,false
L18_SEED_2_CONTROL,320,4,1475,0.0132143917742,0.95804113849,32,105,false
L18_SEED_2_CONTROL,320,4,1500,0.0128469972169,0.96565564458,32,105,false
L18_SEED_2_CONTROL,320,4,1525,0.0124941357366,0.973189915035,32,105,false
L18_SEED_2_CONTROL,320,4,1550,0.0121550395066,0.980646179117,32,105,false
L18_SEED_2_CONTROL,320,4,1575,0.0118289913826,0.988026585408,32,105,false
L18_SEED_2_CONTROL,320,4,1600,0.0115153209088,0.995333205229,32,105,false
L18_SEED_2_CONTROL,320,4,1625,0.0112134006887,1.00256803592,32,105,false
L18_SEED_2_CONTROL,320,4,1650,0.0109226430818,1.00973300398,32,105,false
L18_SEED_2_CONTROL,320,4,1675,0.0106424971945,1.016829968,32,105,false
L18_SEED_2_CONTROL,320,4,1700,0.0103724461343,1.02386072156,32,105,false
L18_SEED_2_CONTROL,320,4,1725,0.0101120045019,1.03082699592,32,105,false
L18_SEED_2_CONTROL,320,4,1750,0.00986071609789,1.0377304626,32,105,false
L18_SEED_2_CONTROL,320,4,1775,0.00961815182256,1.04457273583,32,105,false
L18_SEED_2_CONTROL,320,4,1800,0.00938390775108,1.05135537493,32,105,false
L18_SEED_2_CONTROL,320,4,1825,0.00915760336725,1.05807988654,32,105,false
L18_SEED_2_CONTROL,320,4,1850,0.00893887994084,1.06474772674,32,105,false
L18_SEED_2_CONTROL,320,4,1875,0.00872739903554,1.07136030311,32,105,false
L18_SEED_2_CONTROL,320,4,1900,0.00852284113539,1.07791897669,32,105,false
L18_SEED_2_CONTROL,320,4,1925,0.00832490437914,1.08442506378,32,105,false
L18_SEED_2_CONTROL,320,4,1950,0.00813330339288,1.0908798378,32,105,false
L18_SEED_2_CONTROL,320,4,1975,0.00794776821229,1.09728453091,32,105,false
L18_SEED_2_CONTROL,320,4,2000,0.00776804328667,1.10364033567,32,105,false
L18_SEED_2_CONTROL,320,5,0,3.51533292413,3.52626952391,4,17,false
L18_SEED_2_CONTROL,320,5,25,1.23266369777,1.25671631836,27,125,false
L18_SEED_2_CONTROL,320,5,50,0.600391654725,0.68095270217,28,135,false
L18_SEED_2_CONTROL,320,5,75,0.389636828874,0.546904581708,29,133,false
L18_SEED_2_CONTROL,320,5,100,0.295488887691,0.479285655844,30,128,false
L18_SEED_2_CONTROL,320,5,125,0.24032874312,0.455465264504,30,130,false
L18_SEED_2_CONTROL,320,5,150,0.202746946112,0.448645601254,32,110,true
L18_SEED_2_CONTROL,320,5,175,0.174963029742,0.450638826061,32,110,false
L18_SEED_2_CONTROL,320,5,200,0.153377361361,0.457563391009,32,110,false
L18_SEED_2_CONTROL,320,5,225,0.136037979,0.467573390162,32,110,false
L18_SEED_2_CONTROL,320,5,250,0.121771539479,0.479441186815,32,109,false
L18_SEED_2_CONTROL,320,5,275,0.109820055314,0.492458097921,32,108,false
L18_SEED_2_CONTROL,320,5,300,0.0996662052646,0.506158348548,32,108,false
L18_SEED_2_CONTROL,320,5,325,0.0909413116807,0.520236922993,32,108,false
L18_SEED_2_CONTROL,320,5,350,0.0833734684978,0.534486001008,32,108,false
L18_SEED_2_CONTROL,320,5,375,0.0767565812153,0.548763819487,32,107,false
L18_SEED_2_CONTROL,320,5,400,0.070930953886,0.56297288695,32,106,false
L18_SEED_2_CONTROL,320,5,425,0.0657705899696,0.577046304497,32,106,false
L18_SEED_2_CONTROL,320,5,450,0.0611745790919,0.5909385651,32,106,false
L18_SEED_2_CONTROL,320,5,475,0.0570610725063,0.604619316037,32,106,false
L18_SEED_2_CONTROL,320,5,500,0.0533629576014,0.618069036533,32,106,false
L18_SEED_2_CONTROL,320,5,525,0.0500246824289,0.631275996285,32,106,false
L18_SEED_2_CONTROL,320,5,550,0.0469998797585,0.644234087749,32,106,false
L18_SEED_2_CONTROL,320,5,575,0.0442495600585,0.656941263642,32,106,false
L18_SEED_2_CONTROL,320,5,600,0.0417407175682,0.669398400544,32,106,false
L18_SEED_2_CONTROL,320,5,625,0.0394452416391,0.681608466218,32,106,false
L18_SEED_2_CONTROL,320,5,650,0.0373390571645,0.693575905879,32,106,false
L18_SEED_2_CONTROL,320,5,675,0.0354014392758,0.70530618786,32,106,false
L18_SEED_2_CONTROL,320,5,700,0.0336144622018,0.716805466273,32,106,false
L18_SEED_2_CONTROL,320,5,725,0.0319625525288,0.72808033021,32,106,false
L18_SEED_2_CONTROL,320,5,750,0.0304321244851,0.739137617361,32,106,false
L18_SEED_2_CONTROL,320,5,775,0.0290112802321,0.749984275812,32,106,false
L18_SEED_2_CONTROL,320,5,800,0.0276895620817,0.760627262094,32,106,false
L18_SEED_2_CONTROL,320,5,825,0.0264577464945,0.771073466555,32,106,false
L18_SEED_2_CONTROL,320,5,850,0.0253076719185,0.781329659416,32,106,false
L18_SEED_2_CONTROL,320,5,875,0.0242320942054,0.791402452499,32,106,false
L18_SEED_2_CONTROL,320,5,900,0.0232245646316,0.80129827283,32,106,false
L18_SEED_2_CONTROL,320,5,925,0.0222793265448,0.811023345261,32,106,false
L18_SEED_2_CONTROL,320,5,950,0.0213912274359,0.820583681894,32,106,false
L18_SEED_2_CONTROL,320,5,975,0.0205556438451,0.829985076649,32,106,false
L18_SEED_2_CONTROL,320,5,1000,0.0197684169936,0.839233103678,32,105,false
L18_SEED_2_CONTROL,320,5,1025,0.019025797418,0.848333118652,32,105,false
L18_SEED_2_CONTROL,320,5,1050,0.0183243971892,0.85729026214,32,105,false
L18_SEED_2_CONTROL,320,5,1075,0.0176611485466,0.866109464521,32,105,false
L18_SEED_2_CONTROL,320,5,1100,0.0170332679781,0.874795451954,32,105,false
L18_SEED_2_CONTROL,320,5,1125,0.0164382249383,0.883352753085,32,105,false
L18_SEED_2_CONTROL,320,5,1150,0.0158737145303,0.891785706209,32,105,false
L18_SEED_2_CONTROL,320,5,1175,0.0153376335858,0.900098466695,32,105,false
L18_SEED_2_CONTROL,320,5,1200,0.0148280596664,0.908295014514,32,105,false
L18_SEED_2_CONTROL,320,5,1225,0.0143432325843,0.916379161763,32,105,false
L18_SEED_2_CONTROL,320,5,1250,0.0138815381023,0.924354560094,32,105,false
L18_SEED_2_CONTROL,320,5,1275,0.0134414935215,0.932224707982,32,105,false
L18_SEED_2_CONTROL,320,5,1300,0.0130217349126,0.939992957796,32,105,false
L18_SEED_2_CONTROL,320,5,1325,0.0126210057764,0.947662522636,32,105,false
L18_SEED_2_CONTROL,320,5,1350,0.0122381469554,0.955236482916,32,105,false
L18_SEED_2_CONTROL,320,5,1375,0.0118720876395,0.962717792677,32,105,false
L18_SEED_2_CONTROL,320,5,1400,0.0115218373315,0.970109285635,32,105,false
L18_SEED_2_CONTROL,320,5,1425,0.0111864786575,0.977413680954,32,105,false
L18_SEED_2_CONTROL,320,5,1450,0.0108651609214,0.984633588744,32,105,false
L18_SEED_2_CONTROL,320,5,1475,0.0105570943165,0.991771515297,32,105,false
L18_SEED_2_CONTROL,320,5,1500,0.0102615447184,0.998829868066,32,105,false
L18_SEED_2_CONTROL,320,5,1525,0.00997782899288,1.00581096039,32,105,false
L18_SEED_2_CONTROL,320,5,1550,0.00970531076219,1.01271701597,32,105,false
L18_SEED_2_CONTROL,320,5,1575,0.00944339657776,1.01955017314,32,105,false
L18_SEED_2_CONTROL,320,5,1600,0.00919153245602,1.0263124889,32,105,false
L18_SEED_2_CONTROL,320,5,1625,0.00894920073807,1.0330059427,32,105,false
L18_SEED_2_CONTROL,320,5,1650,0.00871591723889,1.03963244012,32,105,false
L18_SEED_2_CONTROL,320,5,1675,0.0084912286559,1.04619381627,32,105,false
L18_SEED_2_CONTROL,320,5,1700,0.00827471021015,1.05269183902,32,105,false
L18_SEED_2_CONTROL,320,5,1725,0.00806596349644,1.05912821211,32,105,false
L18_SEED_2_CONTROL,320,5,1750,0.00786461452138,1.06550457809,32,105,false
L18_SEED_2_CONTROL,320,5,1775,0.00767031191088,1.071822521,32,105,false
L18_SEED_2_CONTROL,320,5,1800,0.00748272527025,1.07808356908,32,105,false
L18_SEED_2_CONTROL,320,5,1825,0.00730154368245,1.08428919721,32,105,false
L18_SEED_2_CONTROL,320,5,1850,0.00712647433109,1.09044082927,32,105,false
L18_SEED_2_CONTROL,320,5,1875,0.00695724123644,1.09653984036,32,105,false
L18_SEED_2_CONTROL,320,5,1900,0.00679358409405,1.10258755895,32,105,false
L18_SEED_2_CONTROL,320,5,1925,0.00663525720636,1.10858526884,32,105,false
L18_SEED_2_CONTROL,320,5,1950,0.00648202849899,1.11453421113,32,105,false
L18_SEED_2_CONTROL,320,5,1975,0.00633367861396,1.12043558596,32,105,false
L18_SEED_2_CONTROL,320,5,2000,0.00619000007314,1.1262905543,32,105,false
L18_SEED_2_CONTROL,320,6,0,3.53166960872,3.53946696088,4,17,false
L18_SEED_2_CONTROL,320,6,25,1.21284447265,1.30212770635,27,116,false
L18_SEED_2_CONTROL,320,6,50,0.600060893109,0.797113006777,29,112,false
L18_SEED_2_CONTROL,320,6,75,0.389060970316,0.672208472955,29,127,false
L18_SEED_2_CONTROL,320,6,100,0.291262154114,0.606146875747,32,104,false
L18_SEED_2_CONTROL,320,6,125,0.233548892548,0.588590836651,32,103,false
L18_SEED_2_CONTROL,320,6,150,0.194359692284,0.587060987515,32,103,true
L18_SEED_2_CONTROL,320,6,175,0.165599761367,0.59399290466,32,102,false
L18_SEED_2_CONTROL,320,6,200,0.143463183856,0.605835309044,32,102,false
L18_SEED_2_CONTROL,320,6,225,0.125868532941,0.620459319301,32,102,false
L18_SEED_2_CONTROL,320,6,250,0.111555932065,0.63674644722,32,101,false
L18_SEED_2_CONTROL,320,6,275,0.0997056144994,0.654010229513,32,102,false
L18_SEED_2_CONTROL,320,6,300,0.0897548290682,0.671792148554,32,102,false
L18_SEED_2_CONTROL,320,6,325,0.0813012896028,0.689790173394,32,101,false
L18_SEED_2_CONTROL,320,6,350,0.0740483256008,0.707799020731,32,101,false
L18_SEED_2_CONTROL,320,6,375,0.0677717475302,0.725679171248,32,101,false
L18_SEED_2_CONTROL,320,6,400,0.062298784173,0.743336150505,32,101,false
L18_SEED_2_CONTROL,320,6,425,0.0574941210421,0.76070707383,32,101,false
L18_SEED_2_CONTROL,320,6,450,0.0532503236906,0.777751478574,32,101,false
L18_SEED_2_CONTROL,320,6,475,0.0494810826127,0.794444905684,32,101,false
L18_SEED_2_CONTROL,320,6,500,0.0461163376056,0.810774343906,32,101,false
L18_SEED_2_CONTROL,320,6,525,0.0430986905998,0.826734949081,32,101,false
L18_SEED_2_CONTROL,320,6,550,0.0403807232782,0.842327663527,32,101,false
L18_SEED_2_CONTROL,320,6,575,0.0379229630244,0.857557479623,32,101,false
L18_SEED_2_CONTROL,320,6,600,0.0356923214914,0.872432170406,32,102,false
L18_SEED_2_CONTROL,320,6,625,0.0336608828569,0.886961361314,32,102,false
L18_SEED_2_CONTROL,320,6,650,0.0318049541926,0.901155852443,32,102,false
L18_SEED_2_CONTROL,320,6,675,0.0301043145892,0.915027125371,32,102,false
L18_SEED_2_CONTROL,320,6,700,0.028541616564,0.928586986258,32,102,false
L18_SEED_2_CONTROL,320,6,725,0.0271019052504,0.941847309681,32,102,false
L18_SEED_2_CONTROL,320,6,750,0.0257722294747,0.954819856948,32,102,false
L18_SEED_2_CONTROL,320,6,775,0.0245413250904,0.967516149499,32,102,false
L18_SEED_2_CONTROL,320,6,800,0.0233993555602,0.979947382966,32,102,false
L18_SEED_2_CONTROL,320,6,825,0.0223376982018,0.992124371198,32,102,false
L18_SEED_2_CONTROL,320,6,850,0.0213487671018,1.00405751229,32,102,false
L18_SEED_2_CONTROL,320,6,875,0.0204258656461,1.01575677068,32,102,false
L18_SEED_2_CONTROL,320,6,900,0.0195630631167,1.0272316709,32,102,false
L18_SEED_2_CONTROL,320,6,925,0.0187550909453,1.03849129965,32,102,false
L18_SEED_2_CONTROL,320,6,950,0.0179972551096,1.04954431381,32,102,false
L18_SEED_2_CONTROL,320,6,975,0.0172853618496,1.06039895246,32,102,false
L18_SEED_2_CONTROL,320,6,1000,0.0166156544262,1.07106305161,32,102,false
L18_SEED_2_CONTROL,320,6,1025,0.015984759076,1.08154406062,32,102,false
L18_SEED_2_CONTROL,320,6,1050,0.0153896386563,1.09184905959,32,102,false
L18_SEED_2_CONTROL,320,6,1075,0.0148275527485,1.10198477707,32,102,false
L18_SEED_2_CONTROL,320,6,1100,0.0142960232054,1.11195760785,32,102,false
L18_SEED_2_CONTROL,320,6,1125,0.013792804306,1.12177363045,32,102,false
L18_SEED_2_CONTROL,320,6,1150,0.0133158568218,1.13143862411,32,102,false
L18_SEED_2_CONTROL,320,6,1175,0.0128633254177,1.14095808523,32,102,false
L18_SEED_2_CONTROL,320,6,1200,0.0124335189034,1.15033724305,32,102,false
L18_SEED_2_CONTROL,320,6,1225,0.0120248929294,1.15958107467,32,102,false
L18_SEED_2_CONTROL,320,6,1250,0.0116360347873,1.16869431926,32,102,false
L18_SEED_2_CONTROL,320,6,1275,0.0112656500237,1.17768149153,32,102,false
L18_SEED_2_CONTROL,320,6,1300,0.0109125506265,1.1865468944,32,102,false
L18_SEED_2_CONTROL,320,6,1325,0.0105756445717,1.19529463105,32,102,false
L18_SEED_2_CONTROL,320,6,1350,0.0102539265573,1.20392861612,32,102,false
L18_SEED_2_CONTROL,320,6,1375,0.00994646976916,1.21245258635,32,102,false
L18_SEED_2_CONTROL,320,6,1400,0.0096524185516,1.22087011049,32,102,false
L18_SEED_2_CONTROL,320,6,1425,0.00937098186857,1.22918459868,32,102,false
L18_SEED_2_CONTROL,320,6,1450,0.00910142746033,1.23739931117,32,102,false
L18_SEED_2_CONTROL,320,6,1475,0.00884307661153,1.24551736658,32,102,false
L18_SEED_2_CONTROL,320,6,1500,0.0085952994585,1.25354174959,32,102,false
L18_SEED_2_CONTROL,320,6,1525,0.00835751077307,1.26147531817,32,102,false
L18_SEED_2_CONTROL,320,6,1550,0.00812916616801,1.2693208104,32,102,false
L18_SEED_2_CONTROL,320,6,1575,0.0079097586766,1.27708085079,32,102,false
L18_SEED_2_CONTROL,320,6,1600,0.00769881566448,1.28475795631,32,102,false
L18_SEED_2_CONTROL,320,6,1625,0.0074958960372,1.29235454194,32,102,false
L18_SEED_2_CONTROL,320,6,1650,0.0073005877116,1.299872926,32,102,false
L18_SEED_2_CONTROL,320,6,1675,0.00711250532256,1.30731533507,32,102,false
L18_SEED_2_CONTROL,320,6,1700,0.0069312881404,1.31468390864,32,102,false
L18_SEED_2_CONTROL,320,6,1725,0.00675659817703,1.32198070349,32,102,false
L18_SEED_2_CONTROL,320,6,1750,0.00658811846136,1.3292076978,32,102,false
L18_SEED_2_CONTROL,320,6,1775,0.00642555146683,1.33636679505,32,102,false
L18_SEED_2_CONTROL,320,6,1800,0.00626861767586,1.3434598276,32,102,false
L18_SEED_2_CONTROL,320,6,1825,0.0061170542677,1.35048856018,32,102,false
L18_SEED_2_CONTROL,320,6,1850,0.0059706139175,1.35745469311,32,102,false
L18_SEED_2_CONTROL,320,6,1875,0.00582906369609,1.36435986533,32,102,false
L18_SEED_2_CONTROL,320,6,1900,0.00569218406066,1.37120565727,32,102,false
L18_SEED_2_CONTROL,320,6,1925,0.00555976792798,1.3779935936,32,102,false
L18_SEED_2_CONTROL,320,6,1950,0.00543161982237,1.38472514577,32,102,false
L18_SEED_2_CONTROL,320,6,1975,0.00530755509157,1.3914017344,32,102,false
L18_SEED_2_CONTROL,320,6,2000,0.00518739918444,1.3980247316,32,102,false
L18_SEED_2_CONTROL,320,7,0,3.54664618236,3.55888921216,4,17,false
L18_SEED_2_CONTROL,320,7,25,1.25553335975,1.37895775171,27,114,false
L18_SEED_2_CONTROL,320,7,50,0.641676917845,0.885802662655,29,110,false
L18_SEED_2_CONTROL,320,7,75,0.420145872252,0.779327110524,29,116,false
L18_SEED_2_CONTROL,320,7,100,0.314211811469,0.710627281754,31,100,false
L18_SEED_2_CONTROL,320,7,125,0.251049510664,0.695211277598,32,93,true
L18_SEED_2_CONTROL,320,7,150,0.208279673211,0.695472115091,32,93,false
L18_SEED_2_CONTROL,320,7,175,0.177071641618,0.704398703982,32,92,false
L18_SEED_2_CONTROL,320,7,200,0.153187976479,0.718625872206,32,93,false
L18_SEED_2_CONTROL,320,7,225,0.134294862109,0.735780388912,32,93,false
L18_SEED_2_CONTROL,320,7,250,0.118980083246,0.754586805523,32,93,false
L18_SEED_2_CONTROL,320,7,275,0.106329768425,0.774291462009,32,93,false
L18_SEED_2_CONTROL,320,7,300,0.0957219696559,0.794408725358,32,93,false
L18_SEED_2_CONTROL,320,7,325,0.086716361533,0.814628912045,32,93,false
L18_SEED_2_CONTROL,320,7,350,0.0789911482245,0.834749267803,32,93,false
L18_SEED_2_CONTROL,320,7,375,0.0723049896896,0.854637496406,32,93,false
L18_SEED_2_CONTROL,320,7,400,0.0664729831388,0.874208729546,32,93,false
L18_SEED_2_CONTROL,320,7,425,0.0613509235357,0.89341021648,32,93,false
L18_SEED_2_CONTROL,320,7,450,0.0568246441464,0.9122112407,32,100,false
L18_SEED_2_CONTROL,320,7,475,0.0528025893349,0.930596232481,32,100,false
L18_SEED_2_CONTROL,320,7,500,0.0492105113838,0.948560013748,32,100,false
L18_SEED_2_CONTROL,320,7,525,0.0459876034968,0.966104487315,32,100,false
L18_SEED_2_CONTROL,320,7,550,0.0430836285132,0.983236315971,32,100,false
L18_SEED_2_CONTROL,320,7,575,0.040456753224,0.999965290882,32,100,false
L18_SEED_2_CONTROL,320,7,600,0.0380718923401,1.016303183,32,101,false
L18_SEED_2_CONTROL,320,7,625,0.035899426779,1.03226293528,32,101,false
L18_SEED_2_CONTROL,320,7,650,0.0339142009372,1.04785809654,32,101,false
L18_SEED_2_CONTROL,320,7,675,0.032094730613,1.06310242714,32,101,false
L18_SEED_2_CONTROL,320,7,700,0.0304225718337,1.0780096272,32,101,false
L18_SEED_2_CONTROL,320,7,725,0.0288818138739,1.09259315232,32,101,false
L18_SEED_2_CONTROL,320,7,750,0.0274586690356,1.10686609174,32,101,false
L18_SEED_2_CONTROL,320,7,775,0.0261411384662,1.1208410911,32,101,false
L18_SEED_2_CONTROL,320,7,800,0.0249187382048,1.13453030675,32,101,false
L18_SEED_2_CONTROL,320,7,825,0.0237822732793,1.14794538256,32,101,false
L18_SEED_2_CONTROL,320,7,850,0.0227236504012,1.16109744233,32,101,false
L18_SEED_2_CONTROL,320,7,875,0.0217357218581,1.17399709316,32,101,false
L18_SEED_2_CONTROL,320,7,900,0.0208121547741,1.18665443612,32,101,false
L18_SEED_2_CONTROL,320,7,925,0.0199473211098,1.19907908187,32,101,false
L18_SEED_2_CONTROL,320,7,950,0.0191362047084,1.2112801693,32,101,false
L18_SEED_2_CONTROL,320,7,975,0.0183743224211,1.22326638601,32,102,false
L18_SEED_2_CONTROL,320,7,1000,0.0176576569152,1.23504598965,32,102,false
L18_SEED_2_CONTROL,320,7,1025,0.0169825992206,1.24662682942,32,102,false
L18_SEED_2_CONTROL,320,7,1050,0.0163458994265,1.25801636747,32,102,false
L18_SEED_2_CONTROL,320,7,1075,0.0157446242289,1.26922169972,32,102,false
L18_SEED_2_CONTROL,320,7,1100,0.0151761202564,1.28024957589,32,102,false
L18_SEED_2_CONTROL,320,7,1125,0.0146379822899,1.29110641885,32,102,false
L18_SEED_2_CONTROL,320,7,1150,0.01412802564,1.3017983429,32,102,false
L18_SEED_2_CONTROL,320,7,1175,0.0136442620691,1.3123311712,32,102,false
L18_SEED_2_CONTROL,320,7,1200,0.0131848787462,1.3227104522,32,102,false
L18_SEED_2_CONTROL,320,7,1225,0.0127482198029,1.3329414752,32,102,false
L18_SEED_2_CONTROL,320,7,1250,0.0123327701285,1.34302928488,32,102,false
L18_SEED_2_CONTROL,320,7,1275,0.0119371410965,1.35297869512,32,102,false
L18_SEED_2_CONTROL,320,7,1300,0.0115600579644,1.36279430184,32,102,false
L18_SEED_2_CONTROL,320,7,1325,0.011200348723,1.37248049514,32,102,false
L18_SEED_2_CONTROL,320,7,1350,0.010856934209,1.38204147065,32,102,false
L18_SEED_2_CONTROL,320,7,1375,0.0105288193173,1.39148124018,32,102,false
L18_SEED_2_CONTROL,320,7,1400,0.0102150851762,1.40080364175,32,102,false
L18_SEED_2_CONTROL,320,7,1425,0.00991488216555,1.41001234891,32,102,false
L18_SEED_2_CONTROL,320,7,1450,0.00962742367465,1.41911087959,32,102,false
L18_SEED_2_CONTROL,320,7,1475,0.00935198051233,1.42810260432,32,102,false
L18_SEED_2_CONTROL,320,7,1500,0.00908787589117,1.436990754,32,102,false
L18_SEED_2_CONTROL,320,7,1525,0.00883448091946,1.44577842714,32,102,false
L18_SEED_2_CONTROL,320,7,1550,0.00859121054269,1.45446859673,32,102,false
L18_SEED_2_CONTROL,320,7,1575,0.00835751988377,1.46306411662,32,102,false
L18_SEED_2_CONTROL,320,7,1600,0.00813290093746,1.47156772755,32,102,false
L18_SEED_2_CONTROL,320,7,1625,0.00791687958044,1.47998206289,32,101,false
L18_SEED_2_CONTROL,320,7,1650,0.00770901286254,1.48830965386,32,101,false
L18_SEED_2_CONTROL,320,7,1675,0.00750888654935,1.49655293466,32,101,false
L18_SEED_2_CONTROL,320,7,1700,0.00731611288975,1.50471424713,32,101,false
L18_SEED_2_CONTROL,320,7,1725,0.00713032858487,1.51279584524,32,101,false
L18_SEED_2_CONTROL,320,7,1750,0.00695119293797,1.52079989928,32,101,false
L18_SEED_2_CONTROL,320,7,1775,0.00677838616698,1.52872849981,32,101,false
L18_SEED_2_CONTROL,320,7,1800,0.0066116078633,1.53658366142,32,101,false
L18_SEED_2_CONTROL,320,7,1825,0.0064505755827,1.54436732622,32,101,false
L18_SEED_2_CONTROL,320,7,1850,0.00629502355522,1.55208136722,32,101,false
L18_SEED_2_CONTROL,320,7,1875,0.0061447015029,1.55972759145,32,101,false
L18_SEED_2_CONTROL,320,7,1900,0.00599937355483,1.56730774291,32,101,false
L18_SEED_2_CONTROL,320,7,1925,0.00585881725072,1.57482350547,32,101,false
L18_SEED_2_CONTROL,320,7,1950,0.0057228226245,1.58227650541,32,101,false
L18_SEED_2_CONTROL,320,7,1975,0.00559119136085,1.58966831407,32,100,false
L18_SEED_2_CONTROL,320,7,2000,0.00546373601794,1.59700045015,32,100,false
L18_SEED_2_CONTROL,320,8,0,3.55090230717,3.56811647077,4,17,false
L18_SEED_2_CONTROL,320,8,25,1.24832234762,1.42711620924,27,114,false
L18_SEED_2_CONTROL,320,8,50,0.621596488988,0.919126496093,29,109,false
L18_SEED_2_CONTROL,320,8,75,0.404672535467,0.807493889527,29,114,false
L18_SEED_2_CONTROL,320,8,100,0.303038622659,0.750840519202,32,91,false
L18_SEED_2_CONTROL,320,8,125,0.242711901191,0.743388826442,32,92,true
L18_SEED_2_CONTROL,320,8,150,0.201827987448,0.750663180564,32,92,false
L18_SEED_2_CONTROL,320,8,175,0.171934120157,0.765404260976,32,92,false
L18_SEED_2_CONTROL,320,8,200,0.148998911904,0.784570969114,32,91,false
L18_SEED_2_CONTROL,320,8,225,0.130809275138,0.806044744786,32,91,false
L18_SEED_2_CONTROL,320,8,250,0.116028876343,0.828710733537,32,91,false
L18_SEED_2_CONTROL,320,8,275,0.103793485735,0.851887761567,32,92,false
L18_SEED_2_CONTROL,320,8,300,0.0935143737907,0.875154565514,32,92,false
L18_SEED_2_CONTROL,320,8,325,0.0847738630482,0.898249269683,32,91,false
L18_SEED_2_CONTROL,320,8,350,0.0772659002673,0.921005986189,32,91,false
L18_SEED_2_CONTROL,320,8,375,0.0707603084765,0.943323691963,32,91,false
L18_SEED_2_CONTROL,320,8,400,0.0650802569911,0.965143719247,32,91,false
L18_SEED_2_CONTROL,320,8,425,0.0600874868332,0.986435733028,32,91,false
L18_SEED_2_CONTROL,320,8,450,0.0556722872789,1.00718820905,32,91,false
L18_SEED_2_CONTROL,320,8,475,0.0517464955489,1.02740205116,32,91,false
L18_SEED_2_CONTROL,320,8,500,0.0482384853897,1.04708624495,32,91,false
L18_SEED_2_CONTROL,320,8,525,0.0450895029371,1.06625489388,32,91,false
L18_SEED_2_CONTROL,320,8,550,0.0422509387777,1.08492519459,32,91,false
L18_SEED_2_CONTROL,320,8,575,0.0396822651074,1.10311605685,32,91,false
L18_SEED_2_CONTROL,320,8,600,0.0373494545405,1.12084716776,32,91,false
L18_SEED_2_CONTROL,320,8,625,0.0352237535989,1.13813836313,32,91,false
L18_SEED_2_CONTROL,320,8,650,0.0332807212181,1.15500921186,32,91,false
L18_SEED_2_CONTROL,320,8,675,0.031499467841,1.17147874806,32,91,false
L18_SEED_2_CONTROL,320,8,700,0.0298620480746,1.18756530535,32,91,false
L18_SEED_2_CONTROL,320,8,725,0.0283529721181,1.20328642199,32,92,false
L18_SEED_2_CONTROL,320,8,750,0.0269588099075,1.21865879433,32,92,false
L18_SEED_2_CONTROL,320,8,775,0.0256678682463,1.23369826333,32,92,false
L18_SEED_2_CONTROL,320,8,800,0.0244699258381,1.24841982307,32,92,false
L18_SEED_2_CONTROL,320,8,825,0.0233560145816,1.26283764362,32,92,false
L18_SEED_2_CONTROL,320,8,850,0.0223182380726,1.27696510298,32,92,false
L18_SEED_2_CONTROL,320,8,875,0.021349620218,1.29081482427,32,91,false
L18_SEED_2_CONTROL,320,8,900,0.0204439783577,1.3043987156,32,91,false
L18_SEED_2_CONTROL,320,8,925,0.0195958164457,1.31772801085,32,91,false
L18_SEED_2_CONTROL,320,8,950,0.0188002347293,1.33081331019,32,91,false
L18_SEED_2_CONTROL,320,8,975,0.0180528530685,1.34366461952,32,91,false
L18_SEED_2_CONTROL,320,8,1000,0.0173497455805,1.35629138824,32,91,false
L18_SEED_2_CONTROL,320,8,1025,0.0166873847308,1.36870254532,32,91,false
L18_SEED_2_CONTROL,320,8,1050,0.0160625933363,1.38090653316,32,91,false
L18_SEED_2_CONTROL,320,8,1075,0.0154725032209,1.39291133949,32,91,false
L18_SEED_2_CONTROL,320,8,1100,0.0149145194869,1.40472452716,32,91,false
L18_SEED_2_CONTROL,320,8,1125,0.0143862895436,1.41635326188,32,91,false
L18_SEED_2_CONTROL,320,8,1150,0.0138856761795,1.42780433811,32,91,false
L18_SEED_2_CONTROL,320,8,1175,0.0134107340839,1.43908420301,32,91,false
L18_SEED_2_CONTROL,320,8,1200,0.0129596893203,1.45019897877,32,91,false
L18_SEED_2_CONTROL,320,8,1225,0.0125309213321,1.46115448323,32,91,false
L18_SEED_2_CONTROL,320,8,1250,0.0121229471295,1.47195624909,32,91,false
L18_SEED_2_CONTROL,320,8,1275,0.0117344073592,1.48260954165,32,91,false
L18_SEED_2_CONTROL,320,8,1300,0.0113640540024,1.49311937529,32,91,false
L18_SEED_2_CONTROL,320,8,1325,0.0110107394885,1.50349052879,32,91,false
L18_SEED_2_CONTROL,320,8,1350,0.0106734070388,1.51372755949,32,91,false
L18_SEED_2_CONTROL,320,8,1375,0.0103510820837,1.52383481647,32,91,false
L18_SEED_2_CONTROL,320,8,1400,0.0100428646187,1.53381645281,32,91,false
L18_SEED_2_CONTROL,320,8,1425,0.00974792238283,1.54367643696,32,91,false
L18_SEED_2_CONTROL,320,8,1450,0.00946548475974,1.55341856331,32,91,false
L18_SEED_2_CONTROL,320,8,1475,0.00919483731434,1.56304646208,32,91,false
L18_SEED_2_CONTROL,320,8,1500,0.0089353168906,1.57256360848,32,91,false
L18_SEED_2_CONTROL,320,8,1525,0.00868630720496,1.58197333127,32,91,false
L18_SEED_2_CONTROL,320,8,1550,0.00844723487858,1.59127882077,32,91,false
L18_SEED_2_CONTROL,320,8,1575,0.00821756585913,1.6004831363,32,91,false
L18_SEED_2_CONTROL,320,8,1600,0.00799680218857,1.60958921316,32,91,false
L18_SEED_2_CONTROL,320,8,1625,0.00778447907923,1.61859986914,32,91,false
L18_SEED_2_CONTROL,320,8,1650,0.00758016226461,1.62751781064,32,91,false
L18_SEED_2_CONTROL,320,8,1675,0.00738344559589,1.63634563839,32,91,false
L18_SEED_2_CONTROL,320,8,1700,0.00719394885807,1.64508585279,32,91,false
L18_SEED_2_CONTROL,320,8,1725,0.00701131578318,1.65374085892,32,91,false
L18_SEED_2_CONTROL,320,8,1750,0.00683521224019,1.66231297132,32,91,false
L18_SEED_2_CONTROL,320,8,1775,0.00666532458392,1.67080441837,32,91,false
L18_SEED_2_CONTROL,320,8,1800,0.00650135814708,1.67921734647,32,91,false
L18_SEED_2_CONTROL,320,8,1825,0.00634303586125,1.68755382399,32,91,false
L18_SEED_2_CONTROL,320,8,1850,0.00619009699446,1.69581584489,32,91,false
L18_SEED_2_CONTROL,320,8,1875,0.00604229599394,1.70400533231,32,91,false
L18_SEED_2_CONTROL,320,8,1900,0.00589940142431,1.71212414172,32,91,false
L18_SEED_2_CONTROL,320,8,1925,0.00576119499212,1.72017406413,32,98,false
L18_SEED_2_CONTROL,320,8,1950,0.00562747064881,1.72815682892,32,98,false
L18_SEED_2_CONTROL,320,8,1975,0.00549803376495,1.73607410664,32,98,false
L18_SEED_2_CONTROL,320,8,2000,0.00537270036924,1.74392751162,32,98,false
L18_SEED_2_CONTROL,320,9,0,3.55024340129,3.56809034004,4,6,false
L18_SEED_2_CONTROL,320,9,25,1.21403570078,1.42126497419,27,111,false
L18_SEED_2_CONTROL,320,9,50,0.591930278146,0.931941759004,29,109,false
L18_SEED_2_CONTROL,320,9,75,0.386684166729,0.825562907604,31,98,false
L18_SEED_2_CONTROL,320,9,100,0.290421718691,0.783548215356,31,98,false
L18_SEED_2_CONTROL,320,9,125,0.23257349276,0.780862697324,32,92,true
L18_SEED_2_CONTROL,320,9,150,0.193021018311,0.792053918843,32,92,false
L18_SEED_2_CONTROL,320,9,175,0.163967567118,0.809705777499,32,92,false
L18_SEED_2_CONTROL,320,9,200,0.141645548426,0.831352499594,32,92,false
L18_SEED_2_CONTROL,320,9,225,0.123954918427,0.855072155849,32,92,false
L18_SEED_2_CONTROL,320,9,250,0.109609808675,0.879761515454,32,92,false
L18_SEED_2_CONTROL,320,9,275,0.0977688965101,0.904792823333,32,91,false
L18_SEED_2_CONTROL,320,9,300,0.087853935346,0.929764546601,32,91,false
L18_SEED_2_CONTROL,320,9,325,0.079452166257,0.954430856643,32,90,false
L18_SEED_2_CONTROL,320,9,350,0.0722600455344,0.978639321253,32,90,false
L18_SEED_2_CONTROL,320,9,375,0.0660489347818,1.00229992927,32,90,false
L18_SEED_2_CONTROL,320,9,400,0.0606432021353,1.02536379985,32,90,false
L18_SEED_2_CONTROL,320,9,425,0.0559057030173,1.04780926425,32,90,false
L18_SEED_2_CONTROL,320,9,450,0.051727842167,1.06963259457,32,90,false
L18_SEED_2_CONTROL,320,9,475,0.0480225868298,1.09084172375,32,90,false
L18_SEED_2_CONTROL,320,9,500,0.0447194422884,1.11145199919,32,92,false
L18_SEED_2_CONTROL,320,9,525,0.0417607682608,1.13148329406,32,92,false
L18_SEED_2_CONTROL,320,9,550,0.0390990332166,1.15095804726,32,92,false
L18_SEED_2_CONTROL,320,9,575,0.0366947381378,1.16989993795,32,92,false
L18_SEED_2_CONTROL,320,9,600,0.0345148265318,1.18833299683,32,92,false
L18_SEED_2_CONTROL,320,9,625,0.0325314530784,1.20628101885,32,91,false
L18_SEED_2_CONTROL,320,9,650,0.0307210203678,1.22376718394,32,91,false
L18_SEED_2_CONTROL,320,9,675,0.0290634184596,1.24081382146,32,91,false
L18_SEED_2_CONTROL,320,9,700,0.027541419537,1.25744227366,32,91,false
L18_SEED_2_CONTROL,320,9,725,0.0261401923187,1.27367282691,32,91,false
L18_SEED_2_CONTROL,320,9,750,0.0248469097645,1.28952468891,32,92,false
L18_SEED_2_CONTROL,320,9,775,0.0236504300528,1.30501599661,32,92,false
L18_SEED_2_CONTROL,320,9,800,0.0225410355384,1.32016384427,32,92,false
L18_SEED_2_CONTROL,320,9,825,0.021510217913,1.33498432403,32,92,false
L18_SEED_2_CONTROL,320,9,850,0.0205505004251,1.34949257393,32,92,false
L18_SEED_2_CONTROL,320,9,875,0.0196552900074,1.3637028297,32,92,false
L18_SEED_2_CONTROL,320,9,900,0.01881875368,1.37762847793,32,92,false
L18_SEED_2_CONTROL,320,9,925,0.018035714766,1.3912821089,32,92,false
L18_SEED_2_CONTROL,320,9,950,0.0173015653603,1.404675568,32,92,false
L18_SEED_2_CONTROL,320,9,975,0.0166121921981,1.41782000512,32,92,false
L18_SEED_2_CONTROL,320,9,1000,0.0159639136204,1.43072592144,32,92,false
L18_SEED_2_CONTROL,320,9,1025,0.0153534257726,1.44340321359,32,92,false
L18_SEED_2_CONTROL,320,9,1050,0.0147777565162,1.45586121498,32,92,false
L18_SEED_2_CONTROL,320,9,1075,0.0142342258108,1.46810873439,32,92,false
L18_SEED_2_CONTROL,320,9,1100,0.0137204115454,1.48015409184,32,92,false
L18_SEED_2_CONTROL,320,9,1125,0.0132341199745,1.49200515188,32,92,false
L18_SEED_2_CONTROL,320,9,1150,0.0127733600613,1.50366935445,32,92,false
L18_SEED_2_CONTROL,320,9,1175,0.0123363211452,1.51515374341,32,92,false
L18_SEED_2_CONTROL,320,9,1200,0.01192135345,1.52646499299,32,92,false
L18_SEED_2_CONTROL,320,9,1225,0.0115269510225,1.53760943217,32,92,false
L18_SEED_2_CONTROL,320,9,1250,0.0111517367631,1.54859306726,32,92,false
L18_SEED_2_CONTROL,320,9,1275,0.0107944492554,1.55942160279,32,92,false
L18_SEED_2_CONTROL,320,9,1300,0.0104539311534,1.57010046079,32,92,false
L18_SEED_2_CONTROL,320,9,1325,0.0101291189167,1.58063479865,32,92,false
L18_SEED_2_CONTROL,320,9,1350,0.00981903371745,1.59102952565,32,92,false
L18_SEED_2_CONTROL,320,9,1375,0.00952277336746,1.60128931826,32,92,false
L18_SEED_2_CONTROL,320,9,1400,0.00923950513647,1.61141863435,32,92,false
L18_SEED_2_CONTROL,320,9,1425,0.00896845934995,1.62142172627,32,92,false
L18_SEED_2_CONTROL,320,9,1450,0.00870892367076,1.63130265315,32,92,false
L18_SEED_2_CONTROL,320,9,1475,0.00846023798205,1.64106529216,32,92,false
L18_SEED_2_CONTROL,320,9,1500,0.00822178979958,1.65071334908,32,92,false
L18_SEED_2_CONTROL,320,9,1525,0.00799301015174,1.66025036808,32,92,false
L18_SEED_2_CONTROL,320,9,1550,0.00777336987291,1.66967974088,32,92,false
L18_SEED_2_CONTROL,320,9,1575,0.00756237626339,1.67900471518,32,92,false
L18_SEED_2_CONTROL,320,9,1600,0.0073595700746,1.68822840265,32,92,false
L18_SEED_2_CONTROL,320,9,1625,0.00716452278384,1.69735378628,32,92,false
L18_SEED_2_CONTROL,320,9,1650,0.00697683412683,1.70638372732,32,92,false
L18_SEED_2_CONTROL,320,9,1675,0.00679612986056,1.71532097171,32,92,false
L18_SEED_2_CONTROL,320,9,1700,0.00662205973186,1.72416815611,32,92,false
L18_SEED_2_CONTROL,320,9,1725,0.00645429563044,1.73292781357,32,92,false
L18_SEED_2_CONTROL,320,9,1750,0.00629252990711,1.74160237885,32,92,false
L18_SEED_2_CONTROL,320,9,1775,0.00613647384064,1.7501941933,32,92,false
L18_SEED_2_CONTROL,320,9,1800,0.00598585623819,1.75870550962,32,92,false
L18_SEED_2_CONTROL,320,9,1825,0.00584042215614,1.76713849617,32,92,false
L18_SEED_2_CONTROL,320,9,1850,0.00569993172954,1.77549524108,32,92,false
L18_SEED_2_CONTROL,320,9,1875,0.00556415909966,1.78377775616,32,92,false
L18_SEED_2_CONTROL,320,9,1900,0.00543289143039,1.79198798047,32,92,false
L18_SEED_2_CONTROL,320,9,1925,0.005305928005,1.80012778382,32,92,false
L18_SEED_2_CONTROL,320,9,1950,0.00518307939587,1.80819896993,32,92,false
L18_SEED_2_CONTROL,320,9,1975,0.00506416670044,1.81620327951,32,92,false
L18_SEED_2_CONTROL,320,9,2000,0.00494902083741,1.82414239311,32,92,false
L18_SEED_2_CONTROL,320,10,0,3.55066832174,3.5705025142,4,6,false
L18_SEED_2_CONTROL,320,10,25,1.22867321555,1.44158598222,27,107,false
L18_SEED_2_CONTROL,320,10,50,0.604315165113,0.97781609917,29,106,false
L18_SEED_2_CONTROL,320,10,75,0.397567674354,0.864727041723,29,112,false
L18_SEED_2_CONTROL,320,10,100,0.299676734913,0.828456030009,31,96,false
L18_SEED_2_CONTROL,320,10,125,0.240730679806,0.827441060814,32,91,true
L18_SEED_2_CONTROL,320,10,150,0.20034107725,0.84081275428,32,90,false
L18_SEED_2_CONTROL,320,10,175,0.170617641879,0.86064212577,32,90,false
L18_SEED_2_CONTROL,320,10,200,0.147738035279,0.883993880648,32,90,false
L18_SEED_2_CONTROL,320,10,225,0.129569863496,0.909334878495,32,91,false
L18_SEED_2_CONTROL,320,10,250,0.114807170174,0.935601991229,32,91,false
L18_SEED_2_CONTROL,320,10,275,0.102595630978,0.962161052127,32,90,false
L18_SEED_2_CONTROL,320,10,300,0.0923482466989,0.9886256316,32,90,false
L18_SEED_2_CONTROL,320,10,325,0.0836461273348,1.01474959303,32,90,false
L18_SEED_2_CONTROL,320,10,350,0.0761812426147,1.04038045568,32,90,false
L18_SEED_2_CONTROL,320,10,375,0.0697215168958,1.06542699973,32,89,false
L18_SEED_2_CONTROL,320,10,400,0.0640885681534,1.08983884989,32,89,false
L18_SEED_2_CONTROL,320,10,425,0.059142969104,1.11359309368,32,89,false
L18_SEED_2_CONTROL,320,10,450,0.0547741758565,1.13668519993,32,89,false
L18_SEED_2_CONTROL,320,10,475,0.0508934590703,1.15912280456,32,89,false
L18_SEED_2_CONTROL,320,10,500,0.0474288276013,1.18092143481,32,89,false
L18_SEED_2_CONTROL,320,10,525,0.0443213105689,1.20210155023,32,89,false
L18_SEED_2_CONTROL,320,10,550,0.0415221875704,1.22268649917,32,89,false
L18_SEED_2_CONTROL,320,10,575,0.0389908943783,1.24270111181,32,89,false
L18_SEED_2_CONTROL,320,10,600,0.0366934185728,1.26217073951,32,89,false
L18_SEED_2_CONTROL,320,10,625,0.0346010561773,1.28112060713,32,89,false
L18_SEED_2_CONTROL,320,10,650,0.0326894380235,1.29957538555,32,89,false
L18_SEED_2_CONTROL,320,10,675,0.0309377601669,1.3175589185,32,89,false
L18_SEED_2_CONTROL,320,10,700,0.0293281703924,1.3350940576,32,89,false
L18_SEED_2_CONTROL,320,10,725,0.027845275324,1.35220257266,32,88,false
L18_SEED_2_CONTROL,320,10,750,0.0264757415781,1.36890511394,32,88,false
L18_SEED_2_CONTROL,320,10,775,0.0252079708607,1.38522120981,32,88,false
L18_SEED_2_CONTROL,320,10,800,0.0240318336564,1.40116928815,32,88,false
L18_SEED_2_CONTROL,320,10,825,0.0229384496738,1.41676671298,32,88,false
L18_SEED_2_CONTROL,320,10,850,0.0219200058527,1.43202983067,32,88,false
L18_SEED_2_CONTROL,320,10,875,0.020969604732,1.44697402136,32,88,false
L18_SEED_2_CONTROL,320,10,900,0.0200811375028,1.4616137529,32,88,false
L18_SEED_2_CONTROL,320,10,925,0.01924917724,1.47596263528,32,88,false
L18_SEED_2_CONTROL,320,10,950,0.0184688887155,1.49003347414,32,88,false
L18_SEED_2_CONTROL,320,10,975,0.0177359519035,1.50383832259,32,88,false
L18_SEED_2_CONTROL,320,10,1000,0.0170464968433,1.51738853076,32,89,false
L18_SEED_2_CONTROL,320,10,1025,0.0163970479669,1.53069479274,32,89,false
L18_SEED_2_CONTROL,320,10,1050,0.0157844763451,1.54376719074,32,89,false
L18_SEED_2_CONTROL,320,10,1075,0.0152059585865,1.55661523655,32,89,false
L18_SEED_2_CONTROL,320,10,1100,0.0146589413464,1.56924791015,32,89,false
L18_SEED_2_CONTROL,320,10,1125,0.0141411105842,1.58167369569,32,89,false
L18_SEED_2_CONTROL,320,10,1150,0.0136503648547,1.59390061495,32,89,false
L18_SEED_2_CONTROL,320,10,1175,0.0131847920355,1.6059362583,32,89,false
L18_SEED_2_CONTROL,320,10,1200,0.012742648994,1.61778781352,32,89,false
L18_SEED_2_CONTROL,320,10,1225,0.0123223437749,1.62946209233,32,89,false
L18_SEED_2_CONTROL,320,10,1250,0.0119224199547,1.6409655551,32,89,false
L18_SEED_2_CONTROL,320,10,1275,0.0115415428682,1.65230433364,32,89,false
L18_SEED_2_CONTROL,320,10,1300,0.0111784874511,1.66348425233,32,89,false
L18_SEED_2_CONTROL,320,10,1325,0.0108321274873,1.67451084765,32,89,false
L18_SEED_2_CONTROL,320,10,1350,0.0105014260755,1.68538938633,32,89,false
L18_SEED_2_CONTROL,320,10,1375,0.0101854271606,1.69612488207,32,89,false
L18_SEED_2_CONTROL,320,10,1400,0.0098832479938,1.70672211116,32,89,false
L18_SEED_2_CONTROL,320,10,1425,0.00959407240718,1.71718562685,32,89,false
L18_SEED_2_CONTROL,320,10,1450,0.00931714480329,1.72751977276,32,89,false
L18_SEED_2_CONTROL,320,10,1475,0.00905176477312,1.73772869533,32,89,false
L18_SEED_2_CONTROL,320,10,1500,0.00879728226851,1.74781635532,32,90,false
L18_SEED_2_CONTROL,320,10,1525,0.00855309326423,1.75778653861,32,90,false
L18_SEED_2_CONTROL,320,10,1550,0.00831863585338,1.76764286615,32,90,false
L18_SEED_2_CONTROL,320,10,1575,0.00809338672711,1.77738880329,32,90,false
L18_SEED_2_CONTROL,320,10,1600,0.00787685799583,1.78702766844,32,90,false
L18_SEED_2_CONTROL,320,10,1625,0.00766859431427,1.79656264117,32,90,false
L18_SEED_2_CONTROL,320,10,1650,0.00746817027747,1.80599676977,32,90,false
L18_SEED_2_CONTROL,320,10,1675,0.00727518805878,1.81533297829,32,90,false
L18_SEED_2_CONTROL,320,10,1700,0.00708927526432,1.8245740731,32,90,false
L18_SEED_2_CONTROL,320,10,1725,0.00691008298132,1.83372274912,32,90,false
L18_SEED_2_CONTROL,320,10,1750,0.00673728400058,1.84278159555,32,90,false
L18_SEED_2_CONTROL,320,10,1775,0.0065705711953,1.85175310128,32,90,false
L18_SEED_2_CONTROL,320,10,1800,0.00640965604069,1.86063965998,32,90,false
L18_SEED_2_CONTROL,320,10,1825,0.00625426726052,1.86944357483,32,90,false
L18_SEED_2_CONTROL,320,10,1850,0.00610414958815,1.87816706301,32,90,false
L18_SEED_2_CONTROL,320,10,1875,0.00595906263109,1.88681225987,32,90,false
L18_SEED_2_CONTROL,320,10,1900,0.00581877982926,1.89538122291,32,90,false
L18_SEED_2_CONTROL,320,10,1925,0.00568308749819,1.90387593544,32,90,false
L18_SEED_2_CONTROL,320,10,1950,0.00555178394913,1.91229831013,32,90,false
L18_SEED_2_CONTROL,320,10,1975,0.00542467867925,1.92065019227,32,90,false
L18_SEED_2_CONTROL,320,10,2000,0.00530159162546,1.92893336286,32,90,false
L18_SEED_2_CONTROL,320,11,0,3.55670711085,3.5781630437,4,5,false
L18_SEED_2_CONTROL,320,11,25,1.21944933426,1.44949572266,27,105,false
L18_SEED_2_CONTROL,320,11,50,0.593353540147,1.00701034563,29,105,false
L18_SEED_2_CONTROL,320,11,75,0.388263554399,0.89733233848,30,104,false
L18_SEED_2_CONTROL,320,11,100,0.292407401532,0.868977650676,31,93,true
L18_SEED_2_CONTROL,320,11,125,0.235007688173,0.874953200339,32,87,false
L18_SEED_2_CONTROL,320,11,150,0.195761014739,0.894471820667,32,86,false
L18_SEED_2_CONTROL,320,11,175,0.166897759272,0.919399970876,32,85,false
L18_SEED_2_CONTROL,320,11,200,0.144680234265,0.947004997052,32,86,false
L18_SEED_2_CONTROL,320,11,225,0.12703060711,0.975960274048,32,86,false
L18_SEED_2_CONTROL,320,11,250,0.112679403569,1.00534969354,32,86,false
L18_SEED_2_CONTROL,320,11,275,0.100797801343,1.03464539877,32,86,false
L18_SEED_2_CONTROL,320,11,300,0.0908172866002,1.06353826474,32,86,false
L18_SEED_2_CONTROL,320,11,325,0.0823327161376,1.09184054825,32,86,false
L18_SEED_2_CONTROL,320,11,350,0.0750464655351,1.11944617672,32,86,false
L18_SEED_2_CONTROL,320,11,375,0.0687344363733,1.14630051915,32,85,false
L18_SEED_2_CONTROL,320,11,400,0.0632244206338,1.17238243364,32,85,false
L18_SEED_2_CONTROL,320,11,425,0.0583818062262,1.19769241759,32,87,false
L18_SEED_2_CONTROL,320,11,450,0.0540998295197,1.22224472157,32,87,false
L18_SEED_2_CONTROL,320,11,475,0.0502927467312,1.24606209293,32,87,false
L18_SEED_2_CONTROL,320,11,500,0.046890937978,1.26917224228,32,87,false
L18_SEED_2_CONTROL,320,11,525,0.0438373260517,1.29160547863,32,87,false
L18_SEED_2_CONTROL,320,11,550,0.0410847109489,1.31339313692,32,87,false
L18_SEED_2_CONTROL,320,11,575,0.0385937556269,1.33456654675,32,87,false
L18_SEED_2_CONTROL,320,11,600,0.0363314433899,1.35515637065,32,87,false
L18_SEED_2_CONTROL,320,11,625,0.0342698823817,1.37519219465,32,87,false
L18_SEED_2_CONTROL,320,11,650,0.0323853692082,1.3947022903,32,87,false
L18_SEED_2_CONTROL,320,11,675,0.0306576484883,1.41371349241,32,87,false
L18_SEED_2_CONTROL,320,11,700,0.0290693222427,1.43225115403,32,87,false
L18_SEED_2_CONTROL,320,11,725,0.0276053750594,1.45033915231,32,87,false
L18_SEED_2_CONTROL,320,11,750,0.0262527895545,1.46799992666,32,87,false
L18_SEED_2_CONTROL,320,11,775,0.0250002328593,1.48525453701,32,87,false
L18_SEED_2_CONTROL,320,11,800,0.0238377994154,1.50212273336,32,87,false
L18_SEED_2_CONTROL,320,11,825,0.0227567987335,1.51862303089,32,87,false
L18_SEED_2_CONTROL,320,11,850,0.0217495792987,1.53477278691,32,87,false
L18_SEED_2_CONTROL,320,11,875,0.0208093817175,1.55058827683,32,87,false
L18_SEED_2_CONTROL,320,11,900,0.0199302156581,1.56608476783,32,87,false
L18_SEED_2_CONTROL,320,11,925,0.0191067562577,1.58127658909,32,87,false
L18_SEED_2_CONTROL,320,11,950,0.0183342565416,1.59617719804,32,87,false
L18_SEED_2_CONTROL,320,11,975,0.0176084730739,1.61079924252,32,87,false
L18_SEED_2_CONTROL,320,11,1000,0.0169256025951,1.62515461859,32,87,false
L18_SEED_2_CONTROL,320,11,1025,0.0162822278233,1.63925452431,32,87,false
L18_SEED_2_CONTROL,320,11,1050,0.0156752709274,1.65310950946,32,87,false
L18_SEED_2_CONTROL,320,11,1075,0.0151019534537,1.66672952149,32,87,false
L18_SEED_2_CONTROL,320,11,1100,0.0145597616961,1.68012394792,32,87,false
L18_SEED_2_CONTROL,320,11,1125,0.0140464166809,1.69330165542,32,87,false
L18_SEED_2_CONTROL,320,11,1150,0.0135598480707,1.7062710259,32,87,false
L18_SEED_2_CONTROL,320,11,1175,0.0130981714138,1.71903998963,32,87,false
L18_SEED_2_CONTROL,320,11,1200,0.0126596682539,1.73161605592,32,87,false
L18_SEED_2_CONTROL,320,11,1225,0.0122427686961,1.74400634124,32,87,false
L18_SEED_2_CONTROL,320,11,1250,0.0118460360857,1.75621759531,32,87,false
L18_SEED_2_CONTROL,320,11,1275,0.0114681535125,1.76825622503,32,87,false
L18_SEED_2_CONTROL,320,11,1300,0.011107911894,1.78012831666,32,87,false
L18_SEED_2_CONTROL,320,11,1325,0.0107641994296,1.7918396563,32,87,false
L18_SEED_2_CONTROL,320,11,1350,0.0104359922469,1.8033957488,32,87,false
L18_SEED_2_CONTROL,320,11,1375,0.010122346089,1.81480183525,32,87,false
L18_SEED_2_CONTROL,320,11,1400,0.0098223889105,1.82606290918,32,87,false
L18_SEED_2_CONTROL,320,11,1425,0.00953531427113,1.83718373165,32,87,false
L18_SEED_2_CONTROL,320,11,1450,0.00926037542892,1.84816884507,32,87,false
L18_SEED_2_CONTROL,320,11,1475,0.00899688004958,1.85902258622,32,87,false
L18_SEED_2_CONTROL,320,11,1500,0.00874418545918,1.86974909822,32,87,false
L18_SEED_2_CONTROL,320,11,1525,0.00850169437699,1.8803523417,32,87,false
L18_SEED_2_CONTROL,320,11,1550,0.00826885107344,1.8908361052,32,88,false
L18_SEED_2_CONTROL,320,11,1575,0.00804513790533,1.90120401482,32,88,false
L18_SEED_2_CONTROL,320,11,1600,0.00783007218615,1.9114595433,32,88,false
L18_SEED_2_CONTROL,320,11,1625,0.00762320335492,1.92160601834,32,88,false
L18_SEED_2_CONTROL,320,11,1650,0.00742411041124,1.93164663056,32,88,false
L18_SEED_2_CONTROL,320,11,1675,0.00723239958807,1.94158444075,32,88,false
L18_SEED_2_CONTROL,320,11,1700,0.00704770223734,1.95142238679,32,88,false
L18_SEED_2_CONTROL,320,11,1725,0.00686967290627,1.96116329002,32,88,false
L18_SEED_2_CONTROL,320,11,1750,0.00669798758491,1.97080986131,32,88,false
L18_SEED_2_CONTROL,320,11,1775,0.00653234210753,1.98036470664,32,88,false
L18_SEED_2_CONTROL,320,11,1800,0.00637245069257,1.98983033243,32,88,false
L18_SEED_2_CONTROL,320,11,1825,0.00621804460754,1.99920915048,32,88,false
L18_SEED_2_CONTROL,320,11,1850,0.00606887094665,2.0085034826,32,88,false
L18_SEED_2_CONTROL,320,11,1875,0.00592469151043,2.01771556505,32,88,false
L18_SEED_2_CONTROL,320,11,1900,0.00578528177758,2.02684755261,32,88,false
L18_SEED_2_CONTROL,320,11,1925,0.00565042996054,2.03590152245,32,88,false
L18_SEED_2_CONTROL,320,11,1950,0.00551993613689,2.04487947783,32,88,false
L18_SEED_2_CONTROL,320,11,1975,0.00539361144977,2.05378335149,32,88,false
L18_SEED_2_CONTROL,320,11,2000,0.00527127737105,2.06261500892,32,88,false
L18_SEED_2_CONTROL,320,12,0,3.56064824208,3.58091803652,4,5,false
L18_SEED_2_CONTROL,320,12,25,1.20758632939,1.45178379431,27,106,false
L18_SEED_2_CONTROL,320,12,50,0.579470647469,1.02918025061,29,105,false
L18_SEED_2_CONTROL,320,12,75,0.374772924222,0.930309471068,31,93,false
L18_SEED_2_CONTROL,320,12,100,0.279158882053,0.901264078596,32,89,true
L18_SEED_2_CONTROL,320,12,125,0.222350542255,0.908582852161,32,88,false
L18_SEED_2_CONTROL,320,12,150,0.183892763973,0.928832503394,32,89,false
L18_SEED_2_CONTROL,320,12,175,0.155883469803,0.953623141298,32,89,false
L18_SEED_2_CONTROL,320,12,200,0.134511695575,0.980886369069,32,88,false
L18_SEED_2_CONTROL,320,12,225,0.117663649097,1.00935081544,32,88,false
L18_SEED_2_CONTROL,320,12,250,0.10405457437,1.03815534343,32,88,false
L18_SEED_2_CONTROL,320,12,275,0.092851297345,1.06684499431,32,89,false
L18_SEED_2_CONTROL,320,12,300,0.0834864826012,1.09513506029,32,89,false
L18_SEED_2_CONTROL,320,12,325,0.0755587832372,1.1228615931,32,89,false
L18_SEED_2_CONTROL,320,12,350,0.068775445942,1.1499302086,32,88,false
L18_SEED_2_CONTROL,320,12,375,0.0629175134825,1.17629206987,32,88,false
L18_SEED_2_CONTROL,320,12,400,0.0578177807609,1.2019275983,32,86,false
L18_SEED_2_CONTROL,320,12,425,0.0533463054011,1.22683619053,32,86,false
L18_SEED_2_CONTROL,320,12,450,0.04940058033,1.25102943809,32,86,false
L18_SEED_2_CONTROL,320,12,475,0.0458986867108,1.27452660618,32,86,false
L18_SEED_2_CONTROL,320,12,500,0.0427744115709,1.29735159343,32,86,false
L18_SEED_2_CONTROL,320,12,525,0.0399736958055,1.31953087793,32,86,false
L18_SEED_2_CONTROL,320,12,550,0.0374520044562,1.34109213192,32,86,false
L18_SEED_2_CONTROL,320,12,575,0.0351723496976,1.36206329343,32,86,false
L18_SEED_2_CONTROL,320,12,600,0.0331037842372,1.38247195233,32,86,false
L18_SEED_2_CONTROL,320,12,625,0.0312202392549,1.40234495361,32,86,false
L18_SEED_2_CONTROL,320,12,650,0.0294996183313,1.4217081508,32,86,false
L18_SEED_2_CONTROL,320,12,675,0.027923084025,1.44058626309,32,86,false
L18_SEED_2_CONTROL,320,12,700,0.026474491115,1.45900280372,32,86,false
L18_SEED_2_CONTROL,320,12,725,0.0251399326718,1.47698005683,32,86,false
L18_SEED_2_CONTROL,320,12,750,0.0239073737559,1.49453908705,32,86,false
L18_SEED_2_CONTROL,320,12,775,0.0227663537691,1.51169977039,32,86,false
L18_SEED_2_CONTROL,320,12,800,0.0217077430235,1.52848083888,32,86,false
L18_SEED_2_CONTROL,320,12,825,0.0207235424504,1.54489993312,32,86,false
L18_SEED_2_CONTROL,320,12,850,0.0198067178703,1.56097365933,32,86,false
L18_SEED_2_CONTROL,320,12,875,0.0189510621311,1.57671764783,32,86,false
L18_SEED_2_CONTROL,320,12,900,0.0181510798551,1.59214661158,32,86,false
L18_SEED_2_CONTROL,320,12,925,0.0174018906301,1.60727440321,32,86,false
L18_SEED_2_CONTROL,320,12,950,0.0166991473291,1.62211407009,32,86,false
L18_SEED_2_CONTROL,320,12,975,0.0160389669023,1.63667790678,32,86,false
L18_SEED_2_CONTROL,320,12,1000,0.0154178715001,1.65097750458,32,86,false
L18_SEED_2_CONTROL,320,12,1025,0.0148327381923,1.66502379829,32,86,false
L18_SEED_2_CONTROL,320,12,1050,0.0142807558721,1.67882710986,32,86,false
L18_SEED_2_CONTROL,320,12,1075,0.0137593881881,1.69239718931,32,86,false
L18_SEED_2_CONTROL,320,12,1100,0.0132663415564,1.70574325269,32,86,false
L18_SEED_2_CONTROL,320,12,1125,0.0127995374667,1.71887401756,32,86,false
L18_SEED_2_CONTROL,320,12,1150,0.0123570884341,1.73179773577,32,86,false
L18_SEED_2_CONTROL,320,12,1175,0.0119372770544,1.74452222407,32,86,false
L18_SEED_2_CONTROL,320,12,1200,0.0115385377119,1.75705489235,32,86,false
L18_SEED_2_CONTROL,320,12,1225,0.0111594405603,1.7694027699,32,86,false
L18_SEED_2_CONTROL,320,12,1250,0.0107986774574,1.7815725298,32,86,false
L18_SEED_2_CONTROL,320,12,1275,0.0104550495853,1.79357051141,32,86,false
L18_SEED_2_CONTROL,320,12,1300,0.0101274565271,1.80540274139,32,86,false
L18_SEED_2_CONTROL,320,12,1325,0.00981488660698,1.81707495307,32,87,false
L18_SEED_2_CONTROL,320,12,1350,0.00951640832804,1.82859260448,32,87,false
L18_SEED_2_CONTROL,320,12,1375,0.00923116276708,1.83996089511,32,87,false
L18_SEED_2_CONTROL,320,12,1400,0.00895835680512,1.85118478146,32,87,false
L18_SEED_2_CONTROL,320,12,1425,0.00869725708983,1.86226899144,32,87,false
L18_SEED_2_CONTROL,320,12,1450,0.00844718464021,1.87321803788,32,87,false
L18_SEED_2_CONTROL,320,12,1475,0.00820751001608,1.88403623099,32,87,false
L18_SEED_2_CONTROL,320,12,1500,0.00797764898558,1.89472769003,32,87,false
L18_SEED_2_CONTROL,320,12,1525,0.00775705863222,1.90529635412,32,87,false
L18_SEED_2_CONTROL,320,12,1550,0.00754523385116,1.91574599242,32,87,false
L18_SEED_2_CONTROL,320,12,1575,0.00734170419048,1.9260802135,32,87,false
L18_SEED_2_CONTROL,320,12,1600,0.00714603099889,1.9363024742,32,87,false
L18_SEED_2_CONTROL,320,12,1625,0.0069578048462,1.94641608785,32,87,false
L18_SEED_2_CONTROL,320,12,1650,0.0067766431869,1.95642423195,32,87,false
L18_SEED_2_CONTROL,320,12,1675,0.00660218824089,1.96632995539,32,87,false
L18_SEED_2_CONTROL,320,12,1700,0.00643410506839,1.97613618518,32,87,false
L18_SEED_2_CONTROL,320,12,1725,0.00627207981885,1.98584573276,32,87,false
L18_SEED_2_CONTROL,320,12,1750,0.00611581813596,1.99546129993,32,87,false
L18_SEED_2_CONTROL,320,12,1775,0.00596504370298,2.0049854844,32,87,false
L18_SEED_2_CONTROL,320,12,1800,0.00581949691441,2.01442078499,32,87,false
L18_SEED_2_CONTROL,320,12,1825,0.00567893366134,2.02376960654,32,87,false
L18_SEED_2_CONTROL,320,12,1850,0.00554312421964,2.03303426451,32,87,false
L18_SEED_2_CONTROL,320,12,1875,0.00541185223095,2.04221698929,32,87,false
L18_SEED_2_CONTROL,320,12,1900,0.00528491376771,2.05131993029,32,87,false
L18_SEED_2_CONTROL,320,12,1925,0.00516211647429,2.06034515977,32,87,false
L18_SEED_2_CONTROL,320,12,1950,0.00504327877725,2.06929467647,32,87,false
L18_SEED_2_CONTROL,320,12,1975,0.00492822915839,2.07817040896,32,87,false
L18_SEED_2_CONTROL,320,12,2000,0.00481680548475,2.08697421893,32,87,false
L18_SEED_2_CONTROL,320,13,0,3.56057119099,3.58051100536,4,5,false
L18_SEED_2_CONTROL,320,13,25,1.2092753085,1.481776945,27,104,false
L18_SEED_2_CONTROL,320,13,50,0.597029367544,1.07261242851,28,104,false
L18_SEED_2_CONTROL,320,13,75,0.391491083519,0.982855474024,30,95,false
L18_SEED_2_CONTROL,320,13,100,0.29250011238,0.954761360219,31,90,true
L18_SEED_2_CONTROL,320,13,125,0.233524294228,0.962203627315,32,85,false
L18_SEED_2_CONTROL,320,13,150,0.193593496343,0.984066194133,32,85,false
L18_SEED_2_CONTROL,320,13,175,0.164457344286,1.01026141399,32,85,false
L18_SEED_2_CONTROL,320,13,200,0.142159685568,1.03881137234,32,85,false
L18_SEED_2_CONTROL,320,13,225,0.124524543152,1.06835228829,32,85,false
L18_SEED_2_CONTROL,320,13,250,0.110235882317,1.0980822205,32,85,false
L18_SEED_2_CONTROL,320,13,275,0.0984414355385,1.12756461457,32,84,false
L18_SEED_2_CONTROL,320,13,300,0.0885601304664,1.15654164105,32,84,false
L18_SEED_2_CONTROL,320,13,325,0.0801796996028,1.18487023547,32,85,false
L18_SEED_2_CONTROL,320,13,350,0.0729982954467,1.21247330496,32,85,false
L18_SEED_2_CONTROL,320,13,375,0.0667892568857,1.23931587856,32,85,false
L18_SEED_2_CONTROL,320,13,400,0.0613788240388,1.26538949172,32,84,false
L18_SEED_2_CONTROL,320,13,425,0.0566314776975,1.2907024075,32,84,false
L18_SEED_2_CONTROL,320,13,450,0.0524399704205,1.31527328396,32,84,false
L18_SEED_2_CONTROL,320,13,475,0.0487183560168,1.33912701779,32,84,false
L18_SEED_2_CONTROL,320,13,500,0.0453969988894,1.36229199596,32,84,false
L18_SEED_2_CONTROL,320,13,525,0.0424189280271,1.38479827383,32,84,false
L18_SEED_2_CONTROL,320,13,550,0.039737126687,1.4066763733,32,84,false
L18_SEED_2_CONTROL,320,13,575,0.0373124870192,1.42795649992,32,84,false
L18_SEED_2_CONTROL,320,13,600,0.0351122459348,1.44866804454,32,85,false
L18_SEED_2_CONTROL,320,13,625,0.0331087748812,1.46883927879,32,85,false
L18_SEED_2_CONTROL,320,13,650,0.0312786335715,1.48849718222,32,85,false
L18_SEED_2_CONTROL,320,13,675,0.0296018230579,1.50766735859,32,85,false
L18_SEED_2_CONTROL,320,13,700,0.0280611910528,1.52637401178,32,85,false
L18_SEED_2_CONTROL,320,13,725,0.0266419547122,1.5446399611,32,85,false
L18_SEED_2_CONTROL,320,13,750,0.0253313148814,1.56248668169,32,85,false
L18_SEED_2_CONTROL,320,13,775,0.0241181421629,1.57993436054,32,85,false
L18_SEED_2_CONTROL,320,13,800,0.022992719825,1.59700196122,32,85,false
L18_SEED_2_CONTROL,320,13,825,0.0219465320176,1.61370729282,32,85,false
L18_SEED_2_CONTROL,320,13,850,0.0209720883484,1.63006708013,32,85,false
L18_SEED_2_CONTROL,320,13,875,0.0200627778206,1.64609703276,32,85,false
L18_SEED_2_CONTROL,320,13,900,0.0192127466205,1.66181191227,32,85,false
L18_SEED_2_CONTROL,320,13,925,0.0184167953885,1.67722559606,32,85,false
L18_SEED_2_CONTROL,320,13,950,0.0176702924853,1.692351138,32,85,false
L18_SEED_2_CONTROL,320,13,975,0.0169691004591,1.70720082528,32,85,false
L18_SEED_2_CONTROL,320,13,1000,0.016309513456,1.72178623154,32,85,false
L18_SEED_2_CONTROL,320,13,1025,0.0156882037439,1.73611826638,32,85,false
L18_SEED_2_CONTROL,320,13,1050,0.0151021758586,1.75020722134,32,85,false
L18_SEED_2_CONTROL,320,13,1075,0.0145487271493,1.76406281247,32,85,false
L18_SEED_2_CONTROL,320,13,1100,0.0140254137194,1.77769421977,32,85,false
L18_SEED_2_CONTROL,320,13,1125,0.0135300209313,1.79111012364,32,85,false
L18_SEED_2_CONTROL,320,13,1150,0.0130605377874,1.80431873861,32,85,false
L18_SEED_2_CONTROL,320,13,1175,0.0126151346125,1.81732784444,32,85,false
L18_SEED_2_CONTROL,320,13,1200,0.012192143558,1.83014481495,32,85,false
L18_SEED_2_CONTROL,320,13,1225,0.0117900415265,1.84277664455,32,85,false
L18_SEED_2_CONTROL,320,13,1250,0.011407435177,1.8552299729,32,85,false
L18_SEED_2_CONTROL,320,13,1275,0.0110430477248,1.86751110761,32,85,false
L18_SEED_2_CONTROL,320,13,1300,0.0106957072933,1.87962604526,32,85,false
L18_SEED_2_CONTROL,320,13,1325,0.0103643366126,1.89158049095,32,85,false
L18_SEED_2_CONTROL,320,13,1350,0.0100479438873,1.90337987627,32,85,false
L18_SEED_2_CONTROL,320,13,1375,0.00974561468552,1.91502937609,32,86,false
L18_SEED_2_CONTROL,320,13,1400,0.00945650471812,1.92653392403,32,86,false
L18_SEED_2_CONTROL,320,13,1425,0.00917983339887,1.93789822691,32,86,false
L18_SEED_2_CONTROL,320,13,1450,0.00891487808944,1.94912677811,32,86,false
L18_SEED_2_CONTROL,320,13,1475,0.00866096894698,1.96022387002,32,86,false
L18_SEED_2_CONTROL,320,13,1500,0.00841748430275,1.97119360561,32,86,false
L18_SEED_2_CONTROL,320,13,1525,0.00818384650991,1.98203990921,32,86,false
L18_SEED_2_CONTROL,320,13,1550,0.00795951820637,1.99276653655,32,86,false
L18_SEED_2_CONTROL,320,13,1575,0.00774399894588,2.00337708415,32,86,false
L18_SEED_2_CONTROL,320,13,1600,0.00753682215599,2.01387499802,32,86,false
L18_SEED_2_CONTROL,320,13,1625,0.00733755238715,2.02426358185,32,86,false
L18_SEED_2_CONTROL,320,13,1650,0.00714578282121,2.03454600464,32,86,false
L18_SEED_2_CONTROL,320,13,1675,0.00696113301155,2.0447253078,32,86,false
L18_SEED_2_CONTROL,320,13,1700,0.00678324683056,2.05480441186,32,86,false
L18_SEED_2_CONTROL,320,13,1725,0.00661179060267,2.06478612273,32,86,false
L18_SEED_2_CONTROL,320,13,1750,0.00644645140406,2.07467313752,32,86,false
L18_SEED_2_CONTROL,320,13,1775,0.00628693551204,2.08446805009,32,86,false
L18_SEED_2_CONTROL,320,13,1800,0.00613296698924,2.09417335617,32,86,false
L18_SEED_2_CONTROL,320,13,1825,0.00598428638909,2.10379145822,32,86,false
L18_SEED_2_CONTROL,320,13,1850,0.00584064957112,2.11332467,32,86,false
L18_SEED_2_CONTROL,320,13,1875,0.00570182661514,2.12277522081,32,86,false
L18_SEED_2_CONTROL,320,13,1900,0.00556760082511,2.13214525959,32,86,false
L18_SEED_2_CONTROL,320,13,1925,0.00543776781431,2.14143685865,32,86,false
L18_SEED_2_CONTROL,320,13,1950,0.0053121346641,2.1506520173,32,86,false
L18_SEED_2_CONTROL,320,13,1975,0.00519051914969,2.15979266517,32,86,false
L18_SEED_2_CONTROL,320,13,2000,0.00507274902676,2.16886066546,32,86,false
L18_SEED_2_CONTROL,320,14,0,3.55399161961,3.5776482739,5,5,false
L18_SEED_2_CONTROL,320,14,25,1.208749457,1.50945484928,27,103,false
L18_SEED_2_CONTROL,320,14,50,0.601371284795,1.11287197212,28,101,false
L18_SEED_2_CONTROL,320,14,75,0.394260070514,1.03981052203,30,95,false
L18_SEED_2_CONTROL,320,14,100,0.293838103668,1.01532971266,31,86,true
L18_SEED_2_CONTROL,320,14,125,0.23427090711,1.02710108338,32,84,false
L18_SEED_2_CONTROL,320,14,150,0.194168746351,1.05254377153,32,83,false
L18_SEED_2_CONTROL,320,14,175,0.165013962585,1.08223843495,32,83,false
L18_SEED_2_CONTROL,320,14,200,0.142743444354,1.11417541802,32,82,false
L18_SEED_2_CONTROL,320,14,225,0.125141723903,1.14683437238,32,82,false
L18_SEED_2_CONTROL,320,14,250,0.110879414986,1.17950363103,32,82,false
L18_SEED_2_CONTROL,320,14,275,0.0991009595859,1.21174783342,32,82,false
L18_SEED_2_CONTROL,320,14,300,0.0892257486675,1.24333512971,32,82,false
L18_SEED_2_CONTROL,320,14,325,0.0808431918471,1.27413654332,32,83,false
L18_SEED_2_CONTROL,320,14,350,0.0736533169351,1.30408897713,32,83,false
L18_SEED_2_CONTROL,320,14,375,0.0674311569634,1.33316913885,32,84,false
L18_SEED_2_CONTROL,320,14,400,0.0620043533979,1.36137872533,32,84,false
L18_SEED_2_CONTROL,320,14,425,0.0572384927697,1.38873479896,32,84,false
L18_SEED_2_CONTROL,320,14,450,0.053027174543,1.41526372773,32,85,false
L18_SEED_2_CONTROL,320,14,475,0.0492850872066,1.44099720701,32,85,false
L18_SEED_2_CONTROL,320,14,500,0.0459430620019,1.46596966132,32,85,false
L18_SEED_2_CONTROL,320,14,525,0.0429444649166,1.49021653643,32,84,false
L18_SEED_2_CONTROL,320,14,550,0.040242517236,1.51377318932,32,84,false
L18_SEED_2_CONTROL,320,14,575,0.037798274509,1.53667417945,32,84,false
L18_SEED_2_CONTROL,320,14,600,0.0355790812698,1.55895283127,32,84,false
L18_SEED_2_CONTROL,320,14,625,0.0335573752479,1.58064098066,32,84,false
L18_SEED_2_CONTROL,320,14,650,0.0317097520656,1.60176884507,32,84,false
L18_SEED_2_CONTROL,320,14,675,0.0300162265979,1.62236497666,32,84,false
L18_SEED_2_CONTROL,320,14,700,0.0284596445296,1.64245626993,32,84,false
L18_SEED_2_CONTROL,320,14,725,0.0270252098115,1.66206800463,32,84,false
L18_SEED_2_CONTROL,320,14,750,0.0257001023964,1.6812239103,32,83,false
L18_SEED_2_CONTROL,320,14,775,0.0244731669019,1.69994624345,32,83,false
L18_SEED_2_CONTROL,320,14,800,0.023334657438,1.71825587089,32,83,false
L18_SEED_2_CONTROL,320,14,825,0.0222760272332,1.73617235528,32,83,false
L18_SEED_2_CONTROL,320,14,850,0.0212897542377,1.7537140398,32,83,false
L18_SEED_2_CONTROL,320,14,875,0.0203691957994,1.77089813037,32,83,false
L18_SEED_2_CONTROL,320,14,900,0.0195084669743,1.78774077424,32,83,false
L18_SEED_2_CONTROL,320,14,925,0.0187023381585,1.80425713431,32,83,false
L18_SEED_2_CONTROL,320,14,950,0.017946148594,1.82046145883,32,83,false
L18_SEED_2_CONTROL,320,14,975,0.0172357329873,1.83636714657,32,83,false
L18_SEED_2_CONTROL,320,14,1000,0.0165673590037,1.85198680732,32,83,false
L18_SEED_2_CONTROL,320,14,1025,0.0159376738286,1.86733231799,32,83,false
L18_SEED_2_CONTROL,320,14,1050,0.0153436583145,1.88241487454,32,83,false
L18_SEED_2_CONTROL,320,14,1075,0.0147825875037,1.8972450399,32,83,false
L18_SEED_2_CONTROL,320,14,1100,0.0142519965291,1.9118327882,32,83,false
L18_SEED_2_CONTROL,320,14,1125,0.0137496510674,1.92618754561,32,83,false
L18_SEED_2_CONTROL,320,14,1150,0.0132735216611,1.9403182279,32,83,false
L18_SEED_2_CONTROL,320,14,1175,0.0128217613379,1.95423327515,32,83,false
L18_SEED_2_CONTROL,320,14,1200,0.012392686051,1.96794068373,32,83,false
L18_SEED_2_CONTROL,320,14,1225,0.0119847575383,1.98144803579,32,83,false
L18_SEED_2_CONTROL,320,14,1250,0.0115965682642,1.99476252648,32,83,false
L18_SEED_2_CONTROL,320,14,1275,0.011226828158,2.00789098907,32,83,false
L18_SEED_2_CONTROL,320,14,1300,0.0108743529061,2.02083991819,32,83,false
L18_SEED_2_CONTROL,320,14,1325,0.0105380535943,2.03361549125,32,83,false
L18_SEED_2_CONTROL,320,14,1350,0.0102169275226,2.04622358833,32,83,false
L18_SEED_2_CONTROL,320,14,1375,0.00991005004301,2.05866981052,32,83,false
L18_SEED_2_CONTROL,320,14,1400,0.0096165672922,2.07095949696,32,84,false
L18_SEED_2_CONTROL,320,14,1425,0.00933568970717,2.08309774066,32,84,false
L18_SEED_2_CONTROL,320,14,1450,0.009066686229,2.09508940305,32,84,false
L18_SEED_2_CONTROL,320,14,1475,0.00880887911196,2.10693912769,32,84,false
L18_SEED_2_CONTROL,320,14,1500,0.00856163926635,2.11865135283,32,84,false
L18_SEED_2_CONTROL,320,14,1525,0.00832438207305,2.1302303232,32,84,false
L18_SEED_2_CONTROL,320,14,1550,0.00809656361552,2.14168010094,32,84,false
L18_SEED_2_CONTROL,320,14,1575,0.00787767728221,2.15300457582,32,84,false
L18_SEED_2_CONTROL,320,14,1600,0.00766725069804,2.1642074747,32,84,false
L18_SEED_2_CONTROL,320,14,1625,0.00746484294885,2.17529237045,32,84,false
L18_SEED_2_CONTROL,320,14,1650,0.0072700420671,2.18626269021,32,84,false
L18_SEED_2_CONTROL,320,14,1675,0.00708246275089,2.19712172311,32,84,false
L18_SEED_2_CONTROL,320,14,1700,0.00690174429187,2.20787262755,32,84,false
L18_SEED_2_CONTROL,320,14,1725,0.00672754869008,2.21851843797,32,84,false
L18_SEED_2_CONTROL,320,14,1750,0.00655955893691,2.22906207118,32,84,false
L18_SEED_2_CONTROL,320,14,1775,0.00639747744885,2.23950633231,32,84,false
L18_SEED_2_CONTROL,320,14,1800,0.00624102463718,2.24985392043,32,84,false
L18_SEED_2_CONTROL,320,14,1825,0.00608993760016,2.26010743375,32,84,false
L18_SEED_2_CONTROL,320,14,1850,0.00594396892575,2.27026937456,32,84,false
L18_SEED_2_CONTROL,320,14,1875,0.00580288559428,2.28034215387,32,84,false
L18_SEED_2_CONTROL,320,14,1900,0.00566646797165,2.29032809577,32,85,false
L18_SEED_2_CONTROL,320,14,1925,0.00553450888441,2.3002294415,32,85,false
L18_SEED_2_CONTROL,320,14,1950,0.00540681276932,2.31004835333,32,85,false
L18_SEED_2_CONTROL,320,14,1975,0.00528319489046,2.31978691821,32,85,false
L18_SEED_2_CONTROL,320,14,2000,0.00516348061785,2.3294471512,32,85,false
L18_SEED_2_CONTROL,320,15,0,3.55010636682,3.57931919919,2,3,false
L18_SEED_2_CONTROL,320,15,25,1.20067620549,1.53728206014,27,104,false
L18_SEED_2_CONTROL,320,15,50,0.597016681868,1.15668461632,28,98,false
L18_SEED_2_CONTROL,320,15,75,0.39151706951,1.09133740122,30,93,false
L18_SEED_2_CONTROL,320,15,100,0.290912976638,1.07481825338,32,78,true
L18_SEED_2_CONTROL,320,15,125,0.23111800731,1.09264260416,32,76,false
L18_SEED_2_CONTROL,320,15,150,0.190949136015,1.12292131166,32,76,false
L18_SEED_2_CONTROL,320,15,175,0.161835228578,1.15733004581,32,76,false
L18_SEED_2_CONTROL,320,15,200,0.139666290268,1.1935831377,32,76,false
L18_SEED_2_CONTROL,320,15,225,0.122198364489,1.23015388,32,76,false
L18_SEED_2_CONTROL,320,15,250,0.108085129637,1.26640003845,32,76,false
L18_SEED_2_CONTROL,320,15,275,0.0964607897803,1.30192814199,32,77,false
L18_SEED_2_CONTROL,320,15,300,0.0867385045054,1.33654116432,32,77,false
L18_SEED_2_CONTROL,320,15,325,0.0785039518288,1.37014174752,32,77,false
L18_SEED_2_CONTROL,320,15,350,0.0714550300898,1.40269597799,32,79,false
L18_SEED_2_CONTROL,320,15,375,0.0653656798341,1.43420584928,32,79,false
L18_SEED_2_CONTROL,320,15,400,0.060063118255,1.46469481164,32,79,false
L18_SEED_2_CONTROL,320,15,425,0.0554129309659,1.49419845598,32,80,false
L18_SEED_2_CONTROL,320,15,450,0.0513089764403,1.52275885556,32,80,false
L18_SEED_2_CONTROL,320,15,475,0.0476663533404,1.55042099305,32,80,false
L18_SEED_2_CONTROL,320,15,500,0.0444163824992,1.57723053312,32,80,false
L18_SEED_2_CONTROL,320,15,525,0.0415029522677,1.60323244893,32,80,false
L18_SEED_2_CONTROL,320,15,550,0.0388798093877,1.62847019889,32,80,false
L18_SEED_2_CONTROL,320,15,575,0.0365085196905,1.65298526049,32,80,false
L18_SEED_2_CONTROL,320,15,600,0.0343569121605,1.67681689497,32,80,false
L18_SEED_2_CONTROL,320,15,625,0.032397877509,1.7000020606,32,80,false
L18_SEED_2_CONTROL,320,15,650,0.0306084304984,1.72257542007,32,80,false
L18_SEED_2_CONTROL,320,15,675,0.0289689710045,1.744569406,32,80,false
L18_SEED_2_CONTROL,320,15,700,0.0274626965537,1.76601432067,32,80,false
L18_SEED_2_CONTROL,320,15,725,0.0260751315039,1.78693845425,32,80,false
L18_SEED_2_CONTROL,320,15,750,0.0247937469007,1.80736821118,32,80,false
L18_SEED_2_CONTROL,320,15,775,0.0236076514257,1.82732823817,32,80,false
L18_SEED_2_CONTROL,320,15,800,0.0225073385321,1.84684154945,32,80,false
L18_SEED_2_CONTROL,320,15,825,0.0214844783095,1.86592964688,32,80,false
L18_SEED_2_CONTROL,320,15,850,0.0205317452066,1.88461263344,32,80,false
L18_SEED_2_CONTROL,320,15,875,0.0196426746784,1.90290931934,32,80,false
L18_SEED_2_CONTROL,320,15,900,0.0188115433098,1.9208373207,32,80,false
L18_SEED_2_CONTROL,320,15,925,0.0180332680983,1.93841315061,32,80,false
L18_SEED_2_CONTROL,320,15,950,0.0173033214579,1.95565230312,32,80,false
L18_SEED_2_CONTROL,320,15,975,0.0166176591861,1.97256933036,32,80,false
L18_SEED_2_CONTROL,320,15,1000,0.0159726591729,1.98917791333,32,80,false
L18_SEED_2_CONTROL,320,15,1025,0.0153650690493,2.00549092672,32,80,false
L18_SEED_2_CONTROL,320,15,1050,0.0147919613099,2.02152049835,32,80,false
L18_SEED_2_CONTROL,320,15,1075,0.0142506947079,2.03727806361,32,80,false
L18_SEED_2_CONTROL,320,15,1100,0.0137388809353,2.05277441529,32,80,false
L18_SEED_2_CONTROL,320,15,1125,0.0132543557744,2.06801974928,32,81,false
L18_SEED_2_CONTROL,320,15,1150,0.0127951540429,2.0830237065,32,81,false
L18_SEED_2_CONTROL,320,15,1175,0.0123594877716,2.09779541125,32,81,false
L18_SEED_2_CONTROL,320,15,1200,0.0119457271437,2.11234350662,32,81,false
L18_SEED_2_CONTROL,320,15,1225,0.0115523838016,2.12667618683,32,81,false
L18_SEED_2_CONTROL,320,15,1250,0.0111780961889,2.14080122712,32,81,false
L18_SEED_2_CONTROL,320,15,1275,0.0108216166484,2.1547260112,32,81,false
L18_SEED_2_CONTROL,320,15,1300,0.0104818000375,2.16845755655,32,81,false
L18_SEED_2_CONTROL,320,15,1325,0.0101575936596,2.18200253779,32,81,false
L18_SEED_2_CONTROL,320,15,1350,0.00984802834047,2.19536730823,32,81,false
L18_SEED_2_CONTROL,320,15,1375,0.0095522105007,2.20855791979,32,81,false
L18_SEED_2_CONTROL,320,15,1400,0.00926931510012,2.22158014145,32,81,false
L18_SEED_2_CONTROL,320,15,1425,0.00899857934463,2.23443947631,32,81,false
L18_SEED_2_CONTROL,320,15,1450,0.00873929706262,2.24714117743,32,81,false
L18_SEED_2_CONTROL,320,15,1475,0.00849081367025,2.2596902625,32,81,false
L18_SEED_2_CONTROL,320,15,1500,0.00825252165578,2.27209152749,32,81,false
L18_SEED_2_CONTROL,320,15,1525,0.00802385652227,2.28434955935,32,81,false
L18_SEED_2_CONTROL,320,15,1550,0.00780429313597,2.29646874778,32,81,false
L18_SEED_2_CONTROL,320,15,1575,0.00759334243451,2.30845329622,32,81,false
L18_SEED_2_CONTROL,320,15,1600,0.00739054845452,2.32030723213,32,81,false
L18_SEED_2_CONTROL,320,15,1625,0.00719548564364,2.33203441653,32,81,false
L18_SEED_2_CONTROL,320,15,1650,0.00700775642615,2.34363855292,32,81,false
L18_SEED_2_CONTROL,320,15,1675,0.00682698899478,2.35512319562,32,81,false
L18_SEED_2_CONTROL,320,15,1700,0.00665283530524,2.36649175761,32,81,false
L18_SEED_2_CONTROL,320,15,1725,0.00648496925195,2.3777475178,32,81,false
L18_SEED_2_CONTROL,320,15,1750,0.00632308500672,2.3888936279,32,81,false
L18_SEED_2_CONTROL,320,15,1775,0.00616689550361,2.3999331188,32,81,false
L18_SEED_2_CONTROL,320,15,1800,0.00601613105554,2.41086890666,32,81,false
L18_SEED_2_CONTROL,320,15,1825,0.00587053808942,2.42170379849,32,81,false
L18_SEED_2_CONTROL,320,15,1850,0.00572987798855,2.43244049753,32,81,false
L18_SEED_2_CONTROL,320,15,1875,0.00559392603165,2.4430816082,32,81,false
L18_SEED_2_CONTROL,320,15,1900,0.00546247041959,2.45362964084,32,81,false
L18_SEED_2_CONTROL,320,15,1925,0.00533531138143,2.4640870161,32,81,false
L18_SEED_2_CONTROL,320,15,1950,0.00521226035245,2.47445606916,32,81,false
L18_SEED_2_CONTROL,320,15,1975,0.00509313921768,2.48473905361,32,81,false
L18_SEED_2_CONTROL,320,15,2000,0.00497777961481,2.49493814523,32,81,false
L18_SEED_2_CONTROL,320,16,0,3.53939593287,3.57191437386,2,4,false
L18_SEED_2_CONTROL,320,16,25,1.19651858298,1.56336416895,27,102,false
L18_SEED_2_CONTROL,320,16,50,0.59628507811,1.19456884821,29,98,false
L18_SEED_2_CONTROL,320,16,75,0.390322683019,1.14696706261,31,80,false
L18_SEED_2_CONTROL,320,16,100,0.289432531929,1.14182098176,32,77,true
L18_SEED_2_CONTROL,320,16,125,0.229449895198,1.16784907159,32,76,false
L18_SEED_2_CONTROL,320,16,150,0.189254249944,1.20354030199,32,75,false
L18_SEED_2_CONTROL,320,16,175,0.160204925335,1.24345518693,32,75,false
L18_SEED_2_CONTROL,320,16,200,0.138141487564,1.28448058362,32,75,false
L18_SEED_2_CONTROL,320,16,225,0.120792439095,1.32545329008,32,75,false
L18_SEED_2_CONTROL,320,16,250,0.106797839954,1.36569412001,32,75,false
L18_SEED_2_CONTROL,320,16,275,0.0952855764442,1.40489418923,32,76,false
L18_SEED_2_CONTROL,320,16,300,0.0856662076113,1.44290240111,32,76,false
L18_SEED_2_CONTROL,320,16,325,0.077524702491,1.47966636954,32,76,false
L18_SEED_2_CONTROL,320,16,350,0.0705591949305,1.51518472414,32,76,false
L18_SEED_2_CONTROL,320,16,375,0.0645443036678,1.54948573182,32,76,false
L18_SEED_2_CONTROL,320,16,400,0.0593080984616,1.58261368408,32,76,false
L18_SEED_2_CONTROL,320,16,425,0.0547170502631,1.61462101165,32,76,false
L18_SEED_2_CONTROL,320,16,450,0.0506658641285,1.6455635687,32,76,false
L18_SEED_2_CONTROL,320,16,475,0.0470704138566,1.67549778788,32,76,false
L18_SEED_2_CONTROL,320,16,500,0.0438627124954,1.70447899577,32,76,false
L18_SEED_2_CONTROL,320,16,525,0.0409872574116,1.73256043926,32,76,false
L18_SEED_2_CONTROL,320,16,550,0.0383983264187,1.75979275817,32,77,false
L18_SEED_2_CONTROL,320,16,575,0.0360579460979,1.78622373792,32,78,false
L18_SEED_2_CONTROL,320,16,600,0.0339343441401,1.81189823743,32,79,false
L18_SEED_2_CONTROL,320,16,625,0.0320007559619,1.83685822524,32,79,false
L18_SEED_2_CONTROL,320,16,650,0.030234494419,1.8611428806,32,79,false
L18_SEED_2_CONTROL,320,16,675,0.0286162174422,1.88478873164,32,79,false
L18_SEED_2_CONTROL,320,16,700,0.0271293463105,1.90782981219,32,79,false
L18_SEED_2_CONTROL,320,16,725,0.0257595997768,1.93029782596,32,79,false
L18_SEED_2_CONTROL,320,16,750,0.0244946181546,1.95222231027,32,79,false
L18_SEED_2_CONTROL,320,16,775,0.0233236578696,1.97363079506,32,79,false
L18_SEED_2_CONTROL,320,16,800,0.0222373416566,1.99454895426,32,79,false
L18_SEED_2_CONTROL,320,16,825,0.0212274530234,2.01500074822,32,79,false
L18_SEED_2_CONTROL,320,16,850,0.0202867661776,2.03500855647,32,79,false
L18_SEED_2_CONTROL,320,16,875,0.0194089045475,2.05459330066,32,79,false
L18_SEED_2_CONTROL,320,16,900,0.0185882224982,2.07377455803,32,79,false
L18_SEED_2_CONTROL,320,16,925,0.0178197059699,2.09257066566,32,79,false
L18_SEED_2_CONTROL,320,16,950,0.0170988886396,2.11099881614,32,79,false
L18_SEED_2_CONTROL,320,16,975,0.0164217808766,2.12907514527,32,79,false
L18_SEED_2_CONTROL,320,16,1000,0.0157848092994,2.14681481221,32,79,false
L18_SEED_2_CONTROL,320,16,1025,0.0151847651519,2.16423207295,32,79,false
L18_SEED_2_CONTROL,320,16,1050,0.0146187600524,2.18134034743,32,79,false
L18_SEED_2_CONTROL,320,16,1075,0.0140841879285,2.19815228097,32,80,false
L18_SEED_2_CONTROL,320,16,1100,0.0135786921648,2.21467980052,32,80,false
L18_SEED_2_CONTROL,320,16,1125,0.0131001371591,2.23093416617,32,80,false
L18_SEED_2_CONTROL,320,16,1150,0.0126465836194,2.24692601829,32,80,false
L18_SEED_2_CONTROL,320,16,1175,0.0122162670478,2.26266542082,32,80,false
L18_SEED_2_CONTROL,320,16,1200,0.0118075789466,2.27816190098,32,80,false
L18_SEED_2_CONTROL,320,16,1225,0.0114190503595,2.29342448575,32,80,false
L18_SEED_2_CONTROL,320,16,1250,0.0110493374177,2.30846173536,32,80,false
L18_SEED_2_CONTROL,320,16,1275,0.0106972086183,2.32328177415,32,80,false
L18_SEED_2_CONTROL,320,16,1300,0.0103615335979,2.337892319,32,80,false
L18_SEED_2_CONTROL,320,16,1325,0.0100412732039,2.35230070552,32,80,false
L18_SEED_2_CONTROL,320,16,1350,0.00973547069344,2.36651391222,32,80,false
L18_SEED_2_CONTROL,320,16,1375,0.00944324391641,2.38053858282,32,80,false
L18_SEED_2_CONTROL,320,16,1400,0.00916377835586,2.39438104694,32,80,false
L18_SEED_2_CONTROL,320,16,1425,0.00889632092142,2.40804733918,32,79,false
L18_SEED_2_CONTROL,320,16,1450,0.00864017440243,2.42154321685,32,79,false
L18_SEED_2_CONTROL,320,16,1475,0.00839469250163,2.43487417637,32,79,false
L18_SEED_2_CONTROL,320,16,1500,0.0081592753807,2.44804546853,32,79,false
L18_SEED_2_CONTROL,320,16,1525,0.00793336565772,2.46106211264,32,79,false
L18_SEED_2_CONTROL,320,16,1550,0.00771644480474,2.47392890971,32,79,false
L18_SEED_2_CONTROL,320,16,1575,0.00750802989994,2.48665045472,32,79,false
L18_SEED_2_CONTROL,320,16,1600,0.00730767069505,2.49923114802,32,79,false
L18_SEED_2_CONTROL,320,16,1625,0.0071149469631,2.51167520601,32,79,false
L18_SEED_2_CONTROL,320,16,1650,0.0069294660962,2.52398667109,32,79,false
L18_SEED_2_CONTROL,320,16,1675,0.00675086092668,2.53616942089,32,79,false
L18_SEED_2_CONTROL,320,16,1700,0.0065787877478,2.54822717705,32,79,false
L18_SEED_2_CONTROL,320,16,1725,0.00641292451358,2.56016351326,32,79,false
L18_SEED_2_CONTROL,320,16,1750,0.00625296919907,2.57198186292,32,79,false
L18_SEED_2_CONTROL,320,16,1775,0.00609863830496,2.58368552627,32,79,false
L18_SEED_2_CONTROL,320,16,1800,0.00594966549213,2.59527767705,32,79,false
L18_SEED_2_CONTROL,320,16,1825,0.00580580033321,2.60676136881,32,79,false
L18_SEED_2_CONTROL,320,16,1850,0.00566680716979,2.61813954083,32,79,false
L18_SEED_2_CONTROL,320,16,1875,0.00553246406519,2.62941502358,32,79,false
L18_SEED_2_CONTROL,320,16,1900,0.00540256184356,2.64059054405,32,79,false
L18_SEED_2_CONTROL,320,16,1925,0.00527690320744,2.65166873057,32,79,false
L18_SEED_2_CONTROL,320,16,1950,0.00515530192619,2.66265211748,32,79,false
L18_SEED_2_CONTROL,320,16,1975,0.00503758208918,2.67354314948,32,79,false
L18_SEED_2_CONTROL,320,16,2000,0.00492357741747,2.68434418576,32,78,false
L18_SEED_2_CONTROL,320,17,0,3.53380631135,3.57065074392,1,3,false
L18_SEED_2_CONTROL,320,17,25,1.19225356597,1.56975553145,27,101,false
L18_SEED_2_CONTROL,320,17,50,0.593948325757,1.22122439173,30,90,false
L18_SEED_2_CONTROL,320,17,75,0.38683501361,1.19571983344,31,79,true
L18_SEED_2_CONTROL,320,17,100,0.285616517118,1.20468006031,32,72,false
L18_SEED_2_CONTROL,320,17,125,0.225914963494,1.24219616675,32,74,false
L18_SEED_2_CONTROL,320,17,150,0.186139217945,1.28674707712,32,74,false
L18_SEED_2_CONTROL,320,17,175,0.157509297635,1.33430626981,32,74,false
L18_SEED_2_CONTROL,320,17,200,0.135824440228,1.38201827637,32,75,false
L18_SEED_2_CONTROL,320,17,225,0.118803258126,1.42888582453,32,75,false
L18_SEED_2_CONTROL,320,17,250,0.105087134793,1.47444994649,32,75,false
L18_SEED_2_CONTROL,320,17,275,0.0938092310696,1.51852673433,32,75,false
L18_SEED_2_CONTROL,320,17,300,0.0843863915255,1.56105614542,32,75,false
L18_SEED_2_CONTROL,320,17,325,0.0764096567182,1.60204379385,32,76,false
L18_SEED_2_CONTROL,320,17,350,0.0695825522447,1.64153196847,32,76,false
L18_SEED_2_CONTROL,320,17,375,0.0636842874178,1.67958121654,32,76,false
L18_SEED_2_CONTROL,320,17,400,0.0585467519795,1.71626073242,32,76,false
L18_SEED_2_CONTROL,320,17,425,0.0540395560653,1.75164283081,32,76,false
L18_SEED_2_CONTROL,320,17,450,0.0500599680154,1.78579969932,32,76,false
L18_SEED_2_CONTROL,320,17,475,0.0465259493035,1.81880154436,32,76,false
L18_SEED_2_CONTROL,320,17,500,0.043371213114,1.85071555228,32,76,false
L18_SEED_2_CONTROL,320,17,525,0.0405416434316,1.88160535186,32,76,false
L18_SEED_2_CONTROL,320,17,550,0.0379926518734,1.91153078703,32,76,false
L18_SEED_2_CONTROL,320,17,575,0.0356871951069,1.94054788168,32,76,false
L18_SEED_2_CONTROL,320,17,600,0.0335942665966,1.96870892239,32,76,false
L18_SEED_2_CONTROL,320,17,625,0.0316877347291,1.99606261119,32,76,false
L18_SEED_2_CONTROL,320,17,650,0.0299454376918,2.02265425739,32,77,false
L18_SEED_2_CONTROL,320,17,675,0.0283484712194,2.0485259883,32,77,false
L18_SEED_2_CONTROL,320,17,700,0.0268806229634,2.07371696582,32,77,false
L18_SEED_2_CONTROL,320,17,725,0.0255279195343,2.0982636007,32,76,false
L18_SEED_2_CONTROL,320,17,750,0.0242782609826,2.12219975907,32,76,false
L18_SEED_2_CONTROL,320,17,775,0.0231211237438,2.14555695861,32,76,false
L18_SEED_2_CONTROL,320,17,800,0.0220473176351,2.16836455238,32,76,false
L18_SEED_2_CONTROL,320,17,825,0.0210487858503,2.19064989997,32,76,false
L18_SEED_2_CONTROL,320,17,850,0.0201184394007,2.21243852574,32,76,false
L18_SEED_2_CONTROL,320,17,875,0.019250019335,2.23375426454,32,76,false
L18_SEED_2_CONTROL,320,17,900,0.0184379814961,2.2546193956,32,76,false
L18_SEED_2_CONTROL,320,17,925,0.0176773996708,2.2750547651,32,76,false
L18_SEED_2_CONTROL,320,17,950,0.0169638838308,2.29507989838,32,76,false
L18_SEED_2_CONTROL,320,17,975,0.0162935108177,2.31471310248,32,76,false
L18_SEED_2_CONTROL,320,17,1000,0.0156627653419,2.33397155989,32,76,false
L18_SEED_2_CONTROL,320,17,1025,0.0150684895667,2.35287141409,32,76,false
L18_SEED_2_CONTROL,320,17,1050,0.0145078398718,2.37142784777,32,76,false
L18_SEED_2_CONTROL,320,17,1075,0.0139782496427,2.38965515433,32,76,false
L18_SEED_2_CONTROL,320,17,1100,0.0134773971415,2.40756680316,32,76,false
L18_SEED_2_CONTROL,320,17,1125,0.0130031776755,2.42517549948,32,76,false
L18_SEED_2_CONTROL,320,17,1150,0.0125536794154,2.44249323897,32,76,false
L18_SEED_2_CONTROL,320,17,1175,0.0121271623241,2.45953135798,32,76,false
L18_SEED_2_CONTROL,320,17,1200,0.0117220397432,2.47630057943,32,76,false
L18_SEED_2_CONTROL,320,17,1225,0.0113368622601,2.49281105501,32,76,false
L18_SEED_2_CONTROL,320,17,1250,0.0109703035356,2.50907240391,32,76,false
L18_SEED_2_CONTROL,320,17,1275,0.0106211478234,2.52509374843,32,76,false
L18_SEED_2_CONTROL,320,17,1300,0.0102882789538,2.54088374679,32,76,false
L18_SEED_2_CONTROL,320,17,1325,0.00997067058606,2.55645062325,32,76,false
L18_SEED_2_CONTROL,320,17,1350,0.00966737756536,2.57180219604,32,76,false
L18_SEED_2_CONTROL,320,17,1375,0.00937752824253,2.58694590298,32,77,false
L18_SEED_2_CONTROL,320,17,1400,0.00910031763491,2.60188882524,32,77,false
L18_SEED_2_CONTROL,320,17,1425,0.00883500132436,2.61663770933,32,77,false
L18_SEED_2_CONTROL,320,17,1450,0.00858089000236,2.63119898737,32,77,false
L18_SEED_2_CONTROL,320,17,1475,0.00833734458459,2.64557879597,32,77,false
L18_SEED_2_CONTROL,320,17,1500,0.00810377182756,2.65978299367,32,77,false
L18_SEED_2_CONTROL,320,17,1525,0.00787962038884,2.67381717719,32,77,false
L18_SEED_2_CONTROL,320,17,1550,0.00766437728013,2.68768669646,32,77,false
L18_SEED_2_CONTROL,320,17,1575,0.00745756466859,2.70139666868,32,77,false
L18_SEED_2_CONTROL,320,17,1600,0.00725873698784,2.71495199136,32,77,false
L18_SEED_2_CONTROL,320,17,1625,0.00706747832453,2.72835735447,32,77,false
L18_SEED_2_CONTROL,320,17,1650,0.00688340005065,2.74161725182,32,77,false
L18_SEED_2_CONTROL,320,17,1675,0.00670613867545,2.75473599162,32,77,false
L18_SEED_2_CONTROL,320,17,1700,0.00653535389375,2.76771770639,32,77,false
L18_SEED_2_CONTROL,320,17,1725,0.00637072681039,2.78056636223,32,77,false
L18_SEED_2_CONTROL,320,17,1750,0.00621195832262,2.79328576745,32,77,false
L18_SEED_2_CONTROL,320,17,1775,0.0060587676446,2.8058795807,32,77,false
L18_SEED_2_CONTROL,320,17,1800,0.00591089095981,2.81835131858,32,77,false
L18_SEED_2_CONTROL,320,17,1825,0.00576808018867,2.83070436275,32,77,false
L18_SEED_2_CONTROL,320,17,1850,0.00563010186032,2.84294196667,32,77,false
L18_SEED_2_CONTROL,320,17,1875,0.00549673607854,2.85506726184,32,77,false
L18_SEED_2_CONTROL,320,17,1900,0.00536777557271,2.86708326375,32,77,false
L18_SEED_2_CONTROL,320,17,1925,0.0052430248261,2.87899287745,32,77,false
L18_SEED_2_CONTROL,320,17,1950,0.00512229927421,2.89079890276,32,77,false
L18_SEED_2_CONTROL,320,17,1975,0.00500542456667,2.90250403922,32,77,false
L18_SEED_2_CONTROL,320,17,2000,0.00489223588717,2.91411089076,32,77,false
L18_SEED_2_CONTROL,320,18,0,3.52388662137,3.56371457082,1,3,false
L18_SEED_2_CONTROL,320,18,25,1.17480656743,1.61937189781,27,94,false
L18_SEED_2_CONTROL,320,18,50,0.590210272415,1.30660141086,31,77,false
L18_SEED_2_CONTROL,320,18,75,0.387082906273,1.29925549373,31,77,true
L18_SEED_2_CONTROL,320,18,100,0.285130905658,1.32249361695,32,72,false
L18_SEED_2_CONTROL,320,18,125,0.224537269231,1.37026276669,32,71,false
L18_SEED_2_CONTROL,320,18,150,0.184291855488,1.42361031828,32,71,false
L18_SEED_2_CONTROL,320,18,175,0.155466967243,1.47913174459,32,71,false
L18_SEED_2_CONTROL,320,18,200,0.133736105055,1.53412237553,32,73,false
L18_SEED_2_CONTROL,320,18,225,0.116749003375,1.58760486999,32,73,false
L18_SEED_2_CONTROL,320,18,250,0.103109732739,1.63924183413,32,73,false
L18_SEED_2_CONTROL,320,18,275,0.091930399883,1.68892842633,32,73,false
L18_SEED_2_CONTROL,320,18,300,0.0826155633403,1.7366711043,32,73,false
L18_SEED_2_CONTROL,320,18,325,0.0747489895728,1.78253021114,32,73,false
L18_SEED_2_CONTROL,320,18,350,0.0680299256616,1.8265923115,32,75,false
L18_SEED_2_CONTROL,320,18,375,0.0622351436784,1.86895490014,32,75,false
L18_SEED_2_CONTROL,320,18,400,0.0571952435734,1.90971803882,32,75,false
L18_SEED_2_CONTROL,320,18,425,0.0527792620911,1.94898004145,32,74,false
L18_SEED_2_CONTROL,320,18,450,0.0488843372486,1.98683514769,32,74,false
L18_SEED_2_CONTROL,320,18,475,0.04542856801,2.02337237793,32,74,false
L18_SEED_2_CONTROL,320,18,500,0.0423459600659,2.05867505644,32,74,false
L18_SEED_2_CONTROL,320,18,525,0.0395827725019,2.09282072495,32,74,false
L18_SEED_2_CONTROL,320,18,550,0.0370948285437,2.12588128001,32,74,false
L18_SEED_2_CONTROL,320,18,575,0.0348455041322,2.1579232355,32,74,false
L18_SEED_2_CONTROL,320,18,600,0.0328042021252,2.18900804973,32,74,false
L18_SEED_2_CONTROL,320,18,625,0.0309451802549,2.21919247972,32,74,false
L18_SEED_2_CONTROL,320,18,650,0.0292466406191,2.24852894002,32,74,false
L18_SEED_2_CONTROL,320,18,675,0.0276900151044,2.27706585218,32,75,false
L18_SEED_2_CONTROL,320,18,700,0.0262593993517,2.30484797714,32,74,false
L18_SEED_2_CONTROL,320,18,725,0.0249411005658,2.33191672628,32,74,false
L18_SEED_2_CONTROL,320,18,750,0.0237232734372,2.35831044942,32,74,false
L18_SEED_2_CONTROL,320,18,775,0.0225956248811,2.38406469949,32,74,false
L18_SEED_2_CONTROL,320,18,800,0.0215491729747,2.40921247436,32,74,false
L18_SEED_2_CONTROL,320,18,825,0.0205760489092,2.43378443724,32,74,false
L18_SEED_2_CONTROL,320,18,850,0.019669333326,2.45780911676,32,74,false
L18_SEED_2_CONTROL,320,18,875,0.0188229203235,2.48131308861,32,74,false
L18_SEED_2_CONTROL,320,18,900,0.0180314038727,2.50432114,32,74,false
L18_SEED_2_CONTROL,320,18,925,0.0172899824852,2.52685641879,32,74,false
L18_SEED_2_CONTROL,320,18,950,0.0165943788324,2.54894056847,32,75,false
L18_SEED_2_CONTROL,320,18,975,0.0159407716757,2.57059385049,32,75,false
L18_SEED_2_CONTROL,320,18,1000,0.0153257379834,2.59183525516,32,75,false
L18_SEED_2_CONTROL,320,18,1025,0.0147462035169,2.61268260224,32,75,false
L18_SEED_2_CONTROL,320,18,1050,0.014199400489,2.63315263229,32,75,false
L18_SEED_2_CONTROL,320,18,1075,0.0136828311531,2.65326108961,32,75,false
L18_SEED_2_CONTROL,320,18,1100,0.0131942363863,2.67302279775,32,75,false
L18_SEED_2_CONTROL,320,18,1125,0.0127315684931,2.69245172821,32,75,false
L18_SEED_2_CONTROL,320,18,1150,0.0122929675898,2.71156106312,32,75,false
L18_SEED_2_CONTROL,320,18,1175,0.0118767410383,2.73036325238,32,75,false
L18_SEED_2_CONTROL,320,18,1200,0.0114813454821,2.7488700659,32,75,false
L18_SEED_2_CONTROL,320,18,1225,0.0111053711152,2.76709264136,32,75,false
L18_SEED_2_CONTROL,320,18,1250,0.0107475278682,2.78504152799,32,75,false
L18_SEED_2_CONTROL,320,18,1275,0.0104066332485,2.80272672667,32,75,false
L18_SEED_2_CONTROL,320,18,1300,0.0100816016097,2.82015772672,32,75,false
L18_SEED_2_CONTROL,320,18,1325,0.00977143466106,2.8373435398,32,75,false
L18_SEED_2_CONTROL,320,18,1350,0.00947521305446,2.85429273098,32,75,false
L18_SEED_2_CONTROL,320,18,1375,0.00919208890983,2.87101344743,32,75,false
L18_SEED_2_CONTROL,320,18,1400,0.00892127916144,2.88751344489,32,75,false
L18_SEED_2_CONTROL,320,18,1425,0.00866205962224,2.90380011203,32,75,false
L18_SEED_2_CONTROL,320,18,1450,0.00841375967881,2.91988049306,32,75,false
L18_SEED_2_CONTROL,320,18,1475,0.0081757575408,2.93576130857,32,75,false
L18_SEED_2_CONTROL,320,18,1500,0.00794747597925,2.95144897484,32,75,false
L18_SEED_2_CONTROL,320,18,1525,0.00772837849675,2.9669496218,32,75,false
L18_SEED_2_CONTROL,320,18,1550,0.00751796587973,2.98226910964,32,75,false
L18_SEED_2_CONTROL,320,18,1575,0.00731577308972,2.99741304424,32,75,false
L18_SEED_2_CONTROL,320,18,1600,0.00712136645568,3.01238679158,32,75,false
L18_SEED_2_CONTROL,320,18,1625,0.00693434113435,3.02719549104,32,75,false
L18_SEED_2_CONTROL,320,18,1650,0.00675431880958,3.04184406794,32,75,false
L18_SEED_2_CONTROL,320,18,1675,0.00658094560506,3.05633724507,32,75,false
L18_SEED_2_CONTROL,320,18,1700,0.00641389018806,3.07067955362,32,75,false
L18_SEED_2_CONTROL,320,18,1725,0.00625284204418,3.08487534322,32,75,false
L18_SEED_2_CONTROL,320,18,1750,0.00609750990569,3.09892879148,32,75,false
L18_SEED_2_CONTROL,320,18,1775,0.00594762031797,3.11284391281,32,75,false
L18_SEED_2_CONTROL,320,18,1800,0.00580291633009,3.12662456674,32,75,false
L18_SEED_2_CONTROL,320,18,1825,0.00566315629747,3.14027446569,32,75,false
L18_SEED_2_CONTROL,320,18,1850,0.00552811278558,3.15379718226,32,75,false
L18_SEED_2_CONTROL,320,18,1875,0.00539757156513,3.16719615613,32,75,false
L18_SEED_2_CONTROL,320,18,1900,0.00527133068994,3.18047470042,32,75,false
L18_SEED_2_CONTROL,320,18,1925,0.00514919964975,3.19363600781,32,75,false
L18_SEED_2_CONTROL,320,18,1950,0.0050309985912,3.2066831562,32,75,false
L18_SEED_2_CONTROL,320,18,1975,0.00491655760048,3.21961911409,32,75,false
L18_SEED_2_CONTROL,320,18,2000,0.00480571604236,3.23244674562,32,75,false
L18_SEED_2_CONTROL,320,19,0,3.52712805285,3.56644122192,1,3,false
L18_SEED_2_CONTROL,320,19,25,1.18050267368,1.60336474197,27,93,false
L18_SEED_2_CONTROL,320,19,50,0.590061567145,1.28564595555,30,89,false
L18_SEED_2_CONTROL,320,19,75,0.385119441305,1.2736696927,31,77,true
L18_SEED_2_CONTROL,320,19,100,0.283756123859,1.29445803488,32,72,false
L18_SEED_2_CONTROL,320,19,125,0.223852077262,1.34089198871,32,71,false
L18_SEED_2_CONTROL,320,19,150,0.184044691948,1.39303754492,32,71,false
L18_SEED_2_CONTROL,320,19,175,0.155478834393,1.44748412591,32,73,false
L18_SEED_2_CONTROL,320,19,200,0.133901105549,1.50142428741,32,73,false
L18_SEED_2_CONTROL,320,19,225,0.117004656388,1.55392915223,32,73,false
L18_SEED_2_CONTROL,320,19,250,0.103418032398,1.60466448254,32,73,false
L18_SEED_2_CONTROL,320,19,275,0.0922674770144,1.65350926453,32,74,false
L18_SEED_2_CONTROL,320,19,300,0.0829660591231,1.70045942449,32,74,false
L18_SEED_2_CONTROL,320,19,325,0.0751028803958,1.7455672101,32,74,false
L18_SEED_2_CONTROL,320,19,350,0.0683806481569,1.78891322558,32,74,false
L18_SEED_2_CONTROL,320,19,375,0.0625784375681,1.83059037193,32,74,false
L18_SEED_2_CONTROL,320,19,400,0.0575284094111,1.87069508618,32,74,false
L18_SEED_2_CONTROL,320,19,425,0.0531006700048,1.90932270844,32,74,false
L18_SEED_2_CONTROL,320,19,450,0.0491930939519,1.94656497072,32,75,false
L18_SEED_2_CONTROL,320,19,475,0.045724287154,1.98250873765,32,75,false
L18_SEED_2_CONTROL,320,19,500,0.0426286019599,2.01723546195,32,75,false
L18_SEED_2_CONTROL,320,19,525,0.0398525313853,2.05082105257,32,75,false
L18_SEED_2_CONTROL,320,19,550,0.0373520529622,2.08333597905,32,75,false
L18_SEED_2_CONTROL,320,19,575,0.0350906406213,2.11484550751,32,75,false
L18_SEED_2_CONTROL,320,19,600,0.033037755433,2.14541000503,32,76,false
L18_SEED_2_CONTROL,320,19,625,0.03116768537,2.17508527397,32,76,false
L18_SEED_2_CONTROL,320,19,650,0.0294586432546,2.2039228929,32,76,false
L18_SEED_2_CONTROL,320,19,675,0.0278920582516,2.23197055012,32,76,false
L18_SEED_2_CONTROL,320,19,700,0.0264520141954,2.25927236196,32,76,false
L18_SEED_2_CONTROL,320,19,725,0.0251248005288,2.28586917145,32,76,false
L18_SEED_2_CONTROL,320,19,750,0.0238985504647,2.31179882549,32,76,false
L18_SEED_2_CONTROL,320,19,775,0.0227629473228,2.33709643019,32,76,false
L18_SEED_2_CONTROL,320,19,800,0.0217089845948,2.36179458464,32,76,false
L18_SEED_2_CONTROL,320,19,825,0.0207287686862,2.3859235944,32,76,false
L18_SEED_2_CONTROL,320,19,850,0.0198153557957,2.40951166575,32,76,false
L18_SEED_2_CONTROL,320,19,875,0.0189626162873,2.43258508228,32,76,false
L18_SEED_2_CONTROL,320,19,900,0.0181651213406,2.45516836516,32,76,false
L18_SEED_2_CONTROL,320,19,925,0.0174180477615,2.47728441863,32,76,false
L18_SEED_2_CONTROL,320,19,950,0.0167170976771,2.49895466198,32,75,false
L18_SEED_2_CONTROL,320,19,975,0.0160584304952,2.52019914932,32,75,false
L18_SEED_2_CONTROL,320,19,1000,0.0154386050169,2.5410366783,32,75,false
L18_SEED_2_CONTROL,320,19,1025,0.014854529996,2.5614848889,32,75,false
L18_SEED_2_CONTROL,320,19,1050,0.0143034217564,2.58156035316,32,75,false
L18_SEED_2_CONTROL,320,19,1075,0.0137827677297,2.6012786569,32,75,false
L18_SEED_2_CONTROL,320,19,1100,0.0132902949824,2.62065447407,32,75,false
L18_SEED_2_CONTROL,320,19,1125,0.0128239429608,2.63970163452,32,75,false
L18_SEED_2_CONTROL,320,19,1150,0.0123818398158,2.65843318586,32,75,false
L18_SEED_2_CONTROL,320,19,1175,0.0119622817777,2.67686144995,32,75,false
L18_SEED_2_CONTROL,320,19,1200,0.0115637151358,2.6949980745,32,75,false
L18_SEED_2_CONTROL,320,19,1225,0.0111847204526,2.71285408041,32,75,false
L18_SEED_2_CONTROL,320,19,1250,0.010823998698,2.73043990503,32,75,false
L18_SEED_2_CONTROL,320,19,1275,0.0104803590407,2.74776544191,32,75,false
L18_SEED_2_CONTROL,320,19,1300,0.0101527080723,2.76484007729,32,75,false
L18_SEED_2_CONTROL,320,19,1325,0.00984004027369,2.78167272368,32,75,false
L18_SEED_2_CONTROL,320,19,1350,0.00954142956198,2.79827185068,32,75,false
L18_SEED_2_CONTROL,320,19,1375,0.00925602177966,2.81464551348,32,75,false
L18_SEED_2_CONTROL,320,19,1400,0.00898302800628,2.83080137909,32,75,false
L18_SEED_2_CONTROL,320,19,1425,0.00872171859134,2.84674675057,32,75,false
L18_SEED_2_CONTROL,320,19,1450,0.00847141781998,2.86248858939,32,75,false
L18_SEED_2_CONTROL,320,19,1475,0.00823149913546,2.87803353625,32,75,false
L18_SEED_2_CONTROL,320,19,1500,0.00800138085266,2.89338793016,32,75,false
L18_SEED_2_CONTROL,320,19,1525,0.00778052230528,2.90855782634,32,75,false
L18_SEED_2_CONTROL,320,19,1550,0.00756842037705,2.92354901266,32,75,false
L18_SEED_2_CONTROL,320,19,1575,0.00736460637346,2.93836702504,32,75,false
L18_SEED_2_CONTROL,320,19,1600,0.00716864319623,2.9530171617,32,75,false
L18_SEED_2_CONTROL,320,19,1625,0.00698012278706,2.96750449643,32,75,false
L18_SEED_2_CONTROL,320,19,1650,0.0067986638118,2.98183389099,32,75,false
L18_SEED_2_CONTROL,320,19,1675,0.00662390955908,2.99601000661,32,75,false
L18_SEED_2_CONTROL,320,19,1700,0.00645552603113,3.01003731481,32,75,false
L18_SEED_2_CONTROL,320,19,1725,0.00629320020656,3.02392010741,32,75,false
L18_SEED_2_CONTROL,320,19,1750,0.00613663845775,3.03766250596,32,75,false
L18_SEED_2_CONTROL,320,19,1775,0.00598556510703,3.05126847053,32,75,false
L18_SEED_2_CONTROL,320,19,1800,0.00583972110793,3.06474180798,32,75,false
L18_SEED_2_CONTROL,320,19,1825,0.00569886283912,3.07808617962,32,75,false
L18_SEED_2_CONTROL,320,19,1850,0.00556276100016,3.09130510852,32,75,false
L18_SEED_2_CONTROL,320,19,1875,0.00543119959919,3.10440198628,32,75,false
L18_SEED_2_CONTROL,320,19,1900,0.00530397502399,3.11738007942,32,76,false
L18_SEED_2_CONTROL,320,19,1925,0.00518089518846,3.13024253538,32,76,false
L18_SEED_2_CONTROL,320,19,1950,0.00506177874765,3.1429923882,32,76,false
L18_SEED_2_CONTROL,320,19,1975,0.00494645437504,3.1556325638,32,76,false
L18_SEED_2_CONTROL,320,19,2000,0.00483476009647,3.16816588502,32,76,false
L18_SEED_2_CONTROL,320,20,0,3.5515624002,3.59240991538,1,4,false
L18_SEED_2_CONTROL,320,20,25,1.21478753013,1.60609967696,27,101,false
L18_SEED_2_CONTROL,320,20,50,0.622130258846,1.30972565068,30,91,true
L18_SEED_2_CONTROL,320,20,75,0.418260622636,1.31395008005,30,89,false
L18_SEED_2_CONTROL,320,20,100,0.313360439882,1.3476406903,30,88,false
L18_SEED_2_CONTROL,320,20,125,0.249559001926,1.40493831652,32,74,false
L18_SEED_2_CONTROL,320,20,150,0.206564724555,1.46806395607,32,73,false
L18_SEED_2_CONTROL,320,20,175,0.175454307367,1.53344161661,32,72,false
L18_SEED_2_CONTROL,320,20,200,0.151815765026,1.59805435986,32,73,false
L18_SEED_2_CONTROL,320,20,225,0.133222038908,1.66071669583,32,72,false
L18_SEED_2_CONTROL,320,20,250,0.11821661103,1.72096223167,32,71,false
L18_SEED_2_CONTROL,320,20,275,0.105864515628,1.77858196891,32,66,false
L18_SEED_2_CONTROL,320,20,300,0.0955336463732,1.83351786417,32,66,false
L18_SEED_2_CONTROL,320,20,325,0.0867789296022,1.88580849319,32,66,false
L18_SEED_2_CONTROL,320,20,350,0.0792766333319,1.93556061348,32,66,false
L18_SEED_2_CONTROL,320,20,375,0.0727850480332,1.98293162273,32,66,false
L18_SEED_2_CONTROL,320,20,400,0.0671199107451,2.02811461286,32,66,false
L18_SEED_2_CONTROL,320,20,425,0.0621384236415,2.07132125741,32,66,false
L18_SEED_2_CONTROL,320,20,450,0.0577284287311,2.11276321658,32,66,false
L18_SEED_2_CONTROL,320,20,475,0.0538007852986,2.15263606392,32,66,false
L18_SEED_2_CONTROL,320,20,500,0.0502838468449,2.19110932767,32,66,false
L18_SEED_2_CONTROL,320,20,525,0.0471193969109,2.22832350519,32,66,false
L18_SEED_2_CONTROL,320,20,550,0.0442596368158,2.26439231195,32,66,false
L18_SEED_2_CONTROL,320,20,575,0.0416649402487,2.29940750592,32,66,false
L18_SEED_2_CONTROL,320,20,600,0.0393021660821,2.33344413601,32,67,false
L18_SEED_2_CONTROL,320,20,625,0.0371433770814,2.36656505019,32,67,false
L18_SEED_2_CONTROL,320,20,650,0.035164855028,2.39882430342,32,67,false
L18_SEED_2_CONTROL,320,20,675,0.0333463343364,2.43026954394,32,67,false
L18_SEED_2_CONTROL,320,20,700,0.0316703987138,2.46094361225,32,67,false
L18_SEED_2_CONTROL,320,20,725,0.0301220010825,2.49088559176,32,67,false
L18_SEED_2_CONTROL,320,20,750,0.0286880778868,2.52013150106,32,67,false
L18_SEED_2_CONTROL,320,20,775,0.0273572365322,2.54871476009,32,67,false
L18_SEED_2_CONTROL,320,20,800,0.0261195000985,2.57666651711,32,67,false
L18_SEED_2_CONTROL,320,20,825,0.0249660973504,2.60401589019,32,67,false
L18_SEED_2_CONTROL,320,20,850,0.0238892888824,2.63079015573,32,67,false
L18_SEED_2_CONTROL,320,20,875,0.0228822223236,2.65701490356,32,67,false
L18_SEED_2_CONTROL,320,20,900,0.02193881108,2.68271416969,32,67,false
L18_SEED_2_CONTROL,320,20,925,0.0210536322698,2.70791055351,32,68,false
L18_SEED_2_CONTROL,320,20,950,0.0202218404033,2.73262532316,32,68,false
L18_SEED_2_CONTROL,320,20,975,0.0194390940547,2.7568785115,32,68,false
L18_SEED_2_CONTROL,320,20,1000,0.0187014933086,2.78068900412,32,68,false
L18_SEED_2_CONTROL,320,20,1025,0.0180055261873,2.80407462022,32,68,false
L18_SEED_2_CONTROL,320,20,1050,0.0173480225988,2.8270521873,32,68,false
L18_SEED_2_CONTROL,320,20,1075,0.0167261146103,2.84963760991,32,68,false
L18_SEED_2_CONTROL,320,20,1100,0.0161372020621,2.87184593315,32,68,false
L18_SEED_2_CONTROL,320,20,1125,0.0155789227106,2.89369140125,32,67,false
L18_SEED_2_CONTROL,320,20,1150,0.0150491262238,2.91518751154,32,67,false
L18_SEED_2_CONTROL,320,20,1175,0.0145458514673,2.93634706429,32,67,false
L18_SEED_2_CONTROL,320,20,1200,0.014067306609,2.95718220866,32,67,false
L18_SEED_2_CONTROL,320,20,1225,0.0136118516459,2.97770448509,32,67,false
L18_SEED_2_CONTROL,320,20,1250,0.0131779830205,2.99792486441,32,67,false
L18_SEED_2_CONTROL,320,20,1275,0.0127643200421,3.01785378401,32,67,false
L18_SEED_2_CONTROL,320,20,1300,0.0123695928741,3.03750118119,32,67,false
L18_SEED_2_CONTROL,320,20,1325,0.011992631883,3.05687652402,32,67,false
L18_SEED_2_CONTROL,320,20,1350,0.0116323581725,3.07598883997,32,67,false
L18_SEED_2_CONTROL,320,20,1375,0.0112877751559,3.09484674226,32,67,false
L18_SEED_2_CONTROL,320,20,1400,0.0109579610349,3.11345845448,32,67,false
L18_SEED_2_CONTROL,320,20,1425,0.0106420620765,3.13183183327,32,67,false
L18_SEED_2_CONTROL,320,20,1450,0.0103392865908,3.14997438949,32,67,false
L18_SEED_2_CONTROL,320,20,1475,0.0100488995268,3.16789330783,32,67,false
L18_SEED_2_CONTROL,320,20,1500,0.00977021761551,3.18559546511,32,67,false
L18_SEED_2_CONTROL,320,20,1525,0.00950260499527,3.20308744727,32,67,false
L18_SEED_2_CONTROL,320,20,1550,0.00924546926738,3.22037556529,32,67,false
L18_SEED_2_CONTROL,320,20,1575,0.00899825793221,3.23746586994,32,67,false
L18_SEED_2_CONTROL,320,20,1600,0.00876045516504,3.25436416565,32,67,false
L18_SEED_2_CONTROL,320,20,1625,0.00853157889455,3.27107602343,32,67,false
L18_SEED_2_CONTROL,320,20,1650,0.00831117815174,3.28760679296,32,67,false
L18_SEED_2_CONTROL,320,20,1675,0.00809883066088,3.30396161394,32,67,false
L18_SEED_2_CONTROL,320,20,1700,0.00789414064739,3.32014542671,32,67,false
L18_SEED_2_CONTROL,320,20,1725,0.00769673684043,3.3361629822,32,67,false
L18_SEED_2_CONTROL,320,20,1750,0.00750627065056,3.3520188513,32,67,false
L18_SEED_2_CONTROL,320,20,1775,0.00732241450504,3.36771743367,32,67,false
L18_SEED_2_CONTROL,320,20,1800,0.00714486032526,3.38326296595,32,67,false
L18_SEED_2_CONTROL,320,20,1825,0.00697331813252,3.3986595296,32,67,false
L18_SEED_2_CONTROL,320,20,1850,0.0068075147698,3.41391105822,32,68,false
L18_SEED_2_CONTROL,320,20,1875,0.00664719272865,3.4290213444,32,68,false
L18_SEED_2_CONTROL,320,20,1900,0.00649210907129,3.4439940463,32,68,false
L18_SEED_2_CONTROL,320,20,1925,0.00634203443909,3.45883269375,32,68,false
L18_SEED_2_CONTROL,320,20,1950,0.00619675213973,3.47354069408,32,68,false
L18_SEED_2_CONTROL,320,20,1975,0.0060560573057,3.48812133757,32,68,false
L18_SEED_2_CONTROL,320,20,2000,0.005919756118,3.50257780267,32,68,false
