step,scheduled_lr,aux_adam_lr,muon_lr,learning_rate_schedule
2001,0.003299999982,0.003299999982,0.007499999832,linear_decay
2002,0.003299999982,0.003299999982,0.007499999832,linear_decay
2003,0.003299999982,0.003299999982,0.007499999832,linear_decay
2004,0.003299999982,0.003299999982,0.007499999832,linear_decay
2005,0.003299999982,0.003299999982,0.007499999832,linear_decay
2006,0.003299999982,0.003299999982,0.007499999832,linear_decay
2007,0.003299999982,0.003299999982,0.007499999832,linear_decay
2008,0.003299999982,0.003299999982,0.007499999832,linear_decay
2009,0.003299999982,0.003299999982,0.007499999832,linear_decay
2010,0.003299999982,0.003299999982,0.007499999832,linear_decay
2011,0.003299999982,0.003299999982,0.007499999832,linear_decay
2012,0.003299999982,0.003299999982,0.007499999832,linear_decay
2013,0.003299999982,0.003299999982,0.007499999832,linear_decay
2014,0.003299999982,0.003299999982,0.007499999832,linear_decay
2015,0.003299999982,0.003299999982,0.007499999832,linear_decay
2016,0.003299999982,0.003299999982,0.007499999832,linear_decay
2017,0.003299999982,0.003299999982,0.007499999832,linear_decay
2018,0.003299999982,0.003299999982,0.007499999832,linear_decay
2019,0.003299999982,0.003299999982,0.007499999832,linear_decay
2020,0.003299999982,0.003299999982,0.007499999832,linear_decay
2021,0.003299999982,0.003299999982,0.007499999832,linear_decay
2022,0.003299999982,0.003299999982,0.007499999832,linear_decay
2023,0.003299999982,0.003299999982,0.007499999832,linear_decay
2024,0.003299999982,0.003299999982,0.007499999832,linear_decay
2025,0.003299999982,0.003299999982,0.007499999832,linear_decay
2026,0.003299999982,0.003299999982,0.007499999832,linear_decay
2027,0.003299999982,0.003299999982,0.007499999832,linear_decay
2028,0.003299999982,0.003299999982,0.007499999832,linear_decay
2029,0.003299999982,0.003299999982,0.007499999832,linear_decay
2030,0.003299999982,0.003299999982,0.007499999832,linear_decay
2031,0.003299999982,0.003299999982,0.007499999832,linear_decay
2032,0.003299999982,0.003299999982,0.007499999832,linear_decay
2033,0.003299999982,0.003299999982,0.007499999832,linear_decay
2034,0.003299999982,0.003299999982,0.007499999832,linear_decay
2035,0.003299999982,0.003299999982,0.007499999832,linear_decay
2036,0.003299999982,0.003299999982,0.007499999832,linear_decay
2037,0.003299999982,0.003299999982,0.007499999832,linear_decay
2038,0.003299999982,0.003299999982,0.007499999832,linear_decay
2039,0.003299999982,0.003299999982,0.007499999832,linear_decay
2040,0.003299999982,0.003299999982,0.007499999832,linear_decay
2041,0.003299999982,0.003299999982,0.007499999832,linear_decay
2042,0.003299999982,0.003299999982,0.007499999832,linear_decay
2043,0.003299999982,0.003299999982,0.007499999832,linear_decay
2044,0.003299999982,0.003299999982,0.007499999832,linear_decay
2045,0.003299999982,0.003299999982,0.007499999832,linear_decay
2046,0.003299999982,0.003299999982,0.007499999832,linear_decay
2047,0.003299999982,0.003299999982,0.007499999832,linear_decay
2048,0.003299999982,0.003299999982,0.007499999832,linear_decay
2049,0.003299999982,0.003299999982,0.007499999832,linear_decay
2050,0.003299999982,0.003299999982,0.007499999832,linear_decay
2051,0.003299999982,0.003299999982,0.007499999832,linear_decay
2052,0.003299999982,0.003299999982,0.007499999832,linear_decay
2053,0.003299999982,0.003299999982,0.007499999832,linear_decay
2054,0.003299999982,0.003299999982,0.007499999832,linear_decay
2055,0.003299999982,0.003299999982,0.007499999832,linear_decay
2056,0.003299999982,0.003299999982,0.007499999832,linear_decay
2057,0.003299999982,0.003299999982,0.007499999832,linear_decay
2058,0.003299999982,0.003299999982,0.007499999832,linear_decay
2059,0.003299999982,0.003299999982,0.007499999832,linear_decay
2060,0.003299999982,0.003299999982,0.007499999832,linear_decay
2061,0.003299999982,0.003299999982,0.007499999832,linear_decay
2062,0.003299999982,0.003299999982,0.007499999832,linear_decay
2063,0.003299999982,0.003299999982,0.007499999832,linear_decay
2064,0.003299999982,0.003299999982,0.007499999832,linear_decay
2065,0.003299999982,0.003299999982,0.007499999832,linear_decay
2066,0.003299999982,0.003299999982,0.007499999832,linear_decay
2067,0.003299999982,0.003299999982,0.007499999832,linear_decay
2068,0.003299999982,0.003299999982,0.007499999832,linear_decay
2069,0.003299999982,0.003299999982,0.007499999832,linear_decay
2070,0.003299999982,0.003299999982,0.007499999832,linear_decay
2071,0.003299999982,0.003299999982,0.007499999832,linear_decay
2072,0.003299999982,0.003299999982,0.007499999832,linear_decay
2073,0.003299999982,0.003299999982,0.007499999832,linear_decay
2074,0.003299999982,0.003299999982,0.007499999832,linear_decay
2075,0.003299999982,0.003299999982,0.007499999832,linear_decay
2076,0.003299999982,0.003299999982,0.007499999832,linear_decay
2077,0.003299999982,0.003299999982,0.007499999832,linear_decay
2078,0.003299999982,0.003299999982,0.007499999832,linear_decay
2079,0.003299999982,0.003299999982,0.007499999832,linear_decay
2080,0.003299999982,0.003299999982,0.007499999832,linear_decay
2081,0.003299999982,0.003299999982,0.007499999832,linear_decay
2082,0.003299999982,0.003299999982,0.007499999832,linear_decay
2083,0.003299999982,0.003299999982,0.007499999832,linear_decay
2084,0.003299999982,0.003299999982,0.007499999832,linear_decay
2085,0.003299999982,0.003299999982,0.007499999832,linear_decay
2086,0.003299999982,0.003299999982,0.007499999832,linear_decay
2087,0.003299999982,0.003299999982,0.007499999832,linear_decay
2088,0.003299999982,0.003299999982,0.007499999832,linear_decay
2089,0.003299999982,0.003299999982,0.007499999832,linear_decay
2090,0.003299999982,0.003299999982,0.007499999832,linear_decay
2091,0.003299999982,0.003299999982,0.007499999832,linear_decay
2092,0.003299999982,0.003299999982,0.007499999832,linear_decay
2093,0.003299999982,0.003299999982,0.007499999832,linear_decay
2094,0.003299999982,0.003299999982,0.007499999832,linear_decay
2095,0.003299999982,0.003299999982,0.007499999832,linear_decay
2096,0.003299999982,0.003299999982,0.007499999832,linear_decay
2097,0.003299999982,0.003299999982,0.007499999832,linear_decay
2098,0.003299999982,0.003299999982,0.007499999832,linear_decay
2099,0.003299999982,0.003299999982,0.007499999832,linear_decay
2100,0.003299999982,0.003299999982,0.007499999832,linear_decay
2101,0.003299999982,0.003299999982,0.007499999832,linear_decay
2102,0.003299999982,0.003299999982,0.007499999832,linear_decay
2103,0.003299999982,0.003299999982,0.007499999832,linear_decay
2104,0.003299999982,0.003299999982,0.007499999832,linear_decay
2105,0.003299999982,0.003299999982,0.007499999832,linear_decay
2106,0.003299999982,0.003299999982,0.007499999832,linear_decay
2107,0.003299999982,0.003299999982,0.007499999832,linear_decay
2108,0.003299999982,0.003299999982,0.007499999832,linear_decay
2109,0.003299999982,0.003299999982,0.007499999832,linear_decay
2110,0.003299999982,0.003299999982,0.007499999832,linear_decay
2111,0.003299999982,0.003299999982,0.007499999832,linear_decay
2112,0.003299999982,0.003299999982,0.007499999832,linear_decay
2113,0.003299999982,0.003299999982,0.007499999832,linear_decay
2114,0.003299999982,0.003299999982,0.007499999832,linear_decay
2115,0.003299999982,0.003299999982,0.007499999832,linear_decay
2116,0.003299999982,0.003299999982,0.007499999832,linear_decay
2117,0.003299999982,0.003299999982,0.007499999832,linear_decay
2118,0.003299999982,0.003299999982,0.007499999832,linear_decay
2119,0.003299999982,0.003299999982,0.007499999832,linear_decay
2120,0.003299999982,0.003299999982,0.007499999832,linear_decay
2121,0.003299999982,0.003299999982,0.007499999832,linear_decay
2122,0.003299999982,0.003299999982,0.007499999832,linear_decay
2123,0.003299999982,0.003299999982,0.007499999832,linear_decay
2124,0.003299999982,0.003299999982,0.007499999832,linear_decay
2125,0.003299999982,0.003299999982,0.007499999832,linear_decay
2126,0.003299999982,0.003299999982,0.007499999832,linear_decay
2127,0.003299999982,0.003299999982,0.007499999832,linear_decay
2128,0.003299999982,0.003299999982,0.007499999832,linear_decay
2129,0.003299999982,0.003299999982,0.007499999832,linear_decay
2130,0.003299999982,0.003299999982,0.007499999832,linear_decay
2131,0.003299999982,0.003299999982,0.007499999832,linear_decay
2132,0.003299999982,0.003299999982,0.007499999832,linear_decay
2133,0.003299999982,0.003299999982,0.007499999832,linear_decay
2134,0.003299999982,0.003299999982,0.007499999832,linear_decay
2135,0.003299999982,0.003299999982,0.007499999832,linear_decay
2136,0.003299999982,0.003299999982,0.007499999832,linear_decay
2137,0.003299999982,0.003299999982,0.007499999832,linear_decay
2138,0.003299999982,0.003299999982,0.007499999832,linear_decay
2139,0.003299999982,0.003299999982,0.007499999832,linear_decay
2140,0.003299999982,0.003299999982,0.007499999832,linear_decay
2141,0.003299999982,0.003299999982,0.007499999832,linear_decay
2142,0.003299999982,0.003299999982,0.007499999832,linear_decay
2143,0.003299999982,0.003299999982,0.007499999832,linear_decay
2144,0.003299999982,0.003299999982,0.007499999832,linear_decay
2145,0.003299999982,0.003299999982,0.007499999832,linear_decay
2146,0.003299999982,0.003299999982,0.007499999832,linear_decay
2147,0.003299999982,0.003299999982,0.007499999832,linear_decay
2148,0.003299999982,0.003299999982,0.007499999832,linear_decay
2149,0.003299999982,0.003299999982,0.007499999832,linear_decay
2150,0.003299999982,0.003299999982,0.007499999832,linear_decay
2151,0.003299999982,0.003299999982,0.007499999832,linear_decay
2152,0.003299999982,0.003299999982,0.007499999832,linear_decay
2153,0.003299999982,0.003299999982,0.007499999832,linear_decay
2154,0.003299999982,0.003299999982,0.007499999832,linear_decay
2155,0.003299999982,0.003299999982,0.007499999832,linear_decay
2156,0.003299999982,0.003299999982,0.007499999832,linear_decay
2157,0.003299999982,0.003299999982,0.007499999832,linear_decay
2158,0.003299999982,0.003299999982,0.007499999832,linear_decay
2159,0.003299999982,0.003299999982,0.007499999832,linear_decay
2160,0.003299999982,0.003299999982,0.007499999832,linear_decay
2161,0.003299999982,0.003299999982,0.007499999832,linear_decay
2162,0.003299999982,0.003299999982,0.007499999832,linear_decay
2163,0.003299999982,0.003299999982,0.007499999832,linear_decay
2164,0.003299999982,0.003299999982,0.007499999832,linear_decay
2165,0.003299999982,0.003299999982,0.007499999832,linear_decay
2166,0.003299999982,0.003299999982,0.007499999832,linear_decay
2167,0.003299999982,0.003299999982,0.007499999832,linear_decay
2168,0.003299999982,0.003299999982,0.007499999832,linear_decay
2169,0.003299999982,0.003299999982,0.007499999832,linear_decay
2170,0.003299999982,0.003299999982,0.007499999832,linear_decay
2171,0.003299999982,0.003299999982,0.007499999832,linear_decay
2172,0.003299999982,0.003299999982,0.007499999832,linear_decay
2173,0.003299999982,0.003299999982,0.007499999832,linear_decay
2174,0.003299999982,0.003299999982,0.007499999832,linear_decay
2175,0.003299999982,0.003299999982,0.007499999832,linear_decay
2176,0.003299999982,0.003299999982,0.007499999832,linear_decay
2177,0.003299999982,0.003299999982,0.007499999832,linear_decay
2178,0.003299999982,0.003299999982,0.007499999832,linear_decay
2179,0.003299999982,0.003299999982,0.007499999832,linear_decay
2180,0.003299999982,0.003299999982,0.007499999832,linear_decay
2181,0.003299999982,0.003299999982,0.007499999832,linear_decay
2182,0.003299999982,0.003299999982,0.007499999832,linear_decay
2183,0.003299999982,0.003299999982,0.007499999832,linear_decay
2184,0.003299999982,0.003299999982,0.007499999832,linear_decay
2185,0.003299999982,0.003299999982,0.007499999832,linear_decay
2186,0.003299999982,0.003299999982,0.007499999832,linear_decay
2187,0.003299999982,0.003299999982,0.007499999832,linear_decay
2188,0.003299999982,0.003299999982,0.007499999832,linear_decay
2189,0.003299999982,0.003299999982,0.007499999832,linear_decay
2190,0.003299999982,0.003299999982,0.007499999832,linear_decay
2191,0.003299999982,0.003299999982,0.007499999832,linear_decay
2192,0.003299999982,0.003299999982,0.007499999832,linear_decay
2193,0.003299999982,0.003299999982,0.007499999832,linear_decay
2194,0.003299999982,0.003299999982,0.007499999832,linear_decay
2195,0.003299999982,0.003299999982,0.007499999832,linear_decay
2196,0.003299999982,0.003299999982,0.007499999832,linear_decay
2197,0.003299999982,0.003299999982,0.007499999832,linear_decay
2198,0.003299999982,0.003299999982,0.007499999832,linear_decay
2199,0.003299999982,0.003299999982,0.007499999832,linear_decay
2200,0.003299999982,0.003299999982,0.007499999832,linear_decay
2201,0.003299999982,0.003299999982,0.007499999832,linear_decay
2202,0.003299999982,0.003299999982,0.007499999832,linear_decay
2203,0.003299999982,0.003299999982,0.007499999832,linear_decay
2204,0.003299999982,0.003299999982,0.007499999832,linear_decay
2205,0.003299999982,0.003299999982,0.007499999832,linear_decay
2206,0.003299999982,0.003299999982,0.007499999832,linear_decay
2207,0.003299999982,0.003299999982,0.007499999832,linear_decay
2208,0.003299999982,0.003299999982,0.007499999832,linear_decay
2209,0.003299999982,0.003299999982,0.007499999832,linear_decay
2210,0.003299999982,0.003299999982,0.007499999832,linear_decay
2211,0.003299999982,0.003299999982,0.007499999832,linear_decay
2212,0.003299999982,0.003299999982,0.007499999832,linear_decay
2213,0.003299999982,0.003299999982,0.007499999832,linear_decay
2214,0.003299999982,0.003299999982,0.007499999832,linear_decay
2215,0.003299999982,0.003299999982,0.007499999832,linear_decay
2216,0.003299999982,0.003299999982,0.007499999832,linear_decay
2217,0.003299999982,0.003299999982,0.007499999832,linear_decay
2218,0.003299999982,0.003299999982,0.007499999832,linear_decay
2219,0.003299999982,0.003299999982,0.007499999832,linear_decay
2220,0.003299999982,0.003299999982,0.007499999832,linear_decay
2221,0.003299999982,0.003299999982,0.007499999832,linear_decay
2222,0.003299999982,0.003299999982,0.007499999832,linear_decay
2223,0.003299999982,0.003299999982,0.007499999832,linear_decay
2224,0.003299999982,0.003299999982,0.007499999832,linear_decay
2225,0.003299999982,0.003299999982,0.007499999832,linear_decay
2226,0.003299999982,0.003299999982,0.007499999832,linear_decay
2227,0.003299999982,0.003299999982,0.007499999832,linear_decay
2228,0.003299999982,0.003299999982,0.007499999832,linear_decay
2229,0.003299999982,0.003299999982,0.007499999832,linear_decay
2230,0.003299999982,0.003299999982,0.007499999832,linear_decay
2231,0.003299999982,0.003299999982,0.007499999832,linear_decay
2232,0.003299999982,0.003299999982,0.007499999832,linear_decay
2233,0.003299999982,0.003299999982,0.007499999832,linear_decay
2234,0.003299999982,0.003299999982,0.007499999832,linear_decay
2235,0.003299999982,0.003299999982,0.007499999832,linear_decay
2236,0.003299999982,0.003299999982,0.007499999832,linear_decay
2237,0.003299999982,0.003299999982,0.007499999832,linear_decay
2238,0.003299999982,0.003299999982,0.007499999832,linear_decay
2239,0.003299999982,0.003299999982,0.007499999832,linear_decay
2240,0.003299999982,0.003299999982,0.007499999832,linear_decay
2241,0.003299999982,0.003299999982,0.007499999832,linear_decay
2242,0.003299999982,0.003299999982,0.007499999832,linear_decay
2243,0.003299999982,0.003299999982,0.007499999832,linear_decay
2244,0.003299999982,0.003299999982,0.007499999832,linear_decay
2245,0.003299999982,0.003299999982,0.007499999832,linear_decay
2246,0.003299999982,0.003299999982,0.007499999832,linear_decay
2247,0.003299999982,0.003299999982,0.007499999832,linear_decay
2248,0.003299999982,0.003299999982,0.007499999832,linear_decay
2249,0.003299999982,0.003299999982,0.007499999832,linear_decay
2250,0.003299999982,0.003299999982,0.007499999832,linear_decay
2251,0.003299999982,0.003299999982,0.007499999832,linear_decay
2252,0.003299999982,0.003299999982,0.007499999832,linear_decay
2253,0.003299999982,0.003299999982,0.007499999832,linear_decay
2254,0.003299999982,0.003299999982,0.007499999832,linear_decay
2255,0.003299999982,0.003299999982,0.007499999832,linear_decay
2256,0.003299999982,0.003299999982,0.007499999832,linear_decay
2257,0.003299999982,0.003299999982,0.007499999832,linear_decay
2258,0.003299999982,0.003299999982,0.007499999832,linear_decay
2259,0.003299999982,0.003299999982,0.007499999832,linear_decay
2260,0.003299999982,0.003299999982,0.007499999832,linear_decay
2261,0.003299999982,0.003299999982,0.007499999832,linear_decay
2262,0.003299999982,0.003299999982,0.007499999832,linear_decay
2263,0.003299999982,0.003299999982,0.007499999832,linear_decay
2264,0.003299999982,0.003299999982,0.007499999832,linear_decay
2265,0.003299999982,0.003299999982,0.007499999832,linear_decay
2266,0.003299999982,0.003299999982,0.007499999832,linear_decay
2267,0.003299999982,0.003299999982,0.007499999832,linear_decay
2268,0.003299999982,0.003299999982,0.007499999832,linear_decay
2269,0.003299999982,0.003299999982,0.007499999832,linear_decay
2270,0.003299999982,0.003299999982,0.007499999832,linear_decay
2271,0.003299999982,0.003299999982,0.007499999832,linear_decay
2272,0.003299999982,0.003299999982,0.007499999832,linear_decay
2273,0.003299999982,0.003299999982,0.007499999832,linear_decay
2274,0.003299999982,0.003299999982,0.007499999832,linear_decay
2275,0.003299999982,0.003299999982,0.007499999832,linear_decay
2276,0.003299999982,0.003299999982,0.007499999832,linear_decay
2277,0.003299999982,0.003299999982,0.007499999832,linear_decay
2278,0.003299999982,0.003299999982,0.007499999832,linear_decay
2279,0.003299999982,0.003299999982,0.007499999832,linear_decay
2280,0.003299999982,0.003299999982,0.007499999832,linear_decay
2281,0.003299999982,0.003299999982,0.007499999832,linear_decay
2282,0.003299999982,0.003299999982,0.007499999832,linear_decay
2283,0.003299999982,0.003299999982,0.007499999832,linear_decay
2284,0.003299999982,0.003299999982,0.007499999832,linear_decay
2285,0.003299999982,0.003299999982,0.007499999832,linear_decay
2286,0.003299999982,0.003299999982,0.007499999832,linear_decay
2287,0.003299999982,0.003299999982,0.007499999832,linear_decay
2288,0.003299999982,0.003299999982,0.007499999832,linear_decay
2289,0.003299999982,0.003299999982,0.007499999832,linear_decay
2290,0.003299999982,0.003299999982,0.007499999832,linear_decay
2291,0.003299999982,0.003299999982,0.007499999832,linear_decay
2292,0.003299999982,0.003299999982,0.007499999832,linear_decay
2293,0.003299999982,0.003299999982,0.007499999832,linear_decay
2294,0.003299999982,0.003299999982,0.007499999832,linear_decay
2295,0.003299999982,0.003299999982,0.007499999832,linear_decay
2296,0.003299999982,0.003299999982,0.007499999832,linear_decay
2297,0.003299999982,0.003299999982,0.007499999832,linear_decay
2298,0.003299999982,0.003299999982,0.007499999832,linear_decay
2299,0.003299999982,0.003299999982,0.007499999832,linear_decay
2300,0.003299999982,0.003299999982,0.007499999832,linear_decay
2301,0.003299999982,0.003299999982,0.007499999832,linear_decay
2302,0.003299999982,0.003299999982,0.007499999832,linear_decay
2303,0.003299999982,0.003299999982,0.007499999832,linear_decay
2304,0.003299999982,0.003299999982,0.007499999832,linear_decay
2305,0.003299999982,0.003299999982,0.007499999832,linear_decay
2306,0.003299999982,0.003299999982,0.007499999832,linear_decay
2307,0.003299999982,0.003299999982,0.007499999832,linear_decay
2308,0.003299999982,0.003299999982,0.007499999832,linear_decay
2309,0.003299999982,0.003299999982,0.007499999832,linear_decay
2310,0.003299999982,0.003299999982,0.007499999832,linear_decay
2311,0.003299999982,0.003299999982,0.007499999832,linear_decay
2312,0.003299999982,0.003299999982,0.007499999832,linear_decay
2313,0.003299999982,0.003299999982,0.007499999832,linear_decay
2314,0.003299999982,0.003299999982,0.007499999832,linear_decay
2315,0.003299999982,0.003299999982,0.007499999832,linear_decay
2316,0.003299999982,0.003299999982,0.007499999832,linear_decay
2317,0.003299999982,0.003299999982,0.007499999832,linear_decay
2318,0.003299999982,0.003299999982,0.007499999832,linear_decay
2319,0.003299999982,0.003299999982,0.007499999832,linear_decay
2320,0.003299999982,0.003299999982,0.007499999832,linear_decay
2321,0.003299999982,0.003299999982,0.007499999832,linear_decay
2322,0.003299999982,0.003299999982,0.007499999832,linear_decay
2323,0.003299999982,0.003299999982,0.007499999832,linear_decay
2324,0.003299999982,0.003299999982,0.007499999832,linear_decay
2325,0.003299999982,0.003299999982,0.007499999832,linear_decay
2326,0.003299999982,0.003299999982,0.007499999832,linear_decay
2327,0.003299999982,0.003299999982,0.007499999832,linear_decay
2328,0.003299999982,0.003299999982,0.007499999832,linear_decay
2329,0.003299999982,0.003299999982,0.007499999832,linear_decay
2330,0.003299999982,0.003299999982,0.007499999832,linear_decay
2331,0.003299999982,0.003299999982,0.007499999832,linear_decay
2332,0.003299999982,0.003299999982,0.007499999832,linear_decay
2333,0.003299999982,0.003299999982,0.007499999832,linear_decay
2334,0.003299999982,0.003299999982,0.007499999832,linear_decay
2335,0.003299999982,0.003299999982,0.007499999832,linear_decay
2336,0.003299999982,0.003299999982,0.007499999832,linear_decay
2337,0.003299999982,0.003299999982,0.007499999832,linear_decay
2338,0.003299999982,0.003299999982,0.007499999832,linear_decay
2339,0.003299999982,0.003299999982,0.007499999832,linear_decay
2340,0.003299999982,0.003299999982,0.007499999832,linear_decay
2341,0.003299999982,0.003299999982,0.007499999832,linear_decay
2342,0.003299999982,0.003299999982,0.007499999832,linear_decay
2343,0.003299999982,0.003299999982,0.007499999832,linear_decay
2344,0.003299999982,0.003299999982,0.007499999832,linear_decay
2345,0.003299999982,0.003299999982,0.007499999832,linear_decay
2346,0.003299999982,0.003299999982,0.007499999832,linear_decay
2347,0.003299999982,0.003299999982,0.007499999832,linear_decay
2348,0.003299999982,0.003299999982,0.007499999832,linear_decay
2349,0.003299999982,0.003299999982,0.007499999832,linear_decay
2350,0.003299999982,0.003299999982,0.007499999832,linear_decay
2351,0.003299999982,0.003299999982,0.007499999832,linear_decay
2352,0.003299999982,0.003299999982,0.007499999832,linear_decay
2353,0.003299999982,0.003299999982,0.007499999832,linear_decay
2354,0.003299999982,0.003299999982,0.007499999832,linear_decay
2355,0.003299999982,0.003299999982,0.007499999832,linear_decay
2356,0.003299999982,0.003299999982,0.007499999832,linear_decay
2357,0.003299999982,0.003299999982,0.007499999832,linear_decay
2358,0.003299999982,0.003299999982,0.007499999832,linear_decay
2359,0.003299999982,0.003299999982,0.007499999832,linear_decay
2360,0.003299999982,0.003299999982,0.007499999832,linear_decay
2361,0.003299999982,0.003299999982,0.007499999832,linear_decay
2362,0.003299999982,0.003299999982,0.007499999832,linear_decay
2363,0.003299999982,0.003299999982,0.007499999832,linear_decay
2364,0.003299999982,0.003299999982,0.007499999832,linear_decay
2365,0.003299999982,0.003299999982,0.007499999832,linear_decay
2366,0.003299999982,0.003299999982,0.007499999832,linear_decay
2367,0.003299999982,0.003299999982,0.007499999832,linear_decay
2368,0.003299999982,0.003299999982,0.007499999832,linear_decay
2369,0.003299999982,0.003299999982,0.007499999832,linear_decay
2370,0.003299999982,0.003299999982,0.007499999832,linear_decay
2371,0.003299999982,0.003299999982,0.007499999832,linear_decay
2372,0.003299999982,0.003299999982,0.007499999832,linear_decay
2373,0.003299999982,0.003299999982,0.007499999832,linear_decay
2374,0.003299999982,0.003299999982,0.007499999832,linear_decay
2375,0.003299999982,0.003299999982,0.007499999832,linear_decay
2376,0.003299999982,0.003299999982,0.007499999832,linear_decay
2377,0.003299999982,0.003299999982,0.007499999832,linear_decay
2378,0.003299999982,0.003299999982,0.007499999832,linear_decay
2379,0.003299999982,0.003299999982,0.007499999832,linear_decay
2380,0.003299999982,0.003299999982,0.007499999832,linear_decay
2381,0.003299999982,0.003299999982,0.007499999832,linear_decay
2382,0.003299999982,0.003299999982,0.007499999832,linear_decay
2383,0.003299999982,0.003299999982,0.007499999832,linear_decay
2384,0.003299999982,0.003299999982,0.007499999832,linear_decay
2385,0.003299999982,0.003299999982,0.007499999832,linear_decay
2386,0.003299999982,0.003299999982,0.007499999832,linear_decay
2387,0.003299999982,0.003299999982,0.007499999832,linear_decay
2388,0.003299999982,0.003299999982,0.007499999832,linear_decay
2389,0.003299999982,0.003299999982,0.007499999832,linear_decay
2390,0.003299999982,0.003299999982,0.007499999832,linear_decay
2391,0.003299999982,0.003299999982,0.007499999832,linear_decay
2392,0.003299999982,0.003299999982,0.007499999832,linear_decay
2393,0.003299999982,0.003299999982,0.007499999832,linear_decay
2394,0.003299999982,0.003299999982,0.007499999832,linear_decay
2395,0.003299999982,0.003299999982,0.007499999832,linear_decay
2396,0.003299999982,0.003299999982,0.007499999832,linear_decay
2397,0.003299999982,0.003299999982,0.007499999832,linear_decay
2398,0.003299999982,0.003299999982,0.007499999832,linear_decay
2399,0.003299999982,0.003299999982,0.007499999832,linear_decay
2400,0.003299999982,0.003299999982,0.007499999832,linear_decay
2401,0.003299999982,0.003299999982,0.007499999832,linear_decay
2402,0.003299999982,0.003299999982,0.007499999832,linear_decay
2403,0.003299999982,0.003299999982,0.007499999832,linear_decay
2404,0.003299999982,0.003299999982,0.007499999832,linear_decay
2405,0.003299999982,0.003299999982,0.007499999832,linear_decay
2406,0.003299999982,0.003299999982,0.007499999832,linear_decay
2407,0.003299999982,0.003299999982,0.007499999832,linear_decay
2408,0.003299999982,0.003299999982,0.007499999832,linear_decay
2409,0.003299999982,0.003299999982,0.007499999832,linear_decay
2410,0.003299999982,0.003299999982,0.007499999832,linear_decay
2411,0.003299999982,0.003299999982,0.007499999832,linear_decay
2412,0.003299999982,0.003299999982,0.007499999832,linear_decay
2413,0.003299999982,0.003299999982,0.007499999832,linear_decay
2414,0.003299999982,0.003299999982,0.007499999832,linear_decay
2415,0.003299999982,0.003299999982,0.007499999832,linear_decay
2416,0.003299999982,0.003299999982,0.007499999832,linear_decay
2417,0.003299999982,0.003299999982,0.007499999832,linear_decay
2418,0.003299999982,0.003299999982,0.007499999832,linear_decay
2419,0.003299999982,0.003299999982,0.007499999832,linear_decay
2420,0.003299999982,0.003299999982,0.007499999832,linear_decay
2421,0.003299999982,0.003299999982,0.007499999832,linear_decay
2422,0.003299999982,0.003299999982,0.007499999832,linear_decay
2423,0.003299999982,0.003299999982,0.007499999832,linear_decay
2424,0.003299999982,0.003299999982,0.007499999832,linear_decay
2425,0.003299999982,0.003299999982,0.007499999832,linear_decay
2426,0.003299999982,0.003299999982,0.007499999832,linear_decay
2427,0.003299999982,0.003299999982,0.007499999832,linear_decay
2428,0.003299999982,0.003299999982,0.007499999832,linear_decay
2429,0.003299999982,0.003299999982,0.007499999832,linear_decay
2430,0.003299999982,0.003299999982,0.007499999832,linear_decay
2431,0.003299999982,0.003299999982,0.007499999832,linear_decay
2432,0.003299999982,0.003299999982,0.007499999832,linear_decay
2433,0.003299999982,0.003299999982,0.007499999832,linear_decay
2434,0.003299999982,0.003299999982,0.007499999832,linear_decay
2435,0.003299999982,0.003299999982,0.007499999832,linear_decay
2436,0.003299999982,0.003299999982,0.007499999832,linear_decay
2437,0.003299999982,0.003299999982,0.007499999832,linear_decay
2438,0.003299999982,0.003299999982,0.007499999832,linear_decay
2439,0.003299999982,0.003299999982,0.007499999832,linear_decay
2440,0.003299999982,0.003299999982,0.007499999832,linear_decay
2441,0.003299999982,0.003299999982,0.007499999832,linear_decay
2442,0.003299999982,0.003299999982,0.007499999832,linear_decay
2443,0.003299999982,0.003299999982,0.007499999832,linear_decay
2444,0.003299999982,0.003299999982,0.007499999832,linear_decay
2445,0.003299999982,0.003299999982,0.007499999832,linear_decay
2446,0.003299999982,0.003299999982,0.007499999832,linear_decay
2447,0.003299999982,0.003299999982,0.007499999832,linear_decay
2448,0.003299999982,0.003299999982,0.007499999832,linear_decay
2449,0.003299999982,0.003299999982,0.007499999832,linear_decay
2450,0.003299999982,0.003299999982,0.007499999832,linear_decay
2451,0.003299999982,0.003299999982,0.007499999832,linear_decay
2452,0.003299999982,0.003299999982,0.007499999832,linear_decay
2453,0.003299999982,0.003299999982,0.007499999832,linear_decay
2454,0.003299999982,0.003299999982,0.007499999832,linear_decay
2455,0.003299999982,0.003299999982,0.007499999832,linear_decay
2456,0.003299999982,0.003299999982,0.007499999832,linear_decay
2457,0.003299999982,0.003299999982,0.007499999832,linear_decay
2458,0.003299999982,0.003299999982,0.007499999832,linear_decay
2459,0.003299999982,0.003299999982,0.007499999832,linear_decay
2460,0.003299999982,0.003299999982,0.007499999832,linear_decay
2461,0.003299999982,0.003299999982,0.007499999832,linear_decay
2462,0.003299999982,0.003299999982,0.007499999832,linear_decay
2463,0.003299999982,0.003299999982,0.007499999832,linear_decay
2464,0.003299999982,0.003299999982,0.007499999832,linear_decay
2465,0.003299999982,0.003299999982,0.007499999832,linear_decay
2466,0.003299999982,0.003299999982,0.007499999832,linear_decay
2467,0.003299999982,0.003299999982,0.007499999832,linear_decay
2468,0.003299999982,0.003299999982,0.007499999832,linear_decay
2469,0.003299999982,0.003299999982,0.007499999832,linear_decay
2470,0.003299999982,0.003299999982,0.007499999832,linear_decay
2471,0.003299999982,0.003299999982,0.007499999832,linear_decay
2472,0.003299999982,0.003299999982,0.007499999832,linear_decay
2473,0.003299999982,0.003299999982,0.007499999832,linear_decay
2474,0.003299999982,0.003299999982,0.007499999832,linear_decay
2475,0.003299999982,0.003299999982,0.007499999832,linear_decay
2476,0.003299999982,0.003299999982,0.007499999832,linear_decay
2477,0.003299999982,0.003299999982,0.007499999832,linear_decay
2478,0.003299999982,0.003299999982,0.007499999832,linear_decay
2479,0.003299999982,0.003299999982,0.007499999832,linear_decay
2480,0.003299999982,0.003299999982,0.007499999832,linear_decay
2481,0.003299999982,0.003299999982,0.007499999832,linear_decay
2482,0.003299999982,0.003299999982,0.007499999832,linear_decay
2483,0.003299999982,0.003299999982,0.007499999832,linear_decay
2484,0.003299999982,0.003299999982,0.007499999832,linear_decay
2485,0.003299999982,0.003299999982,0.007499999832,linear_decay
2486,0.003299999982,0.003299999982,0.007499999832,linear_decay
2487,0.003299999982,0.003299999982,0.007499999832,linear_decay
2488,0.003299999982,0.003299999982,0.007499999832,linear_decay
2489,0.003299999982,0.003299999982,0.007499999832,linear_decay
2490,0.003299999982,0.003299999982,0.007499999832,linear_decay
2491,0.003299999982,0.003299999982,0.007499999832,linear_decay
2492,0.003299999982,0.003299999982,0.007499999832,linear_decay
2493,0.003299999982,0.003299999982,0.007499999832,linear_decay
2494,0.003299999982,0.003299999982,0.007499999832,linear_decay
2495,0.003299999982,0.003299999982,0.007499999832,linear_decay
2496,0.003299999982,0.003299999982,0.007499999832,linear_decay
2497,0.003299999982,0.003299999982,0.007499999832,linear_decay
2498,0.003299999982,0.003299999982,0.007499999832,linear_decay
2499,0.003299999982,0.003299999982,0.007499999832,linear_decay
2500,0.003299999982,0.003299999982,0.007499999832,linear_decay
2501,0.003299999982,0.003299999982,0.007499999832,linear_decay
2502,0.003299999982,0.003299999982,0.007499999832,linear_decay
2503,0.003299999982,0.003299999982,0.007499999832,linear_decay
2504,0.003299999982,0.003299999982,0.007499999832,linear_decay
2505,0.003299999982,0.003299999982,0.007499999832,linear_decay
2506,0.003299999982,0.003299999982,0.007499999832,linear_decay
2507,0.003299999982,0.003299999982,0.007499999832,linear_decay
2508,0.003299999982,0.003299999982,0.007499999832,linear_decay
2509,0.003299999982,0.003299999982,0.007499999832,linear_decay
2510,0.003299999982,0.003299999982,0.007499999832,linear_decay
2511,0.003299999982,0.003299999982,0.007499999832,linear_decay
2512,0.003299999982,0.003299999982,0.007499999832,linear_decay
2513,0.003299999982,0.003299999982,0.007499999832,linear_decay
2514,0.003299999982,0.003299999982,0.007499999832,linear_decay
2515,0.003299999982,0.003299999982,0.007499999832,linear_decay
2516,0.003299999982,0.003299999982,0.007499999832,linear_decay
2517,0.003299999982,0.003299999982,0.007499999832,linear_decay
2518,0.003299999982,0.003299999982,0.007499999832,linear_decay
2519,0.003299999982,0.003299999982,0.007499999832,linear_decay
2520,0.003299999982,0.003299999982,0.007499999832,linear_decay
2521,0.003299999982,0.003299999982,0.007499999832,linear_decay
2522,0.003299999982,0.003299999982,0.007499999832,linear_decay
2523,0.003299999982,0.003299999982,0.007499999832,linear_decay
2524,0.003299999982,0.003299999982,0.007499999832,linear_decay
2525,0.003299999982,0.003299999982,0.007499999832,linear_decay
2526,0.003299999982,0.003299999982,0.007499999832,linear_decay
2527,0.003299999982,0.003299999982,0.007499999832,linear_decay
2528,0.003299999982,0.003299999982,0.007499999832,linear_decay
2529,0.003299999982,0.003299999982,0.007499999832,linear_decay
2530,0.003299999982,0.003299999982,0.007499999832,linear_decay
2531,0.003299999982,0.003299999982,0.007499999832,linear_decay
2532,0.003299999982,0.003299999982,0.007499999832,linear_decay
2533,0.003299999982,0.003299999982,0.007499999832,linear_decay
2534,0.003299999982,0.003299999982,0.007499999832,linear_decay
2535,0.003299999982,0.003299999982,0.007499999832,linear_decay
2536,0.003299999982,0.003299999982,0.007499999832,linear_decay
2537,0.003299999982,0.003299999982,0.007499999832,linear_decay
2538,0.003299999982,0.003299999982,0.007499999832,linear_decay
2539,0.003299999982,0.003299999982,0.007499999832,linear_decay
2540,0.003299999982,0.003299999982,0.007499999832,linear_decay
2541,0.003299999982,0.003299999982,0.007499999832,linear_decay
2542,0.003299999982,0.003299999982,0.007499999832,linear_decay
2543,0.003299999982,0.003299999982,0.007499999832,linear_decay
2544,0.003299999982,0.003299999982,0.007499999832,linear_decay
2545,0.003299999982,0.003299999982,0.007499999832,linear_decay
2546,0.003299999982,0.003299999982,0.007499999832,linear_decay
2547,0.003299999982,0.003299999982,0.007499999832,linear_decay
2548,0.003299999982,0.003299999982,0.007499999832,linear_decay
2549,0.003299999982,0.003299999982,0.007499999832,linear_decay
2550,0.003299999982,0.003299999982,0.007499999832,linear_decay
2551,0.003299999982,0.003299999982,0.007499999832,linear_decay
2552,0.003299999982,0.003299999982,0.007499999832,linear_decay
2553,0.003299999982,0.003299999982,0.007499999832,linear_decay
2554,0.003299999982,0.003299999982,0.007499999832,linear_decay
2555,0.003299999982,0.003299999982,0.007499999832,linear_decay
2556,0.003299999982,0.003299999982,0.007499999832,linear_decay
2557,0.003299999982,0.003299999982,0.007499999832,linear_decay
2558,0.003299999982,0.003299999982,0.007499999832,linear_decay
2559,0.003299999982,0.003299999982,0.007499999832,linear_decay
2560,0.003299999982,0.003299999982,0.007499999832,linear_decay
2561,0.003299999982,0.003299999982,0.007499999832,linear_decay
2562,0.003299999982,0.003299999982,0.007499999832,linear_decay
2563,0.003299999982,0.003299999982,0.007499999832,linear_decay
2564,0.003299999982,0.003299999982,0.007499999832,linear_decay
2565,0.003299999982,0.003299999982,0.007499999832,linear_decay
2566,0.003299999982,0.003299999982,0.007499999832,linear_decay
2567,0.003299999982,0.003299999982,0.007499999832,linear_decay
2568,0.003299999982,0.003299999982,0.007499999832,linear_decay
2569,0.003299999982,0.003299999982,0.007499999832,linear_decay
2570,0.003299999982,0.003299999982,0.007499999832,linear_decay
2571,0.003299999982,0.003299999982,0.007499999832,linear_decay
2572,0.003299999982,0.003299999982,0.007499999832,linear_decay
2573,0.003299999982,0.003299999982,0.007499999832,linear_decay
2574,0.003299999982,0.003299999982,0.007499999832,linear_decay
2575,0.003299999982,0.003299999982,0.007499999832,linear_decay
2576,0.003299999982,0.003299999982,0.007499999832,linear_decay
2577,0.003299999982,0.003299999982,0.007499999832,linear_decay
2578,0.003299999982,0.003299999982,0.007499999832,linear_decay
2579,0.003299999982,0.003299999982,0.007499999832,linear_decay
2580,0.003299999982,0.003299999982,0.007499999832,linear_decay
2581,0.003299999982,0.003299999982,0.007499999832,linear_decay
2582,0.003299999982,0.003299999982,0.007499999832,linear_decay
2583,0.003299999982,0.003299999982,0.007499999832,linear_decay
2584,0.003299999982,0.003299999982,0.007499999832,linear_decay
2585,0.003299999982,0.003299999982,0.007499999832,linear_decay
2586,0.003299999982,0.003299999982,0.007499999832,linear_decay
2587,0.003299999982,0.003299999982,0.007499999832,linear_decay
2588,0.003299999982,0.003299999982,0.007499999832,linear_decay
2589,0.003299999982,0.003299999982,0.007499999832,linear_decay
2590,0.003299999982,0.003299999982,0.007499999832,linear_decay
2591,0.003299999982,0.003299999982,0.007499999832,linear_decay
2592,0.003299999982,0.003299999982,0.007499999832,linear_decay
2593,0.003299999982,0.003299999982,0.007499999832,linear_decay
2594,0.003299999982,0.003299999982,0.007499999832,linear_decay
2595,0.003299999982,0.003299999982,0.007499999832,linear_decay
2596,0.003299999982,0.003299999982,0.007499999832,linear_decay
2597,0.003299999982,0.003299999982,0.007499999832,linear_decay
2598,0.003299999982,0.003299999982,0.007499999832,linear_decay
2599,0.003299999982,0.003299999982,0.007499999832,linear_decay
2600,0.003299999982,0.003299999982,0.007499999832,linear_decay
2601,0.003299999982,0.003299999982,0.007499999832,linear_decay
2602,0.003299999982,0.003299999982,0.007499999832,linear_decay
2603,0.003299999982,0.003299999982,0.007499999832,linear_decay
2604,0.003299999982,0.003299999982,0.007499999832,linear_decay
2605,0.003299999982,0.003299999982,0.007499999832,linear_decay
2606,0.003299999982,0.003299999982,0.007499999832,linear_decay
2607,0.003299999982,0.003299999982,0.007499999832,linear_decay
2608,0.003299999982,0.003299999982,0.007499999832,linear_decay
2609,0.003299999982,0.003299999982,0.007499999832,linear_decay
2610,0.003299999982,0.003299999982,0.007499999832,linear_decay
2611,0.003299999982,0.003299999982,0.007499999832,linear_decay
2612,0.003299999982,0.003299999982,0.007499999832,linear_decay
2613,0.003299999982,0.003299999982,0.007499999832,linear_decay
2614,0.003299999982,0.003299999982,0.007499999832,linear_decay
2615,0.003299999982,0.003299999982,0.007499999832,linear_decay
2616,0.003299999982,0.003299999982,0.007499999832,linear_decay
2617,0.003299999982,0.003299999982,0.007499999832,linear_decay
2618,0.003299999982,0.003299999982,0.007499999832,linear_decay
2619,0.003299999982,0.003299999982,0.007499999832,linear_decay
2620,0.003299999982,0.003299999982,0.007499999832,linear_decay
2621,0.003299999982,0.003299999982,0.007499999832,linear_decay
2622,0.003299999982,0.003299999982,0.007499999832,linear_decay
2623,0.003299999982,0.003299999982,0.007499999832,linear_decay
2624,0.003299999982,0.003299999982,0.007499999832,linear_decay
2625,0.003299999982,0.003299999982,0.007499999832,linear_decay
2626,0.003299999982,0.003299999982,0.007499999832,linear_decay
2627,0.003299999982,0.003299999982,0.007499999832,linear_decay
2628,0.003299999982,0.003299999982,0.007499999832,linear_decay
2629,0.003299999982,0.003299999982,0.007499999832,linear_decay
2630,0.003299999982,0.003299999982,0.007499999832,linear_decay
2631,0.003299999982,0.003299999982,0.007499999832,linear_decay
2632,0.003299999982,0.003299999982,0.007499999832,linear_decay
2633,0.003299999982,0.003299999982,0.007499999832,linear_decay
2634,0.003299999982,0.003299999982,0.007499999832,linear_decay
2635,0.003299999982,0.003299999982,0.007499999832,linear_decay
2636,0.003299999982,0.003299999982,0.007499999832,linear_decay
2637,0.003299999982,0.003299999982,0.007499999832,linear_decay
2638,0.003299999982,0.003299999982,0.007499999832,linear_decay
2639,0.003299999982,0.003299999982,0.007499999832,linear_decay
2640,0.003299999982,0.003299999982,0.007499999832,linear_decay
2641,0.003299999982,0.003299999982,0.007499999832,linear_decay
2642,0.003299999982,0.003299999982,0.007499999832,linear_decay
2643,0.003299999982,0.003299999982,0.007499999832,linear_decay
2644,0.003299999982,0.003299999982,0.007499999832,linear_decay
2645,0.003299999982,0.003299999982,0.007499999832,linear_decay
2646,0.003299999982,0.003299999982,0.007499999832,linear_decay
2647,0.003299999982,0.003299999982,0.007499999832,linear_decay
2648,0.003299999982,0.003299999982,0.007499999832,linear_decay
2649,0.003299999982,0.003299999982,0.007499999832,linear_decay
2650,0.003299999982,0.003299999982,0.007499999832,linear_decay
2651,0.003299999982,0.003299999982,0.007499999832,linear_decay
2652,0.003299999982,0.003299999982,0.007499999832,linear_decay
2653,0.003299999982,0.003299999982,0.007499999832,linear_decay
2654,0.003299999982,0.003299999982,0.007499999832,linear_decay
2655,0.003299999982,0.003299999982,0.007499999832,linear_decay
2656,0.003299999982,0.003299999982,0.007499999832,linear_decay
2657,0.003299999982,0.003299999982,0.007499999832,linear_decay
2658,0.003299999982,0.003299999982,0.007499999832,linear_decay
2659,0.003299999982,0.003299999982,0.007499999832,linear_decay
2660,0.003299999982,0.003299999982,0.007499999832,linear_decay
2661,0.003299999982,0.003299999982,0.007499999832,linear_decay
2662,0.003299999982,0.003299999982,0.007499999832,linear_decay
2663,0.003299999982,0.003299999982,0.007499999832,linear_decay
2664,0.003299999982,0.003299999982,0.007499999832,linear_decay
2665,0.003299999982,0.003299999982,0.007499999832,linear_decay
2666,0.003299999982,0.003299999982,0.007499999832,linear_decay
2667,0.003299999982,0.003299999982,0.007499999832,linear_decay
2668,0.003299999982,0.003299999982,0.007499999832,linear_decay
2669,0.003299999982,0.003299999982,0.007499999832,linear_decay
2670,0.003299999982,0.003299999982,0.007499999832,linear_decay
2671,0.003299999982,0.003299999982,0.007499999832,linear_decay
2672,0.003299999982,0.003299999982,0.007499999832,linear_decay
2673,0.003299999982,0.003299999982,0.007499999832,linear_decay
2674,0.003299999982,0.003299999982,0.007499999832,linear_decay
2675,0.003299999982,0.003299999982,0.007499999832,linear_decay
2676,0.003299999982,0.003299999982,0.007499999832,linear_decay
2677,0.003299999982,0.003299999982,0.007499999832,linear_decay
2678,0.003299999982,0.003299999982,0.007499999832,linear_decay
2679,0.003299999982,0.003299999982,0.007499999832,linear_decay
2680,0.003299999982,0.003299999982,0.007499999832,linear_decay
2681,0.003299999982,0.003299999982,0.007499999832,linear_decay
2682,0.003299999982,0.003299999982,0.007499999832,linear_decay
2683,0.003299999982,0.003299999982,0.007499999832,linear_decay
2684,0.003299999982,0.003299999982,0.007499999832,linear_decay
2685,0.003299999982,0.003299999982,0.007499999832,linear_decay
2686,0.003299999982,0.003299999982,0.007499999832,linear_decay
2687,0.003299999982,0.003299999982,0.007499999832,linear_decay
2688,0.003299999982,0.003299999982,0.007499999832,linear_decay
2689,0.003299999982,0.003299999982,0.007499999832,linear_decay
2690,0.003299999982,0.003299999982,0.007499999832,linear_decay
2691,0.003299999982,0.003299999982,0.007499999832,linear_decay
2692,0.003299999982,0.003299999982,0.007499999832,linear_decay
2693,0.003299999982,0.003299999982,0.007499999832,linear_decay
2694,0.003299999982,0.003299999982,0.007499999832,linear_decay
2695,0.003299999982,0.003299999982,0.007499999832,linear_decay
2696,0.003299999982,0.003299999982,0.007499999832,linear_decay
2697,0.003299999982,0.003299999982,0.007499999832,linear_decay
2698,0.003299999982,0.003299999982,0.007499999832,linear_decay
2699,0.003299999982,0.003299999982,0.007499999832,linear_decay
2700,0.003299999982,0.003299999982,0.007499999832,linear_decay
2701,0.003299999982,0.003299999982,0.007499999832,linear_decay
2702,0.003299999982,0.003299999982,0.007499999832,linear_decay
2703,0.003299999982,0.003299999982,0.007499999832,linear_decay
2704,0.003299999982,0.003299999982,0.007499999832,linear_decay
2705,0.003299999982,0.003299999982,0.007499999832,linear_decay
2706,0.003299999982,0.003299999982,0.007499999832,linear_decay
2707,0.003299999982,0.003299999982,0.007499999832,linear_decay
2708,0.003299999982,0.003299999982,0.007499999832,linear_decay
2709,0.003299999982,0.003299999982,0.007499999832,linear_decay
2710,0.003299999982,0.003299999982,0.007499999832,linear_decay
2711,0.003299999982,0.003299999982,0.007499999832,linear_decay
2712,0.003299999982,0.003299999982,0.007499999832,linear_decay
2713,0.003299999982,0.003299999982,0.007499999832,linear_decay
2714,0.003299999982,0.003299999982,0.007499999832,linear_decay
2715,0.003299999982,0.003299999982,0.007499999832,linear_decay
2716,0.003299999982,0.003299999982,0.007499999832,linear_decay
2717,0.003299999982,0.003299999982,0.007499999832,linear_decay
2718,0.003299999982,0.003299999982,0.007499999832,linear_decay
2719,0.003299999982,0.003299999982,0.007499999832,linear_decay
2720,0.003299999982,0.003299999982,0.007499999832,linear_decay
2721,0.003299999982,0.003299999982,0.007499999832,linear_decay
2722,0.003299999982,0.003299999982,0.007499999832,linear_decay
2723,0.003299999982,0.003299999982,0.007499999832,linear_decay
2724,0.003299999982,0.003299999982,0.007499999832,linear_decay
2725,0.003299999982,0.003299999982,0.007499999832,linear_decay
2726,0.003299999982,0.003299999982,0.007499999832,linear_decay
2727,0.003299999982,0.003299999982,0.007499999832,linear_decay
2728,0.003299999982,0.003299999982,0.007499999832,linear_decay
2729,0.003299999982,0.003299999982,0.007499999832,linear_decay
2730,0.003299999982,0.003299999982,0.007499999832,linear_decay
2731,0.003299999982,0.003299999982,0.007499999832,linear_decay
2732,0.003299999982,0.003299999982,0.007499999832,linear_decay
2733,0.003299999982,0.003299999982,0.007499999832,linear_decay
2734,0.003299999982,0.003299999982,0.007499999832,linear_decay
2735,0.003299999982,0.003299999982,0.007499999832,linear_decay
2736,0.003299999982,0.003299999982,0.007499999832,linear_decay
2737,0.003299999982,0.003299999982,0.007499999832,linear_decay
2738,0.003299999982,0.003299999982,0.007499999832,linear_decay
2739,0.003299999982,0.003299999982,0.007499999832,linear_decay
2740,0.003299999982,0.003299999982,0.007499999832,linear_decay
2741,0.003299999982,0.003299999982,0.007499999832,linear_decay
2742,0.003299999982,0.003299999982,0.007499999832,linear_decay
2743,0.003299999982,0.003299999982,0.007499999832,linear_decay
2744,0.003299999982,0.003299999982,0.007499999832,linear_decay
2745,0.003299999982,0.003299999982,0.007499999832,linear_decay
2746,0.003299999982,0.003299999982,0.007499999832,linear_decay
2747,0.003299999982,0.003299999982,0.007499999832,linear_decay
2748,0.003299999982,0.003299999982,0.007499999832,linear_decay
2749,0.003299999982,0.003299999982,0.007499999832,linear_decay
2750,0.003299999982,0.003299999982,0.007499999832,linear_decay
2751,0.003299999982,0.003299999982,0.007499999832,linear_decay
2752,0.003299999982,0.003299999982,0.007499999832,linear_decay
2753,0.003299999982,0.003299999982,0.007499999832,linear_decay
2754,0.003299999982,0.003299999982,0.007499999832,linear_decay
2755,0.003299999982,0.003299999982,0.007499999832,linear_decay
2756,0.003299999982,0.003299999982,0.007499999832,linear_decay
2757,0.003299999982,0.003299999982,0.007499999832,linear_decay
2758,0.003299999982,0.003299999982,0.007499999832,linear_decay
2759,0.003299999982,0.003299999982,0.007499999832,linear_decay
2760,0.003299999982,0.003299999982,0.007499999832,linear_decay
2761,0.003299999982,0.003299999982,0.007499999832,linear_decay
2762,0.003299999982,0.003299999982,0.007499999832,linear_decay
2763,0.003299999982,0.003299999982,0.007499999832,linear_decay
2764,0.003299999982,0.003299999982,0.007499999832,linear_decay
2765,0.003299999982,0.003299999982,0.007499999832,linear_decay
2766,0.003299999982,0.003299999982,0.007499999832,linear_decay
2767,0.003299999982,0.003299999982,0.007499999832,linear_decay
2768,0.003299999982,0.003299999982,0.007499999832,linear_decay
2769,0.003299999982,0.003299999982,0.007499999832,linear_decay
2770,0.003299999982,0.003299999982,0.007499999832,linear_decay
2771,0.003299999982,0.003299999982,0.007499999832,linear_decay
2772,0.003299999982,0.003299999982,0.007499999832,linear_decay
2773,0.003299999982,0.003299999982,0.007499999832,linear_decay
2774,0.003299999982,0.003299999982,0.007499999832,linear_decay
2775,0.003299999982,0.003299999982,0.007499999832,linear_decay
2776,0.003299999982,0.003299999982,0.007499999832,linear_decay
2777,0.003299999982,0.003299999982,0.007499999832,linear_decay
2778,0.003299999982,0.003299999982,0.007499999832,linear_decay
2779,0.003299999982,0.003299999982,0.007499999832,linear_decay
2780,0.003299999982,0.003299999982,0.007499999832,linear_decay
2781,0.003299999982,0.003299999982,0.007499999832,linear_decay
2782,0.003299999982,0.003299999982,0.007499999832,linear_decay
2783,0.003299999982,0.003299999982,0.007499999832,linear_decay
2784,0.003299999982,0.003299999982,0.007499999832,linear_decay
2785,0.003299999982,0.003299999982,0.007499999832,linear_decay
2786,0.003299999982,0.003299999982,0.007499999832,linear_decay
2787,0.003299999982,0.003299999982,0.007499999832,linear_decay
2788,0.003299999982,0.003299999982,0.007499999832,linear_decay
2789,0.003299999982,0.003299999982,0.007499999832,linear_decay
2790,0.003299999982,0.003299999982,0.007499999832,linear_decay
2791,0.003299999982,0.003299999982,0.007499999832,linear_decay
2792,0.003299999982,0.003299999982,0.007499999832,linear_decay
2793,0.003299999982,0.003299999982,0.007499999832,linear_decay
2794,0.003299999982,0.003299999982,0.007499999832,linear_decay
2795,0.003299999982,0.003299999982,0.007499999832,linear_decay
2796,0.003299999982,0.003299999982,0.007499999832,linear_decay
2797,0.003299999982,0.003299999982,0.007499999832,linear_decay
2798,0.003299999982,0.003299999982,0.007499999832,linear_decay
2799,0.003299999982,0.003299999982,0.007499999832,linear_decay
2800,0.003299999982,0.003299999982,0.007499999832,linear_decay
2801,0.003299999982,0.003299999982,0.007499999832,linear_decay
2802,0.003299999982,0.003299999982,0.007499999832,linear_decay
2803,0.003299999982,0.003299999982,0.007499999832,linear_decay
2804,0.003299999982,0.003299999982,0.007499999832,linear_decay
2805,0.003299999982,0.003299999982,0.007499999832,linear_decay
2806,0.003299999982,0.003299999982,0.007499999832,linear_decay
2807,0.003299999982,0.003299999982,0.007499999832,linear_decay
2808,0.003299999982,0.003299999982,0.007499999832,linear_decay
2809,0.003299999982,0.003299999982,0.007499999832,linear_decay
2810,0.003299999982,0.003299999982,0.007499999832,linear_decay
2811,0.003299999982,0.003299999982,0.007499999832,linear_decay
2812,0.003299999982,0.003299999982,0.007499999832,linear_decay
2813,0.003299999982,0.003299999982,0.007499999832,linear_decay
2814,0.003299999982,0.003299999982,0.007499999832,linear_decay
2815,0.003299999982,0.003299999982,0.007499999832,linear_decay
2816,0.003299999982,0.003299999982,0.007499999832,linear_decay
2817,0.003299999982,0.003299999982,0.007499999832,linear_decay
2818,0.003299999982,0.003299999982,0.007499999832,linear_decay
2819,0.003299999982,0.003299999982,0.007499999832,linear_decay
2820,0.003299999982,0.003299999982,0.007499999832,linear_decay
2821,0.003299999982,0.003299999982,0.007499999832,linear_decay
2822,0.003299999982,0.003299999982,0.007499999832,linear_decay
2823,0.003299999982,0.003299999982,0.007499999832,linear_decay
2824,0.003299999982,0.003299999982,0.007499999832,linear_decay
2825,0.003299999982,0.003299999982,0.007499999832,linear_decay
2826,0.003299999982,0.003299999982,0.007499999832,linear_decay
2827,0.003299999982,0.003299999982,0.007499999832,linear_decay
2828,0.003299999982,0.003299999982,0.007499999832,linear_decay
2829,0.003299999982,0.003299999982,0.007499999832,linear_decay
2830,0.003299999982,0.003299999982,0.007499999832,linear_decay
2831,0.003299999982,0.003299999982,0.007499999832,linear_decay
2832,0.003299999982,0.003299999982,0.007499999832,linear_decay
2833,0.003299999982,0.003299999982,0.007499999832,linear_decay
2834,0.003299999982,0.003299999982,0.007499999832,linear_decay
2835,0.003299999982,0.003299999982,0.007499999832,linear_decay
2836,0.003299999982,0.003299999982,0.007499999832,linear_decay
2837,0.003299999982,0.003299999982,0.007499999832,linear_decay
2838,0.003299999982,0.003299999982,0.007499999832,linear_decay
2839,0.003299999982,0.003299999982,0.007499999832,linear_decay
2840,0.003299999982,0.003299999982,0.007499999832,linear_decay
2841,0.003299999982,0.003299999982,0.007499999832,linear_decay
2842,0.003299999982,0.003299999982,0.007499999832,linear_decay
2843,0.003299999982,0.003299999982,0.007499999832,linear_decay
2844,0.003299999982,0.003299999982,0.007499999832,linear_decay
2845,0.003299999982,0.003299999982,0.007499999832,linear_decay
2846,0.003299999982,0.003299999982,0.007499999832,linear_decay
2847,0.003299999982,0.003299999982,0.007499999832,linear_decay
2848,0.003299999982,0.003299999982,0.007499999832,linear_decay
2849,0.003299999982,0.003299999982,0.007499999832,linear_decay
2850,0.003299999982,0.003299999982,0.007499999832,linear_decay
2851,0.003299999982,0.003299999982,0.007499999832,linear_decay
2852,0.003299999982,0.003299999982,0.007499999832,linear_decay
2853,0.003299999982,0.003299999982,0.007499999832,linear_decay
2854,0.003299999982,0.003299999982,0.007499999832,linear_decay
2855,0.003299999982,0.003299999982,0.007499999832,linear_decay
2856,0.003299999982,0.003299999982,0.007499999832,linear_decay
2857,0.003299999982,0.003299999982,0.007499999832,linear_decay
2858,0.003299999982,0.003299999982,0.007499999832,linear_decay
2859,0.003299999982,0.003299999982,0.007499999832,linear_decay
2860,0.003299999982,0.003299999982,0.007499999832,linear_decay
2861,0.003299999982,0.003299999982,0.007499999832,linear_decay
2862,0.003299999982,0.003299999982,0.007499999832,linear_decay
2863,0.003299999982,0.003299999982,0.007499999832,linear_decay
2864,0.003299999982,0.003299999982,0.007499999832,linear_decay
2865,0.003299999982,0.003299999982,0.007499999832,linear_decay
2866,0.003299999982,0.003299999982,0.007499999832,linear_decay
2867,0.003299999982,0.003299999982,0.007499999832,linear_decay
2868,0.003299999982,0.003299999982,0.007499999832,linear_decay
2869,0.003299999982,0.003299999982,0.007499999832,linear_decay
2870,0.003299999982,0.003299999982,0.007499999832,linear_decay
2871,0.003299999982,0.003299999982,0.007499999832,linear_decay
2872,0.003299999982,0.003299999982,0.007499999832,linear_decay
2873,0.003299999982,0.003299999982,0.007499999832,linear_decay
2874,0.003299999982,0.003299999982,0.007499999832,linear_decay
2875,0.003299999982,0.003299999982,0.007499999832,linear_decay
2876,0.003299999982,0.003299999982,0.007499999832,linear_decay
2877,0.003299999982,0.003299999982,0.007499999832,linear_decay
2878,0.003299999982,0.003299999982,0.007499999832,linear_decay
2879,0.003299999982,0.003299999982,0.007499999832,linear_decay
2880,0.003299999982,0.003299999982,0.007499999832,linear_decay
2881,0.003299999982,0.003299999982,0.007499999832,linear_decay
2882,0.003299999982,0.003299999982,0.007499999832,linear_decay
2883,0.003299999982,0.003299999982,0.007499999832,linear_decay
2884,0.003299999982,0.003299999982,0.007499999832,linear_decay
2885,0.003299999982,0.003299999982,0.007499999832,linear_decay
2886,0.003299999982,0.003299999982,0.007499999832,linear_decay
2887,0.003299999982,0.003299999982,0.007499999832,linear_decay
2888,0.003299999982,0.003299999982,0.007499999832,linear_decay
2889,0.003299999982,0.003299999982,0.007499999832,linear_decay
2890,0.003299999982,0.003299999982,0.007499999832,linear_decay
2891,0.003299999982,0.003299999982,0.007499999832,linear_decay
2892,0.003299999982,0.003299999982,0.007499999832,linear_decay
2893,0.003299999982,0.003299999982,0.007499999832,linear_decay
2894,0.003299999982,0.003299999982,0.007499999832,linear_decay
2895,0.003299999982,0.003299999982,0.007499999832,linear_decay
2896,0.003299999982,0.003299999982,0.007499999832,linear_decay
2897,0.003299999982,0.003299999982,0.007499999832,linear_decay
2898,0.003299999982,0.003299999982,0.007499999832,linear_decay
2899,0.003299999982,0.003299999982,0.007499999832,linear_decay
2900,0.003299999982,0.003299999982,0.007499999832,linear_decay
2901,0.003299999982,0.003299999982,0.007499999832,linear_decay
2902,0.003299999982,0.003299999982,0.007499999832,linear_decay
2903,0.003299999982,0.003299999982,0.007499999832,linear_decay
2904,0.003299999982,0.003299999982,0.007499999832,linear_decay
2905,0.003299999982,0.003299999982,0.007499999832,linear_decay
2906,0.003299999982,0.003299999982,0.007499999832,linear_decay
2907,0.003299999982,0.003299999982,0.007499999832,linear_decay
2908,0.003299999982,0.003299999982,0.007499999832,linear_decay
2909,0.003299999982,0.003299999982,0.007499999832,linear_decay
2910,0.003299999982,0.003299999982,0.007499999832,linear_decay
2911,0.003299999982,0.003299999982,0.007499999832,linear_decay
2912,0.003299999982,0.003299999982,0.007499999832,linear_decay
2913,0.003299999982,0.003299999982,0.007499999832,linear_decay
2914,0.003299999982,0.003299999982,0.007499999832,linear_decay
2915,0.003299999982,0.003299999982,0.007499999832,linear_decay
2916,0.003299999982,0.003299999982,0.007499999832,linear_decay
2917,0.003299999982,0.003299999982,0.007499999832,linear_decay
2918,0.003299999982,0.003299999982,0.007499999832,linear_decay
2919,0.003299999982,0.003299999982,0.007499999832,linear_decay
2920,0.003299999982,0.003299999982,0.007499999832,linear_decay
2921,0.003299999982,0.003299999982,0.007499999832,linear_decay
2922,0.003299999982,0.003299999982,0.007499999832,linear_decay
2923,0.003299999982,0.003299999982,0.007499999832,linear_decay
2924,0.003299999982,0.003299999982,0.007499999832,linear_decay
2925,0.003299999982,0.003299999982,0.007499999832,linear_decay
2926,0.003299999982,0.003299999982,0.007499999832,linear_decay
2927,0.003299999982,0.003299999982,0.007499999832,linear_decay
2928,0.003299999982,0.003299999982,0.007499999832,linear_decay
2929,0.003299999982,0.003299999982,0.007499999832,linear_decay
2930,0.003299999982,0.003299999982,0.007499999832,linear_decay
2931,0.003299999982,0.003299999982,0.007499999832,linear_decay
2932,0.003299999982,0.003299999982,0.007499999832,linear_decay
2933,0.003299999982,0.003299999982,0.007499999832,linear_decay
2934,0.003299999982,0.003299999982,0.007499999832,linear_decay
2935,0.003299999982,0.003299999982,0.007499999832,linear_decay
2936,0.003299999982,0.003299999982,0.007499999832,linear_decay
2937,0.003299999982,0.003299999982,0.007499999832,linear_decay
2938,0.003299999982,0.003299999982,0.007499999832,linear_decay
2939,0.003299999982,0.003299999982,0.007499999832,linear_decay
2940,0.003299999982,0.003299999982,0.007499999832,linear_decay
2941,0.003299999982,0.003299999982,0.007499999832,linear_decay
2942,0.003299999982,0.003299999982,0.007499999832,linear_decay
2943,0.003299999982,0.003299999982,0.007499999832,linear_decay
2944,0.003299999982,0.003299999982,0.007499999832,linear_decay
2945,0.003299999982,0.003299999982,0.007499999832,linear_decay
2946,0.003299999982,0.003299999982,0.007499999832,linear_decay
2947,0.003299999982,0.003299999982,0.007499999832,linear_decay
2948,0.003299999982,0.003299999982,0.007499999832,linear_decay
2949,0.003299999982,0.003299999982,0.007499999832,linear_decay
2950,0.003299999982,0.003299999982,0.007499999832,linear_decay
2951,0.003299999982,0.003299999982,0.007499999832,linear_decay
2952,0.003299999982,0.003299999982,0.007499999832,linear_decay
2953,0.003299999982,0.003299999982,0.007499999832,linear_decay
2954,0.003299999982,0.003299999982,0.007499999832,linear_decay
2955,0.003299999982,0.003299999982,0.007499999832,linear_decay
2956,0.003299999982,0.003299999982,0.007499999832,linear_decay
2957,0.003299999982,0.003299999982,0.007499999832,linear_decay
2958,0.003299999982,0.003299999982,0.007499999832,linear_decay
2959,0.003299999982,0.003299999982,0.007499999832,linear_decay
2960,0.003299999982,0.003299999982,0.007499999832,linear_decay
2961,0.003299999982,0.003299999982,0.007499999832,linear_decay
2962,0.003299999982,0.003299999982,0.007499999832,linear_decay
2963,0.003299999982,0.003299999982,0.007499999832,linear_decay
2964,0.003299999982,0.003299999982,0.007499999832,linear_decay
2965,0.003299999982,0.003299999982,0.007499999832,linear_decay
2966,0.003299999982,0.003299999982,0.007499999832,linear_decay
2967,0.003299999982,0.003299999982,0.007499999832,linear_decay
2968,0.003299999982,0.003299999982,0.007499999832,linear_decay
2969,0.003299999982,0.003299999982,0.007499999832,linear_decay
2970,0.003299999982,0.003299999982,0.007499999832,linear_decay
2971,0.003299999982,0.003299999982,0.007499999832,linear_decay
2972,0.003299999982,0.003299999982,0.007499999832,linear_decay
2973,0.003299999982,0.003299999982,0.007499999832,linear_decay
2974,0.003299999982,0.003299999982,0.007499999832,linear_decay
2975,0.003299999982,0.003299999982,0.007499999832,linear_decay
2976,0.003299999982,0.003299999982,0.007499999832,linear_decay
2977,0.003299999982,0.003299999982,0.007499999832,linear_decay
2978,0.003299999982,0.003299999982,0.007499999832,linear_decay
2979,0.003299999982,0.003299999982,0.007499999832,linear_decay
2980,0.003299999982,0.003299999982,0.007499999832,linear_decay
2981,0.003299999982,0.003299999982,0.007499999832,linear_decay
2982,0.003299999982,0.003299999982,0.007499999832,linear_decay
2983,0.003299999982,0.003299999982,0.007499999832,linear_decay
2984,0.003299999982,0.003299999982,0.007499999832,linear_decay
2985,0.003299999982,0.003299999982,0.007499999832,linear_decay
2986,0.003299999982,0.003299999982,0.007499999832,linear_decay
2987,0.003299999982,0.003299999982,0.007499999832,linear_decay
2988,0.003299999982,0.003299999982,0.007499999832,linear_decay
2989,0.003299999982,0.003299999982,0.007499999832,linear_decay
2990,0.003299999982,0.003299999982,0.007499999832,linear_decay
2991,0.003299999982,0.003299999982,0.007499999832,linear_decay
2992,0.003299999982,0.003299999982,0.007499999832,linear_decay
2993,0.003299999982,0.003299999982,0.007499999832,linear_decay
2994,0.003299999982,0.003299999982,0.007499999832,linear_decay
2995,0.003299999982,0.003299999982,0.007499999832,linear_decay
2996,0.003299999982,0.003299999982,0.007499999832,linear_decay
2997,0.003299999982,0.003299999982,0.007499999832,linear_decay
2998,0.003299999982,0.003299999982,0.007499999832,linear_decay
2999,0.003299999982,0.003299999982,0.007499999832,linear_decay
3000,0.003299999982,0.003299999982,0.007499999832,linear_decay
3001,0.003299999982,0.003299999982,0.007499999832,linear_decay
3002,0.003299999982,0.003299999982,0.007499999832,linear_decay
3003,0.003299999982,0.003299999982,0.007499999832,linear_decay
3004,0.003299999982,0.003299999982,0.007499999832,linear_decay
3005,0.003299999982,0.003299999982,0.007499999832,linear_decay
3006,0.003299999982,0.003299999982,0.007499999832,linear_decay
3007,0.003299999982,0.003299999982,0.007499999832,linear_decay
3008,0.003299999982,0.003299999982,0.007499999832,linear_decay
3009,0.003299999982,0.003299999982,0.007499999832,linear_decay
3010,0.003299999982,0.003299999982,0.007499999832,linear_decay
3011,0.003299999982,0.003299999982,0.007499999832,linear_decay
3012,0.003299999982,0.003299999982,0.007499999832,linear_decay
3013,0.003299999982,0.003299999982,0.007499999832,linear_decay
3014,0.003299999982,0.003299999982,0.007499999832,linear_decay
3015,0.003299999982,0.003299999982,0.007499999832,linear_decay
3016,0.003299999982,0.003299999982,0.007499999832,linear_decay
3017,0.003299999982,0.003299999982,0.007499999832,linear_decay
3018,0.003299999982,0.003299999982,0.007499999832,linear_decay
3019,0.003299999982,0.003299999982,0.007499999832,linear_decay
3020,0.003299999982,0.003299999982,0.007499999832,linear_decay
3021,0.003299999982,0.003299999982,0.007499999832,linear_decay
3022,0.003299999982,0.003299999982,0.007499999832,linear_decay
3023,0.003299999982,0.003299999982,0.007499999832,linear_decay
3024,0.003299999982,0.003299999982,0.007499999832,linear_decay
3025,0.003299999982,0.003299999982,0.007499999832,linear_decay
3026,0.003299999982,0.003299999982,0.007499999832,linear_decay
3027,0.003299999982,0.003299999982,0.007499999832,linear_decay
3028,0.003299999982,0.003299999982,0.007499999832,linear_decay
3029,0.003299999982,0.003299999982,0.007499999832,linear_decay
3030,0.003299999982,0.003299999982,0.007499999832,linear_decay
3031,0.003299999982,0.003299999982,0.007499999832,linear_decay
3032,0.003299999982,0.003299999982,0.007499999832,linear_decay
3033,0.003299999982,0.003299999982,0.007499999832,linear_decay
3034,0.003299999982,0.003299999982,0.007499999832,linear_decay
3035,0.003299999982,0.003299999982,0.007499999832,linear_decay
3036,0.003299999982,0.003299999982,0.007499999832,linear_decay
3037,0.003299999982,0.003299999982,0.007499999832,linear_decay
3038,0.003299999982,0.003299999982,0.007499999832,linear_decay
3039,0.003299999982,0.003299999982,0.007499999832,linear_decay
3040,0.003299999982,0.003299999982,0.007499999832,linear_decay
3041,0.003299999982,0.003299999982,0.007499999832,linear_decay
3042,0.003299999982,0.003299999982,0.007499999832,linear_decay
3043,0.003299999982,0.003299999982,0.007499999832,linear_decay
3044,0.003299999982,0.003299999982,0.007499999832,linear_decay
3045,0.003299999982,0.003299999982,0.007499999832,linear_decay
3046,0.003299999982,0.003299999982,0.007499999832,linear_decay
3047,0.003299999982,0.003299999982,0.007499999832,linear_decay
3048,0.003299999982,0.003299999982,0.007499999832,linear_decay
3049,0.003299999982,0.003299999982,0.007499999832,linear_decay
3050,0.003299999982,0.003299999982,0.007499999832,linear_decay
3051,0.003299999982,0.003299999982,0.007499999832,linear_decay
3052,0.003299999982,0.003299999982,0.007499999832,linear_decay
3053,0.003299999982,0.003299999982,0.007499999832,linear_decay
3054,0.003299999982,0.003299999982,0.007499999832,linear_decay
3055,0.003299999982,0.003299999982,0.007499999832,linear_decay
3056,0.003299999982,0.003299999982,0.007499999832,linear_decay
3057,0.003299999982,0.003299999982,0.007499999832,linear_decay
3058,0.003299999982,0.003299999982,0.007499999832,linear_decay
3059,0.003299999982,0.003299999982,0.007499999832,linear_decay
3060,0.003299999982,0.003299999982,0.007499999832,linear_decay
3061,0.003299999982,0.003299999982,0.007499999832,linear_decay
3062,0.003299999982,0.003299999982,0.007499999832,linear_decay
3063,0.003299999982,0.003299999982,0.007499999832,linear_decay
3064,0.003299999982,0.003299999982,0.007499999832,linear_decay
3065,0.003299999982,0.003299999982,0.007499999832,linear_decay
3066,0.003299999982,0.003299999982,0.007499999832,linear_decay
3067,0.003299999982,0.003299999982,0.007499999832,linear_decay
3068,0.003299999982,0.003299999982,0.007499999832,linear_decay
3069,0.003299999982,0.003299999982,0.007499999832,linear_decay
3070,0.003299999982,0.003299999982,0.007499999832,linear_decay
3071,0.003299999982,0.003299999982,0.007499999832,linear_decay
3072,0.003299999982,0.003299999982,0.007499999832,linear_decay
3073,0.003299999982,0.003299999982,0.007499999832,linear_decay
3074,0.003299999982,0.003299999982,0.007499999832,linear_decay
3075,0.003299999982,0.003299999982,0.007499999832,linear_decay
3076,0.003299999982,0.003299999982,0.007499999832,linear_decay
3077,0.003299999982,0.003299999982,0.007499999832,linear_decay
3078,0.003299999982,0.003299999982,0.007499999832,linear_decay
3079,0.003299999982,0.003299999982,0.007499999832,linear_decay
3080,0.003299999982,0.003299999982,0.007499999832,linear_decay
3081,0.003299999982,0.003299999982,0.007499999832,linear_decay
3082,0.003299999982,0.003299999982,0.007499999832,linear_decay
3083,0.003299999982,0.003299999982,0.007499999832,linear_decay
3084,0.003299999982,0.003299999982,0.007499999832,linear_decay
3085,0.003299999982,0.003299999982,0.007499999832,linear_decay
3086,0.003299999982,0.003299999982,0.007499999832,linear_decay
3087,0.003299999982,0.003299999982,0.007499999832,linear_decay
3088,0.003299999982,0.003299999982,0.007499999832,linear_decay
3089,0.003299999982,0.003299999982,0.007499999832,linear_decay
3090,0.003299999982,0.003299999982,0.007499999832,linear_decay
3091,0.003299999982,0.003299999982,0.007499999832,linear_decay
3092,0.003299999982,0.003299999982,0.007499999832,linear_decay
3093,0.003299999982,0.003299999982,0.007499999832,linear_decay
3094,0.003299999982,0.003299999982,0.007499999832,linear_decay
3095,0.003299999982,0.003299999982,0.007499999832,linear_decay
3096,0.003299999982,0.003299999982,0.007499999832,linear_decay
3097,0.003299999982,0.003299999982,0.007499999832,linear_decay
3098,0.003299999982,0.003299999982,0.007499999832,linear_decay
3099,0.003299999982,0.003299999982,0.007499999832,linear_decay
3100,0.003299999982,0.003299999982,0.007499999832,linear_decay
3101,0.003299999982,0.003299999982,0.007499999832,linear_decay
3102,0.003299999982,0.003299999982,0.007499999832,linear_decay
3103,0.003299999982,0.003299999982,0.007499999832,linear_decay
3104,0.003299999982,0.003299999982,0.007499999832,linear_decay
3105,0.003299999982,0.003299999982,0.007499999832,linear_decay
3106,0.003299999982,0.003299999982,0.007499999832,linear_decay
3107,0.003299999982,0.003299999982,0.007499999832,linear_decay
3108,0.003299999982,0.003299999982,0.007499999832,linear_decay
3109,0.003299999982,0.003299999982,0.007499999832,linear_decay
3110,0.003299999982,0.003299999982,0.007499999832,linear_decay
3111,0.003299999982,0.003299999982,0.007499999832,linear_decay
3112,0.003299999982,0.003299999982,0.007499999832,linear_decay
3113,0.003299999982,0.003299999982,0.007499999832,linear_decay
3114,0.003299999982,0.003299999982,0.007499999832,linear_decay
3115,0.003299999982,0.003299999982,0.007499999832,linear_decay
3116,0.003299999982,0.003299999982,0.007499999832,linear_decay
3117,0.003299999982,0.003299999982,0.007499999832,linear_decay
3118,0.003299999982,0.003299999982,0.007499999832,linear_decay
3119,0.003299999982,0.003299999982,0.007499999832,linear_decay
3120,0.003299999982,0.003299999982,0.007499999832,linear_decay
3121,0.003299999982,0.003299999982,0.007499999832,linear_decay
3122,0.003299999982,0.003299999982,0.007499999832,linear_decay
3123,0.003299999982,0.003299999982,0.007499999832,linear_decay
3124,0.003299999982,0.003299999982,0.007499999832,linear_decay
3125,0.003299999982,0.003299999982,0.007499999832,linear_decay
3126,0.003299999982,0.003299999982,0.007499999832,linear_decay
3127,0.003299999982,0.003299999982,0.007499999832,linear_decay
3128,0.003299999982,0.003299999982,0.007499999832,linear_decay
3129,0.003299999982,0.003299999982,0.007499999832,linear_decay
3130,0.003299999982,0.003299999982,0.007499999832,linear_decay
3131,0.003299999982,0.003299999982,0.007499999832,linear_decay
3132,0.003299999982,0.003299999982,0.007499999832,linear_decay
3133,0.003299999982,0.003299999982,0.007499999832,linear_decay
3134,0.003299999982,0.003299999982,0.007499999832,linear_decay
3135,0.003299999982,0.003299999982,0.007499999832,linear_decay
3136,0.003299999982,0.003299999982,0.007499999832,linear_decay
3137,0.003299999982,0.003299999982,0.007499999832,linear_decay
3138,0.003299999982,0.003299999982,0.007499999832,linear_decay
3139,0.003299999982,0.003299999982,0.007499999832,linear_decay
3140,0.003299999982,0.003299999982,0.007499999832,linear_decay
3141,0.003299999982,0.003299999982,0.007499999832,linear_decay
3142,0.003299999982,0.003299999982,0.007499999832,linear_decay
3143,0.003299999982,0.003299999982,0.007499999832,linear_decay
3144,0.003299999982,0.003299999982,0.007499999832,linear_decay
3145,0.003299999982,0.003299999982,0.007499999832,linear_decay
3146,0.003299999982,0.003299999982,0.007499999832,linear_decay
3147,0.003299999982,0.003299999982,0.007499999832,linear_decay
3148,0.003299999982,0.003299999982,0.007499999832,linear_decay
3149,0.003299999982,0.003299999982,0.007499999832,linear_decay
3150,0.003299999982,0.003299999982,0.007499999832,linear_decay
3151,0.003299999982,0.003299999982,0.007499999832,linear_decay
3152,0.003299999982,0.003299999982,0.007499999832,linear_decay
3153,0.003299999982,0.003299999982,0.007499999832,linear_decay
3154,0.003299999982,0.003299999982,0.007499999832,linear_decay
3155,0.003299999982,0.003299999982,0.007499999832,linear_decay
3156,0.003299999982,0.003299999982,0.007499999832,linear_decay
3157,0.003299999982,0.003299999982,0.007499999832,linear_decay
3158,0.003299999982,0.003299999982,0.007499999832,linear_decay
3159,0.003299999982,0.003299999982,0.007499999832,linear_decay
3160,0.003299999982,0.003299999982,0.007499999832,linear_decay
3161,0.003299999982,0.003299999982,0.007499999832,linear_decay
3162,0.003299999982,0.003299999982,0.007499999832,linear_decay
3163,0.003299999982,0.003299999982,0.007499999832,linear_decay
3164,0.003299999982,0.003299999982,0.007499999832,linear_decay
3165,0.003299999982,0.003299999982,0.007499999832,linear_decay
3166,0.003299999982,0.003299999982,0.007499999832,linear_decay
3167,0.003299999982,0.003299999982,0.007499999832,linear_decay
3168,0.003299999982,0.003299999982,0.007499999832,linear_decay
3169,0.003299999982,0.003299999982,0.007499999832,linear_decay
3170,0.003299999982,0.003299999982,0.007499999832,linear_decay
3171,0.003299999982,0.003299999982,0.007499999832,linear_decay
3172,0.003299999982,0.003299999982,0.007499999832,linear_decay
3173,0.003299999982,0.003299999982,0.007499999832,linear_decay
3174,0.003299999982,0.003299999982,0.007499999832,linear_decay
3175,0.003299999982,0.003299999982,0.007499999832,linear_decay
3176,0.003299999982,0.003299999982,0.007499999832,linear_decay
3177,0.003299999982,0.003299999982,0.007499999832,linear_decay
3178,0.003299999982,0.003299999982,0.007499999832,linear_decay
3179,0.003299999982,0.003299999982,0.007499999832,linear_decay
3180,0.003299999982,0.003299999982,0.007499999832,linear_decay
3181,0.003299999982,0.003299999982,0.007499999832,linear_decay
3182,0.003299999982,0.003299999982,0.007499999832,linear_decay
3183,0.003299999982,0.003299999982,0.007499999832,linear_decay
3184,0.003299999982,0.003299999982,0.007499999832,linear_decay
3185,0.003299999982,0.003299999982,0.007499999832,linear_decay
3186,0.003299999982,0.003299999982,0.007499999832,linear_decay
3187,0.003299999982,0.003299999982,0.007499999832,linear_decay
3188,0.003299999982,0.003299999982,0.007499999832,linear_decay
3189,0.003299999982,0.003299999982,0.007499999832,linear_decay
3190,0.003299999982,0.003299999982,0.007499999832,linear_decay
3191,0.003299999982,0.003299999982,0.007499999832,linear_decay
3192,0.003299999982,0.003299999982,0.007499999832,linear_decay
3193,0.003299999982,0.003299999982,0.007499999832,linear_decay
3194,0.003299999982,0.003299999982,0.007499999832,linear_decay
3195,0.003299999982,0.003299999982,0.007499999832,linear_decay
3196,0.003299999982,0.003299999982,0.007499999832,linear_decay
3197,0.003299999982,0.003299999982,0.007499999832,linear_decay
3198,0.003299999982,0.003299999982,0.007499999832,linear_decay
3199,0.003299999982,0.003299999982,0.007499999832,linear_decay
3200,0.003299999982,0.003299999982,0.007499999832,linear_decay
3201,0.003299999982,0.003299999982,0.007499999832,linear_decay
3202,0.003299999982,0.003299999982,0.007499999832,linear_decay
3203,0.003299999982,0.003299999982,0.007499999832,linear_decay
3204,0.003299999982,0.003299999982,0.007499999832,linear_decay
3205,0.003299999982,0.003299999982,0.007499999832,linear_decay
3206,0.003299999982,0.003299999982,0.007499999832,linear_decay
3207,0.003299999982,0.003299999982,0.007499999832,linear_decay
3208,0.003299999982,0.003299999982,0.007499999832,linear_decay
3209,0.003299999982,0.003299999982,0.007499999832,linear_decay
3210,0.003299999982,0.003299999982,0.007499999832,linear_decay
3211,0.003299999982,0.003299999982,0.007499999832,linear_decay
3212,0.003299999982,0.003299999982,0.007499999832,linear_decay
3213,0.003299999982,0.003299999982,0.007499999832,linear_decay
3214,0.003299999982,0.003299999982,0.007499999832,linear_decay
3215,0.003299999982,0.003299999982,0.007499999832,linear_decay
3216,0.003299999982,0.003299999982,0.007499999832,linear_decay
3217,0.003299999982,0.003299999982,0.007499999832,linear_decay
3218,0.003299999982,0.003299999982,0.007499999832,linear_decay
3219,0.003299999982,0.003299999982,0.007499999832,linear_decay
3220,0.003299999982,0.003299999982,0.007499999832,linear_decay
3221,0.003299999982,0.003299999982,0.007499999832,linear_decay
3222,0.003299999982,0.003299999982,0.007499999832,linear_decay
3223,0.003299999982,0.003299999982,0.007499999832,linear_decay
3224,0.003299999982,0.003299999982,0.007499999832,linear_decay
3225,0.003299999982,0.003299999982,0.007499999832,linear_decay
3226,0.003299999982,0.003299999982,0.007499999832,linear_decay
3227,0.003299999982,0.003299999982,0.007499999832,linear_decay
3228,0.003299999982,0.003299999982,0.007499999832,linear_decay
3229,0.003299999982,0.003299999982,0.007499999832,linear_decay
3230,0.003299999982,0.003299999982,0.007499999832,linear_decay
3231,0.003299999982,0.003299999982,0.007499999832,linear_decay
3232,0.003299999982,0.003299999982,0.007499999832,linear_decay
3233,0.003299999982,0.003299999982,0.007499999832,linear_decay
3234,0.003299999982,0.003299999982,0.007499999832,linear_decay
3235,0.003299999982,0.003299999982,0.007499999832,linear_decay
3236,0.003299999982,0.003299999982,0.007499999832,linear_decay
3237,0.003299999982,0.003299999982,0.007499999832,linear_decay
3238,0.003299999982,0.003299999982,0.007499999832,linear_decay
3239,0.003299999982,0.003299999982,0.007499999832,linear_decay
3240,0.003299999982,0.003299999982,0.007499999832,linear_decay
3241,0.003299999982,0.003299999982,0.007499999832,linear_decay
3242,0.003299999982,0.003299999982,0.007499999832,linear_decay
3243,0.003299999982,0.003299999982,0.007499999832,linear_decay
3244,0.003299999982,0.003299999982,0.007499999832,linear_decay
3245,0.003299999982,0.003299999982,0.007499999832,linear_decay
3246,0.003299999982,0.003299999982,0.007499999832,linear_decay
3247,0.003299999982,0.003299999982,0.007499999832,linear_decay
3248,0.003299999982,0.003299999982,0.007499999832,linear_decay
3249,0.003299999982,0.003299999982,0.007499999832,linear_decay
3250,0.003299999982,0.003299999982,0.007499999832,linear_decay
3251,0.003299999982,0.003299999982,0.007499999832,linear_decay
3252,0.003299999982,0.003299999982,0.007499999832,linear_decay
3253,0.003299999982,0.003299999982,0.007499999832,linear_decay
3254,0.003299999982,0.003299999982,0.007499999832,linear_decay
3255,0.003299999982,0.003299999982,0.007499999832,linear_decay
3256,0.003299999982,0.003299999982,0.007499999832,linear_decay
3257,0.003299999982,0.003299999982,0.007499999832,linear_decay
3258,0.003299999982,0.003299999982,0.007499999832,linear_decay
3259,0.003299999982,0.003299999982,0.007499999832,linear_decay
3260,0.003299999982,0.003299999982,0.007499999832,linear_decay
3261,0.003299999982,0.003299999982,0.007499999832,linear_decay
3262,0.003299999982,0.003299999982,0.007499999832,linear_decay
3263,0.003299999982,0.003299999982,0.007499999832,linear_decay
3264,0.003299999982,0.003299999982,0.007499999832,linear_decay
3265,0.003299999982,0.003299999982,0.007499999832,linear_decay
3266,0.003299999982,0.003299999982,0.007499999832,linear_decay
3267,0.003299999982,0.003299999982,0.007499999832,linear_decay
3268,0.003299999982,0.003299999982,0.007499999832,linear_decay
3269,0.003299999982,0.003299999982,0.007499999832,linear_decay
3270,0.003299999982,0.003299999982,0.007499999832,linear_decay
3271,0.003299999982,0.003299999982,0.007499999832,linear_decay
3272,0.003299999982,0.003299999982,0.007499999832,linear_decay
3273,0.003299999982,0.003299999982,0.007499999832,linear_decay
3274,0.003299999982,0.003299999982,0.007499999832,linear_decay
3275,0.003299999982,0.003299999982,0.007499999832,linear_decay
3276,0.003299999982,0.003299999982,0.007499999832,linear_decay
3277,0.003299999982,0.003299999982,0.007499999832,linear_decay
3278,0.003299999982,0.003299999982,0.007499999832,linear_decay
3279,0.003299999982,0.003299999982,0.007499999832,linear_decay
3280,0.003299999982,0.003299999982,0.007499999832,linear_decay
3281,0.003299999982,0.003299999982,0.007499999832,linear_decay
3282,0.003299999982,0.003299999982,0.007499999832,linear_decay
3283,0.003299999982,0.003299999982,0.007499999832,linear_decay
3284,0.003299999982,0.003299999982,0.007499999832,linear_decay
3285,0.003299999982,0.003299999982,0.007499999832,linear_decay
3286,0.003299999982,0.003299999982,0.007499999832,linear_decay
3287,0.003299999982,0.003299999982,0.007499999832,linear_decay
3288,0.003299999982,0.003299999982,0.007499999832,linear_decay
3289,0.003299999982,0.003299999982,0.007499999832,linear_decay
3290,0.003299999982,0.003299999982,0.007499999832,linear_decay
3291,0.003299999982,0.003299999982,0.007499999832,linear_decay
3292,0.003299999982,0.003299999982,0.007499999832,linear_decay
3293,0.003299999982,0.003299999982,0.007499999832,linear_decay
3294,0.003299999982,0.003299999982,0.007499999832,linear_decay
3295,0.003299999982,0.003299999982,0.007499999832,linear_decay
3296,0.003299999982,0.003299999982,0.007499999832,linear_decay
3297,0.003299999982,0.003299999982,0.007499999832,linear_decay
3298,0.003299999982,0.003299999982,0.007499999832,linear_decay
3299,0.003299999982,0.003299999982,0.007499999832,linear_decay
3300,0.003299999982,0.003299999982,0.007499999832,linear_decay
3301,0.003299999982,0.003299999982,0.007499999832,linear_decay
3302,0.003299999982,0.003299999982,0.007499999832,linear_decay
3303,0.003299999982,0.003299999982,0.007499999832,linear_decay
3304,0.003299999982,0.003299999982,0.007499999832,linear_decay
3305,0.003299999982,0.003299999982,0.007499999832,linear_decay
3306,0.003299999982,0.003299999982,0.007499999832,linear_decay
3307,0.003299999982,0.003299999982,0.007499999832,linear_decay
3308,0.003299999982,0.003299999982,0.007499999832,linear_decay
3309,0.003299999982,0.003299999982,0.007499999832,linear_decay
3310,0.003299999982,0.003299999982,0.007499999832,linear_decay
3311,0.003299999982,0.003299999982,0.007499999832,linear_decay
3312,0.003299999982,0.003299999982,0.007499999832,linear_decay
3313,0.003299999982,0.003299999982,0.007499999832,linear_decay
3314,0.003299999982,0.003299999982,0.007499999832,linear_decay
3315,0.003299999982,0.003299999982,0.007499999832,linear_decay
3316,0.003299999982,0.003299999982,0.007499999832,linear_decay
3317,0.003299999982,0.003299999982,0.007499999832,linear_decay
3318,0.003299999982,0.003299999982,0.007499999832,linear_decay
3319,0.003299999982,0.003299999982,0.007499999832,linear_decay
3320,0.003299999982,0.003299999982,0.007499999832,linear_decay
3321,0.003299999982,0.003299999982,0.007499999832,linear_decay
3322,0.003299999982,0.003299999982,0.007499999832,linear_decay
3323,0.003299999982,0.003299999982,0.007499999832,linear_decay
3324,0.003299999982,0.003299999982,0.007499999832,linear_decay
3325,0.003299999982,0.003299999982,0.007499999832,linear_decay
3326,0.003299999982,0.003299999982,0.007499999832,linear_decay
3327,0.003299999982,0.003299999982,0.007499999832,linear_decay
3328,0.003299999982,0.003299999982,0.007499999832,linear_decay
3329,0.003299999982,0.003299999982,0.007499999832,linear_decay
3330,0.003299999982,0.003299999982,0.007499999832,linear_decay
3331,0.003299999982,0.003299999982,0.007499999832,linear_decay
3332,0.003299999982,0.003299999982,0.007499999832,linear_decay
3333,0.003299999982,0.003299999982,0.007499999832,linear_decay
3334,0.003299999982,0.003299999982,0.007499999832,linear_decay
3335,0.003299999982,0.003299999982,0.007499999832,linear_decay
3336,0.003299999982,0.003299999982,0.007499999832,linear_decay
3337,0.003299999982,0.003299999982,0.007499999832,linear_decay
3338,0.003299999982,0.003299999982,0.007499999832,linear_decay
3339,0.003299999982,0.003299999982,0.007499999832,linear_decay
3340,0.003299999982,0.003299999982,0.007499999832,linear_decay
3341,0.003299999982,0.003299999982,0.007499999832,linear_decay
3342,0.003299999982,0.003299999982,0.007499999832,linear_decay
3343,0.003299999982,0.003299999982,0.007499999832,linear_decay
3344,0.003299999982,0.003299999982,0.007499999832,linear_decay
3345,0.003299999982,0.003299999982,0.007499999832,linear_decay
3346,0.003299999982,0.003299999982,0.007499999832,linear_decay
3347,0.003299999982,0.003299999982,0.007499999832,linear_decay
3348,0.003299999982,0.003299999982,0.007499999832,linear_decay
3349,0.003299999982,0.003299999982,0.007499999832,linear_decay
3350,0.003299999982,0.003299999982,0.007499999832,linear_decay
3351,0.003299999982,0.003299999982,0.007499999832,linear_decay
3352,0.003299999982,0.003299999982,0.007499999832,linear_decay
3353,0.003299999982,0.003299999982,0.007499999832,linear_decay
3354,0.003299999982,0.003299999982,0.007499999832,linear_decay
3355,0.003299999982,0.003299999982,0.007499999832,linear_decay
3356,0.003299999982,0.003299999982,0.007499999832,linear_decay
3357,0.003299999982,0.003299999982,0.007499999832,linear_decay
3358,0.003299999982,0.003299999982,0.007499999832,linear_decay
3359,0.003299999982,0.003299999982,0.007499999832,linear_decay
3360,0.003299999982,0.003299999982,0.007499999832,linear_decay
3361,0.003299999982,0.003299999982,0.007499999832,linear_decay
3362,0.003299999982,0.003299999982,0.007499999832,linear_decay
3363,0.003299999982,0.003299999982,0.007499999832,linear_decay
3364,0.003299999982,0.003299999982,0.007499999832,linear_decay
3365,0.003299999982,0.003299999982,0.007499999832,linear_decay
3366,0.003299999982,0.003299999982,0.007499999832,linear_decay
3367,0.003299999982,0.003299999982,0.007499999832,linear_decay
3368,0.003299999982,0.003299999982,0.007499999832,linear_decay
3369,0.003299999982,0.003299999982,0.007499999832,linear_decay
3370,0.003299999982,0.003299999982,0.007499999832,linear_decay
3371,0.003299999982,0.003299999982,0.007499999832,linear_decay
3372,0.003299999982,0.003299999982,0.007499999832,linear_decay
3373,0.003299999982,0.003299999982,0.007499999832,linear_decay
3374,0.003299999982,0.003299999982,0.007499999832,linear_decay
3375,0.003299999982,0.003299999982,0.007499999832,linear_decay
3376,0.003299999982,0.003299999982,0.007499999832,linear_decay
3377,0.003299999982,0.003299999982,0.007499999832,linear_decay
3378,0.003299999982,0.003299999982,0.007499999832,linear_decay
3379,0.003299999982,0.003299999982,0.007499999832,linear_decay
3380,0.003299999982,0.003299999982,0.007499999832,linear_decay
3381,0.003299999982,0.003299999982,0.007499999832,linear_decay
3382,0.003299999982,0.003299999982,0.007499999832,linear_decay
3383,0.003299999982,0.003299999982,0.007499999832,linear_decay
3384,0.003299999982,0.003299999982,0.007499999832,linear_decay
3385,0.003299999982,0.003299999982,0.007499999832,linear_decay
3386,0.003299999982,0.003299999982,0.007499999832,linear_decay
3387,0.003299999982,0.003299999982,0.007499999832,linear_decay
3388,0.003299999982,0.003299999982,0.007499999832,linear_decay
3389,0.003299999982,0.003299999982,0.007499999832,linear_decay
3390,0.003299999982,0.003299999982,0.007499999832,linear_decay
3391,0.003299999982,0.003299999982,0.007499999832,linear_decay
3392,0.003299999982,0.003299999982,0.007499999832,linear_decay
3393,0.003299999982,0.003299999982,0.007499999832,linear_decay
3394,0.003299999982,0.003299999982,0.007499999832,linear_decay
3395,0.003299999982,0.003299999982,0.007499999832,linear_decay
3396,0.003299999982,0.003299999982,0.007499999832,linear_decay
3397,0.003299999982,0.003299999982,0.007499999832,linear_decay
3398,0.003299999982,0.003299999982,0.007499999832,linear_decay
3399,0.003299999982,0.003299999982,0.007499999832,linear_decay
3400,0.003299999982,0.003299999982,0.007499999832,linear_decay
3401,0.003299999982,0.003299999982,0.007499999832,linear_decay
3402,0.003299999982,0.003299999982,0.007499999832,linear_decay
3403,0.003299999982,0.003299999982,0.007499999832,linear_decay
3404,0.003299999982,0.003299999982,0.007499999832,linear_decay
3405,0.003299999982,0.003299999982,0.007499999832,linear_decay
3406,0.003299999982,0.003299999982,0.007499999832,linear_decay
3407,0.003299999982,0.003299999982,0.007499999832,linear_decay
3408,0.003299999982,0.003299999982,0.007499999832,linear_decay
3409,0.003299999982,0.003299999982,0.007499999832,linear_decay
3410,0.003299999982,0.003299999982,0.007499999832,linear_decay
3411,0.003299999982,0.003299999982,0.007499999832,linear_decay
3412,0.003299999982,0.003299999982,0.007499999832,linear_decay
3413,0.003299999982,0.003299999982,0.007499999832,linear_decay
3414,0.003299999982,0.003299999982,0.007499999832,linear_decay
3415,0.003299999982,0.003299999982,0.007499999832,linear_decay
3416,0.003299999982,0.003299999982,0.007499999832,linear_decay
3417,0.003299999982,0.003299999982,0.007499999832,linear_decay
3418,0.003299999982,0.003299999982,0.007499999832,linear_decay
3419,0.003299999982,0.003299999982,0.007499999832,linear_decay
3420,0.003299999982,0.003299999982,0.007499999832,linear_decay
3421,0.003299999982,0.003299999982,0.007499999832,linear_decay
3422,0.003299999982,0.003299999982,0.007499999832,linear_decay
3423,0.003299999982,0.003299999982,0.007499999832,linear_decay
3424,0.003299999982,0.003299999982,0.007499999832,linear_decay
3425,0.003299999982,0.003299999982,0.007499999832,linear_decay
3426,0.003299999982,0.003299999982,0.007499999832,linear_decay
3427,0.003299999982,0.003299999982,0.007499999832,linear_decay
3428,0.003299999982,0.003299999982,0.007499999832,linear_decay
3429,0.003299999982,0.003299999982,0.007499999832,linear_decay
3430,0.003299999982,0.003299999982,0.007499999832,linear_decay
3431,0.003299999982,0.003299999982,0.007499999832,linear_decay
3432,0.003299999982,0.003299999982,0.007499999832,linear_decay
3433,0.003299999982,0.003299999982,0.007499999832,linear_decay
3434,0.003299999982,0.003299999982,0.007499999832,linear_decay
3435,0.003299999982,0.003299999982,0.007499999832,linear_decay
3436,0.003299999982,0.003299999982,0.007499999832,linear_decay
3437,0.003299999982,0.003299999982,0.007499999832,linear_decay
3438,0.003299999982,0.003299999982,0.007499999832,linear_decay
3439,0.003299999982,0.003299999982,0.007499999832,linear_decay
3440,0.003299999982,0.003299999982,0.007499999832,linear_decay
3441,0.003299999982,0.003299999982,0.007499999832,linear_decay
3442,0.003299999982,0.003299999982,0.007499999832,linear_decay
3443,0.003299999982,0.003299999982,0.007499999832,linear_decay
3444,0.003299999982,0.003299999982,0.007499999832,linear_decay
3445,0.003299999982,0.003299999982,0.007499999832,linear_decay
3446,0.003299999982,0.003299999982,0.007499999832,linear_decay
3447,0.003299999982,0.003299999982,0.007499999832,linear_decay
3448,0.003299999982,0.003299999982,0.007499999832,linear_decay
3449,0.003299999982,0.003299999982,0.007499999832,linear_decay
3450,0.003299999982,0.003299999982,0.007499999832,linear_decay
3451,0.003299999982,0.003299999982,0.007499999832,linear_decay
3452,0.003299999982,0.003299999982,0.007499999832,linear_decay
3453,0.003299999982,0.003299999982,0.007499999832,linear_decay
3454,0.003299999982,0.003299999982,0.007499999832,linear_decay
3455,0.003299999982,0.003299999982,0.007499999832,linear_decay
3456,0.003299999982,0.003299999982,0.007499999832,linear_decay
3457,0.003299999982,0.003299999982,0.007499999832,linear_decay
3458,0.003299999982,0.003299999982,0.007499999832,linear_decay
3459,0.003299999982,0.003299999982,0.007499999832,linear_decay
3460,0.003299999982,0.003299999982,0.007499999832,linear_decay
3461,0.003299999982,0.003299999982,0.007499999832,linear_decay
3462,0.003299999982,0.003299999982,0.007499999832,linear_decay
3463,0.003299999982,0.003299999982,0.007499999832,linear_decay
3464,0.003299999982,0.003299999982,0.007499999832,linear_decay
3465,0.003299999982,0.003299999982,0.007499999832,linear_decay
3466,0.003299999982,0.003299999982,0.007499999832,linear_decay
3467,0.003299999982,0.003299999982,0.007499999832,linear_decay
3468,0.003299999982,0.003299999982,0.007499999832,linear_decay
3469,0.003299999982,0.003299999982,0.007499999832,linear_decay
3470,0.003299999982,0.003299999982,0.007499999832,linear_decay
3471,0.003299999982,0.003299999982,0.007499999832,linear_decay
3472,0.003299999982,0.003299999982,0.007499999832,linear_decay
3473,0.003299999982,0.003299999982,0.007499999832,linear_decay
3474,0.003299999982,0.003299999982,0.007499999832,linear_decay
3475,0.003299999982,0.003299999982,0.007499999832,linear_decay
3476,0.003299999982,0.003299999982,0.007499999832,linear_decay
3477,0.003299999982,0.003299999982,0.007499999832,linear_decay
3478,0.003299999982,0.003299999982,0.007499999832,linear_decay
3479,0.003299999982,0.003299999982,0.007499999832,linear_decay
3480,0.003299999982,0.003299999982,0.007499999832,linear_decay
3481,0.003299999982,0.003299999982,0.007499999832,linear_decay
3482,0.003299999982,0.003299999982,0.007499999832,linear_decay
3483,0.003299999982,0.003299999982,0.007499999832,linear_decay
3484,0.003299999982,0.003299999982,0.007499999832,linear_decay
3485,0.003299999982,0.003299999982,0.007499999832,linear_decay
3486,0.003299999982,0.003299999982,0.007499999832,linear_decay
3487,0.003299999982,0.003299999982,0.007499999832,linear_decay
3488,0.003299999982,0.003299999982,0.007499999832,linear_decay
3489,0.003299999982,0.003299999982,0.007499999832,linear_decay
3490,0.003299999982,0.003299999982,0.007499999832,linear_decay
3491,0.003299999982,0.003299999982,0.007499999832,linear_decay
3492,0.003299999982,0.003299999982,0.007499999832,linear_decay
3493,0.003299999982,0.003299999982,0.007499999832,linear_decay
3494,0.003299999982,0.003299999982,0.007499999832,linear_decay
3495,0.003299999982,0.003299999982,0.007499999832,linear_decay
3496,0.003299999982,0.003299999982,0.007499999832,linear_decay
3497,0.003299999982,0.003299999982,0.007499999832,linear_decay
3498,0.003299999982,0.003299999982,0.007499999832,linear_decay
3499,0.003299999982,0.003299999982,0.007499999832,linear_decay
3500,0.003299999982,0.003299999982,0.007499999832,linear_decay
3501,0.003299999982,0.003299999982,0.007499999832,linear_decay
3502,0.003299999982,0.003299999982,0.007499999832,linear_decay
3503,0.003299999982,0.003299999982,0.007499999832,linear_decay
3504,0.003299999982,0.003299999982,0.007499999832,linear_decay
3505,0.003299999982,0.003299999982,0.007499999832,linear_decay
3506,0.003299999982,0.003299999982,0.007499999832,linear_decay
3507,0.003299999982,0.003299999982,0.007499999832,linear_decay
3508,0.003299999982,0.003299999982,0.007499999832,linear_decay
3509,0.003299999982,0.003299999982,0.007499999832,linear_decay
3510,0.003299999982,0.003299999982,0.007499999832,linear_decay
3511,0.003299999982,0.003299999982,0.007499999832,linear_decay
3512,0.003299999982,0.003299999982,0.007499999832,linear_decay
3513,0.003299999982,0.003299999982,0.007499999832,linear_decay
3514,0.003299999982,0.003299999982,0.007499999832,linear_decay
3515,0.003299999982,0.003299999982,0.007499999832,linear_decay
3516,0.003299999982,0.003299999982,0.007499999832,linear_decay
3517,0.003299999982,0.003299999982,0.007499999832,linear_decay
3518,0.003299999982,0.003299999982,0.007499999832,linear_decay
3519,0.003299999982,0.003299999982,0.007499999832,linear_decay
3520,0.003299999982,0.003299999982,0.007499999832,linear_decay
3521,0.003299999982,0.003299999982,0.007499999832,linear_decay
3522,0.003299999982,0.003299999982,0.007499999832,linear_decay
3523,0.003299999982,0.003299999982,0.007499999832,linear_decay
3524,0.003299999982,0.003299999982,0.007499999832,linear_decay
3525,0.003299999982,0.003299999982,0.007499999832,linear_decay
3526,0.003299999982,0.003299999982,0.007499999832,linear_decay
3527,0.003299999982,0.003299999982,0.007499999832,linear_decay
3528,0.003299999982,0.003299999982,0.007499999832,linear_decay
3529,0.003299999982,0.003299999982,0.007499999832,linear_decay
3530,0.003299999982,0.003299999982,0.007499999832,linear_decay
3531,0.003299999982,0.003299999982,0.007499999832,linear_decay
3532,0.003299999982,0.003299999982,0.007499999832,linear_decay
3533,0.003299999982,0.003299999982,0.007499999832,linear_decay
3534,0.003299999982,0.003299999982,0.007499999832,linear_decay
3535,0.003299999982,0.003299999982,0.007499999832,linear_decay
3536,0.003299999982,0.003299999982,0.007499999832,linear_decay
3537,0.003299999982,0.003299999982,0.007499999832,linear_decay
3538,0.003299999982,0.003299999982,0.007499999832,linear_decay
3539,0.003299999982,0.003299999982,0.007499999832,linear_decay
3540,0.003299999982,0.003299999982,0.007499999832,linear_decay
3541,0.003299999982,0.003299999982,0.007499999832,linear_decay
3542,0.003299999982,0.003299999982,0.007499999832,linear_decay
3543,0.003299999982,0.003299999982,0.007499999832,linear_decay
3544,0.003299999982,0.003299999982,0.007499999832,linear_decay
3545,0.003299999982,0.003299999982,0.007499999832,linear_decay
3546,0.003299999982,0.003299999982,0.007499999832,linear_decay
3547,0.003299999982,0.003299999982,0.007499999832,linear_decay
3548,0.003299999982,0.003299999982,0.007499999832,linear_decay
3549,0.003299999982,0.003299999982,0.007499999832,linear_decay
3550,0.003299999982,0.003299999982,0.007499999832,linear_decay
3551,0.003299999982,0.003299999982,0.007499999832,linear_decay
3552,0.003299999982,0.003299999982,0.007499999832,linear_decay
3553,0.003299999982,0.003299999982,0.007499999832,linear_decay
3554,0.003299999982,0.003299999982,0.007499999832,linear_decay
3555,0.003299999982,0.003299999982,0.007499999832,linear_decay
3556,0.003299999982,0.003299999982,0.007499999832,linear_decay
3557,0.003299999982,0.003299999982,0.007499999832,linear_decay
3558,0.003299999982,0.003299999982,0.007499999832,linear_decay
3559,0.003299999982,0.003299999982,0.007499999832,linear_decay
3560,0.003299999982,0.003299999982,0.007499999832,linear_decay
3561,0.003299999982,0.003299999982,0.007499999832,linear_decay
3562,0.003299999982,0.003299999982,0.007499999832,linear_decay
3563,0.003299999982,0.003299999982,0.007499999832,linear_decay
3564,0.003299999982,0.003299999982,0.007499999832,linear_decay
3565,0.003299999982,0.003299999982,0.007499999832,linear_decay
3566,0.003299999982,0.003299999982,0.007499999832,linear_decay
3567,0.003299999982,0.003299999982,0.007499999832,linear_decay
3568,0.003299999982,0.003299999982,0.007499999832,linear_decay
3569,0.003299999982,0.003299999982,0.007499999832,linear_decay
3570,0.003299999982,0.003299999982,0.007499999832,linear_decay
3571,0.003299999982,0.003299999982,0.007499999832,linear_decay
3572,0.003299999982,0.003299999982,0.007499999832,linear_decay
3573,0.003299999982,0.003299999982,0.007499999832,linear_decay
3574,0.003299999982,0.003299999982,0.007499999832,linear_decay
3575,0.003299999982,0.003299999982,0.007499999832,linear_decay
3576,0.003299999982,0.003299999982,0.007499999832,linear_decay
3577,0.003299999982,0.003299999982,0.007499999832,linear_decay
3578,0.003299999982,0.003299999982,0.007499999832,linear_decay
3579,0.003299999982,0.003299999982,0.007499999832,linear_decay
3580,0.003299999982,0.003299999982,0.007499999832,linear_decay
3581,0.003299999982,0.003299999982,0.007499999832,linear_decay
3582,0.003299999982,0.003299999982,0.007499999832,linear_decay
3583,0.003299999982,0.003299999982,0.007499999832,linear_decay
3584,0.003299999982,0.003299999982,0.007499999832,linear_decay
3585,0.003299999982,0.003299999982,0.007499999832,linear_decay
3586,0.003299999982,0.003299999982,0.007499999832,linear_decay
3587,0.003299999982,0.003299999982,0.007499999832,linear_decay
3588,0.003299999982,0.003299999982,0.007499999832,linear_decay
3589,0.003299999982,0.003299999982,0.007499999832,linear_decay
3590,0.003299999982,0.003299999982,0.007499999832,linear_decay
3591,0.003299999982,0.003299999982,0.007499999832,linear_decay
3592,0.003299999982,0.003299999982,0.007499999832,linear_decay
3593,0.003299999982,0.003299999982,0.007499999832,linear_decay
3594,0.003299999982,0.003299999982,0.007499999832,linear_decay
3595,0.003299999982,0.003299999982,0.007499999832,linear_decay
3596,0.003299999982,0.003299999982,0.007499999832,linear_decay
3597,0.003299999982,0.003299999982,0.007499999832,linear_decay
3598,0.003299999982,0.003299999982,0.007499999832,linear_decay
3599,0.003299999982,0.003299999982,0.007499999832,linear_decay
3600,0.003299999982,0.003299999982,0.007499999832,linear_decay
3601,0.003299999982,0.003299999982,0.007499999832,linear_decay
3602,0.003299999982,0.003299999982,0.007499999832,linear_decay
3603,0.003299999982,0.003299999982,0.007499999832,linear_decay
3604,0.003299999982,0.003299999982,0.007499999832,linear_decay
3605,0.003299999982,0.003299999982,0.007499999832,linear_decay
3606,0.003299999982,0.003299999982,0.007499999832,linear_decay
3607,0.003299999982,0.003299999982,0.007499999832,linear_decay
3608,0.003299999982,0.003299999982,0.007499999832,linear_decay
3609,0.003299999982,0.003299999982,0.007499999832,linear_decay
3610,0.003299999982,0.003299999982,0.007499999832,linear_decay
3611,0.003299999982,0.003299999982,0.007499999832,linear_decay
3612,0.003299999982,0.003299999982,0.007499999832,linear_decay
3613,0.003299999982,0.003299999982,0.007499999832,linear_decay
3614,0.003299999982,0.003299999982,0.007499999832,linear_decay
3615,0.003299999982,0.003299999982,0.007499999832,linear_decay
3616,0.003299999982,0.003299999982,0.007499999832,linear_decay
3617,0.003299999982,0.003299999982,0.007499999832,linear_decay
3618,0.003299999982,0.003299999982,0.007499999832,linear_decay
3619,0.003299999982,0.003299999982,0.007499999832,linear_decay
3620,0.003299999982,0.003299999982,0.007499999832,linear_decay
3621,0.003299999982,0.003299999982,0.007499999832,linear_decay
3622,0.003299999982,0.003299999982,0.007499999832,linear_decay
3623,0.003299999982,0.003299999982,0.007499999832,linear_decay
3624,0.003299999982,0.003299999982,0.007499999832,linear_decay
3625,0.003299999982,0.003299999982,0.007499999832,linear_decay
3626,0.003299999982,0.003299999982,0.007499999832,linear_decay
3627,0.003299999982,0.003299999982,0.007499999832,linear_decay
3628,0.003299999982,0.003299999982,0.007499999832,linear_decay
3629,0.003299999982,0.003299999982,0.007499999832,linear_decay
3630,0.003299999982,0.003299999982,0.007499999832,linear_decay
3631,0.003299999982,0.003299999982,0.007499999832,linear_decay
3632,0.003299999982,0.003299999982,0.007499999832,linear_decay
3633,0.003299999982,0.003299999982,0.007499999832,linear_decay
3634,0.003299999982,0.003299999982,0.007499999832,linear_decay
3635,0.003299999982,0.003299999982,0.007499999832,linear_decay
3636,0.003299999982,0.003299999982,0.007499999832,linear_decay
3637,0.003299999982,0.003299999982,0.007499999832,linear_decay
3638,0.003299999982,0.003299999982,0.007499999832,linear_decay
3639,0.003299999982,0.003299999982,0.007499999832,linear_decay
3640,0.003299999982,0.003299999982,0.007499999832,linear_decay
3641,0.003299999982,0.003299999982,0.007499999832,linear_decay
3642,0.003299999982,0.003299999982,0.007499999832,linear_decay
3643,0.003299999982,0.003299999982,0.007499999832,linear_decay
3644,0.003299999982,0.003299999982,0.007499999832,linear_decay
3645,0.003299999982,0.003299999982,0.007499999832,linear_decay
3646,0.003299999982,0.003299999982,0.007499999832,linear_decay
3647,0.003299999982,0.003299999982,0.007499999832,linear_decay
3648,0.003299999982,0.003299999982,0.007499999832,linear_decay
3649,0.003299999982,0.003299999982,0.007499999832,linear_decay
3650,0.003299999982,0.003299999982,0.007499999832,linear_decay
3651,0.003299999982,0.003299999982,0.007499999832,linear_decay
3652,0.003299999982,0.003299999982,0.007499999832,linear_decay
3653,0.003299999982,0.003299999982,0.007499999832,linear_decay
3654,0.003299999982,0.003299999982,0.007499999832,linear_decay
3655,0.003299999982,0.003299999982,0.007499999832,linear_decay
3656,0.003299999982,0.003299999982,0.007499999832,linear_decay
3657,0.003299999982,0.003299999982,0.007499999832,linear_decay
3658,0.003299999982,0.003299999982,0.007499999832,linear_decay
3659,0.003299999982,0.003299999982,0.007499999832,linear_decay
3660,0.003299999982,0.003299999982,0.007499999832,linear_decay
3661,0.003299999982,0.003299999982,0.007499999832,linear_decay
3662,0.003299999982,0.003299999982,0.007499999832,linear_decay
3663,0.003299999982,0.003299999982,0.007499999832,linear_decay
3664,0.003299999982,0.003299999982,0.007499999832,linear_decay
3665,0.003299999982,0.003299999982,0.007499999832,linear_decay
3666,0.003299999982,0.003299999982,0.007499999832,linear_decay
3667,0.003299999982,0.003299999982,0.007499999832,linear_decay
3668,0.003299999982,0.003299999982,0.007499999832,linear_decay
3669,0.003299999982,0.003299999982,0.007499999832,linear_decay
3670,0.003299999982,0.003299999982,0.007499999832,linear_decay
3671,0.003299999982,0.003299999982,0.007499999832,linear_decay
3672,0.003299999982,0.003299999982,0.007499999832,linear_decay
3673,0.003299999982,0.003299999982,0.007499999832,linear_decay
3674,0.003299999982,0.003299999982,0.007499999832,linear_decay
3675,0.003299999982,0.003299999982,0.007499999832,linear_decay
3676,0.003299999982,0.003299999982,0.007499999832,linear_decay
3677,0.003299999982,0.003299999982,0.007499999832,linear_decay
3678,0.003299999982,0.003299999982,0.007499999832,linear_decay
3679,0.003299999982,0.003299999982,0.007499999832,linear_decay
3680,0.003299999982,0.003299999982,0.007499999832,linear_decay
3681,0.003299999982,0.003299999982,0.007499999832,linear_decay
3682,0.003299999982,0.003299999982,0.007499999832,linear_decay
3683,0.003299999982,0.003299999982,0.007499999832,linear_decay
3684,0.003299999982,0.003299999982,0.007499999832,linear_decay
3685,0.003299999982,0.003299999982,0.007499999832,linear_decay
3686,0.003299999982,0.003299999982,0.007499999832,linear_decay
3687,0.003299999982,0.003299999982,0.007499999832,linear_decay
3688,0.003299999982,0.003299999982,0.007499999832,linear_decay
3689,0.003299999982,0.003299999982,0.007499999832,linear_decay
3690,0.003299999982,0.003299999982,0.007499999832,linear_decay
3691,0.003299999982,0.003299999982,0.007499999832,linear_decay
3692,0.003299999982,0.003299999982,0.007499999832,linear_decay
3693,0.003299999982,0.003299999982,0.007499999832,linear_decay
3694,0.003299999982,0.003299999982,0.007499999832,linear_decay
3695,0.003299999982,0.003299999982,0.007499999832,linear_decay
3696,0.003299999982,0.003299999982,0.007499999832,linear_decay
3697,0.003299999982,0.003299999982,0.007499999832,linear_decay
3698,0.003299999982,0.003299999982,0.007499999832,linear_decay
3699,0.003299999982,0.003299999982,0.007499999832,linear_decay
3700,0.003299999982,0.003299999982,0.007499999832,linear_decay
3701,0.003299999982,0.003299999982,0.007499999832,linear_decay
3702,0.003299999982,0.003299999982,0.007499999832,linear_decay
3703,0.003299999982,0.003299999982,0.007499999832,linear_decay
3704,0.003299999982,0.003299999982,0.007499999832,linear_decay
3705,0.003299999982,0.003299999982,0.007499999832,linear_decay
3706,0.003299999982,0.003299999982,0.007499999832,linear_decay
3707,0.003299999982,0.003299999982,0.007499999832,linear_decay
3708,0.003299999982,0.003299999982,0.007499999832,linear_decay
3709,0.003299999982,0.003299999982,0.007499999832,linear_decay
3710,0.003299999982,0.003299999982,0.007499999832,linear_decay
3711,0.003299999982,0.003299999982,0.007499999832,linear_decay
3712,0.003299999982,0.003299999982,0.007499999832,linear_decay
3713,0.003299999982,0.003299999982,0.007499999832,linear_decay
3714,0.003299999982,0.003299999982,0.007499999832,linear_decay
3715,0.003299999982,0.003299999982,0.007499999832,linear_decay
3716,0.003299999982,0.003299999982,0.007499999832,linear_decay
3717,0.003299999982,0.003299999982,0.007499999832,linear_decay
3718,0.003299999982,0.003299999982,0.007499999832,linear_decay
3719,0.003299999982,0.003299999982,0.007499999832,linear_decay
3720,0.003299999982,0.003299999982,0.007499999832,linear_decay
3721,0.003299999982,0.003299999982,0.007499999832,linear_decay
3722,0.003299999982,0.003299999982,0.007499999832,linear_decay
3723,0.003299999982,0.003299999982,0.007499999832,linear_decay
3724,0.003299999982,0.003299999982,0.007499999832,linear_decay
3725,0.003299999982,0.003299999982,0.007499999832,linear_decay
3726,0.003299999982,0.003299999982,0.007499999832,linear_decay
3727,0.003299999982,0.003299999982,0.007499999832,linear_decay
3728,0.003299999982,0.003299999982,0.007499999832,linear_decay
3729,0.003299999982,0.003299999982,0.007499999832,linear_decay
3730,0.003299999982,0.003299999982,0.007499999832,linear_decay
3731,0.003299999982,0.003299999982,0.007499999832,linear_decay
3732,0.003299999982,0.003299999982,0.007499999832,linear_decay
3733,0.003299999982,0.003299999982,0.007499999832,linear_decay
3734,0.003299999982,0.003299999982,0.007499999832,linear_decay
3735,0.003299999982,0.003299999982,0.007499999832,linear_decay
3736,0.003299999982,0.003299999982,0.007499999832,linear_decay
3737,0.003299999982,0.003299999982,0.007499999832,linear_decay
3738,0.003299999982,0.003299999982,0.007499999832,linear_decay
3739,0.003299999982,0.003299999982,0.007499999832,linear_decay
3740,0.003299999982,0.003299999982,0.007499999832,linear_decay
3741,0.003299999982,0.003299999982,0.007499999832,linear_decay
3742,0.003299999982,0.003299999982,0.007499999832,linear_decay
3743,0.003299999982,0.003299999982,0.007499999832,linear_decay
3744,0.003299999982,0.003299999982,0.007499999832,linear_decay
3745,0.003299999982,0.003299999982,0.007499999832,linear_decay
3746,0.003299999982,0.003299999982,0.007499999832,linear_decay
3747,0.003299999982,0.003299999982,0.007499999832,linear_decay
3748,0.003299999982,0.003299999982,0.007499999832,linear_decay
3749,0.003299999982,0.003299999982,0.007499999832,linear_decay
3750,0.003299999982,0.003299999982,0.007499999832,linear_decay
3751,0.003299999982,0.003299999982,0.007499999832,linear_decay
3752,0.003299999982,0.003299999982,0.007499999832,linear_decay
3753,0.003299999982,0.003299999982,0.007499999832,linear_decay
3754,0.003299999982,0.003299999982,0.007499999832,linear_decay
3755,0.003299999982,0.003299999982,0.007499999832,linear_decay
3756,0.003299999982,0.003299999982,0.007499999832,linear_decay
3757,0.003299999982,0.003299999982,0.007499999832,linear_decay
3758,0.003299999982,0.003299999982,0.007499999832,linear_decay
3759,0.003299999982,0.003299999982,0.007499999832,linear_decay
3760,0.003299999982,0.003299999982,0.007499999832,linear_decay
3761,0.003299999982,0.003299999982,0.007499999832,linear_decay
3762,0.003299999982,0.003299999982,0.007499999832,linear_decay
3763,0.003299999982,0.003299999982,0.007499999832,linear_decay
3764,0.003299999982,0.003299999982,0.007499999832,linear_decay
3765,0.003299999982,0.003299999982,0.007499999832,linear_decay
3766,0.003299999982,0.003299999982,0.007499999832,linear_decay
3767,0.003299999982,0.003299999982,0.007499999832,linear_decay
3768,0.003299999982,0.003299999982,0.007499999832,linear_decay
3769,0.003299999982,0.003299999982,0.007499999832,linear_decay
3770,0.003299999982,0.003299999982,0.007499999832,linear_decay
3771,0.003299999982,0.003299999982,0.007499999832,linear_decay
3772,0.003299999982,0.003299999982,0.007499999832,linear_decay
3773,0.003299999982,0.003299999982,0.007499999832,linear_decay
3774,0.003299999982,0.003299999982,0.007499999832,linear_decay
3775,0.003299999982,0.003299999982,0.007499999832,linear_decay
3776,0.003299999982,0.003299999982,0.007499999832,linear_decay
3777,0.003299999982,0.003299999982,0.007499999832,linear_decay
3778,0.003299999982,0.003299999982,0.007499999832,linear_decay
3779,0.003299999982,0.003299999982,0.007499999832,linear_decay
3780,0.003299999982,0.003299999982,0.007499999832,linear_decay
3781,0.003299999982,0.003299999982,0.007499999832,linear_decay
3782,0.003299999982,0.003299999982,0.007499999832,linear_decay
3783,0.003299999982,0.003299999982,0.007499999832,linear_decay
3784,0.003299999982,0.003299999982,0.007499999832,linear_decay
3785,0.003299999982,0.003299999982,0.007499999832,linear_decay
3786,0.003299999982,0.003299999982,0.007499999832,linear_decay
3787,0.003299999982,0.003299999982,0.007499999832,linear_decay
3788,0.003299999982,0.003299999982,0.007499999832,linear_decay
3789,0.003299999982,0.003299999982,0.007499999832,linear_decay
3790,0.003299999982,0.003299999982,0.007499999832,linear_decay
3791,0.003299999982,0.003299999982,0.007499999832,linear_decay
3792,0.003299999982,0.003299999982,0.007499999832,linear_decay
3793,0.003299999982,0.003299999982,0.007499999832,linear_decay
3794,0.003299999982,0.003299999982,0.007499999832,linear_decay
3795,0.003299999982,0.003299999982,0.007499999832,linear_decay
3796,0.003299999982,0.003299999982,0.007499999832,linear_decay
3797,0.003299999982,0.003299999982,0.007499999832,linear_decay
3798,0.003299999982,0.003299999982,0.007499999832,linear_decay
3799,0.003299999982,0.003299999982,0.007499999832,linear_decay
3800,0.003299999982,0.003299999982,0.007499999832,linear_decay
3801,0.003299999982,0.003299999982,0.007499999832,linear_decay
3802,0.003299999982,0.003299999982,0.007499999832,linear_decay
3803,0.003299999982,0.003299999982,0.007499999832,linear_decay
3804,0.003299999982,0.003299999982,0.007499999832,linear_decay
3805,0.003299999982,0.003299999982,0.007499999832,linear_decay
3806,0.003299999982,0.003299999982,0.007499999832,linear_decay
3807,0.003299999982,0.003299999982,0.007499999832,linear_decay
3808,0.003299999982,0.003299999982,0.007499999832,linear_decay
3809,0.003299999982,0.003299999982,0.007499999832,linear_decay
3810,0.003299999982,0.003299999982,0.007499999832,linear_decay
3811,0.003299999982,0.003299999982,0.007499999832,linear_decay
3812,0.003299999982,0.003299999982,0.007499999832,linear_decay
3813,0.003299999982,0.003299999982,0.007499999832,linear_decay
3814,0.003299999982,0.003299999982,0.007499999832,linear_decay
3815,0.003299999982,0.003299999982,0.007499999832,linear_decay
3816,0.003299999982,0.003299999982,0.007499999832,linear_decay
3817,0.003299999982,0.003299999982,0.007499999832,linear_decay
3818,0.003299999982,0.003299999982,0.007499999832,linear_decay
3819,0.003299999982,0.003299999982,0.007499999832,linear_decay
3820,0.003299999982,0.003299999982,0.007499999832,linear_decay
3821,0.003299999982,0.003299999982,0.007499999832,linear_decay
3822,0.003299999982,0.003299999982,0.007499999832,linear_decay
3823,0.003299999982,0.003299999982,0.007499999832,linear_decay
3824,0.003299999982,0.003299999982,0.007499999832,linear_decay
3825,0.003299999982,0.003299999982,0.007499999832,linear_decay
3826,0.003299999982,0.003299999982,0.007499999832,linear_decay
3827,0.003299999982,0.003299999982,0.007499999832,linear_decay
3828,0.003299999982,0.003299999982,0.007499999832,linear_decay
3829,0.003299999982,0.003299999982,0.007499999832,linear_decay
3830,0.003299999982,0.003299999982,0.007499999832,linear_decay
3831,0.003299999982,0.003299999982,0.007499999832,linear_decay
3832,0.003299999982,0.003299999982,0.007499999832,linear_decay
3833,0.003299999982,0.003299999982,0.007499999832,linear_decay
3834,0.003299999982,0.003299999982,0.007499999832,linear_decay
3835,0.003299999982,0.003299999982,0.007499999832,linear_decay
3836,0.003299999982,0.003299999982,0.007499999832,linear_decay
3837,0.003299999982,0.003299999982,0.007499999832,linear_decay
3838,0.003299999982,0.003299999982,0.007499999832,linear_decay
3839,0.003299999982,0.003299999982,0.007499999832,linear_decay
3840,0.003299999982,0.003299999982,0.007499999832,linear_decay
3841,0.003299999982,0.003299999982,0.007499999832,linear_decay
3842,0.003299999982,0.003299999982,0.007499999832,linear_decay
3843,0.003299999982,0.003299999982,0.007499999832,linear_decay
3844,0.003299999982,0.003299999982,0.007499999832,linear_decay
3845,0.003299999982,0.003299999982,0.007499999832,linear_decay
3846,0.003299999982,0.003299999982,0.007499999832,linear_decay
3847,0.003299999982,0.003299999982,0.007499999832,linear_decay
3848,0.003299999982,0.003299999982,0.007499999832,linear_decay
3849,0.003299999982,0.003299999982,0.007499999832,linear_decay
3850,0.003299999982,0.003299999982,0.007499999832,linear_decay
3851,0.003299999982,0.003299999982,0.007499999832,linear_decay
3852,0.003299999982,0.003299999982,0.007499999832,linear_decay
3853,0.003299999982,0.003299999982,0.007499999832,linear_decay
3854,0.003299999982,0.003299999982,0.007499999832,linear_decay
3855,0.003299999982,0.003299999982,0.007499999832,linear_decay
3856,0.003299999982,0.003299999982,0.007499999832,linear_decay
3857,0.003299999982,0.003299999982,0.007499999832,linear_decay
3858,0.003299999982,0.003299999982,0.007499999832,linear_decay
3859,0.003299999982,0.003299999982,0.007499999832,linear_decay
3860,0.003299999982,0.003299999982,0.007499999832,linear_decay
3861,0.003299999982,0.003299999982,0.007499999832,linear_decay
3862,0.003299999982,0.003299999982,0.007499999832,linear_decay
3863,0.003299999982,0.003299999982,0.007499999832,linear_decay
3864,0.003299999982,0.003299999982,0.007499999832,linear_decay
3865,0.003299999982,0.003299999982,0.007499999832,linear_decay
3866,0.003299999982,0.003299999982,0.007499999832,linear_decay
3867,0.003299999982,0.003299999982,0.007499999832,linear_decay
3868,0.003299999982,0.003299999982,0.007499999832,linear_decay
3869,0.003299999982,0.003299999982,0.007499999832,linear_decay
3870,0.003299999982,0.003299999982,0.007499999832,linear_decay
3871,0.003299999982,0.003299999982,0.007499999832,linear_decay
3872,0.003299999982,0.003299999982,0.007499999832,linear_decay
3873,0.003299999982,0.003299999982,0.007499999832,linear_decay
3874,0.003299999982,0.003299999982,0.007499999832,linear_decay
3875,0.003299999982,0.003299999982,0.007499999832,linear_decay
3876,0.003299999982,0.003299999982,0.007499999832,linear_decay
3877,0.003299999982,0.003299999982,0.007499999832,linear_decay
3878,0.003299999982,0.003299999982,0.007499999832,linear_decay
3879,0.003299999982,0.003299999982,0.007499999832,linear_decay
3880,0.003299999982,0.003299999982,0.007499999832,linear_decay
3881,0.003299999982,0.003299999982,0.007499999832,linear_decay
3882,0.003299999982,0.003299999982,0.007499999832,linear_decay
3883,0.003299999982,0.003299999982,0.007499999832,linear_decay
3884,0.003299999982,0.003299999982,0.007499999832,linear_decay
3885,0.003299999982,0.003299999982,0.007499999832,linear_decay
3886,0.003299999982,0.003299999982,0.007499999832,linear_decay
3887,0.003299999982,0.003299999982,0.007499999832,linear_decay
3888,0.003299999982,0.003299999982,0.007499999832,linear_decay
3889,0.003299999982,0.003299999982,0.007499999832,linear_decay
3890,0.003299999982,0.003299999982,0.007499999832,linear_decay
3891,0.003299999982,0.003299999982,0.007499999832,linear_decay
3892,0.003299999982,0.003299999982,0.007499999832,linear_decay
3893,0.003299999982,0.003299999982,0.007499999832,linear_decay
3894,0.003299999982,0.003299999982,0.007499999832,linear_decay
3895,0.003299999982,0.003299999982,0.007499999832,linear_decay
3896,0.003299999982,0.003299999982,0.007499999832,linear_decay
3897,0.003299999982,0.003299999982,0.007499999832,linear_decay
3898,0.003299999982,0.003299999982,0.007499999832,linear_decay
3899,0.003299999982,0.003299999982,0.007499999832,linear_decay
3900,0.003299999982,0.003299999982,0.007499999832,linear_decay
3901,0.003299999982,0.003299999982,0.007499999832,linear_decay
3902,0.003299999982,0.003299999982,0.007499999832,linear_decay
3903,0.003299999982,0.003299999982,0.007499999832,linear_decay
3904,0.003299999982,0.003299999982,0.007499999832,linear_decay
3905,0.003299999982,0.003299999982,0.007499999832,linear_decay
3906,0.003299999982,0.003299999982,0.007499999832,linear_decay
3907,0.003299999982,0.003299999982,0.007499999832,linear_decay
3908,0.003299999982,0.003299999982,0.007499999832,linear_decay
3909,0.003299999982,0.003299999982,0.007499999832,linear_decay
3910,0.003299999982,0.003299999982,0.007499999832,linear_decay
3911,0.003299999982,0.003299999982,0.007499999832,linear_decay
3912,0.003299999982,0.003299999982,0.007499999832,linear_decay
3913,0.003299999982,0.003299999982,0.007499999832,linear_decay
3914,0.003299999982,0.003299999982,0.007499999832,linear_decay
3915,0.003299999982,0.003299999982,0.007499999832,linear_decay
3916,0.003299999982,0.003299999982,0.007499999832,linear_decay
3917,0.003299999982,0.003299999982,0.007499999832,linear_decay
3918,0.003299999982,0.003299999982,0.007499999832,linear_decay
3919,0.003299999982,0.003299999982,0.007499999832,linear_decay
3920,0.003299999982,0.003299999982,0.007499999832,linear_decay
3921,0.003299999982,0.003299999982,0.007499999832,linear_decay
3922,0.003299999982,0.003299999982,0.007499999832,linear_decay
3923,0.003299999982,0.003299999982,0.007499999832,linear_decay
3924,0.003299999982,0.003299999982,0.007499999832,linear_decay
3925,0.003299999982,0.003299999982,0.007499999832,linear_decay
3926,0.003299999982,0.003299999982,0.007499999832,linear_decay
3927,0.003299999982,0.003299999982,0.007499999832,linear_decay
3928,0.003299999982,0.003299999982,0.007499999832,linear_decay
3929,0.003299999982,0.003299999982,0.007499999832,linear_decay
3930,0.003299999982,0.003299999982,0.007499999832,linear_decay
3931,0.003299999982,0.003299999982,0.007499999832,linear_decay
3932,0.003299999982,0.003299999982,0.007499999832,linear_decay
3933,0.003299999982,0.003299999982,0.007499999832,linear_decay
3934,0.003299999982,0.003299999982,0.007499999832,linear_decay
3935,0.003299999982,0.003299999982,0.007499999832,linear_decay
3936,0.003299999982,0.003299999982,0.007499999832,linear_decay
3937,0.003299999982,0.003299999982,0.007499999832,linear_decay
3938,0.003299999982,0.003299999982,0.007499999832,linear_decay
3939,0.003299999982,0.003299999982,0.007499999832,linear_decay
3940,0.003299999982,0.003299999982,0.007499999832,linear_decay
3941,0.003299999982,0.003299999982,0.007499999832,linear_decay
3942,0.003299999982,0.003299999982,0.007499999832,linear_decay
3943,0.003299999982,0.003299999982,0.007499999832,linear_decay
3944,0.003299999982,0.003299999982,0.007499999832,linear_decay
3945,0.003299999982,0.003299999982,0.007499999832,linear_decay
3946,0.003299999982,0.003299999982,0.007499999832,linear_decay
3947,0.003299999982,0.003299999982,0.007499999832,linear_decay
3948,0.003299999982,0.003299999982,0.007499999832,linear_decay
3949,0.003299999982,0.003299999982,0.007499999832,linear_decay
3950,0.003299999982,0.003299999982,0.007499999832,linear_decay
3951,0.003299999982,0.003299999982,0.007499999832,linear_decay
3952,0.003299999982,0.003299999982,0.007499999832,linear_decay
3953,0.003299999982,0.003299999982,0.007499999832,linear_decay
3954,0.003299999982,0.003299999982,0.007499999832,linear_decay
3955,0.003299999982,0.003299999982,0.007499999832,linear_decay
3956,0.003299999982,0.003299999982,0.007499999832,linear_decay
3957,0.003299999982,0.003299999982,0.007499999832,linear_decay
3958,0.003299999982,0.003299999982,0.007499999832,linear_decay
3959,0.003299999982,0.003299999982,0.007499999832,linear_decay
3960,0.003299999982,0.003299999982,0.007499999832,linear_decay
3961,0.003299999982,0.003299999982,0.007499999832,linear_decay
3962,0.003299999982,0.003299999982,0.007499999832,linear_decay
3963,0.003299999982,0.003299999982,0.007499999832,linear_decay
3964,0.003299999982,0.003299999982,0.007499999832,linear_decay
3965,0.003299999982,0.003299999982,0.007499999832,linear_decay
3966,0.003299999982,0.003299999982,0.007499999832,linear_decay
3967,0.003299999982,0.003299999982,0.007499999832,linear_decay
3968,0.003299999982,0.003299999982,0.007499999832,linear_decay
3969,0.003299999982,0.003299999982,0.007499999832,linear_decay
3970,0.003299999982,0.003299999982,0.007499999832,linear_decay
3971,0.003299999982,0.003299999982,0.007499999832,linear_decay
3972,0.003299999982,0.003299999982,0.007499999832,linear_decay
3973,0.003299999982,0.003299999982,0.007499999832,linear_decay
3974,0.003299999982,0.003299999982,0.007499999832,linear_decay
3975,0.003299999982,0.003299999982,0.007499999832,linear_decay
3976,0.003299999982,0.003299999982,0.007499999832,linear_decay
3977,0.003299999982,0.003299999982,0.007499999832,linear_decay
3978,0.003299999982,0.003299999982,0.007499999832,linear_decay
3979,0.003299999982,0.003299999982,0.007499999832,linear_decay
3980,0.003299999982,0.003299999982,0.007499999832,linear_decay
3981,0.003299999982,0.003299999982,0.007499999832,linear_decay
3982,0.003299999982,0.003299999982,0.007499999832,linear_decay
3983,0.003299999982,0.003299999982,0.007499999832,linear_decay
3984,0.003299999982,0.003299999982,0.007499999832,linear_decay
3985,0.003299999982,0.003299999982,0.007499999832,linear_decay
3986,0.003299999982,0.003299999982,0.007499999832,linear_decay
3987,0.003299999982,0.003299999982,0.007499999832,linear_decay
3988,0.003299999982,0.003299999982,0.007499999832,linear_decay
3989,0.003299999982,0.003299999982,0.007499999832,linear_decay
3990,0.003299999982,0.003299999982,0.007499999832,linear_decay
3991,0.003299999982,0.003299999982,0.007499999832,linear_decay
3992,0.003299999982,0.003299999982,0.007499999832,linear_decay
3993,0.003299999982,0.003299999982,0.007499999832,linear_decay
3994,0.003299999982,0.003299999982,0.007499999832,linear_decay
3995,0.003299999982,0.003299999982,0.007499999832,linear_decay
3996,0.003299999982,0.003299999982,0.007499999832,linear_decay
3997,0.003299999982,0.003299999982,0.007499999832,linear_decay
3998,0.003299999982,0.003299999982,0.007499999832,linear_decay
3999,0.003299999982,0.003299999982,0.007499999832,linear_decay
4000,0.003299999982,0.003299999982,0.007499999832,linear_decay
4001,0.003299212549,0.003299212549,0.007498210296,linear_decay
4002,0.003298424883,0.003298424883,0.007496419828,linear_decay
4003,0.00329763745,0.00329763745,0.007494630292,linear_decay
4004,0.003296850016,0.003296850016,0.007492841221,linear_decay
4005,0.003296062583,0.003296062583,0.007491051219,linear_decay
4006,0.003295274917,0.003295274917,0.007489261217,linear_decay
4007,0.003294487484,0.003294487484,0.007487471215,linear_decay
4008,0.003293700051,0.003293700051,0.007485681679,linear_decay
4009,0.003292912384,0.003292912384,0.007483891677,linear_decay
4010,0.003292124951,0.003292124951,0.007482101675,linear_decay
4011,0.003291337518,0.003291337518,0.007480312604,linear_decay
4012,0.003290550085,0.003290550085,0.007478523068,linear_decay
4013,0.003289762419,0.003289762419,0.0074767326,linear_decay
4014,0.003288974985,0.003288974985,0.007474943064,linear_decay
4015,0.003288187552,0.003288187552,0.007473153528,linear_decay
4016,0.003287399886,0.003287399886,0.00747136306,linear_decay
4017,0.003286612453,0.003286612453,0.007469573524,linear_decay
4018,0.00328582502,0.00328582502,0.007467783988,linear_decay
4019,0.003285037586,0.003285037586,0.007465994451,linear_decay
4020,0.00328424992,0.00328424992,0.007464204449,linear_decay
4021,0.003283462487,0.003283462487,0.007462414447,linear_decay
4022,0.003282675054,0.003282675054,0.007460624911,linear_decay
4023,0.003281887388,0.003281887388,0.007458834443,linear_decay
4024,0.003281099955,0.003281099955,0.007457045373,linear_decay
4025,0.003280312521,0.003280312521,0.007455255836,linear_decay
4026,0.003279525088,0.003279525088,0.0074534663,linear_decay
4027,0.003278737422,0.003278737422,0.007451675832,linear_decay
4028,0.003277949989,0.003277949989,0.007449886296,linear_decay
4029,0.003277162556,0.003277162556,0.007448096294,linear_decay
4030,0.00327637489,0.00327637489,0.007446306292,linear_decay
4031,0.003275587456,0.003275587456,0.007444517221,linear_decay
4032,0.003274800023,0.003274800023,0.007442727219,linear_decay
4033,0.00327401259,0.00327401259,0.007440937683,linear_decay
4034,0.003273224924,0.003273224924,0.007439147215,linear_decay
4035,0.003272437491,0.003272437491,0.007437357679,linear_decay
4036,0.003271650057,0.003271650057,0.007435568143,linear_decay
4037,0.003270862391,0.003270862391,0.007433777675,linear_decay
4038,0.003270074958,0.003270074958,0.007431988604,linear_decay
4039,0.003269287525,0.003269287525,0.007430199068,linear_decay
4040,0.003268500092,0.003268500092,0.007428409066,linear_decay
4041,0.003267712425,0.003267712425,0.007426619064,linear_decay
4042,0.003266924992,0.003266924992,0.007424829528,linear_decay
4043,0.003266137559,0.003266137559,0.007423039526,linear_decay
4044,0.003265349893,0.003265349893,0.007421249524,linear_decay
4045,0.00326456246,0.00326456246,0.007419459987,linear_decay
4046,0.003263775026,0.003263775026,0.007417670451,linear_decay
4047,0.003262987593,0.003262987593,0.007415880915,linear_decay
4048,0.003262199927,0.003262199927,0.007414090447,linear_decay
4049,0.003261412494,0.003261412494,0.007412300911,linear_decay
4050,0.003260625061,0.003260625061,0.007410511374,linear_decay
4051,0.003259837395,0.003259837395,0.007408720907,linear_decay
4052,0.003259049961,0.003259049961,0.007406931836,linear_decay
4053,0.003258262528,0.003258262528,0.0074051423,linear_decay
4054,0.003257475095,0.003257475095,0.007403352298,linear_decay
4055,0.003256687429,0.003256687429,0.007401562296,linear_decay
4056,0.003255899996,0.003255899996,0.007399772294,linear_decay
4057,0.003255112562,0.003255112562,0.007397982758,linear_decay
4058,0.003254324896,0.003254324896,0.007396192756,linear_decay
4059,0.003253537463,0.003253537463,0.007394403219,linear_decay
4060,0.00325275003,0.00325275003,0.007392613683,linear_decay
4061,0.003251962597,0.003251962597,0.007390824147,linear_decay
4062,0.00325117493,0.00325117493,0.007389033679,linear_decay
4063,0.003250387497,0.003250387497,0.007387244143,linear_decay
4064,0.003249600064,0.003249600064,0.007385454606,linear_decay
4065,0.003248812398,0.003248812398,0.007383664604,linear_decay
4066,0.003248024965,0.003248024965,0.007381875068,linear_decay
4067,0.003247237531,0.003247237531,0.007380085066,linear_decay
4068,0.003246450098,0.003246450098,0.00737829553,linear_decay
4069,0.003245662432,0.003245662432,0.007376505528,linear_decay
4070,0.003244874999,0.003244874999,0.007374715526,linear_decay
4071,0.003244087566,0.003244087566,0.007372925989,linear_decay
4072,0.0032432999,0.0032432999,0.007371136453,linear_decay
4073,0.003242512466,0.003242512466,0.007369346451,linear_decay
4074,0.003241725033,0.003241725033,0.007367556915,linear_decay
4075,0.003240937367,0.003240937367,0.007365766447,linear_decay
4076,0.003240149934,0.003240149934,0.007363976911,linear_decay
4077,0.003239362501,0.003239362501,0.007362187374,linear_decay
4078,0.003238575067,0.003238575067,0.007360397372,linear_decay
4079,0.003237787401,0.003237787401,0.007358607836,linear_decay
4080,0.003236999968,0.003236999968,0.0073568183,linear_decay
4081,0.003236212535,0.003236212535,0.007355028298,linear_decay
4082,0.003235424869,0.003235424869,0.007353238296,linear_decay
4083,0.003234637436,0.003234637436,0.007351448294,linear_decay
4084,0.003233850002,0.003233850002,0.007349658757,linear_decay
4085,0.003233062569,0.003233062569,0.007347869221,linear_decay
4086,0.003232274903,0.003232274903,0.007346079219,linear_decay
4087,0.00323148747,0.00323148747,0.007344289683,linear_decay
4088,0.003230700037,0.003230700037,0.007342500146,linear_decay
4089,0.00322991237,0.00322991237,0.007340709679,linear_decay
4090,0.003229124937,0.003229124937,0.007338920143,linear_decay
4091,0.003228337504,0.003228337504,0.007337130606,linear_decay
4092,0.003227550071,0.003227550071,0.007335340604,linear_decay
4093,0.003226762405,0.003226762405,0.007333551068,linear_decay
4094,0.003225974971,0.003225974971,0.007331761066,linear_decay
4095,0.003225187538,0.003225187538,0.00732997153,linear_decay
4096,0.003224399872,0.003224399872,0.007328181528,linear_decay
4097,0.003223612439,0.003223612439,0.007326391526,linear_decay
4098,0.003222825006,0.003222825006,0.007324601989,linear_decay
4099,0.003222037572,0.003222037572,0.007322812453,linear_decay
4100,0.003221249906,0.003221249906,0.007321022451,linear_decay
4101,0.003220462473,0.003220462473,0.007319232915,linear_decay
4102,0.00321967504,0.00321967504,0.007317443378,linear_decay
4103,0.003218887374,0.003218887374,0.007315652911,linear_decay
4104,0.003218099941,0.003218099941,0.007313863374,linear_decay
4105,0.003217312507,0.003217312507,0.007312073372,linear_decay
4106,0.003216525074,0.003216525074,0.007310283836,linear_decay
4107,0.003215737408,0.003215737408,0.0073084943,linear_decay
4108,0.003214949975,0.003214949975,0.007306704298,linear_decay
4109,0.003214162542,0.003214162542,0.007304914761,linear_decay
4110,0.003213374875,0.003213374875,0.007303124759,linear_decay
4111,0.003212587442,0.003212587442,0.007301334757,linear_decay
4112,0.003211800009,0.003211800009,0.007299545221,linear_decay
4113,0.003211012576,0.003211012576,0.007297755685,linear_decay
4114,0.00321022491,0.00321022491,0.007295965683,linear_decay
4115,0.003209437476,0.003209437476,0.007294176146,linear_decay
4116,0.003208650043,0.003208650043,0.007292386144,linear_decay
4117,0.003207862377,0.003207862377,0.007290596142,linear_decay
4118,0.003207074944,0.003207074944,0.007288806606,linear_decay
4119,0.003206287511,0.003206287511,0.007287016604,linear_decay
4120,0.003205500077,0.003205500077,0.007285227533,linear_decay
4121,0.003204712411,0.003204712411,0.007283437531,linear_decay
4122,0.003203924978,0.003203924978,0.007281647529,linear_decay
4123,0.003203137545,0.003203137545,0.007279857993,linear_decay
4124,0.003202349879,0.003202349879,0.007278067525,linear_decay
4125,0.003201562446,0.003201562446,0.007276277989,linear_decay
4126,0.003200775012,0.003200775012,0.007274488453,linear_decay
4127,0.003199987579,0.003199987579,0.007272698916,linear_decay
4128,0.003199199913,0.003199199913,0.007270908915,linear_decay
4129,0.00319841248,0.00319841248,0.007269119378,linear_decay
4130,0.003197625047,0.003197625047,0.007267329376,linear_decay
4131,0.003196837381,0.003196837381,0.007265539374,linear_decay
4132,0.003196049947,0.003196049947,0.007263749838,linear_decay
4133,0.003195262514,0.003195262514,0.007261959836,linear_decay
4134,0.003194475081,0.003194475081,0.007260170765,linear_decay
4135,0.003193687415,0.003193687415,0.007258380298,linear_decay
4136,0.003192899982,0.003192899982,0.007256590761,linear_decay
4137,0.003192112548,0.003192112548,0.007254801225,linear_decay
4138,0.003191324882,0.003191324882,0.007253010757,linear_decay
4139,0.003190537449,0.003190537449,0.007251221221,linear_decay
4140,0.003189750016,0.003189750016,0.007249431685,linear_decay
4141,0.003188962582,0.003188962582,0.007247642148,linear_decay
4142,0.003188174916,0.003188174916,0.007245852146,linear_decay
4143,0.003187387483,0.003187387483,0.00724406261,linear_decay
4144,0.00318660005,0.00318660005,0.007242272608,linear_decay
4145,0.003185812384,0.003185812384,0.007240482606,linear_decay
4146,0.003185024951,0.003185024951,0.007238692604,linear_decay
4147,0.003184237517,0.003184237517,0.007236903068,linear_decay
4148,0.003183450084,0.003183450084,0.007235113997,linear_decay
4149,0.003182662418,0.003182662418,0.007233323529,linear_decay
4150,0.003181874985,0.003181874985,0.007231533993,linear_decay
4151,0.003181087552,0.003181087552,0.007229744457,linear_decay
4152,0.003180299886,0.003180299886,0.007227953989,linear_decay
4153,0.003179512452,0.003179512452,0.007226164453,linear_decay
4154,0.003178725019,0.003178725019,0.007224374916,linear_decay
4155,0.003177937586,0.003177937586,0.00722258538,linear_decay
4156,0.00317714992,0.00317714992,0.007220795378,linear_decay
4157,0.003176362487,0.003176362487,0.007219005376,linear_decay
4158,0.003175575053,0.003175575053,0.00721721584,linear_decay
4159,0.003174787387,0.003174787387,0.007215425838,linear_decay
4160,0.003173999954,0.003173999954,0.007213635836,linear_decay
4161,0.003173212521,0.003173212521,0.007211846765,linear_decay
4162,0.003172425088,0.003172425088,0.007210057229,linear_decay
4163,0.003171637421,0.003171637421,0.007208266761,linear_decay
4164,0.003170849988,0.003170849988,0.007206477225,linear_decay
4165,0.003170062555,0.003170062555,0.007204687223,linear_decay
4166,0.003169274889,0.003169274889,0.007202897221,linear_decay
4167,0.003168487456,0.003168487456,0.007201107685,linear_decay
4168,0.003167700022,0.003167700022,0.007199318148,linear_decay
4169,0.003166912589,0.003166912589,0.007197528612,linear_decay
4170,0.003166124923,0.003166124923,0.00719573861,linear_decay
4171,0.00316533749,0.00316533749,0.007193948608,linear_decay
4172,0.003164550057,0.003164550057,0.007192159072,linear_decay
4173,0.003163762391,0.003163762391,0.007190368604,linear_decay
4174,0.003162974957,0.003162974957,0.007188579068,linear_decay
4175,0.003162187524,0.003162187524,0.007186789997,linear_decay
4176,0.003161400091,0.003161400091,0.007184999995,linear_decay
4177,0.003160612425,0.003160612425,0.007183209993,linear_decay
4178,0.003159824992,0.003159824992,0.007181420457,linear_decay
4179,0.003159037558,0.003159037558,0.007179630455,linear_decay
4180,0.003158249892,0.003158249892,0.007177840453,linear_decay
4181,0.003157462459,0.003157462459,0.007176050916,linear_decay
4182,0.003156675026,0.003156675026,0.00717426138,linear_decay
4183,0.003155887593,0.003155887593,0.007172471844,linear_decay
4184,0.003155099927,0.003155099927,0.007170681376,linear_decay
4185,0.003154312493,0.003154312493,0.00716889184,linear_decay
4186,0.00315352506,0.00315352506,0.007167102303,linear_decay
4187,0.003152737394,0.003152737394,0.007165311836,linear_decay
4188,0.003151949961,0.003151949961,0.007163522299,linear_decay
4189,0.003151162528,0.003151162528,0.007161733229,linear_decay
4190,0.003150375094,0.003150375094,0.007159943227,linear_decay
4191,0.003149587428,0.003149587428,0.007158153225,linear_decay
4192,0.003148799995,0.003148799995,0.007156363688,linear_decay
4193,0.003148012562,0.003148012562,0.007154573686,linear_decay
4194,0.003147224896,0.003147224896,0.007152783684,linear_decay
4195,0.003146437462,0.003146437462,0.007150994148,linear_decay
4196,0.003145650029,0.003145650029,0.007149204612,linear_decay
4197,0.003144862596,0.003144862596,0.007147415075,linear_decay
4198,0.00314407493,0.00314407493,0.007145624608,linear_decay
4199,0.003143287497,0.003143287497,0.007143835071,linear_decay
4200,0.003142500063,0.003142500063,0.007142045535,linear_decay
4201,0.003141712397,0.003141712397,0.007140255067,linear_decay
4202,0.003140924964,0.003140924964,0.007138465997,linear_decay
4203,0.003140137531,0.003140137531,0.007136676461,linear_decay
4204,0.003139350098,0.003139350098,0.007134886459,linear_decay
4205,0.003138562432,0.003138562432,0.007133096457,linear_decay
4206,0.003137774998,0.003137774998,0.007131306455,linear_decay
4207,0.003136987565,0.003136987565,0.007129516918,linear_decay
4208,0.003136199899,0.003136199899,0.007127726916,linear_decay
4209,0.003135412466,0.003135412466,0.00712593738,linear_decay
4210,0.003134625033,0.003134625033,0.007124147844,linear_decay
4211,0.003133837599,0.003133837599,0.007122358307,linear_decay
4212,0.003133049933,0.003133049933,0.00712056784,linear_decay
4213,0.0031322625,0.0031322625,0.007118778303,linear_decay
4214,0.003131475067,0.003131475067,0.007116988767,linear_decay
4215,0.003130687401,0.003130687401,0.007115198299,linear_decay
4216,0.003129899967,0.003129899967,0.007113409229,linear_decay
4217,0.003129112534,0.003129112534,0.007111619227,linear_decay
4218,0.003128324868,0.003128324868,0.007109829225,linear_decay
4219,0.003127537435,0.003127537435,0.007108039688,linear_decay
4220,0.003126750002,0.003126750002,0.007106249686,linear_decay
4221,0.003125962568,0.003125962568,0.00710446015,linear_decay
4222,0.003125174902,0.003125174902,0.007102669682,linear_decay
4223,0.003124387469,0.003124387469,0.007100880612,linear_decay
4224,0.003123600036,0.003123600036,0.007099091075,linear_decay
4225,0.00312281237,0.00312281237,0.007097300608,linear_decay
4226,0.003122024937,0.003122024937,0.007095511071,linear_decay
4227,0.003121237503,0.003121237503,0.007093721535,linear_decay
4228,0.00312045007,0.00312045007,0.007091931533,linear_decay
4229,0.003119662404,0.003119662404,0.007090141531,linear_decay
4230,0.003118874971,0.003118874971,0.00708835246,linear_decay
4231,0.003118087538,0.003118087538,0.007086562458,linear_decay
4232,0.003117299872,0.003117299872,0.007084772456,linear_decay
4233,0.003116512438,0.003116512438,0.007082982454,linear_decay
4234,0.003115725005,0.003115725005,0.007081192918,linear_decay
4235,0.003114937572,0.003114937572,0.007079403382,linear_decay
4236,0.003114149906,0.003114149906,0.00707761338,linear_decay
4237,0.003113362473,0.003113362473,0.007075823843,linear_decay
4238,0.003112575039,0.003112575039,0.007074034307,linear_decay
4239,0.003111787373,0.003111787373,0.00707224384,linear_decay
4240,0.00311099994,0.00311099994,0.007070454303,linear_decay
4241,0.003110212507,0.003110212507,0.007068664767,linear_decay
4242,0.003109425073,0.003109425073,0.007066874765,linear_decay
4243,0.003108637407,0.003108637407,0.007065085229,linear_decay
4244,0.003107849974,0.003107849974,0.007063295227,linear_decay
4245,0.003107062541,0.003107062541,0.00706150569,linear_decay
4246,0.003106274875,0.003106274875,0.007059715688,linear_decay
4247,0.003105487442,0.003105487442,0.007057925686,linear_decay
4248,0.003104700008,0.003104700008,0.00705613615,linear_decay
4249,0.003103912575,0.003103912575,0.007054346614,linear_decay
4250,0.003103124909,0.003103124909,0.007052556612,linear_decay
4251,0.003102337476,0.003102337476,0.007050767075,linear_decay
4252,0.003101550043,0.003101550043,0.007048977539,linear_decay
4253,0.003100762377,0.003100762377,0.007047187071,linear_decay
4254,0.003099974943,0.003099974943,0.007045397535,linear_decay
4255,0.00309918751,0.00309918751,0.007043607533,linear_decay
4256,0.003098400077,0.003098400077,0.007041817997,linear_decay
4257,0.003097612411,0.003097612411,0.00704002846,linear_decay
4258,0.003096824978,0.003096824978,0.007038238458,linear_decay
4259,0.003096037544,0.003096037544,0.007036448922,linear_decay
4260,0.003095249878,0.003095249878,0.007034658454,linear_decay
4261,0.003094462445,0.003094462445,0.007032868918,linear_decay
4262,0.003093675012,0.003093675012,0.007031079382,linear_decay
4263,0.003092887579,0.003092887579,0.007029289845,linear_decay
4264,0.003092099912,0.003092099912,0.007027499843,linear_decay
4265,0.003091312479,0.003091312479,0.007025710307,linear_decay
4266,0.003090525046,0.003090525046,0.007023920305,linear_decay
4267,0.00308973738,0.00308973738,0.007022130303,linear_decay
4268,0.003088949947,0.003088949947,0.007020340767,linear_decay
4269,0.003088162513,0.003088162513,0.007018550765,linear_decay
4270,0.00308737508,0.00308737508,0.007016761228,linear_decay
4271,0.003086587414,0.003086587414,0.007014971226,linear_decay
4272,0.003085799981,0.003085799981,0.00701318169,linear_decay
4273,0.003085012548,0.003085012548,0.007011392154,linear_decay
4274,0.003084224882,0.003084224882,0.007009601686,linear_decay
4275,0.003083437448,0.003083437448,0.00700781215,linear_decay
4276,0.003082650015,0.003082650015,0.007006022613,linear_decay
4277,0.003081862582,0.003081862582,0.007004233077,linear_decay
4278,0.003081074916,0.003081074916,0.007002443075,linear_decay
4279,0.003080287483,0.003080287483,0.007000653539,linear_decay
4280,0.003079500049,0.003079500049,0.006998863537,linear_decay
4281,0.003078712383,0.003078712383,0.006997073535,linear_decay
4282,0.00307792495,0.00307792495,0.006995283533,linear_decay
4283,0.003077137517,0.003077137517,0.006993493997,linear_decay
4284,0.003076350084,0.003076350084,0.006991704926,linear_decay
4285,0.003075562418,0.003075562418,0.006989914458,linear_decay
4286,0.003074774984,0.003074774984,0.006988124922,linear_decay
4287,0.003073987551,0.003073987551,0.006986335386,linear_decay
4288,0.003073199885,0.003073199885,0.006984544918,linear_decay
4289,0.003072412452,0.003072412452,0.006982755382,linear_decay
4290,0.003071625018,0.003071625018,0.006980965845,linear_decay
4291,0.003070837585,0.003070837585,0.006979176309,linear_decay
4292,0.003070049919,0.003070049919,0.006977386307,linear_decay
4293,0.003069262486,0.003069262486,0.006975596305,linear_decay
4294,0.003068475053,0.003068475053,0.006973806769,linear_decay
4295,0.003067687387,0.003067687387,0.006972016767,linear_decay
4296,0.003066899953,0.003066899953,0.006970226765,linear_decay
4297,0.00306611252,0.00306611252,0.006968437228,linear_decay
4298,0.003065325087,0.003065325087,0.006966648158,linear_decay
4299,0.003064537421,0.003064537421,0.00696485769,linear_decay
4300,0.003063749988,0.003063749988,0.006963068154,linear_decay
4301,0.003062962554,0.003062962554,0.006961278617,linear_decay
4302,0.003062174888,0.003062174888,0.00695948815,linear_decay
4303,0.003061387455,0.003061387455,0.006957698613,linear_decay
4304,0.003060600022,0.003060600022,0.006955908611,linear_decay
4305,0.003059812589,0.003059812589,0.006954119541,linear_decay
4306,0.003059024923,0.003059024923,0.006952329539,linear_decay
4307,0.003058237489,0.003058237489,0.006950539537,linear_decay
4308,0.003057450056,0.003057450056,0.00694875,linear_decay
4309,0.00305666239,0.00305666239,0.006946959533,linear_decay
4310,0.003055874957,0.003055874957,0.006945169996,linear_decay
4311,0.003055087524,0.003055087524,0.00694338046,linear_decay
4312,0.00305430009,0.00305430009,0.006941591389,linear_decay
4313,0.003053512424,0.003053512424,0.006939800922,linear_decay
4314,0.003052724991,0.003052724991,0.006938011386,linear_decay
4315,0.003051937558,0.003051937558,0.006936221384,linear_decay
4316,0.003051149892,0.003051149892,0.006934431382,linear_decay
4317,0.003050362458,0.003050362458,0.006932641845,linear_decay
4318,0.003049575025,0.003049575025,0.006930852309,linear_decay
4319,0.003048787592,0.003048787592,0.006929062773,linear_decay
4320,0.003047999926,0.003047999926,0.006927272305,linear_decay
4321,0.003047212493,0.003047212493,0.006925482769,linear_decay
4322,0.003046425059,0.003046425059,0.006923693232,linear_decay
4323,0.003045637393,0.003045637393,0.006921902765,linear_decay
4324,0.00304484996,0.00304484996,0.006920113228,linear_decay
4325,0.003044062527,0.003044062527,0.006918324158,linear_decay
4326,0.003043275094,0.003043275094,0.006916534156,linear_decay
4327,0.003042487428,0.003042487428,0.006914744154,linear_decay
4328,0.003041699994,0.003041699994,0.006912954617,linear_decay
4329,0.003040912561,0.003040912561,0.006911164615,linear_decay
4330,0.003040124895,0.003040124895,0.006909374613,linear_decay
4331,0.003039337462,0.003039337462,0.006907584611,linear_decay
4332,0.003038550029,0.003038550029,0.006905795541,linear_decay
4333,0.003037762595,0.003037762595,0.006904006004,linear_decay
4334,0.003036974929,0.003036974929,0.006902215537,linear_decay
4335,0.003036187496,0.003036187496,0.006900426,linear_decay
4336,0.003035400063,0.003035400063,0.006898636464,linear_decay
4337,0.003034612397,0.003034612397,0.006896845996,linear_decay
4338,0.003033824963,0.003033824963,0.00689505646,linear_decay
4339,0.00303303753,0.00303303753,0.006893267389,linear_decay
4340,0.003032250097,0.003032250097,0.006891477387,linear_decay
4341,0.003031462431,0.003031462431,0.006889687385,linear_decay
4342,0.003030674998,0.003030674998,0.006887897383,linear_decay
4343,0.003029887564,0.003029887564,0.006886107847,linear_decay
4344,0.003029099898,0.003029099898,0.006884317845,linear_decay
4345,0.003028312465,0.003028312465,0.006882527843,linear_decay
4346,0.003027525032,0.003027525032,0.006880738772,linear_decay
4347,0.003026737599,0.003026737599,0.006878949236,linear_decay
4348,0.003025949933,0.003025949933,0.006877158768,linear_decay
4349,0.003025162499,0.003025162499,0.006875369232,linear_decay
4350,0.003024375066,0.003024375066,0.006873579696,linear_decay
4351,0.0030235874,0.0030235874,0.006871789228,linear_decay
4352,0.003022799967,0.003022799967,0.006869999692,linear_decay
4353,0.003022012534,0.003022012534,0.006868210156,linear_decay
4354,0.0030212251,0.0030212251,0.006866420619,linear_decay
4355,0.003020437434,0.003020437434,0.006864630617,linear_decay
4356,0.003019650001,0.003019650001,0.006862840615,linear_decay
4357,0.003018862568,0.003018862568,0.006861051079,linear_decay
4358,0.003018074902,0.003018074902,0.006859261077,linear_decay
4359,0.003017287469,0.003017287469,0.006857471541,linear_decay
4360,0.003016500035,0.003016500035,0.006855682004,linear_decay
4361,0.003015712369,0.003015712369,0.006853891537,linear_decay
4362,0.003014924936,0.003014924936,0.006852102,linear_decay
4363,0.003014137503,0.003014137503,0.006850312464,linear_decay
4364,0.00301335007,0.00301335007,0.006848522462,linear_decay
4365,0.003012562403,0.003012562403,0.00684673246,linear_decay
4366,0.00301177497,0.00301177497,0.006844943389,linear_decay
4367,0.003010987537,0.003010987537,0.006843153387,linear_decay
4368,0.003010199871,0.003010199871,0.006841363385,linear_decay
4369,0.003009412438,0.003009412438,0.006839573849,linear_decay
4370,0.003008625004,0.003008625004,0.006837783847,linear_decay
4371,0.003007837571,0.003007837571,0.006835994311,linear_decay
4372,0.003007049905,0.003007049905,0.006834203843,linear_decay
4373,0.003006262472,0.003006262472,0.006832414772,linear_decay
4374,0.003005475039,0.003005475039,0.006830625236,linear_decay
4375,0.003004687373,0.003004687373,0.006828834768,linear_decay
4376,0.003003899939,0.003003899939,0.006827045232,linear_decay
4377,0.003003112506,0.003003112506,0.006825255696,linear_decay
4378,0.003002325073,0.003002325073,0.006823465694,linear_decay
4379,0.003001537407,0.003001537407,0.006821675692,linear_decay
4380,0.003000749974,0.003000749974,0.006819886155,linear_decay
4381,0.00299996254,0.00299996254,0.006818096619,linear_decay
4382,0.002999174874,0.002999174874,0.006816306617,linear_decay
4383,0.002998387441,0.002998387441,0.006814516615,linear_decay
4384,0.002997600008,0.002997600008,0.006812727079,linear_decay
4385,0.002996812575,0.002996812575,0.006810937542,linear_decay
4386,0.002996024908,0.002996024908,0.006809147075,linear_decay
4387,0.002995237475,0.002995237475,0.006807358004,linear_decay
4388,0.002994450042,0.002994450042,0.006805568468,linear_decay
4389,0.002993662376,0.002993662376,0.006803778,linear_decay
4390,0.002992874943,0.002992874943,0.006801988464,linear_decay
4391,0.002992087509,0.002992087509,0.006800198462,linear_decay
4392,0.002991300076,0.002991300076,0.006798408926,linear_decay
4393,0.00299051241,0.00299051241,0.006796618924,linear_decay
4394,0.002989724977,0.002989724977,0.006794829387,linear_decay
4395,0.002988937544,0.002988937544,0.006793039851,linear_decay
4396,0.002988149878,0.002988149878,0.006791249849,linear_decay
4397,0.002987362444,0.002987362444,0.006789459847,linear_decay
4398,0.002986575011,0.002986575011,0.006787670311,linear_decay
4399,0.002985787578,0.002985787578,0.006785880774,linear_decay
4400,0.002984999912,0.002984999912,0.006784090772,linear_decay
4401,0.002984212479,0.002984212479,0.006782301236,linear_decay
4402,0.002983425045,0.002983425045,0.006780511234,linear_decay
4403,0.002982637379,0.002982637379,0.006778721232,linear_decay
4404,0.002981849946,0.002981849946,0.006776931696,linear_decay
4405,0.002981062513,0.002981062513,0.006775141694,linear_decay
4406,0.00298027508,0.00298027508,0.006773352157,linear_decay
4407,0.002979487414,0.002979487414,0.006771562621,linear_decay
4408,0.00297869998,0.00297869998,0.006769772619,linear_decay
4409,0.002977912547,0.002977912547,0.006767983083,linear_decay
4410,0.002977124881,0.002977124881,0.006766192615,linear_decay
4411,0.002976337448,0.002976337448,0.006764403079,linear_decay
4412,0.002975550015,0.002975550015,0.006762613542,linear_decay
4413,0.002974762581,0.002974762581,0.00676082354,linear_decay
4414,0.002973974915,0.002973974915,0.006759034004,linear_decay
4415,0.002973187482,0.002973187482,0.006757244468,linear_decay
4416,0.002972400049,0.002972400049,0.006755454466,linear_decay
4417,0.002971612383,0.002971612383,0.006753664464,linear_decay
4418,0.002970824949,0.002970824949,0.006751874927,linear_decay
4419,0.002970037516,0.002970037516,0.006750084925,linear_decay
4420,0.002969250083,0.002969250083,0.006748295389,linear_decay
4421,0.002968462417,0.002968462417,0.006746505387,linear_decay
4422,0.002967674984,0.002967674984,0.006744715851,linear_decay
4423,0.00296688755,0.00296688755,0.006742926314,linear_decay
4424,0.002966099884,0.002966099884,0.006741135847,linear_decay
4425,0.002965312451,0.002965312451,0.00673934631,linear_decay
4426,0.002964525018,0.002964525018,0.006737556774,linear_decay
4427,0.002963737585,0.002963737585,0.006735766772,linear_decay
4428,0.002962949919,0.002962949919,0.006733977236,linear_decay
4429,0.002962162485,0.002962162485,0.0067321877,linear_decay
4430,0.002961375052,0.002961375052,0.006730397698,linear_decay
4431,0.002960587386,0.002960587386,0.006728607696,linear_decay
4432,0.002959799953,0.002959799953,0.006726817694,linear_decay
4433,0.00295901252,0.00295901252,0.006725028157,linear_decay
4434,0.002958225086,0.002958225086,0.006723238621,linear_decay
4435,0.00295743742,0.00295743742,0.006721448619,linear_decay
4436,0.002956649987,0.002956649987,0.006719659083,linear_decay
4437,0.002955862554,0.002955862554,0.006717869546,linear_decay
4438,0.002955074888,0.002955074888,0.006716079079,linear_decay
4439,0.002954287454,0.002954287454,0.006714289542,linear_decay
4440,0.002953500021,0.002953500021,0.006712500006,linear_decay
4441,0.002952712588,0.002952712588,0.006710710004,linear_decay
4442,0.002951924922,0.002951924922,0.006708920468,linear_decay
4443,0.002951137489,0.002951137489,0.006707130466,linear_decay
4444,0.002950350055,0.002950350055,0.006705340929,linear_decay
4445,0.002949562389,0.002949562389,0.006703550927,linear_decay
4446,0.002948774956,0.002948774956,0.006701760925,linear_decay
4447,0.002947987523,0.002947987523,0.006699971389,linear_decay
4448,0.00294720009,0.00294720009,0.006698181853,linear_decay
4449,0.002946412424,0.002946412424,0.006696391851,linear_decay
4450,0.00294562499,0.00294562499,0.006694602314,linear_decay
4451,0.002944837557,0.002944837557,0.006692812312,linear_decay
4452,0.002944049891,0.002944049891,0.00669102231,linear_decay
4453,0.002943262458,0.002943262458,0.006689232774,linear_decay
4454,0.002942475025,0.002942475025,0.006687442772,linear_decay
4455,0.002941687591,0.002941687591,0.006685653701,linear_decay
4456,0.002940899925,0.002940899925,0.006683863699,linear_decay
4457,0.002940112492,0.002940112492,0.006682073697,linear_decay
4458,0.002939325059,0.002939325059,0.006680284161,linear_decay
4459,0.002938537393,0.002938537393,0.006678493693,linear_decay
4460,0.00293774996,0.00293774996,0.006676704157,linear_decay
4461,0.002936962526,0.002936962526,0.006674914621,linear_decay
4462,0.002936175093,0.002936175093,0.006673125084,linear_decay
4463,0.002935387427,0.002935387427,0.006671335083,linear_decay
4464,0.002934599994,0.002934599994,0.006669545546,linear_decay
4465,0.002933812561,0.002933812561,0.006667755544,linear_decay
4466,0.002933024894,0.002933024894,0.006665965542,linear_decay
4467,0.002932237461,0.002932237461,0.006664176006,linear_decay
4468,0.002931450028,0.002931450028,0.006662386004,linear_decay
4469,0.002930662595,0.002930662595,0.006660596933,linear_decay
4470,0.002929874929,0.002929874929,0.006658806466,linear_decay
4471,0.002929087495,0.002929087495,0.006657016929,linear_decay
4472,0.002928300062,0.002928300062,0.006655227393,linear_decay
4473,0.002927512396,0.002927512396,0.006653436925,linear_decay
4474,0.002926724963,0.002926724963,0.006651647389,linear_decay
4475,0.00292593753,0.00292593753,0.006649857853,linear_decay
4476,0.002925150096,0.002925150096,0.006648068316,linear_decay
4477,0.00292436243,0.00292436243,0.006646278314,linear_decay
4478,0.002923574997,0.002923574997,0.006644488778,linear_decay
4479,0.002922787564,0.002922787564,0.006642698776,linear_decay
4480,0.002921999898,0.002921999898,0.006640908774,linear_decay
4481,0.002921212465,0.002921212465,0.006639118772,linear_decay
4482,0.002920425031,0.002920425031,0.006637329236,linear_decay
4483,0.002919637598,0.002919637598,0.006635540165,linear_decay
4484,0.002918849932,0.002918849932,0.006633749697,linear_decay
4485,0.002918062499,0.002918062499,0.006631960161,linear_decay
4486,0.002917275066,0.002917275066,0.006630170625,linear_decay
4487,0.002916487399,0.002916487399,0.006628380157,linear_decay
4488,0.002915699966,0.002915699966,0.006626590621,linear_decay
4489,0.002914912533,0.002914912533,0.006624801084,linear_decay
4490,0.0029141251,0.0029141251,0.006623011548,linear_decay
4491,0.002913337434,0.002913337434,0.006621221546,linear_decay
4492,0.00291255,0.00291255,0.006619431544,linear_decay
4493,0.002911762567,0.002911762567,0.006617642008,linear_decay
4494,0.002910974901,0.002910974901,0.006615852006,linear_decay
4495,0.002910187468,0.002910187468,0.006614062004,linear_decay
4496,0.002909400035,0.002909400035,0.006612272933,linear_decay
4497,0.002908612601,0.002908612601,0.006610483397,linear_decay
4498,0.002907824935,0.002907824935,0.006608692929,linear_decay
4499,0.002907037502,0.002907037502,0.006606903393,linear_decay
4500,0.002906250069,0.002906250069,0.006605113856,linear_decay
4501,0.002905462403,0.002905462403,0.006603323389,linear_decay
4502,0.00290467497,0.00290467497,0.006601533853,linear_decay
4503,0.002903887536,0.002903887536,0.006599744316,linear_decay
4504,0.00290309987,0.00290309987,0.006597954314,linear_decay
4505,0.002902312437,0.002902312437,0.006596164778,linear_decay
4506,0.002901525004,0.002901525004,0.006594374776,linear_decay
4507,0.002900737571,0.002900737571,0.00659258524,linear_decay
4508,0.002899949905,0.002899949905,0.006590794772,linear_decay
4509,0.002899162471,0.002899162471,0.006589005236,linear_decay
4510,0.002898375038,0.002898375038,0.006587216165,linear_decay
4511,0.002897587372,0.002897587372,0.006585425697,linear_decay
4512,0.002896799939,0.002896799939,0.006583636161,linear_decay
4513,0.002896012506,0.002896012506,0.006581846625,linear_decay
4514,0.002895225072,0.002895225072,0.006580056623,linear_decay
4515,0.002894437406,0.002894437406,0.006578266621,linear_decay
4516,0.002893649973,0.002893649973,0.006576477084,linear_decay
4517,0.00289286254,0.00289286254,0.006574687548,linear_decay
4518,0.002892074874,0.002892074874,0.006572897546,linear_decay
4519,0.00289128744,0.00289128744,0.006571107544,linear_decay
4520,0.002890500007,0.002890500007,0.006569318008,linear_decay
4521,0.002889712574,0.002889712574,0.006567528471,linear_decay
4522,0.002888924908,0.002888924908,0.006565738004,linear_decay
4523,0.002888137475,0.002888137475,0.006563948467,linear_decay
4524,0.002887350041,0.002887350041,0.006562159397,linear_decay
4525,0.002886562375,0.002886562375,0.006560368929,linear_decay
4526,0.002885774942,0.002885774942,0.006558579393,linear_decay
4527,0.002884987509,0.002884987509,0.006556789856,linear_decay
4528,0.002884200076,0.002884200076,0.006554999854,linear_decay
4529,0.00288341241,0.00288341241,0.006553209852,linear_decay
4530,0.002882624976,0.002882624976,0.006551420316,linear_decay
4531,0.002881837543,0.002881837543,0.00654963078,linear_decay
4532,0.002881049877,0.002881049877,0.006547840778,linear_decay
4533,0.002880262444,0.002880262444,0.006546050776,linear_decay
4534,0.002879475011,0.002879475011,0.006544261239,linear_decay
4535,0.002878687577,0.002878687577,0.006542471703,linear_decay
4536,0.002877899911,0.002877899911,0.006540681235,linear_decay
4537,0.002877112478,0.002877112478,0.006538892165,linear_decay
4538,0.002876325045,0.002876325045,0.006537102628,linear_decay
4539,0.002875537379,0.002875537379,0.006535312161,linear_decay
4540,0.002874749945,0.002874749945,0.006533522625,linear_decay
4541,0.002873962512,0.002873962512,0.006531732623,linear_decay
4542,0.002873175079,0.002873175079,0.006529943086,linear_decay
4543,0.002872387413,0.002872387413,0.006528153084,linear_decay
4544,0.00287159998,0.00287159998,0.006526363548,linear_decay
4545,0.002870812546,0.002870812546,0.006524574012,linear_decay
4546,0.00287002488,0.00287002488,0.006522783544,linear_decay
4547,0.002869237447,0.002869237447,0.006520994008,linear_decay
4548,0.002868450014,0.002868450014,0.006519204471,linear_decay
4549,0.002867662581,0.002867662581,0.006517414935,linear_decay
4550,0.002866874915,0.002866874915,0.006515624467,linear_decay
4551,0.002866087481,0.002866087481,0.006513835397,linear_decay
4552,0.002865300048,0.002865300048,0.006512045395,linear_decay
4553,0.002864512382,0.002864512382,0.006510255393,linear_decay
4554,0.002863724949,0.002863724949,0.006508465856,linear_decay
4555,0.002862937516,0.002862937516,0.006506675854,linear_decay
4556,0.002862150082,0.002862150082,0.006504886318,linear_decay
4557,0.002861362416,0.002861362416,0.00650309585,linear_decay
4558,0.002860574983,0.002860574983,0.00650130678,linear_decay
4559,0.00285978755,0.00285978755,0.006499517243,linear_decay
4560,0.002858999884,0.002858999884,0.006497726776,linear_decay
4561,0.002858212451,0.002858212451,0.006495937239,linear_decay
4562,0.002857425017,0.002857425017,0.006494147703,linear_decay
4563,0.002856637584,0.002856637584,0.006492357701,linear_decay
4564,0.002855849918,0.002855849918,0.006490567699,linear_decay
4565,0.002855062485,0.002855062485,0.006488778628,linear_decay
4566,0.002854275052,0.002854275052,0.006486988626,linear_decay
4567,0.002853487385,0.002853487385,0.006485198624,linear_decay
4568,0.002852699952,0.002852699952,0.006483408622,linear_decay
4569,0.002851912519,0.002851912519,0.006481619086,linear_decay
4570,0.002851125086,0.002851125086,0.00647982955,linear_decay
4571,0.00285033742,0.00285033742,0.006478039548,linear_decay
4572,0.002849549986,0.002849549986,0.006476250011,linear_decay
4573,0.002848762553,0.002848762553,0.006474460475,linear_decay
4574,0.002847974887,0.002847974887,0.006472670007,linear_decay
4575,0.002847187454,0.002847187454,0.006470880471,linear_decay
4576,0.002846400021,0.002846400021,0.006469090935,linear_decay
4577,0.002845612587,0.002845612587,0.006467300933,linear_decay
4578,0.002844824921,0.002844824921,0.006465511397,linear_decay
4579,0.002844037488,0.002844037488,0.006463721395,linear_decay
4580,0.002843250055,0.002843250055,0.006461931858,linear_decay
4581,0.002842462389,0.002842462389,0.006460141856,linear_decay
4582,0.002841674956,0.002841674956,0.006458351854,linear_decay
4583,0.002840887522,0.002840887522,0.006456562318,linear_decay
4584,0.002840100089,0.002840100089,0.006454772782,linear_decay
4585,0.002839312423,0.002839312423,0.00645298278,linear_decay
4586,0.00283852499,0.00283852499,0.006451193243,linear_decay
4587,0.002837737557,0.002837737557,0.006449403707,linear_decay
4588,0.00283694989,0.00283694989,0.006447613239,linear_decay
4589,0.002836162457,0.002836162457,0.006445823703,linear_decay
4590,0.002835375024,0.002835375024,0.006444033701,linear_decay
4591,0.002834587591,0.002834587591,0.006442244165,linear_decay
4592,0.002833799925,0.002833799925,0.006440454628,linear_decay
4593,0.002833012491,0.002833012491,0.006438664626,linear_decay
4594,0.002832225058,0.002832225058,0.00643687509,linear_decay
4595,0.002831437392,0.002831437392,0.006435085088,linear_decay
4596,0.002830649959,0.002830649959,0.006433295086,linear_decay
4597,0.002829862526,0.002829862526,0.00643150555,linear_decay
4598,0.002829075092,0.002829075092,0.006429716013,linear_decay
4599,0.002828287426,0.002828287426,0.006427926011,linear_decay
4600,0.002827499993,0.002827499993,0.006426136475,linear_decay
4601,0.00282671256,0.00282671256,0.006424346473,linear_decay
4602,0.002825924894,0.002825924894,0.006422556471,linear_decay
4603,0.002825137461,0.002825137461,0.006420766935,linear_decay
4604,0.002824350027,0.002824350027,0.006418976933,linear_decay
4605,0.002823562594,0.002823562594,0.006417187396,linear_decay
4606,0.002822774928,0.002822774928,0.006415397394,linear_decay
4607,0.002821987495,0.002821987495,0.006413607858,linear_decay
4608,0.002821200062,0.002821200062,0.006411818322,linear_decay
4609,0.002820412396,0.002820412396,0.006410027854,linear_decay
4610,0.002819624962,0.002819624962,0.006408238318,linear_decay
4611,0.002818837529,0.002818837529,0.006406448781,linear_decay
4612,0.002818050096,0.002818050096,0.00640465878,linear_decay
4613,0.00281726243,0.00281726243,0.006402869243,linear_decay
4614,0.002816474997,0.002816474997,0.006401079707,linear_decay
4615,0.002815687563,0.002815687563,0.006399289705,linear_decay
4616,0.002814899897,0.002814899897,0.006397499703,linear_decay
4617,0.002814112464,0.002814112464,0.006395709701,linear_decay
4618,0.002813325031,0.002813325031,0.006393920165,linear_decay
4619,0.002812537597,0.002812537597,0.006392130628,linear_decay
4620,0.002811749931,0.002811749931,0.006390340626,linear_decay
4621,0.002810962498,0.002810962498,0.00638855109,linear_decay
4622,0.002810175065,0.002810175065,0.006386761554,linear_decay
4623,0.002809387399,0.002809387399,0.006384971086,linear_decay
4624,0.002808599966,0.002808599966,0.00638318155,linear_decay
4625,0.002807812532,0.002807812532,0.006381392013,linear_decay
4626,0.002807025099,0.002807025099,0.006379602477,linear_decay
4627,0.002806237433,0.002806237433,0.006377812475,linear_decay
4628,0.00280545,0.00280545,0.006376022473,linear_decay
4629,0.002804662567,0.002804662567,0.006374232937,linear_decay
4630,0.002803874901,0.002803874901,0.006372442935,linear_decay
4631,0.002803087467,0.002803087467,0.006370652933,linear_decay
4632,0.002802300034,0.002802300034,0.006368863396,linear_decay
4633,0.002801512601,0.002801512601,0.006367074326,linear_decay
4634,0.002800724935,0.002800724935,0.006365283858,linear_decay
4635,0.002799937502,0.002799937502,0.006363494322,linear_decay
4636,0.002799150068,0.002799150068,0.006361704785,linear_decay
4637,0.002798362402,0.002798362402,0.006359914318,linear_decay
4638,0.002797574969,0.002797574969,0.006358124781,linear_decay
4639,0.002796787536,0.002796787536,0.006356334779,linear_decay
4640,0.00279599987,0.00279599987,0.006354545243,linear_decay
4641,0.002795212436,0.002795212436,0.006352755707,linear_decay
4642,0.002794425003,0.002794425003,0.006350965705,linear_decay
4643,0.00279363757,0.00279363757,0.006349176168,linear_decay
4644,0.002792849904,0.002792849904,0.006347386166,linear_decay
4645,0.002792062471,0.002792062471,0.006345596164,linear_decay
4646,0.002791275037,0.002791275037,0.006343806628,linear_decay
4647,0.002790487371,0.002790487371,0.006342016626,linear_decay
4648,0.002789699938,0.002789699938,0.00634022709,linear_decay
4649,0.002788912505,0.002788912505,0.006338437553,linear_decay
4650,0.002788125072,0.002788125072,0.006336647552,linear_decay
4651,0.002787337406,0.002787337406,0.00633485755,linear_decay
4652,0.002786549972,0.002786549972,0.006333068013,linear_decay
4653,0.002785762539,0.002785762539,0.006331278011,linear_decay
4654,0.002784974873,0.002784974873,0.006329488475,linear_decay
4655,0.00278418744,0.00278418744,0.006327698939,linear_decay
4656,0.002783400007,0.002783400007,0.006325908937,linear_decay
4657,0.002782612573,0.002782612573,0.0063241194,linear_decay
4658,0.002781824907,0.002781824907,0.006322328933,linear_decay
4659,0.002781037474,0.002781037474,0.006320539396,linear_decay
4660,0.002780250041,0.002780250041,0.00631874986,linear_decay
4661,0.002779462375,0.002779462375,0.006316959858,linear_decay
4662,0.002778674942,0.002778674942,0.006315170322,linear_decay
4663,0.002777887508,0.002777887508,0.006313380785,linear_decay
4664,0.002777100075,0.002777100075,0.006311590783,linear_decay
4665,0.002776312409,0.002776312409,0.006309800781,linear_decay
4666,0.002775524976,0.002775524976,0.006308011245,linear_decay
4667,0.002774737542,0.002774737542,0.006306221709,linear_decay
4668,0.002773949876,0.002773949876,0.006304431707,linear_decay
4669,0.002773162443,0.002773162443,0.006302641705,linear_decay
4670,0.00277237501,0.00277237501,0.006300852168,linear_decay
4671,0.002771587577,0.002771587577,0.006299062632,linear_decay
4672,0.002770799911,0.002770799911,0.006297272164,linear_decay
4673,0.002770012477,0.002770012477,0.006295482628,linear_decay
4674,0.002769225044,0.002769225044,0.006293693557,linear_decay
4675,0.002768437378,0.002768437378,0.00629190309,linear_decay
4676,0.002767649945,0.002767649945,0.006290113553,linear_decay
4677,0.002766862512,0.002766862512,0.006288324017,linear_decay
4678,0.002766075078,0.002766075078,0.006286534015,linear_decay
4679,0.002765287412,0.002765287412,0.006284744013,linear_decay
4680,0.002764499979,0.002764499979,0.006282954011,linear_decay
4681,0.002763712546,0.002763712546,0.00628116494,linear_decay
4682,0.00276292488,0.00276292488,0.006279374938,linear_decay
4683,0.002762137447,0.002762137447,0.006277584936,linear_decay
4684,0.002761350013,0.002761350013,0.0062757954,linear_decay
4685,0.00276056258,0.00276056258,0.006274005864,linear_decay
4686,0.002759774914,0.002759774914,0.006272215396,linear_decay
4687,0.002758987481,0.002758987481,0.00627042586,linear_decay
4688,0.002758200048,0.002758200048,0.006268636324,linear_decay
4689,0.002757412381,0.002757412381,0.006266846322,linear_decay
4690,0.002756624948,0.002756624948,0.006265056785,linear_decay
4691,0.002755837515,0.002755837515,0.006263266783,linear_decay
4692,0.002755050082,0.002755050082,0.006261477247,linear_decay
4693,0.002754262416,0.002754262416,0.006259687245,linear_decay
4694,0.002753474982,0.002753474982,0.006257897243,linear_decay
4695,0.002752687549,0.002752687549,0.006256108172,linear_decay
4696,0.002751899883,0.002751899883,0.006254317705,linear_decay
4697,0.00275111245,0.00275111245,0.006252528168,linear_decay
4698,0.002750325017,0.002750325017,0.006250738632,linear_decay
4699,0.002749537583,0.002749537583,0.00624894863,linear_decay
4700,0.002748749917,0.002748749917,0.006247158628,linear_decay
4701,0.002747962484,0.002747962484,0.006245369557,linear_decay
4702,0.002747175051,0.002747175051,0.006243579555,linear_decay
4703,0.002746387385,0.002746387385,0.006241789553,linear_decay
4704,0.002745599952,0.002745599952,0.006240000017,linear_decay
4705,0.002744812518,0.002744812518,0.006238210015,linear_decay
4706,0.002744025085,0.002744025085,0.006236420479,linear_decay
4707,0.002743237419,0.002743237419,0.006234630011,linear_decay
4708,0.002742449986,0.002742449986,0.00623284094,linear_decay
4709,0.002741662553,0.002741662553,0.006231051404,linear_decay
4710,0.002740874887,0.002740874887,0.006229260936,linear_decay
4711,0.002740087453,0.002740087453,0.0062274714,linear_decay
4712,0.00273930002,0.00273930002,0.006225681864,linear_decay
4713,0.002738512587,0.002738512587,0.006223891862,linear_decay
4714,0.002737724921,0.002737724921,0.00622210186,linear_decay
4715,0.002736937487,0.002736937487,0.006220312789,linear_decay
4716,0.002736150054,0.002736150054,0.006218522787,linear_decay
4717,0.002735362388,0.002735362388,0.006216732785,linear_decay
4718,0.002734574955,0.002734574955,0.006214942783,linear_decay
4719,0.002733787522,0.002733787522,0.006213153247,linear_decay
4720,0.002733000088,0.002733000088,0.00621136371,linear_decay
4721,0.002732212422,0.002732212422,0.006209573243,linear_decay
4722,0.002731424989,0.002731424989,0.006207784172,linear_decay
4723,0.002730637556,0.002730637556,0.006205994636,linear_decay
4724,0.00272984989,0.00272984989,0.006204204168,linear_decay
4725,0.002729062457,0.002729062457,0.006202414632,linear_decay
4726,0.002728275023,0.002728275023,0.006200625096,linear_decay
4727,0.00272748759,0.00272748759,0.006198835094,linear_decay
4728,0.002726699924,0.002726699924,0.006197045092,linear_decay
4729,0.002725912491,0.002725912491,0.006195255555,linear_decay
4730,0.002725125058,0.002725125058,0.006193466019,linear_decay
4731,0.002724337392,0.002724337392,0.006191676017,linear_decay
4732,0.002723549958,0.002723549958,0.006189886015,linear_decay
4733,0.002722762525,0.002722762525,0.006188096479,linear_decay
4734,0.002721975092,0.002721975092,0.006186306942,linear_decay
4735,0.002721187426,0.002721187426,0.00618451694,linear_decay
4736,0.002720399993,0.002720399993,0.006182727404,linear_decay
4737,0.002719612559,0.002719612559,0.006180937868,linear_decay
4738,0.002718824893,0.002718824893,0.0061791474,linear_decay
4739,0.00271803746,0.00271803746,0.006177357864,linear_decay
4740,0.002717250027,0.002717250027,0.006175567862,linear_decay
4741,0.002716462594,0.002716462594,0.006173778325,linear_decay
4742,0.002715674927,0.002715674927,0.006171988789,linear_decay
4743,0.002714887494,0.002714887494,0.006170198787,linear_decay
4744,0.002714100061,0.002714100061,0.006168409251,linear_decay
4745,0.002713312395,0.002713312395,0.006166618783,linear_decay
4746,0.002712524962,0.002712524962,0.006164829247,linear_decay
4747,0.002711737528,0.002711737528,0.00616303971,linear_decay
4748,0.002710950095,0.002710950095,0.006161250174,linear_decay
4749,0.002710162429,0.002710162429,0.006159460172,linear_decay
4750,0.002709374996,0.002709374996,0.006157670636,linear_decay
4751,0.002708587563,0.002708587563,0.006155880634,linear_decay
4752,0.002707799897,0.002707799897,0.006154090632,linear_decay
4753,0.002707012463,0.002707012463,0.006152301095,linear_decay
4754,0.00270622503,0.00270622503,0.006150511093,linear_decay
4755,0.002705437597,0.002705437597,0.006148721557,linear_decay
4756,0.002704649931,0.002704649931,0.006146931555,linear_decay
4757,0.002703862498,0.002703862498,0.006145142019,linear_decay
4758,0.002703075064,0.002703075064,0.006143352482,linear_decay
4759,0.002702287398,0.002702287398,0.006141562015,linear_decay
4760,0.002701499965,0.002701499965,0.006139772478,linear_decay
4761,0.002700712532,0.002700712532,0.006137982942,linear_decay
4762,0.002699925099,0.002699925099,0.00613619294,linear_decay
4763,0.002699137433,0.002699137433,0.006134403404,linear_decay
4764,0.002698349999,0.002698349999,0.006132613868,linear_decay
4765,0.002697562566,0.002697562566,0.006130823866,linear_decay
4766,0.0026967749,0.0026967749,0.006129033864,linear_decay
4767,0.002695987467,0.002695987467,0.006127243862,linear_decay
4768,0.002695200033,0.002695200033,0.006125454325,linear_decay
4769,0.0026944126,0.0026944126,0.006123664789,linear_decay
4770,0.002693624934,0.002693624934,0.006121874787,linear_decay
4771,0.002692837501,0.002692837501,0.006120085251,linear_decay
4772,0.002692050068,0.002692050068,0.006118295714,linear_decay
4773,0.002691262402,0.002691262402,0.006116505247,linear_decay
4774,0.002690474968,0.002690474968,0.00611471571,linear_decay
4775,0.002689687535,0.002689687535,0.006112926174,linear_decay
4776,0.002688900102,0.002688900102,0.006111136172,linear_decay
4777,0.002688112436,0.002688112436,0.006109346636,linear_decay
4778,0.002687325003,0.002687325003,0.006107556634,linear_decay
4779,0.002686537569,0.002686537569,0.006105767097,linear_decay
4780,0.002685749903,0.002685749903,0.006103977095,linear_decay
4781,0.00268496247,0.00268496247,0.006102187093,linear_decay
4782,0.002684175037,0.002684175037,0.006100397557,linear_decay
4783,0.002683387371,0.002683387371,0.006098607555,linear_decay
4784,0.002682599938,0.002682599938,0.006096818019,linear_decay
4785,0.002681812504,0.002681812504,0.006095028482,linear_decay
4786,0.002681025071,0.002681025071,0.006093238946,linear_decay
4787,0.002680237405,0.002680237405,0.006091448478,linear_decay
4788,0.002679449972,0.002679449972,0.006089658942,linear_decay
4789,0.002678662539,0.002678662539,0.00608786894,linear_decay
4790,0.002677874872,0.002677874872,0.006086079404,linear_decay
4791,0.002677087439,0.002677087439,0.006084289867,linear_decay
4792,0.002676300006,0.002676300006,0.006082499865,linear_decay
4793,0.002675512573,0.002675512573,0.006080710329,linear_decay
4794,0.002674724907,0.002674724907,0.006078919861,linear_decay
4795,0.002673937473,0.002673937473,0.006077130325,linear_decay
4796,0.00267315004,0.00267315004,0.006075340789,linear_decay
4797,0.002672362374,0.002672362374,0.006073550787,linear_decay
4798,0.002671574941,0.002671574941,0.00607176125,linear_decay
4799,0.002670787508,0.002670787508,0.006069971714,linear_decay
4800,0.002670000074,0.002670000074,0.006068181712,linear_decay
4801,0.002669212408,0.002669212408,0.00606639171,linear_decay
4802,0.002668424975,0.002668424975,0.006064602174,linear_decay
4803,0.002667637542,0.002667637542,0.006062812172,linear_decay
4804,0.002666849876,0.002666849876,0.006061022636,linear_decay
4805,0.002666062443,0.002666062443,0.006059232634,linear_decay
4806,0.002665275009,0.002665275009,0.006057443097,linear_decay
4807,0.002664487576,0.002664487576,0.006055653561,linear_decay
4808,0.00266369991,0.00266369991,0.006053863093,linear_decay
4809,0.002662912477,0.002662912477,0.006052073557,linear_decay
4810,0.002662125044,0.002662125044,0.006050284021,linear_decay
4811,0.002661337378,0.002661337378,0.006048494019,linear_decay
4812,0.002660549944,0.002660549944,0.006046704482,linear_decay
4813,0.002659762511,0.002659762511,0.006044914946,linear_decay
4814,0.002658975078,0.002658975078,0.006043124944,linear_decay
4815,0.002658187412,0.002658187412,0.006041334942,linear_decay
4816,0.002657399978,0.002657399978,0.00603954494,linear_decay
4817,0.002656612545,0.002656612545,0.006037755404,linear_decay
4818,0.002655824879,0.002655824879,0.006035965867,linear_decay
4819,0.002655037446,0.002655037446,0.006034175865,linear_decay
4820,0.002654250013,0.002654250013,0.006032386329,linear_decay
4821,0.002653462579,0.002653462579,0.006030596793,linear_decay
4822,0.002652674913,0.002652674913,0.006028806325,linear_decay
4823,0.00265188748,0.00265188748,0.006027016789,linear_decay
4824,0.002651100047,0.002651100047,0.006025227252,linear_decay
4825,0.002650312381,0.002650312381,0.00602343725,linear_decay
4826,0.002649524948,0.002649524948,0.006021647714,linear_decay
4827,0.002648737514,0.002648737514,0.006019857712,linear_decay
4828,0.002647950081,0.002647950081,0.006018068176,linear_decay
4829,0.002647162415,0.002647162415,0.006016278174,linear_decay
4830,0.002646374982,0.002646374982,0.006014488172,linear_decay
4831,0.002645587549,0.002645587549,0.006012699101,linear_decay
4832,0.002644799883,0.002644799883,0.006010908633,linear_decay
4833,0.002644012449,0.002644012449,0.006009119097,linear_decay
4834,0.002643225016,0.002643225016,0.006007329561,linear_decay
4835,0.002642437583,0.002642437583,0.006005540024,linear_decay
4836,0.002641649917,0.002641649917,0.006003749557,linear_decay
4837,0.002640862484,0.002640862484,0.006001960021,linear_decay
4838,0.00264007505,0.00264007505,0.006000170484,linear_decay
4839,0.002639287384,0.002639287384,0.005998380482,linear_decay
4840,0.002638499951,0.002638499951,0.005996590946,linear_decay
4841,0.002637712518,0.002637712518,0.005994800944,linear_decay
4842,0.002636925085,0.002636925085,0.005993011408,linear_decay
4843,0.002636137418,0.002636137418,0.00599122094,linear_decay
4844,0.002635349985,0.002635349985,0.005989431404,linear_decay
4845,0.002634562552,0.002634562552,0.005987642333,linear_decay
4846,0.002633774886,0.002633774886,0.005985851865,linear_decay
4847,0.002632987453,0.002632987453,0.005984062329,linear_decay
4848,0.002632200019,0.002632200019,0.005982272793,linear_decay
4849,0.002631412586,0.002631412586,0.005980482791,linear_decay
4850,0.00263062492,0.00263062492,0.005978692789,linear_decay
4851,0.002629837487,0.002629837487,0.005976903252,linear_decay
4852,0.002629050054,0.002629050054,0.005975113716,linear_decay
4853,0.002628262388,0.002628262388,0.005973323714,linear_decay
4854,0.002627474954,0.002627474954,0.005971533712,linear_decay
4855,0.002626687521,0.002626687521,0.005969744176,linear_decay
4856,0.002625900088,0.002625900088,0.005967954639,linear_decay
4857,0.002625112422,0.002625112422,0.005966164172,linear_decay
4858,0.002624324989,0.002624324989,0.005964374635,linear_decay
4859,0.002623537555,0.002623537555,0.005962585565,linear_decay
4860,0.002622749889,0.002622749889,0.005960795097,linear_decay
4861,0.002621962456,0.002621962456,0.005959005561,linear_decay
4862,0.002621175023,0.002621175023,0.005957216024,linear_decay
4863,0.00262038759,0.00262038759,0.005955426022,linear_decay
4864,0.002619599923,0.002619599923,0.00595363602,linear_decay
4865,0.00261881249,0.00261881249,0.005951846484,linear_decay
4866,0.002618025057,0.002618025057,0.005950056948,linear_decay
4867,0.002617237391,0.002617237391,0.005948266946,linear_decay
4868,0.002616449958,0.002616449958,0.005946476944,linear_decay
4869,0.002615662524,0.002615662524,0.005944687407,linear_decay
4870,0.002614875091,0.002614875091,0.005942897871,linear_decay
4871,0.002614087425,0.002614087425,0.005941107403,linear_decay
4872,0.002613299992,0.002613299992,0.005939318333,linear_decay
4873,0.002612512559,0.002612512559,0.005937528796,linear_decay
4874,0.002611724893,0.002611724893,0.005935738329,linear_decay
4875,0.002610937459,0.002610937459,0.005933948793,linear_decay
4876,0.002610150026,0.002610150026,0.005932158791,linear_decay
4877,0.002609362593,0.002609362593,0.005930369254,linear_decay
4878,0.002608574927,0.002608574927,0.005928579252,linear_decay
4879,0.002607787494,0.002607787494,0.005926789716,linear_decay
4880,0.00260700006,0.00260700006,0.00592500018,linear_decay
4881,0.002606212394,0.002606212394,0.005923210178,linear_decay
4882,0.002605424961,0.002605424961,0.005921420176,linear_decay
4883,0.002604637528,0.002604637528,0.005919630639,linear_decay
4884,0.002603850095,0.002603850095,0.005917841103,linear_decay
4885,0.002603062429,0.002603062429,0.005916050635,linear_decay
4886,0.002602274995,0.002602274995,0.005914261565,linear_decay
4887,0.002601487562,0.002601487562,0.005912471563,linear_decay
4888,0.002600699896,0.002600699896,0.005910681561,linear_decay
4889,0.002599912463,0.002599912463,0.005908892024,linear_decay
4890,0.00259912503,0.00259912503,0.005907102022,linear_decay
4891,0.002598337596,0.002598337596,0.005905312486,linear_decay
4892,0.00259754993,0.00259754993,0.005903522484,linear_decay
4893,0.002596762497,0.002596762497,0.005901732948,linear_decay
4894,0.002595975064,0.002595975064,0.005899943411,linear_decay
4895,0.002595187398,0.002595187398,0.005898152944,linear_decay
4896,0.002594399964,0.002594399964,0.005896363407,linear_decay
4897,0.002593612531,0.002593612531,0.005894573871,linear_decay
4898,0.002592825098,0.002592825098,0.005892783869,linear_decay
4899,0.002592037432,0.002592037432,0.005890993867,linear_decay
4900,0.002591249999,0.002591249999,0.005889204796,linear_decay
4901,0.002590462565,0.002590462565,0.005887414794,linear_decay
4902,0.002589674899,0.002589674899,0.005885624792,linear_decay
4903,0.002588887466,0.002588887466,0.005883835256,linear_decay
4904,0.002588100033,0.002588100033,0.005882045254,linear_decay
4905,0.0025873126,0.0025873126,0.005880255718,linear_decay
4906,0.002586524934,0.002586524934,0.005878465716,linear_decay
4907,0.0025857375,0.0025857375,0.005876676179,linear_decay
4908,0.002584950067,0.002584950067,0.005874886643,linear_decay
4909,0.002584162401,0.002584162401,0.005873096175,linear_decay
4910,0.002583374968,0.002583374968,0.005871306639,linear_decay
4911,0.002582587535,0.002582587535,0.005869517103,linear_decay
4912,0.002581800101,0.002581800101,0.005867727101,linear_decay
4913,0.002581012435,0.002581012435,0.005865937565,linear_decay
4914,0.002580225002,0.002580225002,0.005864147563,linear_decay
4915,0.002579437569,0.002579437569,0.005862358026,linear_decay
4916,0.002578649903,0.002578649903,0.005860568024,linear_decay
4917,0.002577862469,0.002577862469,0.005858778022,linear_decay
4918,0.002577075036,0.002577075036,0.005856988486,linear_decay
4919,0.002576287603,0.002576287603,0.00585519895,linear_decay
4920,0.002575499937,0.002575499937,0.005853408948,linear_decay
4921,0.002574712504,0.002574712504,0.005851619411,linear_decay
4922,0.00257392507,0.00257392507,0.005849829875,linear_decay
4923,0.002573137404,0.002573137404,0.005848039407,linear_decay
4924,0.002572349971,0.002572349971,0.005846249871,linear_decay
4925,0.002571562538,0.002571562538,0.005844459869,linear_decay
4926,0.002570774872,0.002570774872,0.005842669867,linear_decay
4927,0.002569987439,0.002569987439,0.005840880796,linear_decay
4928,0.002569200005,0.002569200005,0.005839090794,linear_decay
4929,0.002568412572,0.002568412572,0.005837301258,linear_decay
4930,0.002567624906,0.002567624906,0.005835511256,linear_decay
4931,0.002566837473,0.002566837473,0.005833721254,linear_decay
4932,0.00256605004,0.00256605004,0.005831931718,linear_decay
4933,0.002565262374,0.002565262374,0.00583014125,linear_decay
4934,0.00256447494,0.00256447494,0.005828352179,linear_decay
4935,0.002563687507,0.002563687507,0.005826562643,linear_decay
4936,0.002562900074,0.002562900074,0.005824772641,linear_decay
4937,0.002562112408,0.002562112408,0.005822982639,linear_decay
4938,0.002561324975,0.002561324975,0.005821193103,linear_decay
4939,0.002560537541,0.002560537541,0.005819403101,linear_decay
4940,0.002559749875,0.002559749875,0.005817613099,linear_decay
4941,0.002558962442,0.002558962442,0.005815824028,linear_decay
4942,0.002558175009,0.002558175009,0.005814034026,linear_decay
4943,0.002557387576,0.002557387576,0.00581224449,linear_decay
4944,0.002556599909,0.002556599909,0.005810454022,linear_decay
4945,0.002555812476,0.002555812476,0.005808664486,linear_decay
4946,0.002555025043,0.002555025043,0.005806874949,linear_decay
4947,0.002554237377,0.002554237377,0.005805084947,linear_decay
4948,0.002553449944,0.002553449944,0.005803295411,linear_decay
4949,0.00255266251,0.00255266251,0.005801505875,linear_decay
4950,0.002551875077,0.002551875077,0.005799715873,linear_decay
4951,0.002551087411,0.002551087411,0.005797925871,linear_decay
4952,0.002550299978,0.002550299978,0.005796136335,linear_decay
4953,0.002549512545,0.002549512545,0.005794346333,linear_decay
4954,0.002548724879,0.002548724879,0.005792556796,linear_decay
4955,0.002547937445,0.002547937445,0.005790766794,linear_decay
4956,0.002547150012,0.002547150012,0.005788977258,linear_decay
4957,0.002546362579,0.002546362579,0.005787187722,linear_decay
4958,0.002545574913,0.002545574913,0.005785397254,linear_decay
4959,0.00254478748,0.00254478748,0.005783607718,linear_decay
4960,0.002544000046,0.002544000046,0.005781818181,linear_decay
4961,0.00254321238,0.00254321238,0.005780028179,linear_decay
4962,0.002542424947,0.002542424947,0.005778238643,linear_decay
4963,0.002541637514,0.002541637514,0.005776449107,linear_decay
4964,0.002540850081,0.002540850081,0.005774659105,linear_decay
4965,0.002540062414,0.002540062414,0.005772869103,linear_decay
4966,0.002539274981,0.002539274981,0.005771079101,linear_decay
4967,0.002538487548,0.002538487548,0.005769289564,linear_decay
4968,0.002537699882,0.002537699882,0.005767500028,linear_decay
4969,0.002536912449,0.002536912449,0.005765710026,linear_decay
4970,0.002536125015,0.002536125015,0.00576392049,linear_decay
4971,0.002535337582,0.002535337582,0.005762130953,linear_decay
4972,0.002534549916,0.002534549916,0.005760340486,linear_decay
4973,0.002533762483,0.002533762483,0.005758550949,linear_decay
4974,0.00253297505,0.00253297505,0.005756761413,linear_decay
4975,0.002532187384,0.002532187384,0.005754971411,linear_decay
4976,0.00253139995,0.00253139995,0.005753181875,linear_decay
4977,0.002530612517,0.002530612517,0.005751391873,linear_decay
4978,0.002529825084,0.002529825084,0.005749602336,linear_decay
4979,0.002529037418,0.002529037418,0.005747812334,linear_decay
4980,0.002528249985,0.002528249985,0.005746022332,linear_decay
4981,0.002527462551,0.002527462551,0.005744232796,linear_decay
4982,0.002526674885,0.002526674885,0.005742442794,linear_decay
4983,0.002525887452,0.002525887452,0.005740653258,linear_decay
4984,0.002525100019,0.002525100019,0.005738863721,linear_decay
4985,0.002524312586,0.002524312586,0.00573707372,linear_decay
4986,0.00252352492,0.00252352492,0.005735283718,linear_decay
4987,0.002522737486,0.002522737486,0.005733494181,linear_decay
4988,0.002521950053,0.002521950053,0.005731704179,linear_decay
4989,0.002521162387,0.002521162387,0.005729914643,linear_decay
4990,0.002520374954,0.002520374954,0.005728125107,linear_decay
4991,0.002519587521,0.002519587521,0.005726335105,linear_decay
4992,0.002518800087,0.002518800087,0.005724545568,linear_decay
4993,0.002518012421,0.002518012421,0.005722755101,linear_decay
4994,0.002517224988,0.002517224988,0.005720965564,linear_decay
4995,0.002516437555,0.002516437555,0.005719176028,linear_decay
4996,0.002515649889,0.002515649889,0.005717386026,linear_decay
4997,0.002514862455,0.002514862455,0.00571559649,linear_decay
4998,0.002514075022,0.002514075022,0.005713806953,linear_decay
4999,0.002513287589,0.002513287589,0.005712016951,linear_decay
5000,0.002512499923,0.002512499923,0.005710226949,linear_decay
5001,0.00251171249,0.00251171249,0.005708437413,linear_decay
5002,0.002510925056,0.002510925056,0.005706647877,linear_decay
5003,0.00251013739,0.00251013739,0.005704857875,linear_decay
5004,0.002509349957,0.002509349957,0.005703067873,linear_decay
5005,0.002508562524,0.002508562524,0.005701278336,linear_decay
5006,0.002507775091,0.002507775091,0.0056994888,linear_decay
5007,0.002506987425,0.002506987425,0.005697698332,linear_decay
5008,0.002506199991,0.002506199991,0.005695908796,linear_decay
5009,0.002505412558,0.002505412558,0.005694119725,linear_decay
5010,0.002504624892,0.002504624892,0.005692329258,linear_decay
5011,0.002503837459,0.002503837459,0.005690539721,linear_decay
5012,0.002503050026,0.002503050026,0.005688750185,linear_decay
5013,0.002502262592,0.002502262592,0.005686960183,linear_decay
5014,0.002501474926,0.002501474926,0.005685170181,linear_decay
5015,0.002500687493,0.002500687493,0.005683380179,linear_decay
5016,0.00249990006,0.00249990006,0.005681591108,linear_decay
5017,0.002499112394,0.002499112394,0.005679801106,linear_decay
5018,0.00249832496,0.00249832496,0.005678011104,linear_decay
5019,0.002497537527,0.002497537527,0.005676221568,linear_decay
5020,0.002496750094,0.002496750094,0.005674432032,linear_decay
5021,0.002495962428,0.002495962428,0.005672641564,linear_decay
5022,0.002495174995,0.002495174995,0.005670852028,linear_decay
5023,0.002494387561,0.002494387561,0.005669062957,linear_decay
5024,0.002493599895,0.002493599895,0.00566727249,linear_decay
5025,0.002492812462,0.002492812462,0.005665482953,linear_decay
5026,0.002492025029,0.002492025029,0.005663692951,linear_decay
5027,0.002491237596,0.002491237596,0.005661903415,linear_decay
5028,0.00249044993,0.00249044993,0.005660113413,linear_decay
5029,0.002489662496,0.002489662496,0.005658323411,linear_decay
5030,0.002488875063,0.002488875063,0.00565653434,linear_decay
5031,0.002488087397,0.002488087397,0.005654743873,linear_decay
5032,0.002487299964,0.002487299964,0.005652954336,linear_decay
5033,0.002486512531,0.002486512531,0.0056511648,linear_decay
5034,0.002485725097,0.002485725097,0.005649375264,linear_decay
5035,0.002484937431,0.002484937431,0.005647584796,linear_decay
5036,0.002484149998,0.002484149998,0.00564579526,linear_decay
5037,0.002483362565,0.002483362565,0.005644005723,linear_decay
5038,0.002482574899,0.002482574899,0.005642215721,linear_decay
5039,0.002481787466,0.002481787466,0.005640426185,linear_decay
5040,0.002481000032,0.002481000032,0.005638636183,linear_decay
5041,0.002480212599,0.002480212599,0.005636846647,linear_decay
5042,0.002479424933,0.002479424933,0.005635056179,linear_decay
5043,0.0024786375,0.0024786375,0.005633267108,linear_decay
5044,0.002477850066,0.002477850066,0.005631477572,linear_decay
5045,0.0024770624,0.0024770624,0.005629687104,linear_decay
5046,0.002476274967,0.002476274967,0.005627897568,linear_decay
5047,0.002475487534,0.002475487534,0.005626108032,linear_decay
5048,0.002474700101,0.002474700101,0.00562431803,linear_decay
5049,0.002473912435,0.002473912435,0.005622528028,linear_decay
5050,0.002473125001,0.002473125001,0.005620738957,linear_decay
5051,0.002472337568,0.002472337568,0.005618948955,linear_decay
5052,0.002471549902,0.002471549902,0.005617158953,linear_decay
5053,0.002470762469,0.002470762469,0.005615368951,linear_decay
5054,0.002469975036,0.002469975036,0.005613579415,linear_decay
5055,0.002469187602,0.002469187602,0.005611789878,linear_decay
5056,0.002468399936,0.002468399936,0.005609999411,linear_decay
5057,0.002467612503,0.002467612503,0.00560821034,linear_decay
5058,0.00246682507,0.00246682507,0.005606420804,linear_decay
5059,0.002466037404,0.002466037404,0.005604630336,linear_decay
5060,0.002465249971,0.002465249971,0.0056028408,linear_decay
5061,0.002464462537,0.002464462537,0.005601051264,linear_decay
5062,0.002463675104,0.002463675104,0.005599261262,linear_decay
5063,0.002462887438,0.002462887438,0.00559747126,linear_decay
5064,0.002462100005,0.002462100005,0.005595681723,linear_decay
5065,0.002461312572,0.002461312572,0.005593892187,linear_decay
5066,0.002460524905,0.002460524905,0.005592102185,linear_decay
5067,0.002459737472,0.002459737472,0.005590312183,linear_decay
5068,0.002458950039,0.002458950039,0.005588522647,linear_decay
5069,0.002458162373,0.002458162373,0.005586732179,linear_decay
5070,0.00245737494,0.00245737494,0.005584942643,linear_decay
5071,0.002456587506,0.002456587506,0.005583153572,linear_decay
5072,0.002455800073,0.002455800073,0.005581364036,linear_decay
5073,0.002455012407,0.002455012407,0.005579573568,linear_decay
5074,0.002454224974,0.002454224974,0.005577784032,linear_decay
5075,0.002453437541,0.002453437541,0.00557599403,linear_decay
5076,0.002452649875,0.002452649875,0.005574204028,linear_decay
5077,0.002451862441,0.002451862441,0.005572414491,linear_decay
5078,0.002451075008,0.002451075008,0.005570624955,linear_decay
5079,0.002450287575,0.002450287575,0.005568835419,linear_decay
5080,0.002449499909,0.002449499909,0.005567044951,linear_decay
5081,0.002448712476,0.002448712476,0.005565255415,linear_decay
5082,0.002447925042,0.002447925042,0.005563465878,linear_decay
5083,0.002447137376,0.002447137376,0.005561675411,linear_decay
5084,0.002446349943,0.002446349943,0.00555988634,linear_decay
5085,0.00244556251,0.00244556251,0.005558096804,linear_decay
5086,0.002444775077,0.002444775077,0.005556306802,linear_decay
5087,0.002443987411,0.002443987411,0.0055545168,linear_decay
5088,0.002443199977,0.002443199977,0.005552727263,linear_decay
5089,0.002442412544,0.002442412544,0.005550937261,linear_decay
5090,0.002441624878,0.002441624878,0.005549147259,linear_decay
5091,0.002440837445,0.002440837445,0.005547357723,linear_decay
5092,0.002440050012,0.002440050012,0.005545568187,linear_decay
5093,0.002439262578,0.002439262578,0.00554377865,linear_decay
5094,0.002438474912,0.002438474912,0.005541988183,linear_decay
5095,0.002437687479,0.002437687479,0.005540198646,linear_decay
5096,0.002436900046,0.002436900046,0.00553840911,linear_decay
5097,0.00243611238,0.00243611238,0.005536618643,linear_decay
5098,0.002435324946,0.002435324946,0.005534829572,linear_decay
5099,0.002434537513,0.002434537513,0.005533040036,linear_decay
5100,0.00243375008,0.00243375008,0.005531250034,linear_decay
5101,0.002432962414,0.002432962414,0.005529460032,linear_decay
5102,0.002432174981,0.002432174981,0.00552767003,linear_decay
5103,0.002431387547,0.002431387547,0.005525880493,linear_decay
5104,0.002430599881,0.002430599881,0.005524090491,linear_decay
5105,0.002429812448,0.002429812448,0.005522300955,linear_decay
5106,0.002429025015,0.002429025015,0.005520511419,linear_decay
5107,0.002428237582,0.002428237582,0.005518721882,linear_decay
5108,0.002427449916,0.002427449916,0.005516931415,linear_decay
5109,0.002426662482,0.002426662482,0.005515141878,linear_decay
5110,0.002425875049,0.002425875049,0.005513352342,linear_decay
5111,0.002425087383,0.002425087383,0.005511561874,linear_decay
5112,0.00242429995,0.00242429995,0.005509772804,linear_decay
5113,0.002423512517,0.002423512517,0.005507982802,linear_decay
5114,0.002422725083,0.002422725083,0.005506193265,linear_decay
5115,0.002421937417,0.002421937417,0.005504403263,linear_decay
5116,0.002421149984,0.002421149984,0.005502613261,linear_decay
5117,0.002420362551,0.002420362551,0.005500823725,linear_decay
5118,0.002419574885,0.002419574885,0.005499033723,linear_decay
5119,0.002418787451,0.002418787451,0.005497244187,linear_decay
5120,0.002418000018,0.002418000018,0.00549545465,linear_decay
5121,0.002417212585,0.002417212585,0.005493665114,linear_decay
5122,0.002416424919,0.002416424919,0.005491874646,linear_decay
5123,0.002415637486,0.002415637486,0.00549008511,linear_decay
5124,0.002414850052,0.002414850052,0.005488295108,linear_decay
5125,0.002414062386,0.002414062386,0.005486505572,linear_decay
5126,0.002413274953,0.002413274953,0.005484716035,linear_decay
5127,0.00241248752,0.00241248752,0.005482926033,linear_decay
5128,0.002411700087,0.002411700087,0.005481136497,linear_decay
5129,0.002410912421,0.002410912421,0.005479346495,linear_decay
5130,0.002410124987,0.002410124987,0.005477556493,linear_decay
5131,0.002409337554,0.002409337554,0.005475766957,linear_decay
5132,0.002408549888,0.002408549888,0.005473976955,linear_decay
5133,0.002407762455,0.002407762455,0.005472187418,linear_decay
5134,0.002406975022,0.002406975022,0.005470397882,linear_decay
5135,0.002406187588,0.002406187588,0.00546860788,linear_decay
5136,0.002405399922,0.002405399922,0.005466817878,linear_decay
5137,0.002404612489,0.002404612489,0.005465028342,linear_decay
5138,0.002403825056,0.002403825056,0.00546323834,linear_decay
5139,0.00240303739,0.00240303739,0.005461448804,linear_decay
5140,0.002402249957,0.002402249957,0.005459658802,linear_decay
5141,0.002401462523,0.002401462523,0.005457869265,linear_decay
5142,0.00240067509,0.00240067509,0.005456079729,linear_decay
5143,0.002399887424,0.002399887424,0.005454289261,linear_decay
5144,0.002399099991,0.002399099991,0.005452499725,linear_decay
5145,0.002398312557,0.002398312557,0.005450710189,linear_decay
5146,0.002397524891,0.002397524891,0.005448920187,linear_decay
5147,0.002396737458,0.002396737458,0.00544713065,linear_decay
5148,0.002395950025,0.002395950025,0.005445341114,linear_decay
5149,0.002395162592,0.002395162592,0.005443551112,linear_decay
5150,0.002394374926,0.002394374926,0.00544176111,linear_decay
5151,0.002393587492,0.002393587492,0.005439971108,linear_decay
5152,0.002392800059,0.002392800059,0.005438181572,linear_decay
5153,0.002392012393,0.002392012393,0.005436392035,linear_decay
5154,0.00239122496,0.00239122496,0.005434602033,linear_decay
5155,0.002390437527,0.002390437527,0.005432812497,linear_decay
5156,0.002389650093,0.002389650093,0.005431022961,linear_decay
5157,0.002388862427,0.002388862427,0.005429232493,linear_decay
5158,0.002388074994,0.002388074994,0.005427442957,linear_decay
5159,0.002387287561,0.002387287561,0.00542565342,linear_decay
5160,0.002386499895,0.002386499895,0.005423863418,linear_decay
5161,0.002385712462,0.002385712462,0.005422073882,linear_decay
5162,0.002384925028,0.002384925028,0.00542028388,linear_decay
5163,0.002384137595,0.002384137595,0.005418494344,linear_decay
5164,0.002383349929,0.002383349929,0.005416704342,linear_decay
5165,0.002382562496,0.002382562496,0.00541491434,linear_decay
5166,0.002381775063,0.002381775063,0.005413125269,linear_decay
5167,0.002380987396,0.002380987396,0.005411335267,linear_decay
5168,0.002380199963,0.002380199963,0.005409545265,linear_decay
5169,0.00237941253,0.00237941253,0.005407755729,linear_decay
5170,0.002378625097,0.002378625097,0.005405966192,linear_decay
5171,0.002377837431,0.002377837431,0.005404175725,linear_decay
5172,0.002377049997,0.002377049997,0.005402386189,linear_decay
5173,0.002376262564,0.002376262564,0.005400596652,linear_decay
5174,0.002375474898,0.002375474898,0.00539880665,linear_decay
5175,0.002374687465,0.002374687465,0.005397017114,linear_decay
5176,0.002373900032,0.002373900032,0.005395227112,linear_decay
5177,0.002373112598,0.002373112598,0.005393437576,linear_decay
5178,0.002372324932,0.002372324932,0.005391647574,linear_decay
5179,0.002371537499,0.002371537499,0.005389857572,linear_decay
5180,0.002370750066,0.002370750066,0.005388068501,linear_decay
5181,0.0023699624,0.0023699624,0.005386278033,linear_decay
5182,0.002369174967,0.002369174967,0.005384488497,linear_decay
5183,0.002368387533,0.002368387533,0.005382698961,linear_decay
5184,0.0023676001,0.0023676001,0.005380908959,linear_decay
5185,0.002366812434,0.002366812434,0.005379118957,linear_decay
5186,0.002366025001,0.002366025001,0.00537732942,linear_decay
5187,0.002365237568,0.002365237568,0.005375539884,linear_decay
5188,0.002364449902,0.002364449902,0.005373749882,linear_decay
5189,0.002363662468,0.002363662468,0.005371960346,linear_decay
5190,0.002362875035,0.002362875035,0.005370170344,linear_decay
5191,0.002362087602,0.002362087602,0.005368380807,linear_decay
5192,0.002361299936,0.002361299936,0.00536659034,linear_decay
5193,0.002360512502,0.002360512502,0.005364800803,linear_decay
5194,0.002359725069,0.002359725069,0.005363011733,linear_decay
5195,0.002358937403,0.002358937403,0.005361221265,linear_decay
5196,0.00235814997,0.00235814997,0.005359431729,linear_decay
5197,0.002357362537,0.002357362537,0.005357642192,linear_decay
5198,0.002356575103,0.002356575103,0.00535585219,linear_decay
5199,0.002355787437,0.002355787437,0.005354062188,linear_decay
5200,0.002355000004,0.002355000004,0.005352272652,linear_decay
5201,0.002354212571,0.002354212571,0.005350483116,linear_decay
5202,0.002353424905,0.002353424905,0.005348693114,linear_decay
5203,0.002352637472,0.002352637472,0.005346903112,linear_decay
5204,0.002351850038,0.002351850038,0.005345113575,linear_decay
5205,0.002351062605,0.002351062605,0.005343324039,linear_decay
5206,0.002350274939,0.002350274939,0.005341533571,linear_decay
5207,0.002349487506,0.002349487506,0.005339744501,linear_decay
5208,0.002348700073,0.002348700073,0.005337954964,linear_decay
5209,0.002347912407,0.002347912407,0.005336164497,linear_decay
5210,0.002347124973,0.002347124973,0.005334374961,linear_decay
5211,0.00234633754,0.00234633754,0.005332584959,linear_decay
5212,0.002345549874,0.002345549874,0.005330794957,linear_decay
5213,0.002344762441,0.002344762441,0.00532900542,linear_decay
5214,0.002343975008,0.002343975008,0.005327215884,linear_decay
5215,0.002343187574,0.002343187574,0.005325426348,linear_decay
5216,0.002342399908,0.002342399908,0.005323636346,linear_decay
5217,0.002341612475,0.002341612475,0.005321846344,linear_decay
5218,0.002340825042,0.002340825042,0.005320056807,linear_decay
5219,0.002340037376,0.002340037376,0.00531826634,linear_decay
5220,0.002339249942,0.002339249942,0.005316476803,linear_decay
5221,0.002338462509,0.002338462509,0.005314687733,linear_decay
5222,0.002337675076,0.002337675076,0.005312897731,linear_decay
5223,0.00233688741,0.00233688741,0.005311107729,linear_decay
5224,0.002336099977,0.002336099977,0.005309318192,linear_decay
5225,0.002335312543,0.002335312543,0.00530752819,linear_decay
5226,0.002334524877,0.002334524877,0.005305738188,linear_decay
5227,0.002333737444,0.002333737444,0.005303948652,linear_decay
5228,0.002332950011,0.002332950011,0.005302159116,linear_decay
5229,0.002332162578,0.002332162578,0.005300369579,linear_decay
5230,0.002331374912,0.002331374912,0.005298579112,linear_decay
5231,0.002330587478,0.002330587478,0.005296789575,linear_decay
5232,0.002329800045,0.002329800045,0.005295000039,linear_decay
5233,0.002329012379,0.002329012379,0.005293209571,linear_decay
5234,0.002328224946,0.002328224946,0.005291420035,linear_decay
5235,0.002327437513,0.002327437513,0.005289630964,linear_decay
5236,0.002326650079,0.002326650079,0.005287840962,linear_decay
5237,0.002325862413,0.002325862413,0.00528605096,linear_decay
5238,0.00232507498,0.00232507498,0.005284261424,linear_decay
5239,0.002324287547,0.002324287547,0.005282471422,linear_decay
5240,0.002323499881,0.002323499881,0.00528068142,linear_decay
5241,0.002322712447,0.002322712447,0.005278891884,linear_decay
5242,0.002321925014,0.002321925014,0.005277102347,linear_decay
5243,0.002321137581,0.002321137581,0.005275312811,linear_decay
5244,0.002320349915,0.002320349915,0.005273522343,linear_decay
5245,0.002319562482,0.002319562482,0.005271732807,linear_decay
5246,0.002318775048,0.002318775048,0.005269943271,linear_decay
5247,0.002317987382,0.002317987382,0.005268152803,linear_decay
5248,0.002317199949,0.002317199949,0.005266363733,linear_decay
5249,0.002316412516,0.002316412516,0.005264574196,linear_decay
5250,0.002315625083,0.002315625083,0.005262784194,linear_decay
5251,0.002314837417,0.002314837417,0.005260994192,linear_decay
5252,0.002314049983,0.002314049983,0.00525920419,linear_decay
5253,0.00231326255,0.00231326255,0.005257414654,linear_decay
5254,0.002312474884,0.002312474884,0.005255624652,linear_decay
5255,0.002311687451,0.002311687451,0.005253835116,linear_decay
5256,0.002310900018,0.002310900018,0.005252045579,linear_decay
5257,0.002310112584,0.002310112584,0.005250256043,linear_decay
5258,0.002309324918,0.002309324918,0.005248465575,linear_decay
5259,0.002308537485,0.002308537485,0.005246676039,linear_decay
5260,0.002307750052,0.002307750052,0.005244886503,linear_decay
5261,0.002306962386,0.002306962386,0.005243096035,linear_decay
5262,0.002306174953,0.002306174953,0.005241306964,linear_decay
5263,0.002305387519,0.002305387519,0.005239516962,linear_decay
5264,0.002304600086,0.002304600086,0.005237727426,linear_decay
5265,0.00230381242,0.00230381242,0.005235937424,linear_decay
5266,0.002303024987,0.002303024987,0.005234147422,linear_decay
5267,0.002302237554,0.002302237554,0.005232357886,linear_decay
5268,0.002301449887,0.002301449887,0.005230567418,linear_decay
5269,0.002300662454,0.002300662454,0.005228778347,linear_decay
5270,0.002299875021,0.002299875021,0.005226988811,linear_decay
5271,0.002299087588,0.002299087588,0.005225199275,linear_decay
5272,0.002298299922,0.002298299922,0.005223408807,linear_decay
5273,0.002297512488,0.002297512488,0.005221619271,linear_decay
5274,0.002296725055,0.002296725055,0.005219829269,linear_decay
5275,0.002295937389,0.002295937389,0.005218039267,linear_decay
5276,0.002295149956,0.002295149956,0.005216250196,linear_decay
5277,0.002294362523,0.002294362523,0.005214460194,linear_decay
5278,0.002293575089,0.002293575089,0.005212670658,linear_decay
5279,0.002292787423,0.002292787423,0.00521088019,linear_decay
5280,0.00229199999,0.00229199999,0.005209090654,linear_decay
5281,0.002291212557,0.002291212557,0.005207301117,linear_decay
5282,0.002290424891,0.002290424891,0.005205511115,linear_decay
5283,0.002289637458,0.002289637458,0.005203721579,linear_decay
5284,0.002288850024,0.002288850024,0.005201932043,linear_decay
5285,0.002288062591,0.002288062591,0.005200142041,linear_decay
5286,0.002287274925,0.002287274925,0.005198352039,linear_decay
5287,0.002286487492,0.002286487492,0.005196562503,linear_decay
5288,0.002285700059,0.002285700059,0.005194772501,linear_decay
5289,0.002284912392,0.002284912392,0.005192982964,linear_decay
5290,0.002284124959,0.002284124959,0.005191192962,linear_decay
5291,0.002283337526,0.002283337526,0.005189403426,linear_decay
5292,0.002282550093,0.002282550093,0.00518761389,linear_decay
5293,0.002281762427,0.002281762427,0.005185823422,linear_decay
5294,0.002280974993,0.002280974993,0.005184033886,linear_decay
5295,0.00228018756,0.00228018756,0.005182244349,linear_decay
5296,0.002279399894,0.002279399894,0.005180454347,linear_decay
5297,0.002278612461,0.002278612461,0.005178664811,linear_decay
5298,0.002277825028,0.002277825028,0.005176875275,linear_decay
5299,0.002277037594,0.002277037594,0.005175085273,linear_decay
5300,0.002276249928,0.002276249928,0.005173295271,linear_decay
5301,0.002275462495,0.002275462495,0.005171505269,linear_decay
5302,0.002274675062,0.002274675062,0.005169715732,linear_decay
5303,0.002273887396,0.002273887396,0.005167926196,linear_decay
5304,0.002273099963,0.002273099963,0.005166136194,linear_decay
5305,0.002272312529,0.002272312529,0.005164346658,linear_decay
5306,0.002271525096,0.002271525096,0.005162557121,linear_decay
5307,0.00227073743,0.00227073743,0.005160766654,linear_decay
5308,0.002269949997,0.002269949997,0.005158977117,linear_decay
5309,0.002269162564,0.002269162564,0.005157187581,linear_decay
5310,0.002268374898,0.002268374898,0.005155397579,linear_decay
5311,0.002267587464,0.002267587464,0.005153608043,linear_decay
5312,0.002266800031,0.002266800031,0.005151818041,linear_decay
5313,0.002266012598,0.002266012598,0.005150028504,linear_decay
5314,0.002265224932,0.002265224932,0.005148238502,linear_decay
5315,0.002264437499,0.002264437499,0.0051464485,linear_decay
5316,0.002263650065,0.002263650065,0.005144658964,linear_decay
5317,0.002262862399,0.002262862399,0.005142868962,linear_decay
5318,0.002262074966,0.002262074966,0.005141079426,linear_decay
5319,0.002261287533,0.002261287533,0.005139289889,linear_decay
5320,0.0022605001,0.0022605001,0.005137500353,linear_decay
5321,0.002259712433,0.002259712433,0.005135709886,linear_decay
5322,0.002258925,0.002258925,0.005133920349,linear_decay
5323,0.002258137567,0.002258137567,0.005132130347,linear_decay
5324,0.002257349901,0.002257349901,0.005130340811,linear_decay
5325,0.002256562468,0.002256562468,0.005128551275,linear_decay
5326,0.002255775034,0.002255775034,0.005126761273,linear_decay
5327,0.002254987601,0.002254987601,0.005124971736,linear_decay
5328,0.002254199935,0.002254199935,0.005123181269,linear_decay
5329,0.002253412502,0.002253412502,0.005121391732,linear_decay
5330,0.002252625069,0.002252625069,0.005119602196,linear_decay
5331,0.002251837403,0.002251837403,0.005117812194,linear_decay
5332,0.002251049969,0.002251049969,0.005116022658,linear_decay
5333,0.002250262536,0.002250262536,0.005114233121,linear_decay
5334,0.002249475103,0.002249475103,0.005112443119,linear_decay
5335,0.002248687437,0.002248687437,0.005110653117,linear_decay
5336,0.002247900004,0.002247900004,0.005108863581,linear_decay
5337,0.00224711257,0.00224711257,0.005107074045,linear_decay
5338,0.002246324904,0.002246324904,0.005105284043,linear_decay
5339,0.002245537471,0.002245537471,0.005103494041,linear_decay
5340,0.002244750038,0.002244750038,0.005101704504,linear_decay
5341,0.002243962605,0.002243962605,0.005099914968,linear_decay
5342,0.002243174938,0.002243174938,0.0050981245,linear_decay
5343,0.002242387505,0.002242387505,0.005096334964,linear_decay
5344,0.002241600072,0.002241600072,0.005094545893,linear_decay
5345,0.002240812406,0.002240812406,0.005092755426,linear_decay
5346,0.002240024973,0.002240024973,0.005090965889,linear_decay
5347,0.002239237539,0.002239237539,0.005089176353,linear_decay
5348,0.002238450106,0.002238450106,0.005087386351,linear_decay
5349,0.00223766244,0.00223766244,0.005085596349,linear_decay
5350,0.002236875007,0.002236875007,0.005083806347,linear_decay
5351,0.002236087574,0.002236087574,0.005082017276,linear_decay
5352,0.002235299908,0.002235299908,0.005080227274,linear_decay
5353,0.002234512474,0.002234512474,0.005078437272,linear_decay
5354,0.002233725041,0.002233725041,0.005076647736,linear_decay
5355,0.002232937375,0.002232937375,0.005074857734,linear_decay
5356,0.002232149942,0.002232149942,0.005073067732,linear_decay
5357,0.002231362509,0.002231362509,0.005071278196,linear_decay
5358,0.002230575075,0.002230575075,0.005069489125,linear_decay
5359,0.002229787409,0.002229787409,0.005067698658,linear_decay
5360,0.002228999976,0.002228999976,0.005065909121,linear_decay
5361,0.002228212543,0.002228212543,0.005064119119,linear_decay
5362,0.002227424877,0.002227424877,0.005062329117,linear_decay
5363,0.002226637444,0.002226637444,0.005060539581,linear_decay
5364,0.00222585001,0.00222585001,0.005058749579,linear_decay
5365,0.002225062577,0.002225062577,0.005056960508,linear_decay
5366,0.002224274911,0.002224274911,0.005055170041,linear_decay
5367,0.002223487478,0.002223487478,0.005053380504,linear_decay
5368,0.002222700045,0.002222700045,0.005051590968,linear_decay
5369,0.002221912378,0.002221912378,0.0050498005,linear_decay
5370,0.002221124945,0.002221124945,0.005048010964,linear_decay
5371,0.002220337512,0.002220337512,0.005046221428,linear_decay
5372,0.002219550079,0.002219550079,0.005044431891,linear_decay
5373,0.002218762413,0.002218762413,0.005042641889,linear_decay
5374,0.002217974979,0.002217974979,0.005040852353,linear_decay
5375,0.002217187546,0.002217187546,0.005039062351,linear_decay
5376,0.00221639988,0.00221639988,0.005037272349,linear_decay
5377,0.002215612447,0.002215612447,0.005035482347,linear_decay
5378,0.002214825014,0.002214825014,0.005033693276,linear_decay
5379,0.00221403758,0.00221403758,0.00503190374,linear_decay
5380,0.002213249914,0.002213249914,0.005030113272,linear_decay
5381,0.002212462481,0.002212462481,0.005028323736,linear_decay
5382,0.002211675048,0.002211675048,0.0050265342,linear_decay
5383,0.002210887382,0.002210887382,0.005024743732,linear_decay
5384,0.002210099949,0.002210099949,0.005022954196,linear_decay
5385,0.002209312515,0.002209312515,0.005021165125,linear_decay
5386,0.002208525082,0.002208525082,0.005019375123,linear_decay
5387,0.002207737416,0.002207737416,0.005017585121,linear_decay
5388,0.002206949983,0.002206949983,0.005015795119,linear_decay
5389,0.00220616255,0.00220616255,0.005014005583,linear_decay
5390,0.002205374883,0.002205374883,0.005012215581,linear_decay
5391,0.00220458745,0.00220458745,0.005010425579,linear_decay
5392,0.002203800017,0.002203800017,0.005008636508,linear_decay
5393,0.002203012584,0.002203012584,0.005006846972,linear_decay
5394,0.002202224918,0.002202224918,0.005005056504,linear_decay
5395,0.002201437484,0.002201437484,0.005003266968,linear_decay
5396,0.002200650051,0.002200650051,0.005001477432,linear_decay
5397,0.002199862385,0.002199862385,0.004999686964,linear_decay
5398,0.002199074952,0.002199074952,0.004997897428,linear_decay
5399,0.002198287519,0.002198287519,0.004996107891,linear_decay
5400,0.002197500085,0.002197500085,0.004994318355,linear_decay
5401,0.002196712419,0.002196712419,0.004992528353,linear_decay
5402,0.002195924986,0.002195924986,0.004990738351,linear_decay
5403,0.002195137553,0.002195137553,0.004988948815,linear_decay
5404,0.002194349887,0.002194349887,0.004987158813,linear_decay
5405,0.002193562454,0.002193562454,0.004985368811,linear_decay
5406,0.00219277502,0.00219277502,0.00498357974,linear_decay
5407,0.002191987587,0.002191987587,0.004981790204,linear_decay
5408,0.002191199921,0.002191199921,0.004979999736,linear_decay
5409,0.002190412488,0.002190412488,0.0049782102,linear_decay
5410,0.002189625055,0.002189625055,0.004976420198,linear_decay
5411,0.002188837389,0.002188837389,0.004974630196,linear_decay
5412,0.002188049955,0.002188049955,0.004972840659,linear_decay
5413,0.002187262522,0.002187262522,0.004971051123,linear_decay
5414,0.002186475089,0.002186475089,0.004969261587,linear_decay
5415,0.002185687423,0.002185687423,0.004967471585,linear_decay
5416,0.00218489999,0.00218489999,0.004965681583,linear_decay
5417,0.002184112556,0.002184112556,0.004963892046,linear_decay
5418,0.00218332489,0.00218332489,0.004962101579,linear_decay
5419,0.002182537457,0.002182537457,0.004960312508,linear_decay
5420,0.002181750024,0.002181750024,0.004958522972,linear_decay
5421,0.002180962591,0.002180962591,0.00495673297,linear_decay
5422,0.002180174924,0.002180174924,0.004954942968,linear_decay
5423,0.002179387491,0.002179387491,0.004953153431,linear_decay
5424,0.002178600058,0.002178600058,0.004951363429,linear_decay
5425,0.002177812392,0.002177812392,0.004949573427,linear_decay
5426,0.002177024959,0.002177024959,0.004947784357,linear_decay
5427,0.002176237525,0.002176237525,0.004945994355,linear_decay
5428,0.002175450092,0.002175450092,0.004944204818,linear_decay
5429,0.002174662426,0.002174662426,0.004942414351,linear_decay
5430,0.002173874993,0.002173874993,0.004940624814,linear_decay
5431,0.00217308756,0.00217308756,0.004938835278,linear_decay
5432,0.002172299894,0.002172299894,0.004937044811,linear_decay
5433,0.00217151246,0.00217151246,0.00493525574,linear_decay
5434,0.002170725027,0.002170725027,0.004933466204,linear_decay
5435,0.002169937594,0.002169937594,0.004931676202,linear_decay
5436,0.002169149928,0.002169149928,0.0049298862,linear_decay
5437,0.002168362495,0.002168362495,0.004928096198,linear_decay
5438,0.002167575061,0.002167575061,0.004926306661,linear_decay
5439,0.002166787395,0.002166787395,0.004924516659,linear_decay
5440,0.002165999962,0.002165999962,0.004922727123,linear_decay
5441,0.002165212529,0.002165212529,0.004920937587,linear_decay
5442,0.002164425096,0.002164425096,0.00491914805,linear_decay
5443,0.002163637429,0.002163637429,0.004917357583,linear_decay
5444,0.002162849996,0.002162849996,0.004915568046,linear_decay
5445,0.002162062563,0.002162062563,0.00491377851,linear_decay
5446,0.002161274897,0.002161274897,0.004911988042,linear_decay
5447,0.002160487464,0.002160487464,0.004910198972,linear_decay
5448,0.00215970003,0.00215970003,0.00490840897,linear_decay
5449,0.002158912597,0.002158912597,0.004906619433,linear_decay
5450,0.002158124931,0.002158124931,0.004904829431,linear_decay
5451,0.002157337498,0.002157337498,0.004903039429,linear_decay
5452,0.002156550065,0.002156550065,0.004901249893,linear_decay
5453,0.002155762399,0.002155762399,0.004899459891,linear_decay
5454,0.002154974965,0.002154974965,0.004897670355,linear_decay
5455,0.002154187532,0.002154187532,0.004895880818,linear_decay
5456,0.002153400099,0.002153400099,0.004894091282,linear_decay
5457,0.002152612433,0.002152612433,0.004892300814,linear_decay
5458,0.002151825,0.002151825,0.004890511278,linear_decay
5459,0.002151037566,0.002151037566,0.004888721276,linear_decay
5460,0.0021502499,0.0021502499,0.00488693174,linear_decay
5461,0.002149462467,0.002149462467,0.004885142203,linear_decay
5462,0.002148675034,0.002148675034,0.004883352201,linear_decay
5463,0.002147887601,0.002147887601,0.004881562665,linear_decay
5464,0.002147099935,0.002147099935,0.004879772663,linear_decay
5465,0.002146312501,0.002146312501,0.004877982661,linear_decay
5466,0.002145525068,0.002145525068,0.004876193125,linear_decay
5467,0.002144737402,0.002144737402,0.004874403123,linear_decay
5468,0.002143949969,0.002143949969,0.004872613586,linear_decay
5469,0.002143162536,0.002143162536,0.00487082405,linear_decay
5470,0.002142375102,0.002142375102,0.004869034048,linear_decay
5471,0.002141587436,0.002141587436,0.004867244046,linear_decay
5472,0.002140800003,0.002140800003,0.00486545451,linear_decay
5473,0.00214001257,0.00214001257,0.004863664508,linear_decay
5474,0.002139224904,0.002139224904,0.004861874972,linear_decay
5475,0.00213843747,0.00213843747,0.004860085435,linear_decay
5476,0.002137650037,0.002137650037,0.004858295433,linear_decay
5477,0.002136862604,0.002136862604,0.004856505897,linear_decay
5478,0.002136074938,0.002136074938,0.004854715429,linear_decay
5479,0.002135287505,0.002135287505,0.004852925893,linear_decay
5480,0.002134500071,0.002134500071,0.004851136357,linear_decay
5481,0.002133712405,0.002133712405,0.004849346355,linear_decay
5482,0.002132924972,0.002132924972,0.004847556818,linear_decay
5483,0.002132137539,0.002132137539,0.004845767282,linear_decay
5484,0.002131350106,0.002131350106,0.00484397728,linear_decay
5485,0.00213056244,0.00213056244,0.004842187278,linear_decay
5486,0.002129775006,0.002129775006,0.004840397742,linear_decay
5487,0.002128987573,0.002128987573,0.00483860774,linear_decay
5488,0.002128199907,0.002128199907,0.004836818203,linear_decay
5489,0.002127412474,0.002127412474,0.004835028201,linear_decay
5490,0.002126625041,0.002126625041,0.004833238665,linear_decay
5491,0.002125837607,0.002125837607,0.004831449129,linear_decay
5492,0.002125049941,0.002125049941,0.004829658661,linear_decay
5493,0.002124262508,0.002124262508,0.004827869125,linear_decay
5494,0.002123475075,0.002123475075,0.004826079588,linear_decay
5495,0.002122687409,0.002122687409,0.004824289586,linear_decay
5496,0.002121899975,0.002121899975,0.00482250005,linear_decay
5497,0.002121112542,0.002121112542,0.004820710514,linear_decay
5498,0.002120324876,0.002120324876,0.004818920046,linear_decay
5499,0.002119537443,0.002119537443,0.00481713051,linear_decay
5500,0.00211875001,0.00211875001,0.004815340508,linear_decay
5501,0.002117962576,0.002117962576,0.004813550971,linear_decay
5502,0.00211717491,0.00211717491,0.004811761435,linear_decay
5503,0.002116387477,0.002116387477,0.004809971433,linear_decay
5504,0.002115600044,0.002115600044,0.004808181897,linear_decay
5505,0.002114812378,0.002114812378,0.004806391429,linear_decay
5506,0.002114024945,0.002114024945,0.004804601893,linear_decay
5507,0.002113237511,0.002113237511,0.004802812357,linear_decay
5508,0.002112450078,0.002112450078,0.00480102282,linear_decay
5509,0.002111662412,0.002111662412,0.004799232818,linear_decay
5510,0.002110874979,0.002110874979,0.004797443282,linear_decay
5511,0.002110087546,0.002110087546,0.00479565328,linear_decay
5512,0.00210929988,0.00210929988,0.004793863278,linear_decay
5513,0.002108512446,0.002108512446,0.004792073742,linear_decay
5514,0.002107725013,0.002107725013,0.00479028374,linear_decay
5515,0.00210693758,0.00210693758,0.004788494669,linear_decay
5516,0.002106149914,0.002106149914,0.004786704201,linear_decay
5517,0.002105362481,0.002105362481,0.004784914665,linear_decay
5518,0.002104575047,0.002104575047,0.004783125129,linear_decay
5519,0.002103787381,0.002103787381,0.004781334661,linear_decay
5520,0.002102999948,0.002102999948,0.004779545125,linear_decay
5521,0.002102212515,0.002102212515,0.004777755588,linear_decay
5522,0.002101425081,0.002101425081,0.004775966052,linear_decay
5523,0.002100637415,0.002100637415,0.00477417605,linear_decay
5524,0.002099849982,0.002099849982,0.004772386514,linear_decay
5525,0.002099062549,0.002099062549,0.004770596512,linear_decay
5526,0.002098274883,0.002098274883,0.00476880651,linear_decay
5527,0.00209748745,0.00209748745,0.004767016508,linear_decay
5528,0.002096700016,0.002096700016,0.004765226971,linear_decay
5529,0.002095912583,0.002095912583,0.004763437901,linear_decay
5530,0.002095124917,0.002095124917,0.004761647433,linear_decay
5531,0.002094337484,0.002094337484,0.004759857897,linear_decay
5532,0.002093550051,0.002093550051,0.00475806836,linear_decay
5533,0.002092762385,0.002092762385,0.004756277893,linear_decay
5534,0.002091974951,0.002091974951,0.004754488356,linear_decay
5535,0.002091187518,0.002091187518,0.00475269882,linear_decay
5536,0.002090400085,0.002090400085,0.004750909284,linear_decay
5537,0.002089612419,0.002089612419,0.004749119282,linear_decay
5538,0.002088824986,0.002088824986,0.00474732928,linear_decay
5539,0.002088037552,0.002088037552,0.004745539743,linear_decay
5540,0.002087249886,0.002087249886,0.004743749741,linear_decay
5541,0.002086462453,0.002086462453,0.004741959739,linear_decay
5542,0.00208567502,0.00208567502,0.004740170203,linear_decay
5543,0.002084887587,0.002084887587,0.004738381132,linear_decay
5544,0.00208409992,0.00208409992,0.004736590665,linear_decay
5545,0.002083312487,0.002083312487,0.004734801129,linear_decay
5546,0.002082525054,0.002082525054,0.004733011592,linear_decay
5547,0.002081737388,0.002081737388,0.004731221125,linear_decay
5548,0.002080949955,0.002080949955,0.004729431588,linear_decay
5549,0.002080162521,0.002080162521,0.004727642052,linear_decay
5550,0.002079375088,0.002079375088,0.004725852516,linear_decay
5551,0.002078587422,0.002078587422,0.004724062514,linear_decay
5552,0.002077799989,0.002077799989,0.004722272512,linear_decay
5553,0.002077012556,0.002077012556,0.004720482975,linear_decay
5554,0.00207622489,0.00207622489,0.004718692508,linear_decay
5555,0.002075437456,0.002075437456,0.004716902971,linear_decay
5556,0.002074650023,0.002074650023,0.004715113901,linear_decay
5557,0.00207386259,0.00207386259,0.004713324364,linear_decay
5558,0.002073074924,0.002073074924,0.004711533897,linear_decay
5559,0.002072287491,0.002072287491,0.00470974436,linear_decay
5560,0.002071500057,0.002071500057,0.004707954358,linear_decay
5561,0.002070712391,0.002070712391,0.004706164356,linear_decay
5562,0.002069924958,0.002069924958,0.00470437482,linear_decay
5563,0.002069137525,0.002069137525,0.004702585284,linear_decay
5564,0.002068350092,0.002068350092,0.004700795747,linear_decay
5565,0.002067562426,0.002067562426,0.00469900528,linear_decay
5566,0.002066774992,0.002066774992,0.004697215743,linear_decay
5567,0.002065987559,0.002065987559,0.004695426207,linear_decay
5568,0.002065199893,0.002065199893,0.004693635739,linear_decay
5569,0.00206441246,0.00206441246,0.004691846203,linear_decay
5570,0.002063625026,0.002063625026,0.004690057132,linear_decay
5571,0.002062837593,0.002062837593,0.00468826713,linear_decay
5572,0.002062049927,0.002062049927,0.004686477128,linear_decay
5573,0.002061262494,0.002061262494,0.004684687592,linear_decay
5574,0.002060475061,0.002060475061,0.00468289759,linear_decay
5575,0.002059687395,0.002059687395,0.004681107588,linear_decay
5576,0.002058899961,0.002058899961,0.004679317586,linear_decay
5577,0.002058112528,0.002058112528,0.004677528515,linear_decay
5578,0.002057325095,0.002057325095,0.004675738979,linear_decay
5579,0.002056537429,0.002056537429,0.004673948511,linear_decay
5580,0.002055749996,0.002055749996,0.004672158975,linear_decay
5581,0.002054962562,0.002054962562,0.004670369439,linear_decay
5582,0.002054174896,0.002054174896,0.004668578971,linear_decay
5583,0.002053387463,0.002053387463,0.004666789435,linear_decay
5584,0.00205260003,0.00205260003,0.004665000364,linear_decay
5585,0.002051812597,0.002051812597,0.004663210362,linear_decay
5586,0.002051024931,0.002051024931,0.00466142036,linear_decay
5587,0.002050237497,0.002050237497,0.004659630358,linear_decay
5588,0.002049450064,0.002049450064,0.004657840822,linear_decay
5589,0.002048662398,0.002048662398,0.00465605082,linear_decay
5590,0.002047874965,0.002047874965,0.004654261284,linear_decay
5591,0.002047087532,0.002047087532,0.004652471747,linear_decay
5592,0.002046300098,0.002046300098,0.004650682211,linear_decay
5593,0.002045512432,0.002045512432,0.004648891743,linear_decay
5594,0.002044724999,0.002044724999,0.004647102207,linear_decay
5595,0.002043937566,0.002043937566,0.004645312671,linear_decay
5596,0.0020431499,0.0020431499,0.004643522203,linear_decay
5597,0.002042362466,0.002042362466,0.004641733132,linear_decay
5598,0.002041575033,0.002041575033,0.00463994313,linear_decay
5599,0.0020407876,0.0020407876,0.004638153594,linear_decay
5600,0.002039999934,0.002039999934,0.004636363592,linear_decay
5601,0.002039212501,0.002039212501,0.00463457359,linear_decay
5602,0.002038425067,0.002038425067,0.004632784054,linear_decay
5603,0.002037637401,0.002037637401,0.004630993586,linear_decay
5604,0.002036849968,0.002036849968,0.004629204515,linear_decay
5605,0.002036062535,0.002036062535,0.004627414979,linear_decay
5606,0.002035275102,0.002035275102,0.004625625443,linear_decay
5607,0.002034487436,0.002034487436,0.004623834975,linear_decay
5608,0.002033700002,0.002033700002,0.004622045439,linear_decay
5609,0.002032912569,0.002032912569,0.004620255437,linear_decay
5610,0.002032124903,0.002032124903,0.004618465435,linear_decay
5611,0.00203133747,0.00203133747,0.004616676364,linear_decay
5612,0.002030550037,0.002030550037,0.004614886362,linear_decay
5613,0.002029762603,0.002029762603,0.004613096826,linear_decay
5614,0.002028974937,0.002028974937,0.004611306358,linear_decay
5615,0.002028187504,0.002028187504,0.004609516822,linear_decay
5616,0.002027400071,0.002027400071,0.004607727285,linear_decay
5617,0.002026612405,0.002026612405,0.004605936818,linear_decay
5618,0.002025824971,0.002025824971,0.004604147747,linear_decay
5619,0.002025037538,0.002025037538,0.004602358211,linear_decay
5620,0.002024250105,0.002024250105,0.004600568209,linear_decay
5621,0.002023462439,0.002023462439,0.004598778207,linear_decay
5622,0.002022675006,0.002022675006,0.004596988671,linear_decay
5623,0.002021887572,0.002021887572,0.004595198669,linear_decay
5624,0.002021099906,0.002021099906,0.004593408667,linear_decay
5625,0.002020312473,0.002020312473,0.00459161913,linear_decay
5626,0.00201952504,0.00201952504,0.004589829594,linear_decay
5627,0.002018737607,0.002018737607,0.004588040058,linear_decay
5628,0.002017949941,0.002017949941,0.00458624959,linear_decay
5629,0.002017162507,0.002017162507,0.004584460054,linear_decay
5630,0.002016375074,0.002016375074,0.004582670517,linear_decay
5631,0.002015587408,0.002015587408,0.004580880515,linear_decay
5632,0.002014799975,0.002014799975,0.004579090979,linear_decay
5633,0.002014012542,0.002014012542,0.004577301443,linear_decay
5634,0.002013225108,0.002013225108,0.004575511441,linear_decay
5635,0.002012437442,0.002012437442,0.004573721439,linear_decay
5636,0.002011650009,0.002011650009,0.004571931437,linear_decay
5637,0.002010862576,0.002010862576,0.0045701419,linear_decay
5638,0.00201007491,0.00201007491,0.004568352364,linear_decay
5639,0.002009287477,0.002009287477,0.004566562362,linear_decay
5640,0.002008500043,0.002008500043,0.004564772826,linear_decay
5641,0.002007712377,0.002007712377,0.004562982824,linear_decay
5642,0.002006924944,0.002006924944,0.004561192822,linear_decay
5643,0.002006137511,0.002006137511,0.004559403285,linear_decay
5644,0.002005350078,0.002005350078,0.004557613749,linear_decay
5645,0.002004562411,0.002004562411,0.004555823747,linear_decay
5646,0.002003774978,0.002003774978,0.004554034211,linear_decay
5647,0.002002987545,0.002002987545,0.004552244209,linear_decay
5648,0.002002199879,0.002002199879,0.004550454207,linear_decay
5649,0.002001412446,0.002001412446,0.00454866467,linear_decay
5650,0.002000625012,0.002000625012,0.004546874668,linear_decay
5651,0.001999837579,0.001999837579,0.004545085132,linear_decay
5652,0.001999049913,0.001999049913,0.004543295596,linear_decay
5653,0.00199826248,0.00199826248,0.004541505594,linear_decay
5654,0.001997475047,0.001997475047,0.004539716057,linear_decay
5655,0.001996687381,0.001996687381,0.00453792559,linear_decay
5656,0.001995899947,0.001995899947,0.004536136054,linear_decay
5657,0.001995112514,0.001995112514,0.004534346517,linear_decay
5658,0.001994325081,0.001994325081,0.004532556515,linear_decay
5659,0.001993537415,0.001993537415,0.004530766979,linear_decay
5660,0.001992749982,0.001992749982,0.004528977443,linear_decay
5661,0.001991962548,0.001991962548,0.004527187441,linear_decay
5662,0.001991174882,0.001991174882,0.004525397439,linear_decay
5663,0.001990387449,0.001990387449,0.004523607437,linear_decay
5664,0.001989600016,0.001989600016,0.0045218179,linear_decay
5665,0.001988812583,0.001988812583,0.004520028364,linear_decay
5666,0.001988024916,0.001988024916,0.004518238362,linear_decay
5667,0.001987237483,0.001987237483,0.004516448826,linear_decay
5668,0.00198645005,0.00198645005,0.004514659289,linear_decay
5669,0.001985662384,0.001985662384,0.004512868822,linear_decay
5670,0.001984874951,0.001984874951,0.004511079285,linear_decay
5671,0.001984087517,0.001984087517,0.004509289749,linear_decay
5672,0.001983300084,0.001983300084,0.004507500213,linear_decay
5673,0.001982512418,0.001982512418,0.004505710211,linear_decay
5674,0.001981724985,0.001981724985,0.004503920209,linear_decay
5675,0.001980937552,0.001980937552,0.004502130672,linear_decay
5676,0.001980149886,0.001980149886,0.00450034067,linear_decay
5677,0.001979362452,0.001979362452,0.004498550668,linear_decay
5678,0.001978575019,0.001978575019,0.004496761132,linear_decay
5679,0.001977787586,0.001977787586,0.004494972061,linear_decay
5680,0.00197699992,0.00197699992,0.004493181594,linear_decay
5681,0.001976212487,0.001976212487,0.004491392057,linear_decay
5682,0.001975425053,0.001975425053,0.004489602521,linear_decay
5683,0.001974637387,0.001974637387,0.004487812053,linear_decay
5684,0.001973849954,0.001973849954,0.004486022517,linear_decay
5685,0.001973062521,0.001973062521,0.004484232515,linear_decay
5686,0.001972275088,0.001972275088,0.004482443444,linear_decay
5687,0.001971487422,0.001971487422,0.004480653442,linear_decay
5688,0.001970699988,0.001970699988,0.00447886344,linear_decay
5689,0.001969912555,0.001969912555,0.004477073904,linear_decay
5690,0.001969124889,0.001969124889,0.004475283902,linear_decay
5691,0.001968337456,0.001968337456,0.0044734939,linear_decay
5692,0.001967550023,0.001967550023,0.004471704364,linear_decay
5693,0.001966762589,0.001966762589,0.004469915293,linear_decay
5694,0.001965974923,0.001965974923,0.004468124826,linear_decay
5695,0.00196518749,0.00196518749,0.004466335289,linear_decay
5696,0.001964400057,0.001964400057,0.004464545287,linear_decay
5697,0.001963612391,0.001963612391,0.004462755285,linear_decay
5698,0.001962824957,0.001962824957,0.004460965749,linear_decay
5699,0.001962037524,0.001962037524,0.004459175747,linear_decay
5700,0.001961250091,0.001961250091,0.004457386676,linear_decay
5701,0.001960462425,0.001960462425,0.004455596674,linear_decay
5702,0.001959674992,0.001959674992,0.004453806672,linear_decay
5703,0.001958887558,0.001958887558,0.004452017136,linear_decay
5704,0.001958099892,0.001958099892,0.004450226668,linear_decay
5705,0.001957312459,0.001957312459,0.004448437132,linear_decay
5706,0.001956525026,0.001956525026,0.004446647596,linear_decay
5707,0.001955737593,0.001955737593,0.004444858059,linear_decay
5708,0.001954949927,0.001954949927,0.004443068057,linear_decay
5709,0.001954162493,0.001954162493,0.004441278521,linear_decay
5710,0.00195337506,0.00195337506,0.004439488519,linear_decay
5711,0.00195258751,0.00195258751,0.004437698517,linear_decay
5712,0.001951799961,0.001951799961,0.004435908981,linear_decay
5713,0.001951012528,0.001951012528,0.004434119444,linear_decay
5714,0.001950224978,0.001950224978,0.004432329442,linear_decay
5715,0.001949437545,0.001949437545,0.004430539906,linear_decay
5716,0.001948649995,0.001948649995,0.004428749904,linear_decay
5717,0.001947862445,0.001947862445,0.004426959902,linear_decay
5718,0.001947075012,0.001947075012,0.004425170366,linear_decay
5719,0.001946287462,0.001946287462,0.004423380364,linear_decay
5720,0.001945500029,0.001945500029,0.004421591293,linear_decay
5721,0.00194471248,0.00194471248,0.004419801291,linear_decay
5722,0.001943925046,0.001943925046,0.004418011289,linear_decay
5723,0.001943137497,0.001943137497,0.004416221753,linear_decay
5724,0.001942349947,0.001942349947,0.004414431751,linear_decay
5725,0.001941562514,0.001941562514,0.004412641749,linear_decay
5726,0.001940774964,0.001940774964,0.004410851747,linear_decay
5727,0.001939987531,0.001939987531,0.004409062676,linear_decay
5728,0.001939199981,0.001939199981,0.004407272674,linear_decay
5729,0.001938412548,0.001938412548,0.004405483138,linear_decay
5730,0.001937624998,0.001937624998,0.004403693136,linear_decay
5731,0.001936837449,0.001936837449,0.004401903134,linear_decay
5732,0.001936050016,0.001936050016,0.004400113598,linear_decay
5733,0.001935262466,0.001935262466,0.004398323596,linear_decay
5734,0.001934475033,0.001934475033,0.004396534059,linear_decay
5735,0.001933687483,0.001933687483,0.004394744523,linear_decay
5736,0.00193290005,0.00193290005,0.004392954521,linear_decay
5737,0.0019321125,0.0019321125,0.004391164519,linear_decay
5738,0.00193132495,0.00193132495,0.004389374517,linear_decay
5739,0.001930537517,0.001930537517,0.004387584981,linear_decay
5740,0.001929749968,0.001929749968,0.004385794979,linear_decay
5741,0.001928962534,0.001928962534,0.004384005908,linear_decay
5742,0.001928174985,0.001928174985,0.004382215906,linear_decay
5743,0.001927387435,0.001927387435,0.004380425904,linear_decay
5744,0.001926600002,0.001926600002,0.004378636368,linear_decay
5745,0.001925812452,0.001925812452,0.004376846366,linear_decay
5746,0.001925025019,0.001925025019,0.004375056829,linear_decay
5747,0.001924237469,0.001924237469,0.004373266827,linear_decay
5748,0.001923450036,0.001923450036,0.004371477291,linear_decay
5749,0.001922662486,0.001922662486,0.004369687289,linear_decay
5750,0.001921874937,0.001921874937,0.004367897753,linear_decay
5751,0.001921087503,0.001921087503,0.004366107751,linear_decay
5752,0.001920299954,0.001920299954,0.004364317749,linear_decay
5753,0.001919512521,0.001919512521,0.004362528212,linear_decay
5754,0.001918724971,0.001918724971,0.004360738676,linear_decay
5755,0.001917937538,0.001917937538,0.00435894914,linear_decay
5756,0.001917149988,0.001917149988,0.004357159138,linear_decay
5757,0.001916362438,0.001916362438,0.004355369136,linear_decay
5758,0.001915575005,0.001915575005,0.004353579599,linear_decay
5759,0.001914787455,0.001914787455,0.004351789597,linear_decay
5760,0.001914000022,0.001914000022,0.004349999595,linear_decay
5761,0.001913212473,0.001913212473,0.004348210525,linear_decay
5762,0.001912425039,0.001912425039,0.004346420523,linear_decay
5763,0.00191163749,0.00191163749,0.004344630521,linear_decay
5764,0.00191084994,0.00191084994,0.004342840519,linear_decay
5765,0.001910062507,0.001910062507,0.004341050982,linear_decay
5766,0.001909274957,0.001909274957,0.00433926098,linear_decay
5767,0.001908487524,0.001908487524,0.004337471444,linear_decay
5768,0.001907699974,0.001907699974,0.004335681908,linear_decay
5769,0.001906912541,0.001906912541,0.004333892372,linear_decay
5770,0.001906124991,0.001906124991,0.00433210237,linear_decay
5771,0.001905337442,0.001905337442,0.004330312368,linear_decay
5772,0.001904550008,0.001904550008,0.004328522831,linear_decay
5773,0.001903762459,0.001903762459,0.004326732829,linear_decay
5774,0.001902975026,0.001902975026,0.004324942827,linear_decay
5775,0.001902187476,0.001902187476,0.004323153291,linear_decay
5776,0.001901400043,0.001901400043,0.004321363755,linear_decay
5777,0.001900612493,0.001900612493,0.004319573753,linear_decay
5778,0.001899824943,0.001899824943,0.004317783751,linear_decay
5779,0.00189903751,0.00189903751,0.004315994214,linear_decay
5780,0.001898249961,0.001898249961,0.004314204212,linear_decay
5781,0.001897462527,0.001897462527,0.004312414676,linear_decay
5782,0.001896674978,0.001896674978,0.00431062514,linear_decay
5783,0.001895887544,0.001895887544,0.004308835603,linear_decay
5784,0.001895099995,0.001895099995,0.004307045601,linear_decay
5785,0.001894312445,0.001894312445,0.004305255599,linear_decay
5786,0.001893525012,0.001893525012,0.004303465597,linear_decay
5787,0.001892737462,0.001892737462,0.004301675595,linear_decay
5788,0.001891950029,0.001891950029,0.004299886059,linear_decay
5789,0.001891162479,0.001891162479,0.004298096523,linear_decay
5790,0.001890375046,0.001890375046,0.004296306986,linear_decay
5791,0.001889587496,0.001889587496,0.004294516984,linear_decay
5792,0.001888799947,0.001888799947,0.004292726982,linear_decay
5793,0.001888012514,0.001888012514,0.004290937446,linear_decay
5794,0.001887224964,0.001887224964,0.004289147444,linear_decay
5795,0.001886437531,0.001886437531,0.004287357908,linear_decay
5796,0.001885649981,0.001885649981,0.004285568371,linear_decay
5797,0.001884862548,0.001884862548,0.004283778369,linear_decay
5798,0.001884074998,0.001884074998,0.004281988367,linear_decay
5799,0.001883287448,0.001883287448,0.004280198831,linear_decay
5800,0.001882500015,0.001882500015,0.004278408829,linear_decay
5801,0.001881712466,0.001881712466,0.004276618827,linear_decay
5802,0.001880925032,0.001880925032,0.004274829756,linear_decay
5803,0.001880137483,0.001880137483,0.004273039754,linear_decay
5804,0.001879350049,0.001879350049,0.004271250218,linear_decay
5805,0.0018785625,0.0018785625,0.004269460216,linear_decay
5806,0.00187777495,0.00187777495,0.004267670214,linear_decay
5807,0.001876987517,0.001876987517,0.004265880678,linear_decay
5808,0.001876199967,0.001876199967,0.004264090676,linear_decay
5809,0.001875412534,0.001875412534,0.00426230114,linear_decay
5810,0.001874624984,0.001874624984,0.004260511603,linear_decay
5811,0.001873837551,0.001873837551,0.004258721601,linear_decay
5812,0.001873050001,0.001873050001,0.004256931599,linear_decay
5813,0.001872262452,0.001872262452,0.004255141597,linear_decay
5814,0.001871475019,0.001871475019,0.004253352061,linear_decay
5815,0.001870687469,0.001870687469,0.004251562059,linear_decay
5816,0.001869900036,0.001869900036,0.004249772988,linear_decay
5817,0.001869112486,0.001869112486,0.004247982986,linear_decay
5818,0.001868324936,0.001868324936,0.004246192984,linear_decay
5819,0.001867537503,0.001867537503,0.004244403448,linear_decay
5820,0.001866749953,0.001866749953,0.004242613446,linear_decay
5821,0.00186596252,0.00186596252,0.00424082391,linear_decay
5822,0.001865174971,0.001865174971,0.004239033908,linear_decay
5823,0.001864387537,0.001864387537,0.004237244371,linear_decay
5824,0.001863599988,0.001863599988,0.004235454369,linear_decay
5825,0.001862812438,0.001862812438,0.004233664833,linear_decay
5826,0.001862025005,0.001862025005,0.004231874831,linear_decay
5827,0.001861237455,0.001861237455,0.004230084829,linear_decay
5828,0.001860450022,0.001860450022,0.004228295293,linear_decay
5829,0.001859662472,0.001859662472,0.004226505291,linear_decay
5830,0.001858875039,0.001858875039,0.00422471622,linear_decay
5831,0.001858087489,0.001858087489,0.004222926218,linear_decay
5832,0.00185729994,0.00185729994,0.004221136216,linear_decay
5833,0.001856512506,0.001856512506,0.00421934668,linear_decay
5834,0.001855724957,0.001855724957,0.004217556678,linear_decay
5835,0.001854937524,0.001854937524,0.004215766676,linear_decay
5836,0.001854149974,0.001854149974,0.004213977139,linear_decay
5837,0.001853362541,0.001853362541,0.004212187603,linear_decay
5838,0.001852574991,0.001852574991,0.004210397601,linear_decay
5839,0.001851787441,0.001851787441,0.004208607599,linear_decay
5840,0.001851000008,0.001851000008,0.004206818063,linear_decay
5841,0.001850212459,0.001850212459,0.004205028061,linear_decay
5842,0.001849425025,0.001849425025,0.004203238524,linear_decay
5843,0.001848637476,0.001848637476,0.004201448988,linear_decay
5844,0.001847850042,0.001847850042,0.004199659452,linear_decay
5845,0.001847062493,0.001847062493,0.00419786945,linear_decay
5846,0.001846274943,0.001846274943,0.004196079448,linear_decay
5847,0.00184548751,0.00184548751,0.004194289446,linear_decay
5848,0.00184469996,0.00184469996,0.00419249991,linear_decay
5849,0.001843912527,0.001843912527,0.004190709908,linear_decay
5850,0.001843124977,0.001843124977,0.004188920371,linear_decay
5851,0.001842337544,0.001842337544,0.004187130835,linear_decay
5852,0.001841549994,0.001841549994,0.004185340833,linear_decay
5853,0.001840762445,0.001840762445,0.004183550831,linear_decay
5854,0.001839975012,0.001839975012,0.004181761295,linear_decay
5855,0.001839187462,0.001839187462,0.004179971293,linear_decay
5856,0.001838400029,0.001838400029,0.004178181756,linear_decay
5857,0.001837612479,0.001837612479,0.00417639222,linear_decay
5858,0.001836825046,0.001836825046,0.004174602218,linear_decay
5859,0.001836037496,0.001836037496,0.004172812682,linear_decay
5860,0.001835249946,0.001835249946,0.00417102268,linear_decay
5861,0.001834462513,0.001834462513,0.004169232678,linear_decay
5862,0.001833674964,0.001833674964,0.004167442676,linear_decay
5863,0.00183288753,0.00183288753,0.004165653139,linear_decay
5864,0.001832099981,0.001832099981,0.004163863603,linear_decay
5865,0.001831312547,0.001831312547,0.004162074067,linear_decay
5866,0.001830524998,0.001830524998,0.004160284065,linear_decay
5867,0.001829737448,0.001829737448,0.004158494063,linear_decay
5868,0.001828950015,0.001828950015,0.004156704526,linear_decay
5869,0.001828162465,0.001828162465,0.004154914524,linear_decay
5870,0.001827375032,0.001827375032,0.004153124988,linear_decay
5871,0.001826587482,0.001826587482,0.004151335452,linear_decay
5872,0.001825800049,0.001825800049,0.00414954545,linear_decay
5873,0.001825012499,0.001825012499,0.004147755448,linear_decay
5874,0.00182422495,0.00182422495,0.004145965911,linear_decay
5875,0.001823437517,0.001823437517,0.004144175909,linear_decay
5876,0.001822649967,0.001822649967,0.004142385907,linear_decay
5877,0.001821862534,0.001821862534,0.004140596371,linear_decay
5878,0.001821074984,0.001821074984,0.004138806835,linear_decay
5879,0.001820287551,0.001820287551,0.004137017298,linear_decay
5880,0.001819500001,0.001819500001,0.004135227297,linear_decay
5881,0.001818712451,0.001818712451,0.004133437295,linear_decay
5882,0.001817925018,0.001817925018,0.004131647758,linear_decay
5883,0.001817137469,0.001817137469,0.004129857756,linear_decay
5884,0.001816350035,0.001816350035,0.00412806822,linear_decay
5885,0.001815562486,0.001815562486,0.004126278684,linear_decay
5886,0.001814774936,0.001814774936,0.004124488682,linear_decay
5887,0.001813987503,0.001813987503,0.00412269868,linear_decay
5888,0.001813199953,0.001813199953,0.004120908678,linear_decay
5889,0.00181241252,0.00181241252,0.004119119141,linear_decay
5890,0.00181162497,0.00181162497,0.004117329139,linear_decay
5891,0.001810837537,0.001810837537,0.004115540069,linear_decay
5892,0.001810049987,0.001810049987,0.004113750067,linear_decay
5893,0.001809262438,0.001809262438,0.004111960065,linear_decay
5894,0.001808475005,0.001808475005,0.004110170528,linear_decay
5895,0.001807687455,0.001807687455,0.004108380526,linear_decay
5896,0.001806900022,0.001806900022,0.00410659099,linear_decay
5897,0.001806112472,0.001806112472,0.004104800988,linear_decay
5898,0.001805325039,0.001805325039,0.004103011452,linear_decay
5899,0.001804537489,0.001804537489,0.00410122145,linear_decay
5900,0.001803749939,0.001803749939,0.004099431448,linear_decay
5901,0.001802962506,0.001802962506,0.004097641911,linear_decay
5902,0.001802174957,0.001802174957,0.004095851909,linear_decay
5903,0.001801387523,0.001801387523,0.004094062373,linear_decay
5904,0.001800599974,0.001800599974,0.004092272371,linear_decay
5905,0.00179981254,0.00179981254,0.0040904833,linear_decay
5906,0.001799024991,0.001799024991,0.004088693298,linear_decay
5907,0.001798237441,0.001798237441,0.004086903296,linear_decay
5908,0.001797450008,0.001797450008,0.00408511376,linear_decay
5909,0.001796662458,0.001796662458,0.004083323758,linear_decay
5910,0.001795875025,0.001795875025,0.004081533756,linear_decay
5911,0.001795087475,0.001795087475,0.004079743754,linear_decay
5912,0.001794300042,0.001794300042,0.004077954683,linear_decay
5913,0.001793512492,0.001793512492,0.004076164681,linear_decay
5914,0.001792724943,0.001792724943,0.004074374679,linear_decay
5915,0.00179193751,0.00179193751,0.004072585143,linear_decay
5916,0.00179114996,0.00179114996,0.004070795141,linear_decay
5917,0.001790362527,0.001790362527,0.004069005605,linear_decay
5918,0.001789574977,0.001789574977,0.004067215603,linear_decay
5919,0.001788787544,0.001788787544,0.004065426532,linear_decay
5920,0.001787999994,0.001787999994,0.00406363653,linear_decay
5921,0.001787212444,0.001787212444,0.004061846528,linear_decay
5922,0.001786425011,0.001786425011,0.004060056526,linear_decay
5923,0.001785637462,0.001785637462,0.00405826699,linear_decay
5924,0.001784850028,0.001784850028,0.004056476988,linear_decay
5925,0.001784062479,0.001784062479,0.004054687452,linear_decay
5926,0.001783275045,0.001783275045,0.004052897915,linear_decay
5927,0.001782487496,0.001782487496,0.004051107913,linear_decay
5928,0.001781699946,0.001781699946,0.004049317911,linear_decay
5929,0.001780912513,0.001780912513,0.004047528375,linear_decay
5930,0.001780124963,0.001780124963,0.004045738373,linear_decay
5931,0.00177933753,0.00177933753,0.004043948837,linear_decay
5932,0.00177854998,0.00177854998,0.0040421593,linear_decay
5933,0.001777762547,0.001777762547,0.004040369298,linear_decay
5934,0.001776974997,0.001776974997,0.004038579762,linear_decay
5935,0.001776187448,0.001776187448,0.00403678976,linear_decay
5936,0.001775400015,0.001775400015,0.004034999758,linear_decay
5937,0.001774612465,0.001774612465,0.004033209756,linear_decay
5938,0.001773825032,0.001773825032,0.00403142022,linear_decay
5939,0.001773037482,0.001773037482,0.004029630683,linear_decay
5940,0.001772250049,0.001772250049,0.004027841147,linear_decay
5941,0.001771462499,0.001771462499,0.004026051145,linear_decay
5942,0.00177067495,0.00177067495,0.004024261143,linear_decay
5943,0.001769887516,0.001769887516,0.004022471607,linear_decay
5944,0.001769099967,0.001769099967,0.004020681605,linear_decay
5945,0.001768312533,0.001768312533,0.004018892068,linear_decay
5946,0.001767524984,0.001767524984,0.004017102532,linear_decay
5947,0.00176673755,0.00176673755,0.00401531253,linear_decay
5948,0.001765950001,0.001765950001,0.004013522528,linear_decay
5949,0.001765162451,0.001765162451,0.004011732992,linear_decay
5950,0.001764375018,0.001764375018,0.00400994299,linear_decay
5951,0.001763587468,0.001763587468,0.004008152988,linear_decay
5952,0.001762800035,0.001762800035,0.004006363451,linear_decay
5953,0.001762012485,0.001762012485,0.004004573915,linear_decay
5954,0.001761225052,0.001761225052,0.004002784379,linear_decay
5955,0.001760437503,0.001760437503,0.004000994377,linear_decay
5956,0.001759649953,0.001759649953,0.003999204375,linear_decay
5957,0.00175886252,0.00175886252,0.003997414839,linear_decay
5958,0.00175807497,0.00175807497,0.003995624837,linear_decay
5959,0.001757287537,0.001757287537,0.003993834835,linear_decay
5960,0.001756499987,0.001756499987,0.003992045298,linear_decay
5961,0.001755712437,0.001755712437,0.003990255762,linear_decay
5962,0.001754925004,0.001754925004,0.00398846576,linear_decay
5963,0.001754137455,0.001754137455,0.003986675758,linear_decay
5964,0.001753350021,0.001753350021,0.003984886222,linear_decay
5965,0.001752562472,0.001752562472,0.00398309622,linear_decay
5966,0.001751775038,0.001751775038,0.003981306683,linear_decay
5967,0.001750987489,0.001750987489,0.003979517147,linear_decay
5968,0.001750199939,0.001750199939,0.003977727145,linear_decay
5969,0.001749412506,0.001749412506,0.003975937609,linear_decay
5970,0.001748624956,0.001748624956,0.003974147607,linear_decay
5971,0.001747837523,0.001747837523,0.003972357605,linear_decay
5972,0.001747049973,0.001747049973,0.003970568068,linear_decay
5973,0.00174626254,0.00174626254,0.003968778532,linear_decay
5974,0.00174547499,0.00174547499,0.00396698853,linear_decay
5975,0.001744687441,0.001744687441,0.003965198528,linear_decay
5976,0.001743900008,0.001743900008,0.003963408992,linear_decay
5977,0.001743112458,0.001743112458,0.00396161899,linear_decay
5978,0.001742325025,0.001742325025,0.003959829453,linear_decay
5979,0.001741537475,0.001741537475,0.003958039451,linear_decay
5980,0.001740750042,0.001740750042,0.003956250381,linear_decay
5981,0.001739962492,0.001739962492,0.003954460379,linear_decay
5982,0.001739174942,0.001739174942,0.003952670377,linear_decay
5983,0.001738387509,0.001738387509,0.00395088084,linear_decay
5984,0.00173759996,0.00173759996,0.003949090838,linear_decay
5985,0.001736812526,0.001736812526,0.003947300836,linear_decay
5986,0.001736024977,0.001736024977,0.003945510834,linear_decay
5987,0.001735237543,0.001735237543,0.003943721764,linear_decay
5988,0.001734449994,0.001734449994,0.003941931762,linear_decay
5989,0.001733662444,0.001733662444,0.00394014176,linear_decay
5990,0.001732875011,0.001732875011,0.003938352223,linear_decay
5991,0.001732087461,0.001732087461,0.003936562221,linear_decay
5992,0.001731300028,0.001731300028,0.003934772685,linear_decay
5993,0.001730512478,0.001730512478,0.003932982683,linear_decay
5994,0.001729725045,0.001729725045,0.003931193613,linear_decay
5995,0.001728937495,0.001728937495,0.003929403611,linear_decay
5996,0.001728149946,0.001728149946,0.003927613609,linear_decay
5997,0.001727362513,0.001727362513,0.003925823607,linear_decay
5998,0.001726574963,0.001726574963,0.00392403407,linear_decay
5999,0.00172578753,0.00172578753,0.003922244068,linear_decay
6000,0.00172499998,0.00172499998,0.003920454066,linear_decay
6001,0.001724212547,0.001724212547,0.003918664996,linear_decay
6002,0.001723424997,0.001723424997,0.003916874994,linear_decay
6003,0.001722637448,0.001722637448,0.003915084992,linear_decay
6004,0.001721850014,0.001721850014,0.003913295455,linear_decay
6005,0.001721062465,0.001721062465,0.003911505453,linear_decay
6006,0.001720275031,0.001720275031,0.003909715917,linear_decay
6007,0.001719487482,0.001719487482,0.003907925915,linear_decay
6008,0.001718700049,0.001718700049,0.003906136146,linear_decay
6009,0.001717912499,0.001717912499,0.003904346842,linear_decay
6010,0.001717124949,0.001717124949,0.00390255684,linear_decay
6011,0.001716337516,0.001716337516,0.003900766838,linear_decay
6012,0.001715549966,0.001715549966,0.003898977069,linear_decay
6013,0.001714762533,0.001714762533,0.003897187533,linear_decay
6014,0.001713974983,0.001713974983,0.003895397531,linear_decay
6015,0.00171318755,0.00171318755,0.003893607995,linear_decay
6016,0.001712400001,0.001712400001,0.003891818225,linear_decay
6017,0.001711612451,0.001711612451,0.003890028223,linear_decay
6018,0.001710825018,0.001710825018,0.003888238687,linear_decay
6019,0.001710037468,0.001710037468,0.003886448918,linear_decay
6020,0.001709250035,0.001709250035,0.003884659382,linear_decay
6021,0.001708462485,0.001708462485,0.00388286938,linear_decay
6022,0.001707675052,0.001707675052,0.003881079378,linear_decay
6023,0.001706887502,0.001706887502,0.003879289608,linear_decay
6024,0.001706099953,0.001706099953,0.003877499606,linear_decay
6025,0.001705312519,0.001705312519,0.00387571007,linear_decay
6026,0.00170452497,0.00170452497,0.003873920301,linear_decay
6027,0.001703737536,0.001703737536,0.003872130765,linear_decay
6028,0.001702949987,0.001702949987,0.003870340763,linear_decay
6029,0.001702162437,0.001702162437,0.003868550761,linear_decay
6030,0.001701375004,0.001701375004,0.003866761457,linear_decay
6031,0.001700587454,0.001700587454,0.003864971455,linear_decay
6032,0.001699800021,0.001699800021,0.003863181919,linear_decay
6033,0.001699012471,0.001699012471,0.00386139215,linear_decay
6034,0.001698225038,0.001698225038,0.003859602148,linear_decay
6035,0.001697437488,0.001697437488,0.003857812146,linear_decay
6036,0.001696649939,0.001696649939,0.003856022609,linear_decay
6037,0.001695862506,0.001695862506,0.00385423284,linear_decay
6038,0.001695074956,0.001695074956,0.003852442838,linear_decay
6039,0.001694287523,0.001694287523,0.003850653302,linear_decay
6040,0.001693499973,0.001693499973,0.003848863533,linear_decay
6041,0.00169271254,0.00169271254,0.003847073996,linear_decay
6042,0.00169192499,0.00169192499,0.003845283994,linear_decay
6043,0.001691137441,0.001691137441,0.003843494225,linear_decay
6044,0.001690350007,0.001690350007,0.003841704689,linear_decay
6045,0.001689562458,0.001689562458,0.003839914687,linear_decay
6046,0.001688775024,0.001688775024,0.003838124685,linear_decay
6047,0.001687987475,0.001687987475,0.003836335381,linear_decay
6048,0.001687200041,0.001687200041,0.00383454538,linear_decay
6049,0.001686412492,0.001686412492,0.003832755378,linear_decay
6050,0.001685624942,0.001685624942,0.003830965608,linear_decay
6051,0.001684837509,0.001684837509,0.003829176072,linear_decay
6052,0.001684049959,0.001684049959,0.00382738607,linear_decay
6053,0.001683262526,0.001683262526,0.003825596534,linear_decay
6054,0.001682474976,0.001682474976,0.003823806765,linear_decay
6055,0.001681687543,0.001681687543,0.003822017228,linear_decay
6056,0.001680899994,0.001680899994,0.003820227226,linear_decay
6057,0.001680112444,0.001680112444,0.003818437457,linear_decay
6058,0.001679325011,0.001679325011,0.003816647921,linear_decay
6059,0.001678537461,0.001678537461,0.003814857919,linear_decay
6060,0.001677750028,0.001677750028,0.00381306815,linear_decay
6061,0.001676962478,0.001676962478,0.003811278148,linear_decay
6062,0.001676175045,0.001676175045,0.003809488611,linear_decay
6063,0.001675387495,0.001675387495,0.003807698609,linear_decay
6064,0.001674599946,0.001674599946,0.00380590884,linear_decay
6065,0.001673812512,0.001673812512,0.003804119304,linear_decay
6066,0.001673024963,0.001673024963,0.003802329302,linear_decay
6067,0.001672237529,0.001672237529,0.003800539998,linear_decay
6068,0.00167144998,0.00167144998,0.003798749996,linear_decay
6069,0.001670662547,0.001670662547,0.00379696046,linear_decay
6070,0.001669874997,0.001669874997,0.003795170458,linear_decay
6071,0.001669087447,0.001669087447,0.003793380689,linear_decay
6072,0.001668300014,0.001668300014,0.003791590687,linear_decay
6073,0.001667512464,0.001667512464,0.003789800685,linear_decay
6074,0.001666725031,0.001666725031,0.003788011381,linear_decay
6075,0.001665937481,0.001665937481,0.003786221379,linear_decay
6076,0.001665150048,0.001665150048,0.003784431843,linear_decay
6077,0.001664362499,0.001664362499,0.003782641841,linear_decay
6078,0.001663574949,0.001663574949,0.003780852072,linear_decay
6079,0.001662787516,0.001662787516,0.003779062536,linear_decay
6080,0.001661999966,0.001661999966,0.003777272534,linear_decay
6081,0.001661212533,0.001661212533,0.00377548323,linear_decay
6082,0.001660424983,0.001660424983,0.003773693228,linear_decay
6083,0.00165963755,0.00165963755,0.003771903226,linear_decay
6084,0.00165885,0.00165885,0.003770113457,linear_decay
6085,0.001658062451,0.001658062451,0.003768323921,linear_decay
6086,0.001657275017,0.001657275017,0.003766533919,linear_decay
6087,0.001656487468,0.001656487468,0.003764743917,linear_decay
6088,0.001655700034,0.001655700034,0.003762954613,linear_decay
6089,0.001654912485,0.001654912485,0.003761164611,linear_decay
6090,0.001654125052,0.001654125052,0.003759375075,linear_decay
6091,0.001653337502,0.001653337502,0.003757585306,linear_decay
6092,0.001652549952,0.001652549952,0.003755795304,linear_decay
6093,0.001651762519,0.001651762519,0.003754005767,linear_decay
6094,0.001650974969,0.001650974969,0.003752215765,linear_decay
6095,0.001650187536,0.001650187536,0.003750425996,linear_decay
6096,0.001649399986,0.001649399986,0.003748636227,linear_decay
6097,0.001648612553,0.001648612553,0.003746846691,linear_decay
6098,0.001647825004,0.001647825004,0.003745056922,linear_decay
6099,0.001647037454,0.001647037454,0.00374326692,linear_decay
6100,0.001646250021,0.001646250021,0.00374147715,linear_decay
6101,0.001645462471,0.001645462471,0.003739687381,linear_decay
6102,0.001644675038,0.001644675038,0.003737897845,linear_decay
6103,0.001643887488,0.001643887488,0.003736107843,linear_decay
6104,0.001643099939,0.001643099939,0.003734317841,linear_decay
6105,0.001642312505,0.001642312505,0.003732528538,linear_decay
6106,0.001641524956,0.001641524956,0.003730738536,linear_decay
6107,0.001640737522,0.001640737522,0.003728948766,linear_decay
6108,0.001639949973,0.001639949973,0.003727158997,linear_decay
6109,0.00163916254,0.00163916254,0.003725369461,linear_decay
6110,0.00163837499,0.00163837499,0.003723579459,linear_decay
6111,0.00163758744,0.00163758744,0.003721789457,linear_decay
6112,0.001636800007,0.001636800007,0.003719999921,linear_decay
6113,0.001636012457,0.001636012457,0.003718210151,linear_decay
6114,0.001635225024,0.001635225024,0.003716420382,linear_decay
6115,0.001634437474,0.001634437474,0.003714630613,linear_decay
6116,0.001633650041,0.001633650041,0.003712841077,linear_decay
6117,0.001632862492,0.001632862492,0.003711051075,linear_decay
6118,0.001632074942,0.001632074942,0.003709261073,linear_decay
6119,0.001631287509,0.001631287509,0.003707471536,linear_decay
6120,0.001630499959,0.001630499959,0.003705681534,linear_decay
6121,0.001629712526,0.001629712526,0.003703891998,linear_decay
6122,0.001628924976,0.001628924976,0.003702102229,linear_decay
6123,0.001628137543,0.001628137543,0.00370031246,linear_decay
6124,0.001627349993,0.001627349993,0.003698522691,linear_decay
6125,0.001626562444,0.001626562444,0.003696732922,linear_decay
6126,0.00162577501,0.00162577501,0.003694943152,linear_decay
6127,0.001624987461,0.001624987461,0.00369315315,linear_decay
6128,0.001624200027,0.001624200027,0.003691363614,linear_decay
6129,0.001623412478,0.001623412478,0.003689573845,linear_decay
6130,0.001622625045,0.001622625045,0.003687784076,linear_decay
6131,0.001621837495,0.001621837495,0.003685994074,linear_decay
6132,0.001621049945,0.001621049945,0.003684204537,linear_decay
6133,0.001620262512,0.001620262512,0.003682414768,linear_decay
6134,0.001619474962,0.001619474962,0.003680624766,linear_decay
6135,0.001618687529,0.001618687529,0.00367883523,linear_decay
6136,0.001617899979,0.001617899979,0.003677045461,linear_decay
6137,0.001617112546,0.001617112546,0.003675255692,linear_decay
6138,0.001616324997,0.001616324997,0.00367346569,linear_decay
6139,0.001615537447,0.001615537447,0.003671676153,linear_decay
6140,0.001614750014,0.001614750014,0.003669886384,linear_decay
6141,0.001613962464,0.001613962464,0.003668096382,linear_decay
6142,0.001613175031,0.001613175031,0.003666306613,linear_decay
6143,0.001612387481,0.001612387481,0.003664517077,linear_decay
6144,0.001611600048,0.001611600048,0.003662727308,linear_decay
6145,0.001610812498,0.001610812498,0.003660937306,linear_decay
6146,0.001610024949,0.001610024949,0.003659147536,linear_decay
6147,0.001609237515,0.001609237515,0.003657358,linear_decay
6148,0.001608449966,0.001608449966,0.003655567998,linear_decay
6149,0.001607662532,0.001607662532,0.003653778462,linear_decay
6150,0.001606874983,0.001606874983,0.00365198846,linear_decay
6151,0.00160608755,0.00160608755,0.003650198923,linear_decay
6152,0.0016053,0.0016053,0.003648408921,linear_decay
6153,0.00160451245,0.00160451245,0.003646619152,linear_decay
6154,0.001603725017,0.001603725017,0.003644829616,linear_decay
6155,0.001602937467,0.001602937467,0.003643039614,linear_decay
6156,0.001602150034,0.001602150034,0.003641250078,linear_decay
6157,0.001601362485,0.001601362485,0.003639460076,linear_decay
6158,0.001600575051,0.001600575051,0.003637670539,linear_decay
6159,0.001599787502,0.001599787502,0.003635880537,linear_decay
6160,0.001598999952,0.001598999952,0.003634090768,linear_decay
6161,0.001598212519,0.001598212519,0.003632300999,linear_decay
6162,0.001597424969,0.001597424969,0.00363051123,linear_decay
6163,0.001596637536,0.001596637536,0.003628721694,linear_decay
6164,0.001595849986,0.001595849986,0.003626931692,linear_decay
6165,0.001595062553,0.001595062553,0.003625142155,linear_decay
6166,0.001594275003,0.001594275003,0.003623352153,linear_decay
6167,0.001593487454,0.001593487454,0.003621562384,linear_decay
6168,0.00159270002,0.00159270002,0.003619772615,linear_decay
6169,0.001591912471,0.001591912471,0.003617982846,linear_decay
6170,0.001591125038,0.001591125038,0.003616193309,linear_decay
6171,0.001590337488,0.001590337488,0.003614403307,linear_decay
6172,0.001589549938,0.001589549938,0.003612613305,linear_decay
6173,0.001588762505,0.001588762505,0.003610824002,linear_decay
6174,0.001587974955,0.001587974955,0.003609034,linear_decay
6175,0.001587187522,0.001587187522,0.003607244231,linear_decay
6176,0.001586399972,0.001586399972,0.003605454229,linear_decay
6177,0.001585612539,0.001585612539,0.003603664925,linear_decay
6178,0.00158482499,0.00158482499,0.003601874923,linear_decay
6179,0.00158403744,0.00158403744,0.003600084921,linear_decay
6180,0.001583250007,0.001583250007,0.003598295618,linear_decay
6181,0.001582462457,0.001582462457,0.003596505616,linear_decay
6182,0.001581675024,0.001581675024,0.003594715847,linear_decay
6183,0.001580887474,0.001580887474,0.003592925845,linear_decay
6184,0.001580100041,0.001580100041,0.003591136541,linear_decay
6185,0.001579312491,0.001579312491,0.003589346539,linear_decay
6186,0.001578524942,0.001578524942,0.003587556537,linear_decay
6187,0.001577737508,0.001577737508,0.003585767001,linear_decay
6188,0.001576949959,0.001576949959,0.003583977232,linear_decay
6189,0.001576162525,0.001576162525,0.003582187463,linear_decay
6190,0.001575374976,0.001575374976,0.003580397693,linear_decay
6191,0.001574587543,0.001574587543,0.003578607924,linear_decay
6192,0.001573799993,0.001573799993,0.003576818155,linear_decay
6193,0.001573012443,0.001573012443,0.003575028153,linear_decay
6194,0.00157222501,0.00157222501,0.003573238617,linear_decay
6195,0.00157143746,0.00157143746,0.003571448615,linear_decay
6196,0.001570650027,0.001570650027,0.003569659078,linear_decay
6197,0.001569862477,0.001569862477,0.003567869309,linear_decay
6198,0.001569075044,0.001569075044,0.00356607954,linear_decay
6199,0.001568287495,0.001568287495,0.003564289771,linear_decay
6200,0.001567499945,0.001567499945,0.003562499769,linear_decay
6201,0.001566712512,0.001566712512,0.003560710233,linear_decay
6202,0.001565924962,0.001565924962,0.003558920231,linear_decay
6203,0.001565137529,0.001565137529,0.003557130694,linear_decay
6204,0.001564349979,0.001564349979,0.003555340925,linear_decay
6205,0.001563562546,0.001563562546,0.003553551156,linear_decay
6206,0.001562774996,0.001562774996,0.003551761154,linear_decay
6207,0.001561987447,0.001561987447,0.003549971385,linear_decay
6208,0.001561200013,0.001561200013,0.003548181849,linear_decay
6209,0.001560412464,0.001560412464,0.003546391847,linear_decay
6210,0.00155962503,0.00155962503,0.00354460231,linear_decay
6211,0.001558837481,0.001558837481,0.003542812541,linear_decay
6212,0.001558050048,0.001558050048,0.003541022772,linear_decay
6213,0.001557262498,0.001557262498,0.00353923277,linear_decay
6214,0.001556474948,0.001556474948,0.003537443001,linear_decay
6215,0.001555687515,0.001555687515,0.003535653464,linear_decay
6216,0.001554899965,0.001554899965,0.003533863463,linear_decay
6217,0.001554112532,0.001554112532,0.003532073693,linear_decay
6218,0.001553324983,0.001553324983,0.003530284157,linear_decay
6219,0.001552537549,0.001552537549,0.003528494388,linear_decay
6220,0.00155175,0.00155175,0.003526704386,linear_decay
6221,0.00155096245,0.00155096245,0.003524914617,linear_decay
6222,0.001550175017,0.001550175017,0.00352312508,linear_decay
6223,0.001549387467,0.001549387467,0.003521335078,linear_decay
6224,0.001548600034,0.001548600034,0.003519545309,linear_decay
6225,0.001547812484,0.001547812484,0.00351775554,linear_decay
6226,0.001547025051,0.001547025051,0.003515966004,linear_decay
6227,0.001546237501,0.001546237501,0.003514176002,linear_decay
6228,0.001545449952,0.001545449952,0.003512386233,linear_decay
6229,0.001544662518,0.001544662518,0.003510596696,linear_decay
6230,0.001543874969,0.001543874969,0.003508806694,linear_decay
6231,0.001543087536,0.001543087536,0.003507017158,linear_decay
6232,0.001542299986,0.001542299986,0.003505227156,linear_decay
6233,0.001541512553,0.001541512553,0.00350343762,linear_decay
6234,0.001540725003,0.001540725003,0.003501647618,linear_decay
6235,0.001539937453,0.001539937453,0.003499857849,linear_decay
6236,0.00153915002,0.00153915002,0.003498068079,linear_decay
6237,0.00153836247,0.00153836247,0.00349627831,linear_decay
6238,0.001537575037,0.001537575037,0.003494488774,linear_decay
6239,0.001536787488,0.001536787488,0.003492698772,linear_decay
6240,0.001535999938,0.001535999938,0.00349090877,linear_decay
6241,0.001535212505,0.001535212505,0.003489119234,linear_decay
6242,0.001534424955,0.001534424955,0.003487329464,linear_decay
6243,0.001533637522,0.001533637522,0.003485539695,linear_decay
6244,0.001532849972,0.001532849972,0.003483749693,linear_decay
6245,0.001532062539,0.001532062539,0.00348196039,linear_decay
6246,0.001531274989,0.001531274989,0.003480170388,linear_decay
6247,0.00153048744,0.00153048744,0.003478380386,linear_decay
6248,0.001529700006,0.001529700006,0.003476590849,linear_decay
6249,0.001528912457,0.001528912457,0.00347480108,linear_decay
6250,0.001528125023,0.001528125023,0.003473011311,linear_decay
6251,0.001527337474,0.001527337474,0.003471221309,linear_decay
6252,0.001526550041,0.001526550041,0.003469432006,linear_decay
6253,0.001525762491,0.001525762491,0.003467642004,linear_decay
6254,0.001524974941,0.001524974941,0.003465852002,linear_decay
6255,0.001524187508,0.001524187508,0.003464062465,linear_decay
6256,0.001523399958,0.001523399958,0.003462272696,linear_decay
6257,0.001522612525,0.001522612525,0.003460482927,linear_decay
6258,0.001521824975,0.001521824975,0.003458692925,linear_decay
6259,0.001521037542,0.001521037542,0.003456903622,linear_decay
6260,0.001520249993,0.001520249993,0.00345511362,linear_decay
6261,0.001519462443,0.001519462443,0.003453323618,linear_decay
6262,0.00151867501,0.00151867501,0.003451534081,linear_decay
6263,0.00151788746,0.00151788746,0.003449744079,linear_decay
6264,0.001517100027,0.001517100027,0.003447954543,linear_decay
6265,0.001516312477,0.001516312477,0.003446164541,linear_decay
6266,0.001515525044,0.001515525044,0.003444375005,linear_decay
6267,0.001514737494,0.001514737494,0.003442585235,linear_decay
6268,0.001513949945,0.001513949945,0.003440795233,linear_decay
6269,0.001513162511,0.001513162511,0.003439005697,linear_decay
6270,0.001512374962,0.001512374962,0.003437215695,linear_decay
6271,0.001511587529,0.001511587529,0.003435426159,linear_decay
6272,0.001510799979,0.001510799979,0.00343363639,linear_decay
6273,0.001510012546,0.001510012546,0.003431846621,linear_decay
6274,0.001509224996,0.001509224996,0.003430056619,linear_decay
6275,0.001508437446,0.001508437446,0.003428266849,linear_decay
6276,0.001507650013,0.001507650013,0.003426477313,linear_decay
6277,0.001506862463,0.001506862463,0.003424687311,linear_decay
6278,0.00150607503,0.00150607503,0.003422897775,linear_decay
6279,0.001505287481,0.001505287481,0.003421108006,linear_decay
6280,0.001504500047,0.001504500047,0.003419318236,linear_decay
6281,0.001503712498,0.001503712498,0.003417528234,linear_decay
6282,0.001502924948,0.001502924948,0.003415738465,linear_decay
6283,0.001502137515,0.001502137515,0.003413948929,linear_decay
6284,0.001501349965,0.001501349965,0.003412158927,linear_decay
6285,0.001500562532,0.001500562532,0.003410369158,linear_decay
6286,0.001499774982,0.001499774982,0.003408579621,linear_decay
6287,0.001498987549,0.001498987549,0.003406789852,linear_decay
6288,0.001498199999,0.001498199999,0.00340499985,linear_decay
6289,0.00149741245,0.00149741245,0.003403210081,linear_decay
6290,0.001496625016,0.001496625016,0.003401420545,linear_decay
6291,0.001495837467,0.001495837467,0.003399630543,linear_decay
6292,0.001495050034,0.001495050034,0.003397840774,linear_decay
6293,0.001494262484,0.001494262484,0.003396051237,linear_decay
6294,0.001493475051,0.001493475051,0.003394261468,linear_decay
6295,0.001492687501,0.001492687501,0.003392471466,linear_decay
6296,0.001491899951,0.001491899951,0.003390681697,linear_decay
6297,0.001491112518,0.001491112518,0.003388892161,linear_decay
6298,0.001490324968,0.001490324968,0.003387102159,linear_decay
6299,0.001489537535,0.001489537535,0.00338531239,linear_decay
6300,0.001488749986,0.001488749986,0.00338352262,linear_decay
6301,0.001487962552,0.001487962552,0.003381733084,linear_decay
6302,0.001487175003,0.001487175003,0.003379943082,linear_decay
6303,0.001486387453,0.001486387453,0.003378153313,linear_decay
6304,0.00148560002,0.00148560002,0.003376363544,linear_decay
6305,0.00148481247,0.00148481247,0.003374573775,linear_decay
6306,0.001484025037,0.001484025037,0.003372784005,linear_decay
6307,0.001483237487,0.001483237487,0.003370994236,linear_decay
6308,0.001482450054,0.001482450054,0.0033692047,linear_decay
6309,0.001481662504,0.001481662504,0.003367414698,linear_decay
6310,0.001480874955,0.001480874955,0.003365624929,linear_decay
6311,0.001480087521,0.001480087521,0.00336383516,linear_decay
6312,0.001479299972,0.001479299972,0.003362045391,linear_decay
6313,0.001478512539,0.001478512539,0.003360255621,linear_decay
6314,0.001477724989,0.001477724989,0.003358465852,linear_decay
6315,0.001476937439,0.001476937439,0.00335667585,linear_decay
6316,0.001476150006,0.001476150006,0.003354886314,linear_decay
6317,0.001475362456,0.001475362456,0.003353096545,linear_decay
6318,0.001474575023,0.001474575023,0.003351306776,linear_decay
6319,0.001473787474,0.001473787474,0.003349516774,linear_decay
6320,0.00147300004,0.00147300004,0.00334772747,linear_decay
6321,0.001472212491,0.001472212491,0.003345937468,linear_decay
6322,0.001471424941,0.001471424941,0.003344147466,linear_decay
6323,0.001470637508,0.001470637508,0.00334235793,linear_decay
6324,0.001469849958,0.001469849958,0.003340568161,linear_decay
6325,0.001469062525,0.001469062525,0.003338778391,linear_decay
6326,0.001468274975,0.001468274975,0.003336988389,linear_decay
6327,0.001467487542,0.001467487542,0.003335199086,linear_decay
6328,0.001466699992,0.001466699992,0.003333409084,linear_decay
6329,0.001465912443,0.001465912443,0.003331619082,linear_decay
6330,0.001465125009,0.001465125009,0.003329829313,linear_decay
6331,0.00146433746,0.00146433746,0.003328039777,linear_decay
6332,0.001463550027,0.001463550027,0.003326250007,linear_decay
6333,0.001462762477,0.001462762477,0.003324460005,linear_decay
6334,0.001461975044,0.001461975044,0.003322670702,linear_decay
6335,0.001461187494,0.001461187494,0.0033208807,linear_decay
6336,0.001460399944,0.001460399944,0.003319090698,linear_decay
6337,0.001459612511,0.001459612511,0.003317301162,linear_decay
6338,0.001458824961,0.001458824961,0.00331551116,linear_decay
6339,0.001458037528,0.001458037528,0.003313721623,linear_decay
6340,0.001457249979,0.001457249979,0.003311931621,linear_decay
6341,0.001456462545,0.001456462545,0.003310142085,linear_decay
6342,0.001455674996,0.001455674996,0.003308352316,linear_decay
6343,0.001454887446,0.001454887446,0.003306562314,linear_decay
6344,0.001454100013,0.001454100013,0.003304772777,linear_decay
6345,0.001453312463,0.001453312463,0.003302982775,linear_decay
6346,0.00145252503,0.00145252503,0.003301193239,linear_decay
6347,0.00145173748,0.00145173748,0.003299403237,linear_decay
6348,0.001450950047,0.001450950047,0.003297613701,linear_decay
6349,0.001450162497,0.001450162497,0.003295823699,linear_decay
6350,0.001449374948,0.001449374948,0.00329403393,linear_decay
6351,0.001448587514,0.001448587514,0.003292244393,linear_decay
6352,0.001447799965,0.001447799965,0.003290454391,linear_decay
6353,0.001447012532,0.001447012532,0.003288664855,linear_decay
6354,0.001446224982,0.001446224982,0.003286874853,linear_decay
6355,0.001445437549,0.001445437549,0.003285085317,linear_decay
6356,0.001444649999,0.001444649999,0.003283295315,linear_decay
6357,0.001443862449,0.001443862449,0.003281505313,linear_decay
6358,0.001443075016,0.001443075016,0.003279716009,linear_decay
6359,0.001442287466,0.001442287466,0.003277926007,linear_decay
6360,0.001441500033,0.001441500033,0.003276136238,linear_decay
6361,0.001440712484,0.001440712484,0.003274346702,linear_decay
6362,0.00143992505,0.00143992505,0.003272556933,linear_decay
6363,0.001439137501,0.001439137501,0.003270766931,linear_decay
6364,0.001438349951,0.001438349951,0.003268976929,linear_decay
6365,0.001437562518,0.001437562518,0.003267187625,linear_decay
6366,0.001436774968,0.001436774968,0.003265397623,linear_decay
6367,0.001435987535,0.001435987535,0.003263607854,linear_decay
6368,0.001435199985,0.001435199985,0.003261818085,linear_decay
6369,0.001434412552,0.001434412552,0.003260028549,linear_decay
6370,0.001433625002,0.001433625002,0.003258238547,linear_decay
6371,0.001432837453,0.001432837453,0.003256448545,linear_decay
6372,0.00143205002,0.00143205002,0.003254659241,linear_decay
6373,0.00143126247,0.00143126247,0.003252869239,linear_decay
6374,0.001430475037,0.001430475037,0.00325107947,linear_decay
6375,0.001429687487,0.001429687487,0.003249289701,linear_decay
6376,0.001428900054,0.001428900054,0.003247500164,linear_decay
6377,0.001428112504,0.001428112504,0.003245710162,linear_decay
6378,0.001427324954,0.001427324954,0.003243920393,linear_decay
6379,0.001426537521,0.001426537521,0.003242130624,linear_decay
6380,0.001425749972,0.001425749972,0.003240340855,linear_decay
6381,0.001424962538,0.001424962538,0.003238551086,linear_decay
6382,0.001424174989,0.001424174989,0.003236761317,linear_decay
6383,0.001423387439,0.001423387439,0.003234971315,linear_decay
6384,0.001422600006,0.001422600006,0.003233181778,linear_decay
6385,0.001421812456,0.001421812456,0.003231392009,linear_decay
6386,0.001421025023,0.001421025023,0.00322960224,linear_decay
6387,0.001420237473,0.001420237473,0.003227812238,linear_decay
6388,0.00141945004,0.00141945004,0.003226022702,linear_decay
6389,0.00141866249,0.00141866249,0.003224232933,linear_decay
6390,0.001417874941,0.001417874941,0.003222442931,linear_decay
6391,0.001417087507,0.001417087507,0.003220653394,linear_decay
6392,0.001416299958,0.001416299958,0.003218863625,linear_decay
6393,0.001415512525,0.001415512525,0.003217073856,linear_decay
6394,0.001414724975,0.001414724975,0.003215283854,linear_decay
6395,0.001413937542,0.001413937542,0.003213494318,linear_decay
6396,0.001413149992,0.001413149992,0.003211704548,linear_decay
6397,0.001412362442,0.001412362442,0.003209914546,linear_decay
6398,0.001411575009,0.001411575009,0.003208124777,linear_decay
6399,0.001410787459,0.001410787459,0.003206335241,linear_decay
6400,0.001410000026,0.001410000026,0.003204545472,linear_decay
6401,0.001409212477,0.001409212477,0.00320275547,linear_decay
6402,0.001408425043,0.001408425043,0.003200965934,linear_decay
6403,0.001407637494,0.001407637494,0.003199176164,linear_decay
6404,0.001406849944,0.001406849944,0.003197386162,linear_decay
6405,0.001406062511,0.001406062511,0.003195596393,linear_decay
6406,0.001405274961,0.001405274961,0.003193806857,linear_decay
6407,0.001404487528,0.001404487528,0.003192017088,linear_decay
6408,0.001403699978,0.001403699978,0.003190227086,linear_decay
6409,0.001402912545,0.001402912545,0.003188437549,linear_decay
6410,0.001402124995,0.001402124995,0.00318664778,linear_decay
6411,0.001401337446,0.001401337446,0.003184857778,linear_decay
6412,0.001400550012,0.001400550012,0.003183068009,linear_decay
6413,0.001399762463,0.001399762463,0.00318127824,linear_decay
6414,0.00139897503,0.00139897503,0.003179488704,linear_decay
6415,0.00139818748,0.00139818748,0.003177698702,linear_decay
6416,0.001397400047,0.001397400047,0.003175909165,linear_decay
6417,0.001396612497,0.001396612497,0.003174119163,linear_decay
6418,0.001395824947,0.001395824947,0.003172329394,linear_decay
6419,0.001395037514,0.001395037514,0.003170539625,linear_decay
6420,0.001394249965,0.001394249965,0.003168749856,linear_decay
6421,0.001393462531,0.001393462531,0.00316696032,linear_decay
6422,0.001392674982,0.001392674982,0.003165170318,linear_decay
6423,0.001391887548,0.001391887548,0.003163380781,linear_decay
6424,0.001391099999,0.001391099999,0.003161590779,linear_decay
6425,0.001390312449,0.001390312449,0.00315980101,linear_decay
6426,0.001389525016,0.001389525016,0.003158011474,linear_decay
6427,0.001388737466,0.001388737466,0.003156221472,linear_decay
6428,0.001387950033,0.001387950033,0.003154431703,linear_decay
6429,0.001387162483,0.001387162483,0.003152641933,linear_decay
6430,0.00138637505,0.00138637505,0.003150852397,linear_decay
6431,0.0013855875,0.0013855875,0.003149062395,linear_decay
6432,0.001384799951,0.001384799951,0.003147272393,linear_decay
6433,0.001384012518,0.001384012518,0.00314548309,linear_decay
6434,0.001383224968,0.001383224968,0.003143693088,linear_decay
6435,0.001382437535,0.001382437535,0.003141903318,linear_decay
6436,0.001381649985,0.001381649985,0.003140113549,linear_decay
6437,0.001380862552,0.001380862552,0.003138324013,linear_decay
6438,0.001380075002,0.001380075002,0.003136534011,linear_decay
6439,0.001379287452,0.001379287452,0.003134744009,linear_decay
6440,0.001378500019,0.001378500019,0.003132954706,linear_decay
6441,0.00137771247,0.00137771247,0.003131164704,linear_decay
6442,0.001376925036,0.001376925036,0.003129374934,linear_decay
6443,0.001376137487,0.001376137487,0.003127585165,linear_decay
6444,0.001375350053,0.001375350053,0.003125795629,linear_decay
6445,0.001374562504,0.001374562504,0.003124005627,linear_decay
6446,0.001373774954,0.001373774954,0.003122215625,linear_decay
6447,0.001372987521,0.001372987521,0.003120426321,linear_decay
6448,0.001372199971,0.001372199971,0.003118636319,linear_decay
6449,0.001371412538,0.001371412538,0.00311684655,linear_decay
6450,0.001370624988,0.001370624988,0.003115056781,linear_decay
6451,0.001369837555,0.001369837555,0.003113267245,linear_decay
6452,0.001369050005,0.001369050005,0.003111477243,linear_decay
6453,0.001368262456,0.001368262456,0.003109687241,linear_decay
6454,0.001367475023,0.001367475023,0.003107897704,linear_decay
6455,0.001366687473,0.001366687473,0.003106107935,linear_decay
6456,0.00136590004,0.00136590004,0.003104318166,linear_decay
6457,0.00136511249,0.00136511249,0.003102528397,linear_decay
6458,0.00136432494,0.00136432494,0.003100738395,linear_decay
6459,0.001363537507,0.001363537507,0.003098948859,linear_decay
6460,0.001362749957,0.001362749957,0.00309715909,linear_decay
6461,0.001361962524,0.001361962524,0.00309536932,linear_decay
6462,0.001361174975,0.001361174975,0.003093579318,linear_decay
6463,0.001360387541,0.001360387541,0.003091789782,linear_decay
6464,0.001359599992,0.001359599992,0.003090000013,linear_decay
6465,0.001358812442,0.001358812442,0.003088210011,linear_decay
6466,0.001358025009,0.001358025009,0.003086420475,linear_decay
6467,0.001357237459,0.001357237459,0.003084630705,linear_decay
6468,0.001356450026,0.001356450026,0.003082840936,linear_decay
6469,0.001355662476,0.001355662476,0.003081050934,linear_decay
6470,0.001354875043,0.001354875043,0.003079261398,linear_decay
6471,0.001354087493,0.001354087493,0.003077471629,linear_decay
6472,0.001353299944,0.001353299944,0.003075681627,linear_decay
6473,0.00135251251,0.00135251251,0.003073891858,linear_decay
6474,0.001351724961,0.001351724961,0.003072102321,linear_decay
6475,0.001350937528,0.001350937528,0.003070312552,linear_decay
6476,0.001350149978,0.001350149978,0.00306852255,linear_decay
6477,0.001349362545,0.001349362545,0.003066733014,linear_decay
6478,0.001348574995,0.001348574995,0.003064943245,linear_decay
6479,0.001347787445,0.001347787445,0.003063153243,linear_decay
6480,0.001347000012,0.001347000012,0.003061363474,linear_decay
6481,0.001346212463,0.001346212463,0.003059573704,linear_decay
6482,0.001345425029,0.001345425029,0.003057784168,linear_decay
6483,0.00134463748,0.00134463748,0.003055994166,linear_decay
6484,0.001343850046,0.001343850046,0.00305420463,linear_decay
6485,0.001343062497,0.001343062497,0.003052414861,linear_decay
6486,0.001342274947,0.001342274947,0.003050624859,linear_decay
6487,0.001341487514,0.001341487514,0.003048835089,linear_decay
6488,0.001340699964,0.001340699964,0.00304704532,linear_decay
6489,0.001339912531,0.001339912531,0.003045255784,linear_decay
6490,0.001339124981,0.001339124981,0.003043465782,linear_decay
6491,0.001338337548,0.001338337548,0.003041676246,linear_decay
6492,0.001337549998,0.001337549998,0.003039886244,linear_decay
6493,0.001336762449,0.001336762449,0.003038096474,linear_decay
6494,0.001335975016,0.001335975016,0.003036306705,linear_decay
6495,0.001335187466,0.001335187466,0.003034516936,linear_decay
6496,0.001334400033,0.001334400033,0.0030327274,linear_decay
6497,0.001333612483,0.001333612483,0.003030937398,linear_decay
6498,0.00133282505,0.00133282505,0.003029147862,linear_decay
6499,0.0013320375,0.0013320375,0.00302735786,linear_decay
6500,0.00133124995,0.00133124995,0.003025567858,linear_decay
6501,0.001330462517,0.001330462517,0.003023778321,linear_decay
6502,0.001329674968,0.001329674968,0.003021988552,linear_decay
6503,0.001328887534,0.001328887534,0.003020198783,linear_decay
6504,0.001328099985,0.001328099985,0.003018409014,linear_decay
6505,0.001327312551,0.001327312551,0.003016619477,linear_decay
6506,0.001326525002,0.001326525002,0.003014829475,linear_decay
6507,0.001325737452,0.001325737452,0.003013039473,linear_decay
6508,0.001324950019,0.001324950019,0.00301125017,linear_decay
6509,0.001324162469,0.001324162469,0.003009460168,linear_decay
6510,0.001323375036,0.001323375036,0.003007670399,linear_decay
6511,0.001322587486,0.001322587486,0.003005880397,linear_decay
6512,0.001321800053,0.001321800053,0.003004091093,linear_decay
6513,0.001321012503,0.001321012503,0.003002301091,linear_decay
6514,0.001320224954,0.001320224954,0.003000511089,linear_decay
6515,0.001319437521,0.001319437521,0.002998721786,linear_decay
6516,0.001318649971,0.001318649971,0.002996931784,linear_decay
6517,0.001317862538,0.001317862538,0.002995142015,linear_decay
6518,0.001317074988,0.001317074988,0.002993352013,linear_decay
6519,0.001316287555,0.001316287555,0.002991562709,linear_decay
6520,0.001315500005,0.001315500005,0.002989772707,linear_decay
6521,0.001314712455,0.001314712455,0.002987982705,linear_decay
6522,0.001313925022,0.001313925022,0.002986193169,linear_decay
6523,0.001313137473,0.001313137473,0.0029844034,linear_decay
6524,0.001312350039,0.001312350039,0.002982613631,linear_decay
6525,0.00131156249,0.00131156249,0.002980823861,linear_decay
6526,0.00131077494,0.00131077494,0.002979033859,linear_decay
6527,0.001309987507,0.001309987507,0.002977244323,linear_decay
6528,0.001309199957,0.001309199957,0.002975454321,linear_decay
6529,0.001308412524,0.001308412524,0.002973664785,linear_decay
6530,0.001307624974,0.001307624974,0.002971874783,linear_decay
6531,0.001306837541,0.001306837541,0.002970085246,linear_decay
6532,0.001306049991,0.001306049991,0.002968295477,linear_decay
6533,0.001305262442,0.001305262442,0.002966505475,linear_decay
6534,0.001304475009,0.001304475009,0.002964715939,linear_decay
6535,0.001303687459,0.001303687459,0.002962925937,linear_decay
6536,0.001302900026,0.001302900026,0.002961136401,linear_decay
6537,0.001302112476,0.001302112476,0.002959346399,linear_decay
6538,0.001301325043,0.001301325043,0.002957556862,linear_decay
6539,0.001300537493,0.001300537493,0.002955767093,linear_decay
6540,0.001299749943,0.001299749943,0.002953977091,linear_decay
6541,0.00129896251,0.00129896251,0.002952187322,linear_decay
6542,0.001298174961,0.001298174961,0.002950397553,linear_decay
6543,0.001297387527,0.001297387527,0.002948608017,linear_decay
6544,0.001296599978,0.001296599978,0.002946818015,linear_decay
6545,0.001295812544,0.001295812544,0.002945028478,linear_decay
6546,0.001295024995,0.001295024995,0.002943238709,linear_decay
6547,0.001294237445,0.001294237445,0.002941448707,linear_decay
6548,0.001293450012,0.001293450012,0.002939658938,linear_decay
6549,0.001292662462,0.001292662462,0.002937869402,linear_decay
6550,0.001291875029,0.001291875029,0.002936079632,linear_decay
6551,0.001291087479,0.001291087479,0.002934289631,linear_decay
6552,0.001290300046,0.001290300046,0.002932499861,linear_decay
6553,0.001289512496,0.001289512496,0.002930710325,linear_decay
6554,0.001288724947,0.001288724947,0.002928920323,linear_decay
6555,0.001287937514,0.001287937514,0.002927130554,linear_decay
6556,0.001287149964,0.001287149964,0.002925340785,linear_decay
6557,0.001286362531,0.001286362531,0.002923551248,linear_decay
6558,0.001285574981,0.001285574981,0.002921761246,linear_decay
6559,0.001284787548,0.001284787548,0.002919971477,linear_decay
6560,0.001283999998,0.001283999998,0.002918181941,linear_decay
6561,0.001283212448,0.001283212448,0.002916391939,linear_decay
6562,0.001282425015,0.001282425015,0.00291460217,linear_decay
6563,0.001281637466,0.001281637466,0.002912812401,linear_decay
6564,0.001280850032,0.001280850032,0.002911022864,linear_decay
6565,0.001280062483,0.001280062483,0.002909232862,linear_decay
6566,0.001279275049,0.001279275049,0.002907443093,linear_decay
6567,0.0012784875,0.0012784875,0.002905653324,linear_decay
6568,0.00127769995,0.00127769995,0.002903863555,linear_decay
6569,0.001276912517,0.001276912517,0.002902073786,linear_decay
6570,0.001276124967,0.001276124967,0.002900284017,linear_decay
6571,0.001275337534,0.001275337534,0.002898494247,linear_decay
6572,0.001274549984,0.001274549984,0.002896704478,linear_decay
6573,0.001273762551,0.001273762551,0.002894914942,linear_decay
6574,0.001272975001,0.001272975001,0.00289312494,linear_decay
6575,0.001272187452,0.001272187452,0.002891334938,linear_decay
6576,0.001271400019,0.001271400019,0.002889545402,linear_decay
6577,0.001270612469,0.001270612469,0.002887755632,linear_decay
6578,0.001269825036,0.001269825036,0.002885965863,linear_decay
6579,0.001269037486,0.001269037486,0.002884176094,linear_decay
6580,0.001268250053,0.001268250053,0.002882386558,linear_decay
6581,0.001267462503,0.001267462503,0.002880596556,linear_decay
6582,0.001266674954,0.001266674954,0.002878806554,linear_decay
6583,0.00126588752,0.00126588752,0.002877017017,linear_decay
6584,0.001265099971,0.001265099971,0.002875227248,linear_decay
6585,0.001264312537,0.001264312537,0.002873437479,linear_decay
6586,0.001263524988,0.001263524988,0.002871647477,linear_decay
6587,0.001262737554,0.001262737554,0.002869858174,linear_decay
6588,0.001261950005,0.001261950005,0.002868068172,linear_decay
6589,0.001261162455,0.001261162455,0.00286627817,linear_decay
6590,0.001260375022,0.001260375022,0.002864488633,linear_decay
6591,0.001259587472,0.001259587472,0.002862698864,linear_decay
6592,0.001258800039,0.001258800039,0.002860909095,linear_decay
6593,0.001258012489,0.001258012489,0.002859119093,linear_decay
6594,0.001257225056,0.001257225056,0.00285732979,linear_decay
6595,0.001256437507,0.001256437507,0.002855539788,linear_decay
6596,0.001255649957,0.001255649957,0.002853749786,linear_decay
6597,0.001254862524,0.001254862524,0.002851960249,linear_decay
6598,0.001254074974,0.001254074974,0.00285017048,linear_decay
6599,0.001253287541,0.001253287541,0.002848380711,linear_decay
6600,0.001252499991,0.001252499991,0.002846590709,linear_decay
6601,0.001251712441,0.001251712441,0.00284480094,linear_decay
6602,0.001250925008,0.001250925008,0.002843011403,linear_decay
6603,0.001250137459,0.001250137459,0.002841221401,linear_decay
6604,0.001249350025,0.001249350025,0.002839431865,linear_decay
6605,0.001248562476,0.001248562476,0.002837641863,linear_decay
6606,0.001247775042,0.001247775042,0.002835852327,linear_decay
6607,0.001246987493,0.001246987493,0.002834062325,linear_decay
6608,0.001246199943,0.001246199943,0.002832272556,linear_decay
6609,0.00124541251,0.00124541251,0.002830483019,linear_decay
6610,0.00124462496,0.00124462496,0.002828693017,linear_decay
6611,0.001243837527,0.001243837527,0.002826903481,linear_decay
6612,0.001243049977,0.001243049977,0.002825113479,linear_decay
6613,0.001242262544,0.001242262544,0.002823323943,linear_decay
6614,0.001241474994,0.001241474994,0.002821534174,linear_decay
6615,0.001240687445,0.001240687445,0.002819744172,linear_decay
6616,0.001239900012,0.001239900012,0.002817954402,linear_decay
6617,0.001239112462,0.001239112462,0.002816164633,linear_decay
6618,0.001238325029,0.001238325029,0.002814375097,linear_decay
6619,0.001237537479,0.001237537479,0.002812585095,linear_decay
6620,0.001236750046,0.001236750046,0.002810795559,linear_decay
6621,0.001235962496,0.001235962496,0.002809005789,linear_decay
6622,0.001235174946,0.001235174946,0.002807215787,linear_decay
6623,0.001234387513,0.001234387513,0.002805426018,linear_decay
6624,0.001233599964,0.001233599964,0.002803636016,linear_decay
6625,0.00123281253,0.00123281253,0.002801846713,linear_decay
6626,0.001232024981,0.001232024981,0.002800056711,linear_decay
6627,0.001231237547,0.001231237547,0.002798266942,linear_decay
6628,0.001230449998,0.001230449998,0.002796477405,linear_decay
6629,0.001229662448,0.001229662448,0.002794687403,linear_decay
6630,0.001228875015,0.001228875015,0.002792897634,linear_decay
6631,0.001228087465,0.001228087465,0.002791107865,linear_decay
6632,0.001227300032,0.001227300032,0.002789318329,linear_decay
6633,0.001226512482,0.001226512482,0.002787528327,linear_decay
6634,0.001225725049,0.001225725049,0.002785738558,linear_decay
6635,0.0012249375,0.0012249375,0.002783948788,linear_decay
6636,0.00122414995,0.00122414995,0.002782159019,linear_decay
6637,0.001223362517,0.001223362517,0.00278036925,linear_decay
6638,0.001222574967,0.001222574967,0.002778579481,linear_decay
6639,0.001221787534,0.001221787534,0.002776789945,linear_decay
6640,0.001220999984,0.001220999984,0.002774999943,linear_decay
6641,0.001220212551,0.001220212551,0.002773210173,linear_decay
6642,0.001219425001,0.001219425001,0.002771420404,linear_decay
6643,0.001218637452,0.001218637452,0.002769630402,linear_decay
6644,0.001217850018,0.001217850018,0.002767840866,linear_decay
6645,0.001217062469,0.001217062469,0.002766051097,linear_decay
6646,0.001216275035,0.001216275035,0.002764261328,linear_decay
6647,0.001215487486,0.001215487486,0.002762471559,linear_decay
6648,0.001214700053,0.001214700053,0.002760681789,linear_decay
6649,0.001213912503,0.001213912503,0.00275889202,linear_decay
6650,0.001213124953,0.001213124953,0.002757102018,linear_decay
6651,0.00121233752,0.00121233752,0.002755312482,linear_decay
6652,0.00121154997,0.00121154997,0.002753522713,linear_decay
6653,0.001210762537,0.001210762537,0.002751732944,linear_decay
6654,0.001209974987,0.001209974987,0.002749942942,linear_decay
6655,0.001209187554,0.001209187554,0.002748153405,linear_decay
6656,0.001208400005,0.001208400005,0.002746363636,linear_decay
6657,0.001207612455,0.001207612455,0.002744573634,linear_decay
6658,0.001206825022,0.001206825022,0.002742784098,linear_decay
6659,0.001206037472,0.001206037472,0.002740994329,linear_decay
6660,0.001205250039,0.001205250039,0.002739204559,linear_decay
6661,0.001204462489,0.001204462489,0.002737414557,linear_decay
6662,0.001203675056,0.001203675056,0.002735625254,linear_decay
6663,0.001202887506,0.001202887506,0.002733835252,linear_decay
6664,0.001202099957,0.001202099957,0.00273204525,linear_decay
6665,0.001201312523,0.001201312523,0.002730255481,linear_decay
6666,0.001200524974,0.001200524974,0.002728465945,linear_decay
6667,0.00119973754,0.00119973754,0.002726676175,linear_decay
6668,0.001198949991,0.001198949991,0.002724886173,linear_decay
6669,0.001198162441,0.001198162441,0.002723096404,linear_decay
6670,0.001197375008,0.001197375008,0.002721306868,linear_decay
6671,0.001196587458,0.001196587458,0.002719516866,linear_decay
6672,0.001195800025,0.001195800025,0.002717727097,linear_decay
6673,0.001195012475,0.001195012475,0.00271593756,linear_decay
6674,0.001194225042,0.001194225042,0.002714147791,linear_decay
6675,0.001193437492,0.001193437492,0.002712357789,linear_decay
6676,0.001192649943,0.001192649943,0.00271056802,linear_decay
6677,0.00119186251,0.00119186251,0.002708778484,linear_decay
6678,0.00119107496,0.00119107496,0.002706988482,linear_decay
6679,0.001190287527,0.001190287527,0.002705198945,linear_decay
6680,0.001189499977,0.001189499977,0.002703408943,linear_decay
6681,0.001188712544,0.001188712544,0.002701619407,linear_decay
6682,0.001187924994,0.001187924994,0.002699829405,linear_decay
6683,0.001187137445,0.001187137445,0.002698039636,linear_decay
6684,0.001186350011,0.001186350011,0.002696249867,linear_decay
6685,0.001185562462,0.001185562462,0.002694460098,linear_decay
6686,0.001184775028,0.001184775028,0.002692670561,linear_decay
6687,0.001183987479,0.001183987479,0.002690880559,linear_decay
6688,0.001183200045,0.001183200045,0.002689091023,linear_decay
6689,0.001182412496,0.001182412496,0.002687301021,linear_decay
6690,0.001181624946,0.001181624946,0.002685511252,linear_decay
6691,0.001180837513,0.001180837513,0.002683721483,linear_decay
6692,0.001180049963,0.001180049963,0.002681931714,linear_decay
6693,0.00117926253,0.00117926253,0.002680142177,linear_decay
6694,0.00117847498,0.00117847498,0.002678352175,linear_decay
6695,0.001177687547,0.001177687547,0.002676562406,linear_decay
6696,0.001176899998,0.001176899998,0.00267477287,linear_decay
6697,0.001176112448,0.001176112448,0.002672982868,linear_decay
6698,0.001175325015,0.001175325015,0.002671193099,linear_decay
6699,0.001174537465,0.001174537465,0.002669403097,linear_decay
6700,0.001173750032,0.001173750032,0.002667613793,linear_decay
6701,0.001172962482,0.001172962482,0.002665823791,linear_decay
6702,0.001172175049,0.001172175049,0.002664034022,linear_decay
6703,0.001171387499,0.001171387499,0.002662244486,linear_decay
6704,0.00117059995,0.00117059995,0.002660454484,linear_decay
6705,0.001169812516,0.001169812516,0.002658664715,linear_decay
6706,0.001169024967,0.001169024967,0.002656874713,linear_decay
6707,0.001168237533,0.001168237533,0.002655085409,linear_decay
6708,0.001167449984,0.001167449984,0.002653295407,linear_decay
6709,0.001166662551,0.001166662551,0.002651505638,linear_decay
6710,0.001165875001,0.001165875001,0.002649715869,linear_decay
6711,0.001165087451,0.001165087451,0.0026479261,linear_decay
6712,0.001164300018,0.001164300018,0.00264613633,linear_decay
6713,0.001163512468,0.001163512468,0.002644346561,linear_decay
6714,0.001162725035,0.001162725035,0.002642556792,linear_decay
6715,0.001161937485,0.001161937485,0.002640767023,linear_decay
6716,0.001161150052,0.001161150052,0.002638977254,linear_decay
6717,0.001160362503,0.001160362503,0.002637187485,linear_decay
6718,0.001159574953,0.001159574953,0.002635397483,linear_decay
6719,0.00115878752,0.00115878752,0.002633607946,linear_decay
6720,0.00115799997,0.00115799997,0.002631818177,linear_decay
6721,0.001157212537,0.001157212537,0.002630028408,linear_decay
6722,0.001156424987,0.001156424987,0.002628238639,linear_decay
6723,0.001155637554,0.001155637554,0.00262644887,linear_decay
6724,0.001154850004,0.001154850004,0.002624659101,linear_decay
6725,0.001154062455,0.001154062455,0.002622869099,linear_decay
6726,0.001153275021,0.001153275021,0.002621079562,linear_decay
6727,0.001152487472,0.001152487472,0.002619289793,linear_decay
6728,0.001151700038,0.001151700038,0.002617500024,linear_decay
6729,0.001150912489,0.001150912489,0.002615710022,linear_decay
6730,0.001150125056,0.001150125056,0.002613920486,linear_decay
6731,0.001149337506,0.001149337506,0.002612130716,linear_decay
6732,0.001148549956,0.001148549956,0.002610340714,linear_decay
6733,0.001147762523,0.001147762523,0.002608551178,linear_decay
6734,0.001146974973,0.001146974973,0.002606761409,linear_decay
6735,0.00114618754,0.00114618754,0.00260497164,linear_decay
6736,0.00114539999,0.00114539999,0.002603181638,linear_decay
6737,0.001144612557,0.001144612557,0.002601392101,linear_decay
6738,0.001143825008,0.001143825008,0.002599602332,linear_decay
6739,0.001143037458,0.001143037458,0.00259781233,linear_decay
6740,0.001142250025,0.001142250025,0.002596022561,linear_decay
6741,0.001141462475,0.001141462475,0.002594233025,linear_decay
6742,0.001140675042,0.001140675042,0.002592443256,linear_decay
6743,0.001139887492,0.001139887492,0.002590653254,linear_decay
6744,0.001139099943,0.001139099943,0.002588863485,linear_decay
6745,0.001138312509,0.001138312509,0.002587073948,linear_decay
6746,0.00113752496,0.00113752496,0.002585283946,linear_decay
6747,0.001136737526,0.001136737526,0.002583494177,linear_decay
6748,0.001135949977,0.001135949977,0.002581704408,linear_decay
6749,0.001135162544,0.001135162544,0.002579914872,linear_decay
6750,0.001134374994,0.001134374994,0.00257812487,linear_decay
6751,0.001133587444,0.001133587444,0.0025763351,linear_decay
6752,0.001132800011,0.001132800011,0.002574545564,linear_decay
6753,0.001132012461,0.001132012461,0.002572755562,linear_decay
6754,0.001131225028,0.001131225028,0.002570965793,linear_decay
6755,0.001130437478,0.001130437478,0.002569176024,linear_decay
6756,0.001129650045,0.001129650045,0.002567386487,linear_decay
6757,0.001128862496,0.001128862496,0.002565596486,linear_decay
6758,0.001128074946,0.001128074946,0.002563806716,linear_decay
6759,0.001127287513,0.001127287513,0.002562016947,linear_decay
6760,0.001126499963,0.001126499963,0.002560227178,linear_decay
6761,0.00112571253,0.00112571253,0.002558437642,linear_decay
6762,0.00112492498,0.00112492498,0.00255664764,linear_decay
6763,0.001124137547,0.001124137547,0.002554858103,linear_decay
6764,0.001123349997,0.001123349997,0.002553068101,linear_decay
6765,0.001122562448,0.001122562448,0.002551278332,linear_decay
6766,0.001121775014,0.001121775014,0.002549488563,linear_decay
6767,0.001120987465,0.001120987465,0.002547698561,linear_decay
6768,0.001120200031,0.001120200031,0.002545909258,linear_decay
6769,0.001119412482,0.001119412482,0.002544119256,linear_decay
6770,0.001118625049,0.001118625049,0.002542329486,linear_decay
6771,0.001117837499,0.001117837499,0.002540539717,linear_decay
6772,0.001117049949,0.001117049949,0.002538749948,linear_decay
6773,0.001116262516,0.001116262516,0.002536960179,linear_decay
6774,0.001115474966,0.001115474966,0.002535170177,linear_decay
6775,0.001114687533,0.001114687533,0.002533380874,linear_decay
6776,0.001113899983,0.001113899983,0.002531590872,linear_decay
6777,0.00111311255,0.00111311255,0.002529801102,linear_decay
6778,0.001112325001,0.001112325001,0.002528011333,linear_decay
6779,0.001111537451,0.001111537451,0.002526221564,linear_decay
6780,0.001110750018,0.001110750018,0.002524431795,linear_decay
6781,0.001109962468,0.001109962468,0.002522641793,linear_decay
6782,0.001109175035,0.001109175035,0.002520852489,linear_decay
6783,0.001108387485,0.001108387485,0.002519062487,linear_decay
6784,0.001107600052,0.001107600052,0.002517272718,linear_decay
6785,0.001106812502,0.001106812502,0.002515482949,linear_decay
6786,0.001106024953,0.001106024953,0.00251369318,linear_decay
6787,0.001105237519,0.001105237519,0.002511903411,linear_decay
6788,0.00110444997,0.00110444997,0.002510113409,linear_decay
6789,0.001103662536,0.001103662536,0.002508323872,linear_decay
6790,0.001102874987,0.001102874987,0.002506534103,linear_decay
6791,0.001102087554,0.001102087554,0.002504744334,linear_decay
6792,0.001101300004,0.001101300004,0.002502954565,linear_decay
6793,0.001100512454,0.001100512454,0.002501164563,linear_decay
6794,0.001099725021,0.001099725021,0.002499375027,linear_decay
6795,0.001098937471,0.001098937471,0.002497585025,linear_decay
6796,0.001098150038,0.001098150038,0.002495795488,linear_decay
6797,0.001097362489,0.001097362489,0.002494005486,linear_decay
6798,0.001096575055,0.001096575055,0.00249221595,linear_decay
6799,0.001095787506,0.001095787506,0.002490426181,linear_decay
6800,0.001094999956,0.001094999956,0.002488636179,linear_decay
6801,0.001094212523,0.001094212523,0.002486846643,linear_decay
6802,0.001093424973,0.001093424973,0.002485056873,linear_decay
6803,0.00109263754,0.00109263754,0.002483267104,linear_decay
6804,0.00109184999,0.00109184999,0.002481477102,linear_decay
6805,0.001091062557,0.001091062557,0.002479687566,linear_decay
6806,0.001090275007,0.001090275007,0.002477897797,linear_decay
6807,0.001089487458,0.001089487458,0.002476107795,linear_decay
6808,0.001088700024,0.001088700024,0.002474318026,linear_decay
6809,0.001087912475,0.001087912475,0.002472528489,linear_decay
6810,0.001087125042,0.001087125042,0.00247073872,linear_decay
6811,0.001086337492,0.001086337492,0.002468948718,linear_decay
6812,0.001085549942,0.001085549942,0.002467158716,linear_decay
6813,0.001084762509,0.001084762509,0.002465369413,linear_decay
6814,0.001083974959,0.001083974959,0.002463579411,linear_decay
6815,0.001083187526,0.001083187526,0.002461789642,linear_decay
6816,0.001082399976,0.001082399976,0.002460000105,linear_decay
6817,0.001081612543,0.001081612543,0.002458210336,linear_decay
6818,0.001080824994,0.001080824994,0.002456420334,linear_decay
6819,0.001080037444,0.001080037444,0.002454630565,linear_decay
6820,0.001079250011,0.001079250011,0.002452841029,linear_decay
6821,0.001078462461,0.001078462461,0.002451051027,linear_decay
6822,0.001077675028,0.001077675028,0.002449261257,linear_decay
6823,0.001076887478,0.001076887478,0.002447471488,linear_decay
6824,0.001076100045,0.001076100045,0.002445681952,linear_decay
6825,0.001075312495,0.001075312495,0.00244389195,linear_decay
6826,0.001074524946,0.001074524946,0.002442102181,linear_decay
6827,0.001073737512,0.001073737512,0.002440312412,linear_decay
6828,0.001072949963,0.001072949963,0.002438522642,linear_decay
6829,0.001072162529,0.001072162529,0.002436732873,linear_decay
6830,0.00107137498,0.00107137498,0.002434943104,linear_decay
6831,0.001070587547,0.001070587547,0.002433153568,linear_decay
6832,0.001069799997,0.001069799997,0.002431363566,linear_decay
6833,0.001069012447,0.001069012447,0.002429573797,linear_decay
6834,0.001068225014,0.001068225014,0.002427784028,linear_decay
6835,0.001067437464,0.001067437464,0.002425994258,linear_decay
6836,0.001066650031,0.001066650031,0.002424204489,linear_decay
6837,0.001065862481,0.001065862481,0.00242241472,linear_decay
6838,0.001065075048,0.001065075048,0.002420624951,linear_decay
6839,0.001064287499,0.001064287499,0.002418835182,linear_decay
6840,0.001063499949,0.001063499949,0.002417045413,linear_decay
6841,0.001062712516,0.001062712516,0.002415255643,linear_decay
6842,0.001061924966,0.001061924966,0.002413465641,linear_decay
6843,0.001061137533,0.001061137533,0.002411676105,linear_decay
6844,0.001060349983,0.001060349983,0.002409886336,linear_decay
6845,0.00105956255,0.00105956255,0.002408096567,linear_decay
6846,0.001058775,0.001058775,0.002406306798,linear_decay
6847,0.001057987451,0.001057987451,0.002404517028,linear_decay
6848,0.001057200017,0.001057200017,0.002402727259,linear_decay
6849,0.001056412468,0.001056412468,0.002400937257,linear_decay
6850,0.001055625034,0.001055625034,0.002399147954,linear_decay
6851,0.001054837485,0.001054837485,0.002397357952,linear_decay
6852,0.001054050052,0.001054050052,0.002395568183,linear_decay
6853,0.001053262502,0.001053262502,0.002393778181,linear_decay
6854,0.001052474952,0.001052474952,0.002391988644,linear_decay
6855,0.001051687519,0.001051687519,0.002390198875,linear_decay
6856,0.001050899969,0.001050899969,0.002388408873,linear_decay
6857,0.001050112536,0.001050112536,0.00238661957,linear_decay
6858,0.001049324987,0.001049324987,0.002384829568,linear_decay
6859,0.001048537553,0.001048537553,0.002383039799,linear_decay
6860,0.001047750004,0.001047750004,0.002381249797,linear_decay
6861,0.001046962454,0.001046962454,0.002379460027,linear_decay
6862,0.001046175021,0.001046175021,0.002377670491,linear_decay
6863,0.001045387471,0.001045387471,0.002375880489,linear_decay
6864,0.001044600038,0.001044600038,0.002374090953,linear_decay
6865,0.001043812488,0.001043812488,0.002372301184,linear_decay
6866,0.001043025055,0.001043025055,0.002370511414,linear_decay
6867,0.001042237505,0.001042237505,0.002368721645,linear_decay
6868,0.001041449956,0.001041449956,0.002366931643,linear_decay
6869,0.001040662522,0.001040662522,0.002365142107,linear_decay
6870,0.001039874973,0.001039874973,0.002363352105,linear_decay
6871,0.00103908754,0.00103908754,0.002361562569,linear_decay
6872,0.00103829999,0.00103829999,0.002359772567,linear_decay
6873,0.001037512557,0.001037512557,0.00235798303,linear_decay
6874,0.001036725007,0.001036725007,0.002356193261,linear_decay
6875,0.001035937457,0.001035937457,0.002354403259,linear_decay
6876,0.001035150024,0.001035150024,0.002352613723,linear_decay
6877,0.001034362474,0.001034362474,0.002350823721,linear_decay
6878,0.001033575041,0.001033575041,0.002349034185,linear_decay
6879,0.001032787492,0.001032787492,0.002347244183,linear_decay
6880,0.001031999942,0.001031999942,0.002345454181,linear_decay
6881,0.001031212509,0.001031212509,0.002343664877,linear_decay
6882,0.001030424959,0.001030424959,0.002341874875,linear_decay
6883,0.001029637526,0.001029637526,0.002340085106,linear_decay
6884,0.001028849976,0.001028849976,0.002338295337,linear_decay
6885,0.001028062543,0.001028062543,0.0023365058,linear_decay
6886,0.001027274993,0.001027274993,0.002334715798,linear_decay
6887,0.001026487444,0.001026487444,0.002332925797,linear_decay
6888,0.00102570001,0.00102570001,0.002331136493,linear_decay
6889,0.001024912461,0.001024912461,0.002329346491,linear_decay
6890,0.001024125027,0.001024125027,0.002327556722,linear_decay
6891,0.001023337478,0.001023337478,0.002325766953,linear_decay
6892,0.001022550045,0.001022550045,0.002323977416,linear_decay
6893,0.001021762495,0.001021762495,0.002322187414,linear_decay
6894,0.001020974945,0.001020974945,0.002320397412,linear_decay
6895,0.001020187512,0.001020187512,0.002318608109,linear_decay
6896,0.001019399962,0.001019399962,0.002316818107,linear_decay
6897,0.001018612529,0.001018612529,0.002315028338,linear_decay
6898,0.001017824979,0.001017824979,0.002313238569,linear_decay
6899,0.001017037546,0.001017037546,0.002311449032,linear_decay
6900,0.001016249997,0.001016249997,0.00230965903,linear_decay
6901,0.001015462447,0.001015462447,0.002307869028,linear_decay
6902,0.001014675014,0.001014675014,0.002306079492,linear_decay
6903,0.001013887464,0.001013887464,0.002304289723,linear_decay
6904,0.001013100031,0.001013100031,0.002302499954,linear_decay
6905,0.001012312481,0.001012312481,0.002300710184,linear_decay
6906,0.001011525048,0.001011525048,0.002298920648,linear_decay
6907,0.001010737498,0.001010737498,0.002297130646,linear_decay
6908,0.001009949949,0.001009949949,0.002295340877,linear_decay
6909,0.001009162515,0.001009162515,0.002293551108,linear_decay
6910,0.001008374966,0.001008374966,0.002291761106,linear_decay
6911,0.001007587533,0.001007587533,0.00228997157,linear_decay
6912,0.001006799983,0.001006799983,0.0022881818,linear_decay
6913,0.00100601255,0.00100601255,0.002286392031,linear_decay
6914,0.001005225,0.001005225,0.002284602262,linear_decay
6915,0.00100443745,0.00100443745,0.002282812493,linear_decay
6916,0.001003650017,0.001003650017,0.002281022724,linear_decay
6917,0.001002862467,0.001002862467,0.002279232722,linear_decay
6918,0.001002075034,0.001002075034,0.002277443185,linear_decay
6919,0.001001287485,0.001001287485,0.002275653416,linear_decay
6920,0.001000500051,0.001000500051,0.002273863647,linear_decay
6921,0.0009997125017,0.0009997125017,0.002272073645,linear_decay
6922,0.000998924952,0.000998924952,0.002270284109,linear_decay
6923,0.0009981375188,0.0009981375188,0.00226849434,linear_decay
6924,0.0009973499691,0.0009973499691,0.002266704338,linear_decay
6925,0.0009965625359,0.0009965625359,0.002264914801,linear_decay
6926,0.0009957749862,0.0009957749862,0.002263125032,linear_decay
6927,0.000994987553,0.000994987553,0.002261335263,linear_decay
6928,0.0009942000033,0.0009942000033,0.002259545261,linear_decay
6929,0.0009934124537,0.0009934124537,0.002257755725,linear_decay
6930,0.0009926250204,0.0009926250204,0.002255965956,linear_decay
6931,0.0009918374708,0.0009918374708,0.002254175954,linear_decay
6932,0.0009910500376,0.0009910500376,0.002252386417,linear_decay
6933,0.0009902624879,0.0009902624879,0.002250596648,linear_decay
6934,0.0009894750547,0.0009894750547,0.002248806879,linear_decay
6935,0.000988687505,0.000988687505,0.002247016877,linear_decay
6936,0.0009878999554,0.0009878999554,0.002245227108,linear_decay
6937,0.0009871125221,0.0009871125221,0.002243437571,linear_decay
6938,0.0009863249725,0.0009863249725,0.002241647569,linear_decay
6939,0.0009855375392,0.0009855375392,0.002239858033,linear_decay
6940,0.0009847499896,0.0009847499896,0.002238068031,linear_decay
6941,0.0009839625563,0.0009839625563,0.002236278495,linear_decay
6942,0.0009831750067,0.0009831750067,0.002234488493,linear_decay
6943,0.000982387457,0.000982387457,0.002232698724,linear_decay
6944,0.0009816000238,0.0009816000238,0.002230909187,linear_decay
6945,0.0009808124742,0.0009808124742,0.002229119185,linear_decay
6946,0.0009800250409,0.0009800250409,0.002227329649,linear_decay
6947,0.0009792374913,0.0009792374913,0.002225539647,linear_decay
6948,0.000978450058,0.000978450058,0.002223750111,linear_decay
6949,0.0009776625084,0.0009776625084,0.002221960342,linear_decay
6950,0.0009768749587,0.0009768749587,0.00222017034,linear_decay
6951,0.0009760875255,0.0009760875255,0.00221838057,linear_decay
6952,0.0009752999758,0.0009752999758,0.002216590801,linear_decay
6953,0.0009745124844,0.0009745124844,0.002214801032,linear_decay
6954,0.0009737249929,0.0009737249929,0.002213011263,linear_decay
6955,0.0009729375015,0.0009729375015,0.002211221494,linear_decay
6956,0.0009721500101,0.0009721500101,0.002209431957,linear_decay
6957,0.0009713625186,0.0009713625186,0.002207642188,linear_decay
6958,0.0009705750272,0.0009705750272,0.002205852186,linear_decay
6959,0.0009697874775,0.0009697874775,0.002204062417,linear_decay
6960,0.0009689999861,0.0009689999861,0.002202272648,linear_decay
6961,0.0009682124946,0.0009682124946,0.002200482879,linear_decay
6962,0.0009674250032,0.0009674250032,0.00219869311,linear_decay
6963,0.0009666375117,0.0009666375117,0.002196903573,linear_decay
6964,0.0009658500203,0.0009658500203,0.002195113571,linear_decay
6965,0.0009650625288,0.0009650625288,0.002193323802,linear_decay
6966,0.0009642749792,0.0009642749792,0.002191534033,linear_decay
6967,0.0009634874878,0.0009634874878,0.002189744264,linear_decay
6968,0.0009626999963,0.0009626999963,0.002187954495,linear_decay
6969,0.0009619125049,0.0009619125049,0.002186164726,linear_decay
6970,0.0009611250134,0.0009611250134,0.002184375189,linear_decay
6971,0.000960337522,0.000960337522,0.002182585187,linear_decay
6972,0.0009595499723,0.0009595499723,0.002180795185,linear_decay
6973,0.0009587624809,0.0009587624809,0.002179005649,linear_decay
6974,0.0009579749894,0.0009579749894,0.00217721588,linear_decay
6975,0.000957187498,0.000957187498,0.002175426111,linear_decay
6976,0.0009564000065,0.0009564000065,0.002173636341,linear_decay
6977,0.0009556125151,0.0009556125151,0.002171846572,linear_decay
6978,0.0009548250237,0.0009548250237,0.002170056803,linear_decay
6979,0.000954037474,0.000954037474,0.002168266801,linear_decay
6980,0.0009532499826,0.0009532499826,0.002166477265,linear_decay
6981,0.0009524624911,0.0009524624911,0.002164687496,linear_decay
6982,0.0009516749997,0.0009516749997,0.002162897727,linear_decay
6983,0.0009508875082,0.0009508875082,0.002161107725,linear_decay
6984,0.0009501000168,0.0009501000168,0.002159318188,linear_decay
6985,0.0009493125253,0.0009493125253,0.002157528419,linear_decay
6986,0.0009485249757,0.0009485249757,0.002155738417,linear_decay
6987,0.0009477374842,0.0009477374842,0.002153948881,linear_decay
6988,0.0009469499928,0.0009469499928,0.002152159112,linear_decay
6989,0.0009461625014,0.0009461625014,0.002150369342,linear_decay
6990,0.0009453750099,0.0009453750099,0.002148579573,linear_decay
6991,0.0009445875185,0.0009445875185,0.002146789804,linear_decay
6992,0.000943800027,0.000943800027,0.002145000035,linear_decay
6993,0.0009430124774,0.0009430124774,0.002143210033,linear_decay
6994,0.0009422249859,0.0009422249859,0.002141420497,linear_decay
6995,0.0009414374945,0.0009414374945,0.002139630727,linear_decay
6996,0.000940650003,0.000940650003,0.002137840725,linear_decay
6997,0.0009398625116,0.0009398625116,0.002136051189,linear_decay
6998,0.0009390750201,0.0009390750201,0.00213426142,linear_decay
6999,0.0009382875287,0.0009382875287,0.002132471651,linear_decay
7000,0.000937499979,0.000937499979,0.002130681649,linear_decay
7001,0.0009367124876,0.0009367124876,0.002128892113,linear_decay
7002,0.0009359249962,0.0009359249962,0.002127102111,linear_decay
7003,0.0009351375047,0.0009351375047,0.002125312341,linear_decay
7004,0.0009343500133,0.0009343500133,0.002123522805,linear_decay
7005,0.0009335625218,0.0009335625218,0.002121733036,linear_decay
7006,0.0009327749722,0.0009327749722,0.002119943034,linear_decay
7007,0.0009319874807,0.0009319874807,0.002118153265,linear_decay
7008,0.0009311999893,0.0009311999893,0.002116363728,linear_decay
7009,0.0009304124978,0.0009304124978,0.002114573726,linear_decay
7010,0.0009296250064,0.0009296250064,0.002112783957,linear_decay
7011,0.0009288375149,0.0009288375149,0.002110994421,linear_decay
7012,0.0009280500235,0.0009280500235,0.002109204652,linear_decay
7013,0.0009272624739,0.0009272624739,0.00210741465,linear_decay
7014,0.0009264749824,0.0009264749824,0.002105625113,linear_decay
7015,0.000925687491,0.000925687491,0.002103835111,linear_decay
7016,0.0009248999995,0.0009248999995,0.002102045342,linear_decay
7017,0.0009241125081,0.0009241125081,0.002100255573,linear_decay
7018,0.0009233250166,0.0009233250166,0.002098466037,linear_decay
7019,0.0009225375252,0.0009225375252,0.002096676268,linear_decay
7020,0.0009217499755,0.0009217499755,0.002094886266,linear_decay
7021,0.0009209624841,0.0009209624841,0.002093096729,linear_decay
7022,0.0009201749926,0.0009201749926,0.002091306727,linear_decay
7023,0.0009193875012,0.0009193875012,0.002089516958,linear_decay
7024,0.0009186000098,0.0009186000098,0.002087727189,linear_decay
7025,0.0009178125183,0.0009178125183,0.002085937653,linear_decay
7026,0.0009170250269,0.0009170250269,0.002084147651,linear_decay
7027,0.0009162374772,0.0009162374772,0.002082357882,linear_decay
7028,0.0009154499858,0.0009154499858,0.002080568112,linear_decay
7029,0.0009146624943,0.0009146624943,0.002078778343,linear_decay
7030,0.0009138750029,0.0009138750029,0.002076988574,linear_decay
7031,0.0009130875114,0.0009130875114,0.002075198805,linear_decay
7032,0.00091230002,0.00091230002,0.002073409269,linear_decay
7033,0.0009115125285,0.0009115125285,0.002071619267,linear_decay
7034,0.0009107249789,0.0009107249789,0.002069829265,linear_decay
7035,0.0009099374874,0.0009099374874,0.002068039728,linear_decay
7036,0.000909149996,0.000909149996,0.002066249959,linear_decay
7037,0.0009083625046,0.0009083625046,0.00206446019,linear_decay
7038,0.0009075750131,0.0009075750131,0.002062670654,linear_decay
7039,0.0009067875217,0.0009067875217,0.002060880652,linear_decay
7040,0.0009060000302,0.0009060000302,0.002059090883,linear_decay
7041,0.0009052124806,0.0009052124806,0.002057300881,linear_decay
7042,0.0009044249891,0.0009044249891,0.002055511344,linear_decay
7043,0.0009036374977,0.0009036374977,0.002053721575,linear_decay
7044,0.0009028500062,0.0009028500062,0.002051931806,linear_decay
7045,0.0009020625148,0.0009020625148,0.002050142037,linear_decay
7046,0.0009012750234,0.0009012750234,0.002048352268,linear_decay
7047,0.0009004874737,0.0009004874737,0.002046562266,linear_decay
7048,0.0008996999823,0.0008996999823,0.002044772496,linear_decay
7049,0.0008989124908,0.0008989124908,0.00204298296,linear_decay
7050,0.0008981249994,0.0008981249994,0.002041193191,linear_decay
7051,0.0008973375079,0.0008973375079,0.002039403422,linear_decay
7052,0.0008965500165,0.0008965500165,0.002037613653,linear_decay
7053,0.000895762525,0.000895762525,0.002035823883,linear_decay
7054,0.0008949749754,0.0008949749754,0.002034033882,linear_decay
7055,0.0008941874839,0.0008941874839,0.002032244345,linear_decay
7056,0.0008933999925,0.0008933999925,0.002030454576,linear_decay
7057,0.000892612501,0.000892612501,0.002028664807,linear_decay
7058,0.0008918250096,0.0008918250096,0.002026874805,linear_decay
7059,0.0008910375182,0.0008910375182,0.002025085269,linear_decay
7060,0.0008902500267,0.0008902500267,0.002023295499,linear_decay
7061,0.0008894624771,0.0008894624771,0.002021505497,linear_decay
7062,0.0008886749856,0.0008886749856,0.002019715961,linear_decay
7063,0.0008878874942,0.0008878874942,0.002017926192,linear_decay
7064,0.0008871000027,0.0008871000027,0.00201613619,linear_decay
7065,0.0008863125113,0.0008863125113,0.002014346421,linear_decay
7066,0.0008855250198,0.0008855250198,0.002012556884,linear_decay
7067,0.0008847375284,0.0008847375284,0.002010767115,linear_decay
7068,0.0008839499787,0.0008839499787,0.002008977113,linear_decay
7069,0.0008831624873,0.0008831624873,0.002007187577,linear_decay
7070,0.0008823749959,0.0008823749959,0.002005397808,linear_decay
7071,0.0008815875044,0.0008815875044,0.002003607806,linear_decay
7072,0.000880800013,0.000880800013,0.002001818037,linear_decay
7073,0.0008800125215,0.0008800125215,0.0020000285,linear_decay
7074,0.0008792250301,0.0008792250301,0.001998238731,linear_decay
7075,0.0008784374804,0.0008784374804,0.001996448729,linear_decay
7076,0.000877649989,0.000877649989,0.001994659193,linear_decay
7077,0.0008768624975,0.0008768624975,0.001992869191,linear_decay
7078,0.0008760750061,0.0008760750061,0.001991079422,linear_decay
7079,0.0008752875146,0.0008752875146,0.001989289885,linear_decay
7080,0.0008745000232,0.0008745000232,0.001987500116,linear_decay
7081,0.0008737124735,0.0008737124735,0.001985710114,linear_decay
7082,0.0008729249821,0.0008729249821,0.001983920345,linear_decay
7083,0.0008721374907,0.0008721374907,0.001982130809,linear_decay
7084,0.0008713499992,0.0008713499992,0.001980340807,linear_decay
7085,0.0008705625078,0.0008705625078,0.001978551038,linear_decay
7086,0.0008697750163,0.0008697750163,0.001976761501,linear_decay
7087,0.0008689875249,0.0008689875249,0.001974971732,linear_decay
7088,0.0008681999752,0.0008681999752,0.00197318173,linear_decay
7089,0.0008674124838,0.0008674124838,0.001971391961,linear_decay
7090,0.0008666249923,0.0008666249923,0.001969602192,linear_decay
7091,0.0008658375009,0.0008658375009,0.001967812423,linear_decay
7092,0.0008650500095,0.0008650500095,0.001966022654,linear_decay
7093,0.000864262518,0.000864262518,0.001964233117,linear_decay
7094,0.0008634750266,0.0008634750266,0.001962443115,linear_decay
7095,0.0008626874769,0.0008626874769,0.001960653346,linear_decay
7096,0.0008618999855,0.0008618999855,0.001958863577,linear_decay
7097,0.000861112494,0.000861112494,0.001957073808,linear_decay
7098,0.0008603250026,0.0008603250026,0.001955284039,linear_decay
7099,0.0008595375111,0.0008595375111,0.001953494269,linear_decay
7100,0.0008587500197,0.0008587500197,0.001951704617,linear_decay
7101,0.0008579625282,0.0008579625282,0.001949914731,linear_decay
7102,0.0008571749786,0.0008571749786,0.001948125078,linear_decay
7103,0.0008563874871,0.0008563874871,0.001946335076,linear_decay
7104,0.0008555999957,0.0008555999957,0.001944545424,linear_decay
7105,0.0008548125043,0.0008548125043,0.001942755654,linear_decay
7106,0.0008540250128,0.0008540250128,0.001940966002,linear_decay
7107,0.0008532375214,0.0008532375214,0.001939176,linear_decay
7108,0.0008524500299,0.0008524500299,0.001937386347,linear_decay
7109,0.0008516624803,0.0008516624803,0.001935596461,linear_decay
7110,0.0008508749888,0.0008508749888,0.001933806692,linear_decay
7111,0.0008500874974,0.0008500874974,0.00193201704,linear_decay
7112,0.0008493000059,0.0008493000059,0.00193022727,linear_decay
7113,0.0008485125145,0.0008485125145,0.001928437618,linear_decay
7114,0.000847725023,0.000847725023,0.001926647732,linear_decay
7115,0.0008469374734,0.0008469374734,0.00192485773,linear_decay
7116,0.000846149982,0.000846149982,0.001923068077,linear_decay
7117,0.0008453624905,0.0008453624905,0.001921278308,linear_decay
7118,0.0008445749991,0.0008445749991,0.001919488655,linear_decay
7119,0.0008437875076,0.0008437875076,0.001917698886,linear_decay
7120,0.0008430000162,0.0008430000162,0.001915909001,linear_decay
7121,0.0008422125247,0.0008422125247,0.001914119348,linear_decay
7122,0.0008414249751,0.0008414249751,0.001912329346,linear_decay
7123,0.0008406374836,0.0008406374836,0.001910539693,linear_decay
7124,0.0008398499922,0.0008398499922,0.001908749924,linear_decay
7125,0.0008390625007,0.0008390625007,0.001906960271,linear_decay
7126,0.0008382750093,0.0008382750093,0.001905170386,linear_decay
7127,0.0008374875179,0.0008374875179,0.001903380617,linear_decay
7128,0.0008367000264,0.0008367000264,0.001901590964,linear_decay
7129,0.0008359124768,0.0008359124768,0.001899800962,linear_decay
7130,0.0008351249853,0.0008351249853,0.001898011309,linear_decay
7131,0.0008343374939,0.0008343374939,0.00189622154,linear_decay
7132,0.0008335500024,0.0008335500024,0.001894431887,linear_decay
7133,0.000832762511,0.000832762511,0.001892642002,linear_decay
7134,0.0008319750195,0.0008319750195,0.001890852232,linear_decay
7135,0.0008311875281,0.0008311875281,0.00188906258,linear_decay
7136,0.0008303999784,0.0008303999784,0.001887272578,linear_decay
7137,0.000829612487,0.000829612487,0.001885482925,linear_decay
7138,0.0008288249956,0.0008288249956,0.001883693272,linear_decay
7139,0.0008280375041,0.0008280375041,0.00188190327,linear_decay
7140,0.0008272500127,0.0008272500127,0.001880113618,linear_decay
7141,0.0008264625212,0.0008264625212,0.001878323848,linear_decay
7142,0.0008256750298,0.0008256750298,0.001876534196,linear_decay
7143,0.0008248874801,0.0008248874801,0.00187474431,linear_decay
7144,0.0008240999887,0.0008240999887,0.001872954424,linear_decay
7145,0.0008233124972,0.0008233124972,0.001871164772,linear_decay
7146,0.0008225250058,0.0008225250058,0.001869375003,linear_decay
7147,0.0008217375143,0.0008217375143,0.001867585233,linear_decay
7148,0.0008209500229,0.0008209500229,0.001865795464,linear_decay
7149,0.0008201624732,0.0008201624732,0.001864005579,linear_decay
7150,0.0008193749818,0.0008193749818,0.001862215926,linear_decay
7151,0.0008185874904,0.0008185874904,0.00186042604,linear_decay
7152,0.0008177999989,0.0008177999989,0.001858636388,linear_decay
7153,0.0008170125075,0.0008170125075,0.001856846502,linear_decay
7154,0.000816225016,0.000816225016,0.001855056849,linear_decay
7155,0.0008154375246,0.0008154375246,0.00185326708,linear_decay
7156,0.0008146499749,0.0008146499749,0.001851477195,linear_decay
7157,0.0008138624835,0.0008138624835,0.001849687425,linear_decay
7158,0.000813074992,0.000813074992,0.001847897656,linear_decay
7159,0.0008122875006,0.0008122875006,0.001846107887,linear_decay
7160,0.0008115000091,0.0008115000091,0.001844318118,linear_decay
7161,0.0008107125177,0.0008107125177,0.001842528465,linear_decay
7162,0.0008099250263,0.0008099250263,0.001840738696,linear_decay
7163,0.0008091374766,0.0008091374766,0.00183894881,linear_decay
7164,0.0008083499852,0.0008083499852,0.001837159041,linear_decay
7165,0.0008075624937,0.0008075624937,0.001835369272,linear_decay
7166,0.0008067750023,0.0008067750023,0.001833579503,linear_decay
7167,0.0008059875108,0.0008059875108,0.00183178985,linear_decay
7168,0.0008052000194,0.0008052000194,0.001829999965,linear_decay
7169,0.0008044125279,0.0008044125279,0.001828210312,linear_decay
7170,0.0008036249783,0.0008036249783,0.00182642031,linear_decay
7171,0.0008028374868,0.0008028374868,0.001824630657,linear_decay
7172,0.0008020499954,0.0008020499954,0.001822840772,linear_decay
7173,0.000801262504,0.000801262504,0.001821051119,linear_decay
7174,0.0008004750125,0.0008004750125,0.00181926135,linear_decay
7175,0.0007996875211,0.0007996875211,0.001817471581,linear_decay
7176,0.0007989000296,0.0007989000296,0.001815681928,linear_decay
7177,0.00079811248,0.00079811248,0.001813891926,linear_decay
7178,0.0007973249885,0.0007973249885,0.001812102273,linear_decay
7179,0.0007965374971,0.0007965374971,0.001810312504,linear_decay
7180,0.0007957500056,0.0007957500056,0.001808522735,linear_decay
7181,0.0007949625142,0.0007949625142,0.001806732966,linear_decay
7182,0.0007941750227,0.0007941750227,0.001804943196,linear_decay
7183,0.0007933874731,0.0007933874731,0.001803153311,linear_decay
7184,0.0007925999817,0.0007925999817,0.001801363542,linear_decay
7185,0.0007918124902,0.0007918124902,0.001799573773,linear_decay
7186,0.0007910249988,0.0007910249988,0.00179778412,linear_decay
7187,0.0007902375073,0.0007902375073,0.001795994234,linear_decay
7188,0.0007894500159,0.0007894500159,0.001794204582,linear_decay
7189,0.0007886625244,0.0007886625244,0.001792414696,linear_decay
7190,0.0007878749748,0.0007878749748,0.001790624927,linear_decay
7191,0.0007870874833,0.0007870874833,0.001788835158,linear_decay
7192,0.0007862999919,0.0007862999919,0.001787045388,linear_decay
7193,0.0007855125004,0.0007855125004,0.001785255736,linear_decay
7194,0.000784725009,0.000784725009,0.00178346585,linear_decay
7195,0.0007839375176,0.0007839375176,0.001781676197,linear_decay
7196,0.0007831500261,0.0007831500261,0.001779886312,linear_decay
7197,0.0007823624765,0.0007823624765,0.001778096543,linear_decay
7198,0.000781574985,0.000781574985,0.001776306774,linear_decay
7199,0.0007807874936,0.0007807874936,0.001774517004,linear_decay
7200,0.0007800000021,0.0007800000021,0.001772727235,linear_decay
7201,0.0007792125107,0.0007792125107,0.001770937466,linear_decay
7202,0.0007784250192,0.0007784250192,0.001769147697,linear_decay
7203,0.0007776375278,0.0007776375278,0.001767358044,linear_decay
7204,0.0007768499781,0.0007768499781,0.001765568042,linear_decay
7205,0.0007760624867,0.0007760624867,0.001763778389,linear_decay
7206,0.0007752749952,0.0007752749952,0.001761988504,linear_decay
7207,0.0007744875038,0.0007744875038,0.001760198851,linear_decay
7208,0.0007737000124,0.0007737000124,0.001758409198,linear_decay
7209,0.0007729125209,0.0007729125209,0.001756619313,linear_decay
7210,0.0007721250295,0.0007721250295,0.00175482966,linear_decay
7211,0.0007713374798,0.0007713374798,0.001753039658,linear_decay
7212,0.0007705499884,0.0007705499884,0.001751250005,linear_decay
7213,0.0007697624969,0.0007697624969,0.00174946012,linear_decay
7214,0.0007689750055,0.0007689750055,0.001747670467,linear_decay
7215,0.000768187514,0.000768187514,0.001745880698,linear_decay
7216,0.0007674000226,0.0007674000226,0.001744090929,linear_decay
7217,0.0007666125312,0.0007666125312,0.00174230116,linear_decay
7218,0.0007658249815,0.0007658249815,0.001740511274,linear_decay
7219,0.0007650374901,0.0007650374901,0.001738721505,linear_decay
7220,0.0007642499986,0.0007642499986,0.001736931852,linear_decay
7221,0.0007634625072,0.0007634625072,0.001735141966,linear_decay
7222,0.0007626750157,0.0007626750157,0.001733352314,linear_decay
7223,0.0007618875243,0.0007618875243,0.001731562545,linear_decay
7224,0.0007610999746,0.0007610999746,0.001729772659,linear_decay
7225,0.0007603124832,0.0007603124832,0.00172798289,linear_decay
7226,0.0007595249917,0.0007595249917,0.001726193121,linear_decay
7227,0.0007587375003,0.0007587375003,0.001724403468,linear_decay
7228,0.0007579500088,0.0007579500088,0.001722613582,linear_decay
7229,0.0007571625174,0.0007571625174,0.00172082393,linear_decay
7230,0.000756375026,0.000756375026,0.001719034044,linear_decay
7231,0.0007555874763,0.0007555874763,0.001717244275,linear_decay
7232,0.0007547999849,0.0007547999849,0.001715454506,linear_decay
7233,0.0007540124934,0.0007540124934,0.001713664737,linear_decay
7234,0.000753225002,0.000753225002,0.001711874967,linear_decay
7235,0.0007524375105,0.0007524375105,0.001710085198,linear_decay
7236,0.0007516500191,0.0007516500191,0.001708295429,linear_decay
7237,0.0007508625276,0.0007508625276,0.00170650566,linear_decay
7238,0.000750074978,0.000750074978,0.001704715774,linear_decay
7239,0.0007492874865,0.0007492874865,0.001702926122,linear_decay
7240,0.0007484999951,0.0007484999951,0.001701136236,linear_decay
7241,0.0007477125037,0.0007477125037,0.001699346583,linear_decay
7242,0.0007469250122,0.0007469250122,0.001697556814,linear_decay
7243,0.0007461375208,0.0007461375208,0.001695767045,linear_decay
7244,0.0007453500293,0.0007453500293,0.001693977392,linear_decay
7245,0.0007445624797,0.0007445624797,0.00169218739,linear_decay
7246,0.0007437749882,0.0007437749882,0.001690397738,linear_decay
7247,0.0007429874968,0.0007429874968,0.001688607852,linear_decay
7248,0.0007422000053,0.0007422000053,0.001686818199,linear_decay
7249,0.0007414125139,0.0007414125139,0.00168502843,linear_decay
7250,0.0007406250224,0.0007406250224,0.001683238661,linear_decay
7251,0.000739837531,0.000739837531,0.001681448892,linear_decay
7252,0.0007390499813,0.0007390499813,0.001679659006,linear_decay
7253,0.0007382624899,0.0007382624899,0.001677869237,linear_decay
7254,0.0007374749985,0.0007374749985,0.001676079468,linear_decay
7255,0.000736687507,0.000736687507,0.001674289815,linear_decay
7256,0.0007359000156,0.0007359000156,0.001672500046,linear_decay
7257,0.0007351125241,0.0007351125241,0.001670710277,linear_decay
7258,0.0007343249745,0.0007343249745,0.001668920391,linear_decay
7259,0.000733537483,0.000733537483,0.001667130622,linear_decay
7260,0.0007327499916,0.0007327499916,0.001665340853,linear_decay
7261,0.0007319625001,0.0007319625001,0.0016635512,linear_decay
7262,0.0007311750087,0.0007311750087,0.001661761315,linear_decay
7263,0.0007303875173,0.0007303875173,0.001659971662,linear_decay
7264,0.0007296000258,0.0007296000258,0.001658181776,linear_decay
7265,0.0007288124762,0.0007288124762,0.001656392007,linear_decay
7266,0.0007280249847,0.0007280249847,0.001654602122,linear_decay
7267,0.0007272374933,0.0007272374933,0.001652812469,linear_decay
7268,0.0007264500018,0.0007264500018,0.0016510227,linear_decay
7269,0.0007256625104,0.0007256625104,0.001649232931,linear_decay
7270,0.0007248750189,0.0007248750189,0.001647443278,linear_decay
7271,0.0007240875275,0.0007240875275,0.001645653392,linear_decay
7272,0.0007232999778,0.0007232999778,0.001643863507,linear_decay
7273,0.0007225124864,0.0007225124864,0.001642073854,linear_decay
7274,0.0007217249949,0.0007217249949,0.001640284085,linear_decay
7275,0.0007209375035,0.0007209375035,0.001638494316,linear_decay
7276,0.0007201500121,0.0007201500121,0.001636704546,linear_decay
7277,0.0007193625206,0.0007193625206,0.001634914777,linear_decay
7278,0.0007185750292,0.0007185750292,0.001633125008,linear_decay
7279,0.0007177874795,0.0007177874795,0.001631335123,linear_decay
7280,0.0007169999881,0.0007169999881,0.00162954547,linear_decay
7281,0.0007162124966,0.0007162124966,0.001627755584,linear_decay
7282,0.0007154250052,0.0007154250052,0.001625965931,linear_decay
7283,0.0007146375137,0.0007146375137,0.001624176046,linear_decay
7284,0.0007138500223,0.0007138500223,0.001622386393,linear_decay
7285,0.0007130625308,0.0007130625308,0.00162059674,linear_decay
7286,0.0007122749812,0.0007122749812,0.001618806738,linear_decay
7287,0.0007114874898,0.0007114874898,0.001617016969,linear_decay
7288,0.0007106999983,0.0007106999983,0.0016152272,linear_decay
7289,0.0007099125069,0.0007099125069,0.001613437547,linear_decay
7290,0.0007091250154,0.0007091250154,0.001611647662,linear_decay
7291,0.000708337524,0.000708337524,0.001609858009,linear_decay
7292,0.0007075499743,0.0007075499743,0.001608068123,linear_decay
7293,0.0007067624829,0.0007067624829,0.001606278354,linear_decay
7294,0.0007059749914,0.0007059749914,0.001604488585,linear_decay
7295,0.0007051875,0.0007051875,0.001602698816,linear_decay
7296,0.0007044000085,0.0007044000085,0.001600909047,linear_decay
7297,0.0007036125171,0.0007036125171,0.001599119394,linear_decay
7298,0.0007028250257,0.0007028250257,0.001597329509,linear_decay
7299,0.000702037476,0.000702037476,0.001595539739,linear_decay
7300,0.0007012499846,0.0007012499846,0.001593749854,linear_decay
7301,0.0007004624931,0.0007004624931,0.001591960201,linear_decay
7302,0.0006996750017,0.0006996750017,0.001590170432,linear_decay
7303,0.0006988875102,0.0006988875102,0.001588380663,linear_decay
7304,0.0006981000188,0.0006981000188,0.00158659101,linear_decay
7305,0.0006973125273,0.0006973125273,0.001584801124,linear_decay
7306,0.0006965249777,0.0006965249777,0.001583011355,linear_decay
7307,0.0006957374862,0.0006957374862,0.00158122147,linear_decay
7308,0.0006949499948,0.0006949499948,0.001579431817,linear_decay
7309,0.0006941625034,0.0006941625034,0.001577642048,linear_decay
7310,0.0006933750119,0.0006933750119,0.001575852279,linear_decay
7311,0.0006925875205,0.0006925875205,0.001574062509,linear_decay
7312,0.000691800029,0.000691800029,0.00157227274,linear_decay
7313,0.0006910124794,0.0006910124794,0.001570482855,linear_decay
7314,0.0006902249879,0.0006902249879,0.001568693202,linear_decay
7315,0.0006894374965,0.0006894374965,0.001566903316,linear_decay
7316,0.000688650005,0.000688650005,0.001565113664,linear_decay
7317,0.0006878625136,0.0006878625136,0.001563323778,linear_decay
7318,0.0006870750221,0.0006870750221,0.001561534125,linear_decay
7319,0.0006862875307,0.0006862875307,0.001559744356,linear_decay
7320,0.000685499981,0.000685499981,0.001557954471,linear_decay
7321,0.0006847124896,0.0006847124896,0.001556164818,linear_decay
7322,0.0006839249982,0.0006839249982,0.001554374932,linear_decay
7323,0.0006831375067,0.0006831375067,0.00155258528,linear_decay
7324,0.0006823500153,0.0006823500153,0.001550795394,linear_decay
7325,0.0006815625238,0.0006815625238,0.001549005741,linear_decay
7326,0.0006807749742,0.0006807749742,0.001547215856,linear_decay
7327,0.0006799874827,0.0006799874827,0.001545426087,linear_decay
7328,0.0006791999913,0.0006791999913,0.001543636317,linear_decay
7329,0.0006784124998,0.0006784124998,0.001541846548,linear_decay
7330,0.0006776250084,0.0006776250084,0.001540056779,linear_decay
7331,0.0006768375169,0.0006768375169,0.00153826701,linear_decay
7332,0.0006760500255,0.0006760500255,0.001536477357,linear_decay
7333,0.0006752624759,0.0006752624759,0.001534687472,linear_decay
7334,0.0006744749844,0.0006744749844,0.001532897586,linear_decay
7335,0.000673687493,0.000673687493,0.001531107933,linear_decay
7336,0.0006729000015,0.0006729000015,0.001529318164,linear_decay
7337,0.0006721125101,0.0006721125101,0.001527528395,linear_decay
7338,0.0006713250186,0.0006713250186,0.001525738742,linear_decay
7339,0.0006705375272,0.0006705375272,0.001523948857,linear_decay
7340,0.0006697499775,0.0006697499775,0.001522159087,linear_decay
7341,0.0006689624861,0.0006689624861,0.001520369202,linear_decay
7342,0.0006681749946,0.0006681749946,0.001518579549,linear_decay
7343,0.0006673875032,0.0006673875032,0.00151678978,linear_decay
7344,0.0006666000118,0.0006666000118,0.001515000011,linear_decay
7345,0.0006658125203,0.0006658125203,0.001513210242,linear_decay
7346,0.0006650250289,0.0006650250289,0.001511420473,linear_decay
7347,0.0006642374792,0.0006642374792,0.001509630587,linear_decay
7348,0.0006634499878,0.0006634499878,0.001507840818,linear_decay
7349,0.0006626624963,0.0006626624963,0.001506051049,linear_decay
7350,0.0006618750049,0.0006618750049,0.001504261396,linear_decay
7351,0.0006610875134,0.0006610875134,0.001502471627,linear_decay
7352,0.000660300022,0.000660300022,0.001500681858,linear_decay
7353,0.0006595125305,0.0006595125305,0.001498892088,linear_decay
7354,0.0006587249809,0.0006587249809,0.001497102203,linear_decay
7355,0.0006579374894,0.0006579374894,0.00149531255,linear_decay
7356,0.000657149998,0.000657149998,0.001493522665,linear_decay
7357,0.0006563625066,0.0006563625066,0.001491733012,linear_decay
7358,0.0006555750151,0.0006555750151,0.001489943126,linear_decay
7359,0.0006547875237,0.0006547875237,0.001488153473,linear_decay
7360,0.0006540000322,0.0006540000322,0.001486363588,linear_decay
7361,0.0006532124826,0.0006532124826,0.001484573819,linear_decay
7362,0.0006524249911,0.0006524249911,0.00148278405,linear_decay
7363,0.0006516374997,0.0006516374997,0.00148099428,linear_decay
7364,0.0006508500082,0.0006508500082,0.001479204511,linear_decay
7365,0.0006500625168,0.0006500625168,0.001477414742,linear_decay
7366,0.0006492750254,0.0006492750254,0.001475625089,linear_decay
7367,0.0006484874757,0.0006484874757,0.001473835204,linear_decay
7368,0.0006476999843,0.0006476999843,0.001472045435,linear_decay
7369,0.0006469124928,0.0006469124928,0.001470255665,linear_decay
7370,0.0006461250014,0.0006461250014,0.001468465896,linear_decay
7371,0.0006453375099,0.0006453375099,0.001466676127,linear_decay
7372,0.0006445500185,0.0006445500185,0.001464886358,linear_decay
7373,0.000643762527,0.000643762527,0.001463096589,linear_decay
7374,0.0006429749774,0.0006429749774,0.00146130682,linear_decay
7375,0.0006421874859,0.0006421874859,0.001459516934,linear_decay
7376,0.0006413999945,0.0006413999945,0.001457727281,linear_decay
7377,0.000640612503,0.000640612503,0.001455937396,linear_decay
7378,0.0006398250116,0.0006398250116,0.001454147743,linear_decay
7379,0.0006390375202,0.0006390375202,0.001452357974,linear_decay
7380,0.0006382500287,0.0006382500287,0.001450568205,linear_decay
7381,0.0006374624791,0.0006374624791,0.001448778319,linear_decay
7382,0.0006366749876,0.0006366749876,0.00144698855,linear_decay
7383,0.0006358874962,0.0006358874962,0.001445198897,linear_decay
7384,0.0006351000047,0.0006351000047,0.001443409012,linear_decay
7385,0.0006343125133,0.0006343125133,0.001441619359,linear_decay
7386,0.0006335250218,0.0006335250218,0.00143982959,linear_decay
7387,0.0006327375304,0.0006327375304,0.001438039821,linear_decay
7388,0.0006319499807,0.0006319499807,0.001436249935,linear_decay
7389,0.0006311624893,0.0006311624893,0.001434460166,linear_decay
7390,0.0006303749979,0.0006303749979,0.001432670397,linear_decay
7391,0.0006295875064,0.0006295875064,0.001430880744,linear_decay
7392,0.000628800015,0.000628800015,0.001429090858,linear_decay
7393,0.0006280125235,0.0006280125235,0.001427301206,linear_decay
7394,0.0006272250321,0.0006272250321,0.00142551132,linear_decay
7395,0.0006264374824,0.0006264374824,0.001423721551,linear_decay
7396,0.000625649991,0.000625649991,0.001421931782,linear_decay
7397,0.0006248624995,0.0006248624995,0.001420142013,linear_decay
7398,0.0006240750081,0.0006240750081,0.00141835236,linear_decay
7399,0.0006232875166,0.0006232875166,0.001416562474,linear_decay
7400,0.0006225000252,0.0006225000252,0.001414772822,linear_decay
7401,0.0006217124755,0.0006217124755,0.00141298282,linear_decay
7402,0.0006209249841,0.0006209249841,0.001411193167,linear_decay
7403,0.0006201374927,0.0006201374927,0.001409403398,linear_decay
7404,0.0006193500012,0.0006193500012,0.001407613629,linear_decay
7405,0.0006185625098,0.0006185625098,0.001405823859,linear_decay
7406,0.0006177750183,0.0006177750183,0.00140403409,linear_decay
7407,0.0006169875269,0.0006169875269,0.001402244321,linear_decay
7408,0.0006161999772,0.0006161999772,0.001400454552,linear_decay
7409,0.0006154124858,0.0006154124858,0.001398664666,linear_decay
7410,0.0006146249943,0.0006146249943,0.001396875014,linear_decay
7411,0.0006138375029,0.0006138375029,0.001395085128,linear_decay
7412,0.0006130500115,0.0006130500115,0.001393295475,linear_decay
7413,0.00061226252,0.00061226252,0.001391505706,linear_decay
7414,0.0006114750286,0.0006114750286,0.001389715937,linear_decay
7415,0.0006106874789,0.0006106874789,0.001387926051,linear_decay
7416,0.0006098999875,0.0006098999875,0.001386136282,linear_decay
7417,0.000609112496,0.000609112496,0.001384346629,linear_decay
7418,0.0006083250046,0.0006083250046,0.001382556744,linear_decay
7419,0.0006075375131,0.0006075375131,0.001380767091,linear_decay
7420,0.0006067500217,0.0006067500217,0.001378977322,linear_decay
7421,0.0006059625302,0.0006059625302,0.001377187553,linear_decay
7422,0.0006051749806,0.0006051749806,0.001375397667,linear_decay
7423,0.0006043874891,0.0006043874891,0.001373607898,linear_decay
7424,0.0006035999977,0.0006035999977,0.001371818129,linear_decay
7425,0.0006028125063,0.0006028125063,0.00137002836,linear_decay
7426,0.0006020250148,0.0006020250148,0.001368238591,linear_decay
7427,0.0006012375234,0.0006012375234,0.001366448938,linear_decay
7428,0.0006004500319,0.0006004500319,0.001364659169,linear_decay
7429,0.0005996624823,0.0005996624823,0.001362869283,linear_decay
7430,0.0005988749908,0.0005988749908,0.001361079398,linear_decay
7431,0.0005980874994,0.0005980874994,0.001359289745,linear_decay
7432,0.0005973000079,0.0005973000079,0.001357500092,linear_decay
7433,0.0005965125165,0.0005965125165,0.001355710207,linear_decay
7434,0.0005957250251,0.0005957250251,0.001353920554,linear_decay
7435,0.0005949374754,0.0005949374754,0.001352130552,linear_decay
7436,0.000594149984,0.000594149984,0.001350340899,linear_decay
7437,0.0005933624925,0.0005933624925,0.00134855113,linear_decay
7438,0.0005925750011,0.0005925750011,0.001346761361,linear_decay
7439,0.0005917875096,0.0005917875096,0.001344971592,linear_decay
7440,0.0005910000182,0.0005910000182,0.001343181822,linear_decay
7441,0.0005902125267,0.0005902125267,0.001341392053,linear_decay
7442,0.0005894249771,0.0005894249771,0.001339602168,linear_decay
7443,0.0005886374856,0.0005886374856,0.001337812399,linear_decay
7444,0.0005878499942,0.0005878499942,0.001336022746,linear_decay
7445,0.0005870625027,0.0005870625027,0.001334232977,linear_decay
7446,0.0005862750113,0.0005862750113,0.001332443208,linear_decay
7447,0.0005854875199,0.0005854875199,0.001330653438,linear_decay
7448,0.0005847000284,0.0005847000284,0.001328863669,linear_decay
7449,0.0005839124788,0.0005839124788,0.0013270739,linear_decay
7450,0.0005831249873,0.0005831249873,0.001325284014,linear_decay
7451,0.0005823374959,0.0005823374959,0.001323494362,linear_decay
7452,0.0005815500044,0.0005815500044,0.001321704476,linear_decay
7453,0.000580762513,0.000580762513,0.001319914823,linear_decay
7454,0.0005799750215,0.0005799750215,0.001318124938,linear_decay
7455,0.0005791875301,0.0005791875301,0.001316335285,linear_decay
7456,0.0005783999804,0.0005783999804,0.0013145454,linear_decay
7457,0.000577612489,0.000577612489,0.00131275563,linear_decay
7458,0.0005768249976,0.0005768249976,0.001310965861,linear_decay
7459,0.0005760375061,0.0005760375061,0.001309176092,linear_decay
7460,0.0005752500147,0.0005752500147,0.001307386439,linear_decay
7461,0.0005744625232,0.0005744625232,0.00130559667,linear_decay
7462,0.0005736750318,0.0005736750318,0.001303806901,linear_decay
7463,0.0005728874821,0.0005728874821,0.001302017015,linear_decay
7464,0.0005720999907,0.0005720999907,0.001300227246,linear_decay
7465,0.0005713124992,0.0005713124992,0.001298437477,linear_decay
7466,0.0005705250078,0.0005705250078,0.001296647708,linear_decay
7467,0.0005697375163,0.0005697375163,0.001294857939,linear_decay
7468,0.0005689500249,0.0005689500249,0.001293068286,linear_decay
7469,0.0005681624752,0.0005681624752,0.001291278284,linear_decay
7470,0.0005673749838,0.0005673749838,0.001289488631,linear_decay
7471,0.0005665874924,0.0005665874924,0.001287698746,linear_decay
7472,0.0005658000009,0.0005658000009,0.001285909093,linear_decay
7473,0.0005650125095,0.0005650125095,0.001284119324,linear_decay
7474,0.000564225018,0.000564225018,0.001282329555,linear_decay
7475,0.0005634375266,0.0005634375266,0.001280539902,linear_decay
7476,0.0005626499769,0.0005626499769,0.0012787499,linear_decay
7477,0.0005618624855,0.0005618624855,0.001276960131,linear_decay
7478,0.000561074994,0.000561074994,0.001275170362,linear_decay
7479,0.0005602875026,0.0005602875026,0.001273380709,linear_decay
7480,0.0005595000111,0.0005595000111,0.00127159094,linear_decay
7481,0.0005587125197,0.0005587125197,0.001269801171,linear_decay
7482,0.0005579250283,0.0005579250283,0.001268011401,linear_decay
7483,0.0005571374786,0.0005571374786,0.001266221516,linear_decay
7484,0.0005563499872,0.0005563499872,0.001264431747,linear_decay
7485,0.0005555624957,0.0005555624957,0.001262642094,linear_decay
7486,0.0005547750043,0.0005547750043,0.001260852208,linear_decay
7487,0.0005539875128,0.0005539875128,0.001259062556,linear_decay
7488,0.0005532000214,0.0005532000214,0.00125727267,linear_decay
7489,0.0005524125299,0.0005524125299,0.001255483017,linear_decay
7490,0.0005516249803,0.0005516249803,0.001253693132,linear_decay
7491,0.0005508374888,0.0005508374888,0.001251903363,linear_decay
7492,0.0005500499974,0.0005500499974,0.001250113593,linear_decay
7493,0.000549262506,0.000549262506,0.001248323824,linear_decay
7494,0.0005484750145,0.0005484750145,0.001246534172,linear_decay
7495,0.0005476875231,0.0005476875231,0.001244744286,linear_decay
7496,0.0005469000316,0.0005469000316,0.001242954633,linear_decay
7497,0.000546112482,0.000546112482,0.001241164748,linear_decay
7498,0.0005453249905,0.0005453249905,0.001239374978,linear_decay
7499,0.0005445374991,0.0005445374991,0.001237585209,linear_decay
7500,0.0005437500076,0.0005437500076,0.00123579544,linear_decay
7501,0.0005429625162,0.0005429625162,0.001234005671,linear_decay
7502,0.0005421750247,0.0005421750247,0.001232215902,linear_decay
7503,0.0005413874751,0.0005413874751,0.001230426016,linear_decay
7504,0.0005405999837,0.0005405999837,0.001228636364,linear_decay
7505,0.0005398124922,0.0005398124922,0.001226846478,linear_decay
7506,0.0005390250008,0.0005390250008,0.001225056825,linear_decay
7507,0.0005382375093,0.0005382375093,0.00122326694,linear_decay
7508,0.0005374500179,0.0005374500179,0.001221477287,linear_decay
7509,0.0005366625264,0.0005366625264,0.001219687634,linear_decay
7510,0.0005358749768,0.0005358749768,0.001217897632,linear_decay
7511,0.0005350874853,0.0005350874853,0.001216107979,linear_decay
7512,0.0005342999939,0.0005342999939,0.001214318094,linear_decay
7513,0.0005335125024,0.0005335125024,0.001212528441,linear_decay
7514,0.000532725011,0.000532725011,0.001210738672,linear_decay
7515,0.0005319375196,0.0005319375196,0.001208948903,linear_decay
7516,0.0005311500281,0.0005311500281,0.001207159134,linear_decay
7517,0.0005303624785,0.0005303624785,0.001205369248,linear_decay
7518,0.000529574987,0.000529574987,0.001203579479,linear_decay
7519,0.0005287874956,0.0005287874956,0.00120178971,linear_decay
7520,0.0005280000041,0.0005280000041,0.001199999941,linear_decay
7521,0.0005272125127,0.0005272125127,0.001198210288,linear_decay
7522,0.0005264250212,0.0005264250212,0.001196420402,linear_decay
7523,0.0005256375298,0.0005256375298,0.00119463075,linear_decay
7524,0.0005248499801,0.0005248499801,0.001192840748,linear_decay
7525,0.0005240624887,0.0005240624887,0.001191051095,linear_decay
7526,0.0005232749972,0.0005232749972,0.001189261442,linear_decay
7527,0.0005224875058,0.0005224875058,0.001187471556,linear_decay
7528,0.0005217000144,0.0005217000144,0.001185681904,linear_decay
7529,0.0005209125229,0.0005209125229,0.001183892018,linear_decay
7530,0.0005201250315,0.0005201250315,0.001182102365,linear_decay
7531,0.0005193374818,0.0005193374818,0.001180312363,linear_decay
7532,0.0005185499904,0.0005185499904,0.001178522711,linear_decay
7533,0.0005177624989,0.0005177624989,0.001176732942,linear_decay
7534,0.0005169750075,0.0005169750075,0.001174943172,linear_decay
7535,0.000516187516,0.000516187516,0.001173153403,linear_decay
7536,0.0005154000246,0.0005154000246,0.001171363634,linear_decay
7537,0.0005146125332,0.0005146125332,0.001169573981,linear_decay
7538,0.0005138249835,0.0005138249835,0.001167784096,linear_decay
7539,0.0005130374921,0.0005130374921,0.00116599421,linear_decay
7540,0.0005122500006,0.0005122500006,0.001164204557,linear_decay
7541,0.0005114625092,0.0005114625092,0.001162414788,linear_decay
7542,0.0005106750177,0.0005106750177,0.001160625019,linear_decay
7543,0.0005098875263,0.0005098875263,0.00115883525,linear_decay
7544,0.0005090999766,0.0005090999766,0.001157045364,linear_decay
7545,0.0005083124852,0.0005083124852,0.001155255712,linear_decay
7546,0.0005075249937,0.0005075249937,0.001153465826,linear_decay
7547,0.0005067375023,0.0005067375023,0.001151676173,linear_decay
7548,0.0005059500108,0.0005059500108,0.001149886288,linear_decay
7549,0.0005051625194,0.0005051625194,0.001148096635,linear_decay
7550,0.000504375028,0.000504375028,0.001146306866,linear_decay
7551,0.0005035874783,0.0005035874783,0.00114451698,linear_decay
7552,0.0005027999869,0.0005027999869,0.001142727211,linear_decay
7553,0.0005020124954,0.0005020124954,0.001140937442,linear_decay
7554,0.000501225004,0.000501225004,0.001139147673,linear_decay
7555,0.0005004375125,0.0005004375125,0.00113735802,linear_decay
7556,0.0004996500211,0.0004996500211,0.001135568251,linear_decay
7557,0.0004988625296,0.0004988625296,0.001133778482,linear_decay
7558,0.00049807498,0.00049807498,0.001131988596,linear_decay
7559,0.0004972874885,0.0004972874885,0.001130198827,linear_decay
7560,0.0004964999971,0.0004964999971,0.001128409058,linear_decay
7561,0.0004957125057,0.0004957125057,0.001126619289,linear_decay
7562,0.0004949250142,0.0004949250142,0.001124829636,linear_decay
7563,0.0004941375228,0.0004941375228,0.00112303975,linear_decay
7564,0.0004933500313,0.0004933500313,0.001121250098,linear_decay
7565,0.0004925624817,0.0004925624817,0.001119460096,linear_decay
7566,0.0004917749902,0.0004917749902,0.001117670443,linear_decay
7567,0.0004909874988,0.0004909874988,0.001115880674,linear_decay
7568,0.0004902000073,0.0004902000073,0.001114090905,linear_decay
7569,0.0004894125159,0.0004894125159,0.001112301135,linear_decay
7570,0.0004886250244,0.0004886250244,0.001110511366,linear_decay
7571,0.0004878375039,0.0004878375039,0.001108721597,linear_decay
7572,0.0004870500125,0.0004870500125,0.001106931828,linear_decay
7573,0.0004862624919,0.0004862624919,0.001105142059,linear_decay
7574,0.0004854750005,0.0004854750005,0.00110335229,linear_decay
7575,0.000484687509,0.000484687509,0.00110156252,linear_decay
7576,0.0004839000176,0.0004839000176,0.001099772751,linear_decay
7577,0.000483112497,0.000483112497,0.001097982866,linear_decay
7578,0.0004823250056,0.0004823250056,0.001096193213,linear_decay
7579,0.0004815375141,0.0004815375141,0.001094403444,linear_decay
7580,0.0004807499936,0.0004807499936,0.001092613558,linear_decay
7581,0.0004799625021,0.0004799625021,0.001090823906,linear_decay
7582,0.0004791750107,0.0004791750107,0.00108903402,linear_decay
7583,0.0004783874901,0.0004783874901,0.001087244251,linear_decay
7584,0.0004775999987,0.0004775999987,0.001085454482,linear_decay
7585,0.0004768125073,0.0004768125073,0.001083664712,linear_decay
7586,0.0004760250158,0.0004760250158,0.00108187506,linear_decay
7587,0.0004752374953,0.0004752374953,0.001080085174,linear_decay
7588,0.0004744500038,0.0004744500038,0.001078295521,linear_decay
7589,0.0004736625124,0.0004736625124,0.001076505636,linear_decay
7590,0.0004728749918,0.0004728749918,0.001074715867,linear_decay
7591,0.0004720875004,0.0004720875004,0.001072926214,linear_decay
7592,0.0004713000089,0.0004713000089,0.001071136328,linear_decay
7593,0.0004705125175,0.0004705125175,0.001069346676,linear_decay
7594,0.0004697249969,0.0004697249969,0.00106755679,linear_decay
7595,0.0004689375055,0.0004689375055,0.001065767021,linear_decay
7596,0.0004681500141,0.0004681500141,0.001063977252,linear_decay
7597,0.0004673624935,0.0004673624935,0.001062187483,linear_decay
7598,0.0004665750021,0.0004665750021,0.001060397713,linear_decay
7599,0.0004657875106,0.0004657875106,0.001058607944,linear_decay
7600,0.0004649999901,0.0004649999901,0.001056818175,linear_decay
7601,0.0004642124986,0.0004642124986,0.00105502829,linear_decay
7602,0.0004634250072,0.0004634250072,0.001053238637,linear_decay
7603,0.0004626375157,0.0004626375157,0.001051448984,linear_decay
7604,0.0004618499952,0.0004618499952,0.001049659098,linear_decay
7605,0.0004610625037,0.0004610625037,0.001047869329,linear_decay
7606,0.0004602750123,0.0004602750123,0.00104607956,linear_decay
7607,0.0004594874918,0.0004594874918,0.001044289791,linear_decay
7608,0.0004587000003,0.0004587000003,0.001042500022,linear_decay
7609,0.0004579125089,0.0004579125089,0.001040710253,linear_decay
7610,0.0004571250174,0.0004571250174,0.001038920484,linear_decay
7611,0.0004563374969,0.0004563374969,0.001037130598,linear_decay
7612,0.0004555500054,0.0004555500054,0.001035340945,linear_decay
7613,0.000454762514,0.000454762514,0.00103355106,linear_decay
7614,0.0004539749934,0.0004539749934,0.001031761291,linear_decay
7615,0.000453187502,0.000453187502,0.001029971638,linear_decay
7616,0.0004524000105,0.0004524000105,0.001028181752,linear_decay
7617,0.0004516125191,0.0004516125191,0.001026392099,linear_decay
7618,0.0004508249986,0.0004508249986,0.001024602214,linear_decay
7619,0.0004500375071,0.0004500375071,0.001022812561,linear_decay
7620,0.0004492500157,0.0004492500157,0.001021022792,linear_decay
7621,0.0004484624951,0.0004484624951,0.001019232906,linear_decay
7622,0.0004476750037,0.0004476750037,0.001017443254,linear_decay
7623,0.0004468875122,0.0004468875122,0.001015653368,linear_decay
7624,0.0004460999917,0.0004460999917,0.001013863599,linear_decay
7625,0.0004453125002,0.0004453125002,0.00101207383,linear_decay
7626,0.0004445250088,0.0004445250088,0.001010284061,linear_decay
7627,0.0004437375173,0.0004437375173,0.001008494408,linear_decay
7628,0.0004429499968,0.0004429499968,0.001006704522,linear_decay
7629,0.0004421625054,0.0004421625054,0.001004914753,linear_decay
7630,0.0004413750139,0.0004413750139,0.001003124984,linear_decay
7631,0.0004405874934,0.0004405874934,0.001001335215,linear_decay
7632,0.0004398000019,0.0004398000019,0.0009995454457,linear_decay
7633,0.0004390125105,0.0004390125105,0.0009977556765,linear_decay
7634,0.000438225019,0.000438225019,0.0009959660238,linear_decay
7635,0.0004374374985,0.0004374374985,0.0009941761382,linear_decay
7636,0.000436650007,0.000436650007,0.000992386369,linear_decay
7637,0.0004358625156,0.0004358625156,0.0009905965999,linear_decay
7638,0.000435074995,0.000435074995,0.0009888068307,linear_decay
7639,0.0004342875036,0.0004342875036,0.0009870170616,linear_decay
7640,0.0004335000122,0.0004335000122,0.0009852272924,linear_decay
7641,0.0004327124916,0.0004327124916,0.0009834375232,linear_decay
7642,0.0004319250002,0.0004319250002,0.0009816476377,linear_decay
7643,0.0004311375087,0.0004311375087,0.0009798579849,linear_decay
7644,0.0004303500173,0.0004303500173,0.0009780682158,linear_decay
7645,0.0004295624967,0.0004295624967,0.0009762783302,linear_decay
7646,0.0004287750053,0.0004287750053,0.0009744886192,linear_decay
7647,0.0004279875138,0.0004279875138,0.0009726988501,linear_decay
7648,0.0004271999933,0.0004271999933,0.0009709090227,linear_decay
7649,0.0004264125018,0.0004264125018,0.0009691193118,linear_decay
7650,0.0004256250104,0.0004256250104,0.0009673296008,linear_decay
7651,0.0004248375189,0.0004248375189,0.0009655397735,linear_decay
7652,0.0004240499984,0.0004240499984,0.0009637500043,linear_decay
7653,0.000423262507,0.000423262507,0.0009619602934,linear_decay
7654,0.0004224750155,0.0004224750155,0.000960170466,linear_decay
7655,0.000421687495,0.000421687495,0.0009583806386,linear_decay
7656,0.0004209000035,0.0004209000035,0.0009565909277,linear_decay
7657,0.0004201125121,0.0004201125121,0.0009548011003,linear_decay
7658,0.0004193249915,0.0004193249915,0.0009530113311,linear_decay
7659,0.0004185375001,0.0004185375001,0.0009512216202,linear_decay
7660,0.0004177500086,0.0004177500086,0.0009494317928,linear_decay
7661,0.0004169625172,0.0004169625172,0.0009476420819,linear_decay
7662,0.0004161749966,0.0004161749966,0.0009458522545,linear_decay
7663,0.0004153875052,0.0004153875052,0.0009440624272,linear_decay
7664,0.0004146000138,0.0004146000138,0.0009422727744,linear_decay
7665,0.0004138124932,0.0004138124932,0.000940482947,linear_decay
7666,0.0004130250018,0.0004130250018,0.0009386931197,linear_decay
7667,0.0004122375103,0.0004122375103,0.0009369034087,linear_decay
7668,0.0004114500189,0.0004114500189,0.0009351136396,linear_decay
7669,0.0004106624983,0.0004106624983,0.0009333238122,linear_decay
7670,0.0004098750069,0.0004098750069,0.0009315341013,linear_decay
7671,0.0004090875154,0.0004090875154,0.0009297443321,linear_decay
7672,0.0004082999949,0.0004082999949,0.0009279545047,linear_decay
7673,0.0004075125034,0.0004075125034,0.0009261647356,linear_decay
7674,0.000406725012,0.000406725012,0.0009243750246,linear_decay
7675,0.0004059374915,0.0004059374915,0.0009225851391,linear_decay
7676,0.00040515,0.00040515,0.0009207954863,linear_decay
7677,0.0004043625086,0.0004043625086,0.0009190057172,linear_decay
7678,0.0004035750171,0.0004035750171,0.000917215948,linear_decay
7679,0.0004027874966,0.0004027874966,0.0009154261206,linear_decay
7680,0.0004020000051,0.0004020000051,0.0009136363515,linear_decay
7681,0.0004012125137,0.0004012125137,0.0009118465823,linear_decay
7682,0.0004004249931,0.0004004249931,0.0009100568132,linear_decay
7683,0.0003996375017,0.0003996375017,0.000908267044,linear_decay
7684,0.0003988500102,0.0003988500102,0.0009064772748,linear_decay
7685,0.0003980625188,0.0003980625188,0.0009046875057,linear_decay
7686,0.0003972749982,0.0003972749982,0.0009028976783,linear_decay
7687,0.0003964875068,0.0003964875068,0.0009011079092,linear_decay
7688,0.0003957000154,0.0003957000154,0.0008993181982,linear_decay
7689,0.0003949124948,0.0003949124948,0.0008975283708,linear_decay
7690,0.0003941250034,0.0003941250034,0.0008957386599,linear_decay
7691,0.0003933375119,0.0003933375119,0.0008939488907,linear_decay
7692,0.0003925499914,0.0003925499914,0.0008921590634,linear_decay
7693,0.0003917624999,0.0003917624999,0.0008903692942,linear_decay
7694,0.0003909750085,0.0003909750085,0.0008885795833,linear_decay
7695,0.000390187517,0.000390187517,0.0008867898141,linear_decay
7696,0.0003893999965,0.0003893999965,0.0008849999867,linear_decay
7697,0.000388612505,0.000388612505,0.0008832102176,linear_decay
7698,0.0003878250136,0.0003878250136,0.0008814204484,linear_decay
7699,0.0003870374931,0.0003870374931,0.0008796306793,linear_decay
7700,0.0003862500016,0.0003862500016,0.0008778409101,linear_decay
7701,0.0003854625102,0.0003854625102,0.0008760511409,linear_decay
7702,0.0003846750187,0.0003846750187,0.0008742613718,linear_decay
7703,0.0003838874982,0.0003838874982,0.0008724715444,linear_decay
7704,0.0003831000067,0.0003831000067,0.0008706817753,linear_decay
7705,0.0003823125153,0.0003823125153,0.0008688920643,linear_decay
7706,0.0003815249947,0.0003815249947,0.000867102237,linear_decay
7707,0.0003807375033,0.0003807375033,0.000865312526,linear_decay
7708,0.0003799500118,0.0003799500118,0.0008635227568,linear_decay
7709,0.0003791624913,0.0003791624913,0.0008617329295,linear_decay
7710,0.0003783749999,0.0003783749999,0.0008599431603,linear_decay
7711,0.0003775875084,0.0003775875084,0.0008581534494,linear_decay
7712,0.000376800017,0.000376800017,0.0008563636802,linear_decay
7713,0.0003760124964,0.0003760124964,0.0008545738528,linear_decay
7714,0.000375225005,0.000375225005,0.0008527840837,linear_decay
7715,0.0003744375135,0.0003744375135,0.0008509943145,linear_decay
7716,0.000373649993,0.000373649993,0.0008492044872,linear_decay
7717,0.0003728625015,0.0003728625015,0.0008474147762,linear_decay
7718,0.0003720750101,0.0003720750101,0.0008456250071,linear_decay
7719,0.0003712875186,0.0003712875186,0.0008438352379,linear_decay
7720,0.0003704999981,0.0003704999981,0.0008420454105,linear_decay
7721,0.0003697125067,0.0003697125067,0.0008402556414,linear_decay
7722,0.0003689250152,0.0003689250152,0.0008384659304,linear_decay
7723,0.0003681374947,0.0003681374947,0.0008366761613,linear_decay
7724,0.0003673500032,0.0003673500032,0.0008348863921,linear_decay
7725,0.0003665625118,0.0003665625118,0.000833096623,linear_decay
7726,0.0003657749912,0.0003657749912,0.0008313067956,linear_decay
7727,0.0003649874998,0.0003649874998,0.0008295170264,linear_decay
7728,0.0003642000083,0.0003642000083,0.0008277272573,linear_decay
7729,0.0003634125169,0.0003634125169,0.0008259375463,linear_decay
7730,0.0003626249963,0.0003626249963,0.000824147719,linear_decay
7731,0.0003618375049,0.0003618375049,0.0008223579498,linear_decay
7732,0.0003610500135,0.0003610500135,0.0008205681806,linear_decay
7733,0.0003602624929,0.0003602624929,0.0008187783533,linear_decay
7734,0.0003594750015,0.0003594750015,0.0008169885841,linear_decay
7735,0.00035868751,0.00035868751,0.0008151988732,linear_decay
7736,0.0003579000186,0.0003579000186,0.0008134091622,linear_decay
7737,0.000357112498,0.000357112498,0.0008116192766,linear_decay
7738,0.0003563250066,0.0003563250066,0.0008098295657,linear_decay
7739,0.0003555375151,0.0003555375151,0.0008080397965,linear_decay
7740,0.0003547499946,0.0003547499946,0.0008062499692,linear_decay
7741,0.0003539625031,0.0003539625031,0.0008044602582,linear_decay
7742,0.0003531750117,0.0003531750117,0.0008026704891,linear_decay
7743,0.0003523874911,0.0003523874911,0.0008008806617,linear_decay
7744,0.0003515999997,0.0003515999997,0.0007990908925,linear_decay
7745,0.0003508125083,0.0003508125083,0.0007973011234,linear_decay
7746,0.0003500250168,0.0003500250168,0.0007955113542,linear_decay
7747,0.0003492374963,0.0003492374963,0.0007937215851,linear_decay
7748,0.0003484500048,0.0003484500048,0.0007919318159,linear_decay
7749,0.0003476625134,0.0003476625134,0.0007901420468,linear_decay
7750,0.0003468749928,0.0003468749928,0.0007883522194,linear_decay
7751,0.0003460875014,0.0003460875014,0.0007865624502,linear_decay
7752,0.0003453000099,0.0003453000099,0.0007847726811,linear_decay
7753,0.0003445125185,0.0003445125185,0.0007829830283,linear_decay
7754,0.0003437249979,0.0003437249979,0.000781193201,linear_decay
7755,0.0003429375065,0.0003429375065,0.0007794034318,linear_decay
7756,0.0003421500151,0.0003421500151,0.0007776136626,linear_decay
7757,0.0003413624945,0.0003413624945,0.0007758238353,linear_decay
7758,0.0003405750031,0.0003405750031,0.0007740341243,linear_decay
7759,0.0003397875116,0.0003397875116,0.0007722443552,linear_decay
7760,0.0003390000202,0.0003390000202,0.000770454586,linear_decay
7761,0.0003382124996,0.0003382124996,0.0007686647587,linear_decay
7762,0.0003374250082,0.0003374250082,0.0007668749895,linear_decay
7763,0.0003366375167,0.0003366375167,0.0007650852203,linear_decay
7764,0.0003358499962,0.0003358499962,0.0007632954512,linear_decay
7765,0.0003350625047,0.0003350625047,0.000761505682,linear_decay
7766,0.0003342750133,0.0003342750133,0.0007597159129,linear_decay
7767,0.0003334874928,0.0003334874928,0.0007579260855,linear_decay
7768,0.0003327000013,0.0003327000013,0.0007561363163,linear_decay
7769,0.0003319125099,0.0003319125099,0.0007543466054,linear_decay
7770,0.0003311250184,0.0003311250184,0.0007525568944,linear_decay
7771,0.0003303374979,0.0003303374979,0.0007507670671,linear_decay
7772,0.0003295500064,0.0003295500064,0.0007489772979,linear_decay
7773,0.000328762515,0.000328762515,0.0007471875288,linear_decay
7774,0.0003279749944,0.0003279749944,0.0007453977014,linear_decay
7775,0.000327187503,0.000327187503,0.0007436079322,linear_decay
7776,0.0003264000115,0.0003264000115,0.0007418182213,linear_decay
7777,0.0003256125201,0.0003256125201,0.0007400284521,linear_decay
7778,0.0003248249996,0.0003248249996,0.0007382386248,linear_decay
7779,0.0003240375081,0.0003240375081,0.0007364488556,linear_decay
7780,0.0003232500167,0.0003232500167,0.0007346590864,linear_decay
7781,0.0003224624961,0.0003224624961,0.0007328692591,linear_decay
7782,0.0003216750047,0.0003216750047,0.0007310795481,linear_decay
7783,0.0003208875132,0.0003208875132,0.000729289779,linear_decay
7784,0.0003200999927,0.0003200999927,0.0007274999516,linear_decay
7785,0.0003193125012,0.0003193125012,0.0007257102407,linear_decay
7786,0.0003185250098,0.0003185250098,0.0007239204715,linear_decay
7787,0.0003177375183,0.0003177375183,0.0007221307023,linear_decay
7788,0.0003169499978,0.0003169499978,0.0007203409332,linear_decay
7789,0.0003161625064,0.0003161625064,0.000718551164,linear_decay
7790,0.0003153750149,0.0003153750149,0.0007167613949,linear_decay
7791,0.0003145874944,0.0003145874944,0.0007149715675,linear_decay
7792,0.0003138000029,0.0003138000029,0.0007131817983,linear_decay
7793,0.0003130125115,0.0003130125115,0.0007113920292,linear_decay
7794,0.00031222502,0.00031222502,0.0007096023182,linear_decay
7795,0.0003114374995,0.0003114374995,0.0007078124909,linear_decay
7796,0.000310650008,0.000310650008,0.0007060227217,linear_decay
7797,0.0003098625166,0.0003098625166,0.0007042329526,linear_decay
7798,0.000309074996,0.000309074996,0.0007024431252,linear_decay
7799,0.0003082875046,0.0003082875046,0.000700653356,linear_decay
7800,0.0003075000132,0.0003075000132,0.0006988637033,linear_decay
7801,0.0003067124926,0.0003067124926,0.0006970738177,linear_decay
7802,0.0003059250012,0.0003059250012,0.0006952841068,linear_decay
7803,0.0003051375097,0.0003051375097,0.0006934943376,linear_decay
7804,0.0003043500183,0.0003043500183,0.0006917045685,linear_decay
7805,0.0003035624977,0.0003035624977,0.0006899147411,linear_decay
7806,0.0003027750063,0.0003027750063,0.0006881250301,linear_decay
7807,0.0003019875148,0.0003019875148,0.000686335261,linear_decay
7808,0.0003011999943,0.0003011999943,0.0006845454336,linear_decay
7809,0.0003004125028,0.0003004125028,0.0006827556645,linear_decay
7810,0.0002996250114,0.0002996250114,0.0006809658953,linear_decay
7811,0.0002988375199,0.0002988375199,0.0006791761261,linear_decay
7812,0.0002980499994,0.0002980499994,0.000677386357,linear_decay
7813,0.000297262508,0.000297262508,0.0006755965878,linear_decay
7814,0.0002964750165,0.0002964750165,0.0006738068187,linear_decay
7815,0.000295687496,0.000295687496,0.0006720169913,linear_decay
7816,0.0002949000045,0.0002949000045,0.0006702272221,linear_decay
7817,0.0002941125131,0.0002941125131,0.0006684375694,linear_decay
7818,0.0002933249925,0.0002933249925,0.000666647742,linear_decay
7819,0.0002925375011,0.0002925375011,0.0006648579729,linear_decay
7820,0.0002917500096,0.0002917500096,0.0006630682037,linear_decay
7821,0.0002909625182,0.0002909625182,0.0006612784346,linear_decay
7822,0.0002901749976,0.0002901749976,0.0006594886072,linear_decay
7823,0.0002893875062,0.0002893875062,0.0006576988962,linear_decay
7824,0.0002886000148,0.0002886000148,0.0006559091271,linear_decay
7825,0.0002878124942,0.0002878124942,0.0006541192997,linear_decay
7826,0.0002870250028,0.0002870250028,0.0006523295306,linear_decay
7827,0.0002862375113,0.0002862375113,0.0006505397614,linear_decay
7828,0.0002854500199,0.0002854500199,0.0006487499923,linear_decay
7829,0.0002846624993,0.0002846624993,0.0006469602231,linear_decay
7830,0.0002838750079,0.0002838750079,0.0006451704539,linear_decay
7831,0.0002830875164,0.0002830875164,0.000643380743,linear_decay
7832,0.0002822999959,0.0002822999959,0.0006415908574,linear_decay
7833,0.0002815125044,0.0002815125044,0.0006398011465,linear_decay
7834,0.000280725013,0.000280725013,0.0006380113773,linear_decay
7835,0.0002799374925,0.0002799374925,0.0006362216081,linear_decay
7836,0.000279150001,0.000279150001,0.000634431839,linear_decay
7837,0.0002783625096,0.0002783625096,0.0006326420698,linear_decay
7838,0.0002775750181,0.0002775750181,0.0006308523007,linear_decay
7839,0.0002767874976,0.0002767874976,0.0006290624733,linear_decay
7840,0.0002760000061,0.0002760000061,0.0006272727042,linear_decay
7841,0.0002752125147,0.0002752125147,0.0006254829932,linear_decay
7842,0.0002744249941,0.0002744249941,0.0006236931658,linear_decay
7843,0.0002736375027,0.0002736375027,0.0006219033967,linear_decay
7844,0.0002728500112,0.0002728500112,0.0006201136275,linear_decay
7845,0.0002720625198,0.0002720625198,0.0006183238584,linear_decay
7846,0.0002712749992,0.0002712749992,0.000616534031,linear_decay
7847,0.0002704875078,0.0002704875078,0.00061474432,linear_decay
7848,0.0002697000164,0.0002697000164,0.0006129546091,linear_decay
7849,0.0002689124958,0.0002689124958,0.0006111647817,linear_decay
7850,0.0002681250044,0.0002681250044,0.0006093750126,linear_decay
7851,0.0002673375129,0.0002673375129,0.0006075852434,linear_decay
7852,0.0002665499924,0.0002665499924,0.000605795416,linear_decay
7853,0.0002657625009,0.0002657625009,0.0006040057051,linear_decay
7854,0.0002649750095,0.0002649750095,0.0006022159359,linear_decay
7855,0.000264187518,0.000264187518,0.0006004261668,linear_decay
7856,0.0002633999975,0.0002633999975,0.0005986363394,linear_decay
7857,0.000262612506,0.000262612506,0.0005968465703,linear_decay
7858,0.0002618250146,0.0002618250146,0.0005950568011,linear_decay
7859,0.0002610374941,0.0002610374941,0.0005932670319,linear_decay
7860,0.0002602500026,0.0002602500026,0.0005914772628,linear_decay
7861,0.0002594625112,0.0002594625112,0.0005896874936,linear_decay
7862,0.0002586750197,0.0002586750197,0.0005878977245,linear_decay
7863,0.0002578874992,0.0002578874992,0.0005861078971,linear_decay
7864,0.0002571000077,0.0002571000077,0.0005843181862,linear_decay
7865,0.0002563125163,0.0002563125163,0.0005825284752,linear_decay
7866,0.0002555249957,0.0002555249957,0.0005807386478,linear_decay
7867,0.0002547375043,0.0002547375043,0.0005789488787,linear_decay
7868,0.0002539500128,0.0002539500128,0.0005771591095,linear_decay
7869,0.0002531624923,0.0002531624923,0.0005753692822,linear_decay
7870,0.0002523750009,0.0002523750009,0.0005735795712,linear_decay
7871,0.0002515875094,0.0002515875094,0.0005717898021,linear_decay
7872,0.000250800018,0.000250800018,0.0005700000329,linear_decay
7873,0.0002500124974,0.0002500124974,0.0005682102055,linear_decay
7874,0.000249225006,0.000249225006,0.0005664204364,linear_decay
7875,0.0002484375145,0.0002484375145,0.0005646306672,linear_decay
7876,0.000247649994,0.000247649994,0.0005628408981,linear_decay
7877,0.0002468625025,0.0002468625025,0.0005610511289,linear_decay
7878,0.0002460750111,0.0002460750111,0.0005592613597,linear_decay
7879,0.0002452875196,0.0002452875196,0.0005574716488,linear_decay
7880,0.0002444999991,0.0002444999991,0.0005556818214,linear_decay
7881,0.0002437125077,0.0002437125077,0.0005538920523,linear_decay
7882,0.0002429250017,0.0002429250017,0.0005521022831,linear_decay
7883,0.0002421375102,0.0002421375102,0.000550312514,linear_decay
7884,0.0002413500042,0.0002413500042,0.0005485227448,linear_decay
7885,0.0002405625128,0.0002405625128,0.0005467329756,linear_decay
7886,0.0002397750068,0.0002397750068,0.0005449431483,linear_decay
7887,0.0002389875008,0.0002389875008,0.0005431533791,linear_decay
7888,0.0002382000093,0.0002382000093,0.0005413636682,linear_decay
7889,0.0002374125033,0.0002374125033,0.000539573899,linear_decay
7890,0.0002366250119,0.0002366250119,0.0005377841298,linear_decay
7891,0.0002358375059,0.0002358375059,0.0005359943025,linear_decay
7892,0.0002350499999,0.0002350499999,0.0005342045333,linear_decay
7893,0.0002342625085,0.0002342625085,0.0005324147642,linear_decay
7894,0.0002334750025,0.0002334750025,0.000530624995,linear_decay
7895,0.000232687511,0.000232687511,0.0005288352841,linear_decay
7896,0.000231900005,0.000231900005,0.0005270454567,linear_decay
7897,0.0002311125136,0.0002311125136,0.0005252556875,linear_decay
7898,0.0002303250076,0.0002303250076,0.0005234659184,linear_decay
7899,0.0002295375016,0.0002295375016,0.000521676091,linear_decay
7900,0.0002287500101,0.0002287500101,0.0005198863801,linear_decay
7901,0.0002279625041,0.0002279625041,0.0005180966109,linear_decay
7902,0.0002271750127,0.0002271750127,0.0005163068417,linear_decay
7903,0.0002263875067,0.0002263875067,0.0005145170726,linear_decay
7904,0.0002256000007,0.0002256000007,0.0005127272452,linear_decay
7905,0.0002248125093,0.0002248125093,0.0005109374761,linear_decay
7906,0.0002240250033,0.0002240250033,0.0005091477651,linear_decay
7907,0.0002232375118,0.0002232375118,0.000507357996,linear_decay
7908,0.0002224500058,0.0002224500058,0.0005055681686,linear_decay
7909,0.0002216624998,0.0002216624998,0.0005037783994,linear_decay
7910,0.0002208750084,0.0002208750084,0.0005019886303,linear_decay
7911,0.0002200875024,0.0002200875024,0.0005001988611,linear_decay
7912,0.0002193000109,0.0002193000109,0.0004984091502,linear_decay
7913,0.0002185125049,0.0002185125049,0.0004966193228,linear_decay
7914,0.0002177250135,0.0002177250135,0.0004948295536,linear_decay
7915,0.0002169375075,0.0002169375075,0.0004930397845,linear_decay
7916,0.0002161500015,0.0002161500015,0.0004912499571,linear_decay
7917,0.0002153625101,0.0002153625101,0.0004894602462,linear_decay
7918,0.0002145750041,0.0002145750041,0.0004876704479,linear_decay
7919,0.0002137875126,0.0002137875126,0.0004858807079,linear_decay
7920,0.0002130000066,0.0002130000066,0.0004840909387,linear_decay
7921,0.0002122125006,0.0002122125006,0.0004823011113,linear_decay
7922,0.0002114250092,0.0002114250092,0.0004805113713,linear_decay
7923,0.0002106375032,0.0002106375032,0.0004787216021,linear_decay
7924,0.0002098500117,0.0002098500117,0.000476931833,linear_decay
7925,0.0002090625057,0.0002090625057,0.0004751420347,linear_decay
7926,0.0002082749997,0.0002082749997,0.0004733522655,linear_decay
7927,0.0002074875083,0.0002074875083,0.0004715624964,linear_decay
7928,0.0002067000023,0.0002067000023,0.0004697727563,linear_decay
7929,0.0002059125109,0.0002059125109,0.0004679829581,linear_decay
7930,0.0002051250049,0.0002051250049,0.0004661931598,linear_decay
7931,0.0002043375134,0.0002043375134,0.0004644034489,linear_decay
7932,0.0002035500074,0.0002035500074,0.0004626136506,linear_decay
7933,0.0002027625014,0.0002027625014,0.0004608238523,linear_decay
7934,0.00020197501,0.00020197501,0.0004590341123,linear_decay
7935,0.000201187504,0.000201187504,0.000457244314,linear_decay
7936,0.0002004000125,0.0002004000125,0.0004554545449,linear_decay
7937,0.0001996125065,0.0001996125065,0.0004536647757,linear_decay
7938,0.0001988250006,0.0001988250006,0.0004518749774,linear_decay
7939,0.0001980375091,0.0001980375091,0.0004500852374,linear_decay
7940,0.0001972500031,0.0001972500031,0.0004482954682,linear_decay
7941,0.0001964625117,0.0001964625117,0.0004465056991,linear_decay
7942,0.0001956750057,0.0001956750057,0.0004447159299,linear_decay
7943,0.0001948874997,0.0001948874997,0.0004429261317,linear_decay
7944,0.0001941000082,0.0001941000082,0.0004411363625,linear_decay
7945,0.0001933125022,0.0001933125022,0.0004393465933,linear_decay
7946,0.0001925250108,0.0001925250108,0.0004375568242,linear_decay
7947,0.0001917375048,0.0001917375048,0.000435767055,linear_decay
7948,0.0001909500133,0.0001909500133,0.000433977315,linear_decay
7949,0.0001901625074,0.0001901625074,0.0004321875167,linear_decay
7950,0.0001893750014,0.0001893750014,0.0004303977184,linear_decay
7951,0.0001885875099,0.0001885875099,0.0004286079784,linear_decay
7952,0.0001878000039,0.0001878000039,0.0004268181801,linear_decay
7953,0.0001870125125,0.0001870125125,0.000425028411,linear_decay
7954,0.0001862250065,0.0001862250065,0.0004232386418,linear_decay
7955,0.0001854375005,0.0001854375005,0.0004214488727,linear_decay
7956,0.000184650009,0.000184650009,0.0004196591035,linear_decay
7957,0.000183862503,0.000183862503,0.0004178693343,linear_decay
7958,0.0001830750116,0.0001830750116,0.0004160795652,linear_decay
7959,0.0001822875056,0.0001822875056,0.0004142897669,linear_decay
7960,0.0001815000142,0.0001815000142,0.0004125000269,linear_decay
7961,0.0001807125082,0.0001807125082,0.0004107102286,linear_decay
7962,0.0001799250022,0.0001799250022,0.0004089204303,linear_decay
7963,0.0001791375107,0.0001791375107,0.0004071307194,linear_decay
7964,0.0001783500047,0.0001783500047,0.0004053409211,linear_decay
7965,0.0001775625133,0.0001775625133,0.000403551152,linear_decay
7966,0.0001767750073,0.0001767750073,0.0004017613828,linear_decay
7967,0.0001759875013,0.0001759875013,0.0003999715846,linear_decay
7968,0.0001752000098,0.0001752000098,0.0003981818154,linear_decay
7969,0.0001744125038,0.0001744125038,0.0003963920462,linear_decay
7970,0.0001736250124,0.0001736250124,0.0003946023062,linear_decay
7971,0.0001728375064,0.0001728375064,0.0003928125079,linear_decay
7972,0.0001720500004,0.0001720500004,0.0003910227388,linear_decay
7973,0.000171262509,0.000171262509,0.0003892329696,linear_decay
7974,0.000170475003,0.000170475003,0.0003874431713,linear_decay
7975,0.0001696875115,0.0001696875115,0.0003856534313,linear_decay
7976,0.0001689000055,0.0001689000055,0.000383863633,linear_decay
7977,0.0001681125141,0.0001681125141,0.0003820738639,linear_decay
7978,0.0001673250081,0.0001673250081,0.0003802841238,linear_decay
7979,0.0001665375021,0.0001665375021,0.0003784943256,linear_decay
7980,0.0001657500106,0.0001657500106,0.0003767045564,linear_decay
7981,0.0001649625046,0.0001649625046,0.0003749147872,linear_decay
7982,0.0001641750132,0.0001641750132,0.0003731250181,linear_decay
7983,0.0001633875072,0.0001633875072,0.0003713352198,linear_decay
7984,0.0001626000012,0.0001626000012,0.0003695454507,linear_decay
7985,0.0001618125098,0.0001618125098,0.0003677556815,linear_decay
7986,0.0001610250038,0.0001610250038,0.0003659659124,linear_decay
7987,0.0001602375123,0.0001602375123,0.0003641761723,linear_decay
7988,0.0001594500063,0.0001594500063,0.000362386374,linear_decay
7989,0.0001586625003,0.0001586625003,0.0003605966049,linear_decay
7990,0.0001578750089,0.0001578750089,0.0003588068357,linear_decay
7991,0.0001570875029,0.0001570875029,0.0003570170375,linear_decay
7992,0.0001563000114,0.0001563000114,0.0003552272974,linear_decay
7993,0.0001555125054,0.0001555125054,0.0003534374991,linear_decay
7994,0.000154725014,0.000154725014,0.0003516477591,linear_decay
7995,0.000153937508,0.000153937508,0.0003498579899,linear_decay
7996,0.000153150002,0.000153150002,0.0003480681917,linear_decay
7997,0.0001523625106,0.0001523625106,0.0003462784225,linear_decay
7998,0.0001515750046,0.0001515750046,0.0003444886534,linear_decay
7999,0.0001507875131,0.0001507875131,0.0003426988842,linear_decay
8000,0.0001500000071,0.0001500000071,0.0003409090859,linear_decay
