seed,step,layer_param,suffix,rows,columns,head,head_rows,head_cols,weight_frobenius,weight_rms,weight_spectral,weight_max_abs,weight_elements,momentum_frobenius,momentum_rms,momentum_spectral,momentum_max_abs,weight_momentum_cosine
1,500,layer_000.wq,wq,64,64,0,64,32,3.7669898276368725,0.08323950161821178,1.1432628192503582,0.2986442744731903,2048,0.013929736672460818,0.0003078066019137494,0.006361814259320921,0.001258181524462998,-0.06630632623008352
1,500,layer_000.wq,wq,64,64,1,64,32,3.6657556971820338,0.0810025222390824,1.0661971934485832,0.25411561131477356,2048,0.011568258201190434,0.0002556248068930828,0.005694228165285487,0.0010355098638683558,-0.0755960343469701
1,500,layer_001.wq,wq,64,64,0,64,32,4.080108508417944,0.09015851232122683,1.247365608898821,0.29412224888801575,2048,0.001288724943799458,2.847706708890154e-05,0.0009292223895527191,0.00013279930863063782,-0.06741110950450675
1,500,layer_001.wq,wq,64,64,1,64,32,3.9300183516283513,0.08684195708199956,1.228812233918704,0.30793988704681396,2048,0.003419242857247008,7.555530659009457e-05,0.0028898065260170277,0.0005874001071788371,0.06679002228776662
1,500,layer_002.wq,wq,64,64,0,64,32,4.278014897531545,0.09453166700192592,1.4027164524011255,0.30662867426872253,2048,0.000337638485744798,7.460826964365755e-06,0.0002766224487269844,3.565814404282719e-05,-0.10741848365318056
1,500,layer_002.wq,wq,64,64,1,64,32,4.179419199789116,0.09235298929975434,1.2624094591710557,0.3183884024620056,2048,0.0004743031261403464,1.0480717400994294e-05,0.0004370436544009612,6.48374916636385e-05,-0.1327293298980517
1,500,layer_003.wq,wq,64,64,0,64,32,4.216196580406327,0.09316566227565147,1.2578583128609317,0.32778310775756836,2048,0.00023558168930743793,5.205669063520992e-06,0.00022049627217581922,2.610136471048463e-05,-0.13815372091040662
1,500,layer_003.wq,wq,64,64,1,64,32,4.213503581486485,0.09310615484446559,1.2751190628747375,0.30043861269950867,2048,0.0007009990079327896,1.5490036003572437e-05,0.0006762964823418231,7.243223080877215e-05,-0.16073639254881558
1,500,layer_004.wq,wq,64,64,0,64,32,4.198136379508662,0.09276658444676614,1.266725692287214,0.3409413695335388,2048,0.00013807611361705145,3.0510798830781653e-06,0.00011635887352503108,1.4708257367601618e-05,-0.036630554789451854
1,500,layer_004.wq,wq,64,64,1,64,32,4.238441030275993,0.0936571998177329,1.2908465006481509,0.31259623169898987,2048,0.0001748490300344665,3.863654213164425e-06,0.00016420882856458353,1.7179025235236622e-05,-0.2159703024143553
1,500,layer_005.wq,wq,64,64,0,64,32,4.153253855006943,0.09177481140201812,1.2866587696059906,0.32218900322914124,2048,0.00018556208444781241,4.100381507629968e-06,0.0001698386316479651,1.7132062566815875e-05,-0.035040349740240936
1,500,layer_005.wq,wq,64,64,1,64,32,4.330505252412528,0.0956915509357769,1.3498904664964657,0.33099085092544556,2048,0.0006161918954627483,1.3616045868559427e-05,0.0005707907512951067,7.947662379592657e-05,-0.15861102047663755
1,500,layer_006.wq,wq,64,64,0,64,32,4.252758969622071,0.09397358456786506,1.2994061222628983,0.3295646607875824,2048,0.00013190038969555372,2.9146143748398207e-06,0.00010968103821651369,1.6308425983879715e-05,-0.10716171590452131
1,500,layer_006.wq,wq,64,64,1,64,32,4.292748004358149,0.09485722574395833,1.3052340371981195,0.31066545844078064,2048,0.00012698545236944025,2.806008577577267e-06,0.0001081087785633873,1.3482656868291087e-05,-0.031133192158724544
1,500,layer_007.wq,wq,64,64,0,64,32,4.084022973483771,0.09024501059600072,1.1758784285046704,0.2994045913219452,2048,0.00021324365293698305,4.712063532397856e-06,0.00019105984046205714,2.0238278011674993e-05,-0.04949980519922493
1,500,layer_007.wq,wq,64,64,1,64,32,4.111160896773193,0.09084467964554044,1.2963958725084308,0.3219759464263916,2048,0.00021884832133779164,4.83591037716391e-06,0.00019978870308377006,2.321255306014791e-05,-0.14905111003987417
1,500,layer_008.wq,wq,64,64,0,64,32,4.236614894098677,0.09361684752790944,1.3369257104076129,0.2903080880641937,2048,0.00017052451047537432,3.768094928614177e-06,0.00014555294806901898,1.636749402678106e-05,-0.1616994897696935
1,500,layer_008.wq,wq,64,64,1,64,32,4.059059467813535,0.08969338984157532,1.225477304122778,0.30040669441223145,2048,0.00018183132188418782,4.017942523013222e-06,0.00016668797078075849,1.9626801076810807e-05,-0.09435192802162926
1,500,layer_009.wq,wq,64,64,0,64,32,4.160459705272084,0.09193403970160235,1.3104070408710087,0.33901429176330566,2048,0.00012928780119071182,2.8568837795828297e-06,0.00010492195316853686,1.1742562492145225e-05,-0.1246425666465765
1,500,layer_009.wq,wq,64,64,1,64,32,4.18571603132369,0.09249213093344454,1.247666729472476,0.30602210760116577,2048,0.00025005551789215386,5.525498511708002e-06,0.0002214314481095652,3.1070245313458145e-05,-0.1386161385906755
1,500,layer_010.wq,wq,64,64,0,64,32,3.9266006345217126,0.08676643549005325,1.178007906172034,0.2736755609512329,2048,0.00016932777471153398,3.741650554429803e-06,0.00013891406377877351,1.8032358639175072e-05,-0.04196091027743322
1,500,layer_010.wq,wq,64,64,1,64,32,4.174062710987393,0.09223462650115906,1.3643338006674228,0.3094448447227478,2048,0.00045381493490859496,1.0027988058674975e-05,0.00042150690013040965,5.562657679547556e-05,-0.019594368253053766
1,500,layer_011.wq,wq,64,64,0,64,32,4.094486407227712,0.09047622200083935,1.3226675537064458,0.30860403180122375,2048,0.00035893540319105233,7.931426800135021e-06,0.0003336189004077131,4.514968895819038e-05,-0.14000576357981717
1,500,layer_011.wq,wq,64,64,1,64,32,4.063901783677066,0.08980039091606751,1.2027316153565353,0.3092550039291382,2048,0.00023389412626588876,5.1683788363222675e-06,0.00016984417731057553,2.4211984055000357e-05,-0.044724280467610664
1,500,layer_012.wq,wq,64,64,0,64,32,4.029121927930803,0.08903185742085273,1.2019307416309541,0.2897123098373413,2048,0.0003107685012239563,6.8670785810824815e-06,0.0002670795533667009,6.48143541184254e-05,-0.04731223678328012
1,500,layer_012.wq,wq,64,64,1,64,32,4.055107138940973,0.08960605488697318,1.2041403507468231,0.3054484724998474,2048,0.0003383332352143241,7.476178903775995e-06,0.0002639251789184344,4.258002445567399e-05,-0.03938525329690126
1,500,layer_013.wq,wq,64,64,0,64,32,4.040275940639519,0.08927832860909567,1.2274498637844076,0.29353609681129456,2048,0.00041655818163271856,9.204722343476028e-06,0.0003203288316234335,5.697680899174884e-05,-0.019654649402443977
1,500,layer_013.wq,wq,64,64,1,64,32,3.997391862277503,0.08833071540238577,1.2073080021853193,0.3216451406478882,2048,0.00040971578800752246,9.05352537685341e-06,0.00030721600220410427,7.408212695736438e-05,-0.05975974110949527
1,500,layer_014.wq,wq,64,64,0,64,32,3.974692538577485,0.08782912647374104,1.206238801560416,0.2984904944896698,2048,0.0006555244650621803,1.4485181077473495e-05,0.0004972255012490307,7.335832924582064e-05,-0.09159658890296071
1,500,layer_014.wq,wq,64,64,1,64,32,4.0212313268181035,0.08885749812227685,1.2748524273195363,0.28836411237716675,2048,0.0009740053042194368,2.1522679860163438e-05,0.0008519256016123206,0.0001149767340393737,-0.04254127652649193
1,500,layer_015.wq,wq,64,64,0,64,32,3.975371510798342,0.0878441297819162,1.167186115481367,0.2726183533668518,2048,0.0008939129186778992,1.9752871455856296e-05,0.0006071730475775387,9.941411553882062e-05,-0.05451422098390766
1,500,layer_015.wq,wq,64,64,1,64,32,3.9621401640062874,0.08755175556188831,1.1518290452082725,0.2685830891132355,2048,0.0012683649982951762,2.802717160356822e-05,0.0010658405058655068,0.0001693448721198365,-0.12944207100229133
1,500,layer_016.wq,wq,64,64,0,64,32,3.7485968672285463,0.08283307077349855,1.107480223251822,0.2505851089954376,2048,0.0013878965716271098,3.066847116822158e-05,0.0009370685483381429,0.0001620663097128272,-0.10980007015361319
1,500,layer_016.wq,wq,64,64,1,64,32,4.020536327220115,0.08884214065575624,1.1878785803215002,0.28166571259498596,2048,0.001729225209082226,3.8210839735648986e-05,0.00147084349480293,0.00023702369071543217,0.006232318063334749
1,500,layer_017.wq,wq,64,64,0,64,32,3.8456478992024383,0.08497761586193268,1.1964116528375306,0.27411147952079773,2048,0.0031714653758777383,7.008014604942163e-05,0.0026966421237042486,0.0004284379247110337,-0.07918677362840569
1,500,layer_017.wq,wq,64,64,1,64,32,3.88800822784216,0.08591365572550885,1.2627921762629335,0.2587015628814697,2048,0.004063835067579492,8.9798916684661e-05,0.003064676574930619,0.0005066219600848854,-0.018733852078634577
1,500,layer_018.wq,wq,64,64,0,64,32,3.7797429948511,0.08352130946254885,1.1125061799237903,0.2644725739955902,2048,0.0021681877015881416,4.79106320836953e-05,0.0014156131346581005,0.0002081536513287574,0.020952083211187123
1,500,layer_018.wq,wq,64,64,1,64,32,3.9135289489689593,0.08647758931830668,1.1936288380768707,0.26861250400543213,2048,0.0023530790522780314,5.1996192329181594e-05,0.0016956048573259035,0.0002565488393884152,0.006615283282983784
1,500,layer_000.wk,wk,64,64,0,64,32,3.728537978516793,0.08238982776627522,1.2099227540718653,0.28187012672424316,2048,0.01443547534515261,0.0003189819533190197,0.007221059532622904,0.00151434272993356,-0.06474476053881949
1,500,layer_000.wk,wk,64,64,1,64,32,3.7428417587446168,0.08270589964114072,1.0888418078967446,0.2644888460636139,2048,0.011266476385482232,0.0002489563078828935,0.0058857683382174154,0.0008864555275067687,-0.07196999594249985
1,500,layer_001.wk,wk,64,64,0,64,32,4.033996148638415,0.08913956349945748,1.3110182695341417,0.2989521622657776,2048,0.0015114476004979014,3.3398588991256315e-05,0.0012300901626520438,0.00013666106679011136,-0.06665065445778481
1,500,layer_001.wk,wk,64,64,1,64,32,3.866868730882071,0.08544653442390412,1.2466182472982685,0.29121366143226624,2048,0.004268624989695419,9.432417739237461e-05,0.0039558727673742935,0.0007246737368404865,0.05327664246804834
1,500,layer_002.wk,wk,64,64,0,64,32,4.1942784879089725,0.09268133628079045,1.3092684822454381,0.2972329258918762,2048,0.0006003415225114366,1.3265798799865415e-05,0.0005640506890189032,6.654052413068712e-05,-0.07504240219772314
1,500,layer_002.wk,wk,64,64,1,64,32,4.132914047243307,0.09132536090209006,1.1940027756539144,0.294645220041275,2048,0.0007760337835151479,1.7148085961044197e-05,0.0007519767627683678,0.00011114082008134574,-0.09043236846795655
1,500,layer_003.wk,wk,64,64,0,64,32,4.266223675405847,0.09427111534181473,1.3398298415025154,0.30951008200645447,2048,0.00025069721403052174,5.539678127048663e-06,0.0002353505063478817,3.482907050056383e-05,-0.13763143840372782
1,500,layer_003.wk,wk,64,64,1,64,32,4.118821255831675,0.09101395126543342,1.2618953047029287,0.3233673572540283,2048,0.0012029140167351122,2.6580895575554566e-05,0.0011905402923571148,0.0001370601385133341,-0.09922806379096995
1,500,layer_004.wk,wk,64,64,0,64,32,4.078229086914757,0.09011698258092647,1.2237373092894632,0.32576680183410645,2048,0.00015906791773780365,3.5149376031757777e-06,0.00013798787709601233,2.0405719624250196e-05,-0.03697375757480823
1,500,layer_004.wk,wk,64,64,1,64,32,4.189157306774782,0.09256817309617572,1.3835220405541235,0.3811458349227905,2048,0.0001800357779733493,3.978266233160968e-06,0.000164261595550512,2.0308860257500783e-05,-0.2281849449268842
1,500,layer_005.wk,wk,64,64,0,64,32,4.229515676595768,0.0934599755017399,1.2710179814298055,0.33358877897262573,2048,0.0001513446947814473,3.344276874267804e-06,0.00013216543157149995,1.7270811440539546e-05,-0.04394957748082384
1,500,layer_005.wk,wk,64,64,1,64,32,4.280625621646404,0.09458935639959543,1.3509766643427825,0.3033382296562195,2048,0.0008298620842554913,1.8337534600833126e-05,0.0007909413704507397,0.00010010044206865132,-0.12250415645842086
1,500,layer_006.wk,wk,64,64,0,64,32,4.173142770073786,0.09221429848683714,1.3621397883619937,0.3340776264667511,2048,0.00018267703183589342,4.036630249318471e-06,0.0001622355036357803,2.3614200472366065e-05,-0.09030933201534044
1,500,layer_006.wk,wk,64,64,1,64,32,4.114620174426761,0.09092111960450434,1.2834729662838464,0.4003734886646271,2048,0.00012746201078782995,2.816539130367108e-06,0.0001085854977352215,1.820136640162673e-05,-0.038021657499025294
1,500,layer_007.wk,wk,64,64,0,64,32,4.099396362348656,0.09058471770588128,1.2604906671647724,0.300375759601593,2048,0.0002244209118015519,4.959048392967046e-06,0.00020351137449674676,3.188317714375444e-05,-0.055979131723677106
1,500,layer_007.wk,wk,64,64,1,64,32,4.172989359294791,0.09221090855552042,1.2612919132973668,0.2853284478187561,2048,0.00024489876100896284,5.411549206675667e-06,0.00022691165872611778,2.8272545023355633e-05,-0.14099042637927586
1,500,layer_008.wk,wk,64,64,0,64,32,4.23651331692544,0.09361460296828414,1.3274535903118299,0.3031339943408966,2048,0.00021029529695237457,4.646913453958213e-06,0.00018947483666557316,2.215152380813379e-05,-0.13902007458476048
1,500,layer_008.wk,wk,64,64,1,64,32,3.9760771749417114,0.08785972290382298,1.2411940979310176,0.3141988217830658,2048,0.0001669770727534383,3.6897068889573666e-06,0.00014620284815386662,1.628309109946713e-05,-0.10947366323488712
1,500,layer_009.wk,wk,64,64,0,64,32,4.212314665585367,0.09307988326646743,1.2495829966662788,0.3472660481929779,2048,0.00018284624262496004,4.040369314830938e-06,0.0001647091420759028,2.663517625478562e-05,-0.09701400316416606
1,500,layer_009.wk,wk,64,64,1,64,32,4.174621810963004,0.0922469809819127,1.302271800295445,0.32692351937294006,2048,0.0003324474679470764,7.3461205929273495e-06,0.00031427828635780403,4.58865069958847e-05,-0.10600685859398981
1,500,layer_010.wk,wk,64,64,0,64,32,3.879343340902094,0.08572218696571088,1.1369813753899802,0.28346148133277893,2048,0.00016363966789621713,3.615959963766554e-06,0.00013105215208453322,2.181152558478061e-05,-0.04908692721795738
1,500,layer_010.wk,wk,64,64,1,64,32,4.113552716372276,0.09089753189109935,1.3325361774615399,0.2896840572357178,2048,0.000611848831563291,1.3520076808108399e-05,0.0005880831154464103,7.523538079112768e-05,-0.01775521094266466
1,500,layer_011.wk,wk,64,64,0,64,32,4.050994137719588,0.08951516954151474,1.233424480278864,0.2920807898044586,2048,0.00029604892939091095,6.54181892297908e-06,0.00026181063700318535,3.875781112583354e-05,-0.1712282007784964
1,500,layer_011.wk,wk,64,64,1,64,32,4.14532827344657,0.09159967913744979,1.2457636720275818,0.2768614590167999,2048,0.00028528551959958046,6.3039789213497215e-06,0.00024529151614756454,3.139823456876911e-05,-0.04245345104779228
1,500,layer_012.wk,wk,64,64,0,64,32,4.052002164544863,0.08953744399788255,1.2816567287846732,0.2948302626609802,2048,0.000432780353221799,9.563185078982608e-06,0.0004013267954383259,7.140447269193828e-05,-0.039880815185449614
1,500,layer_012.wk,wk,64,64,1,64,32,4.081619031461844,0.09019189048021058,1.247121326076258,0.28835800290107727,2048,0.00029024154600764687,6.413492667627327e-06,0.00022481193588665748,4.3551444832701236e-05,-0.04549857275378905
1,500,layer_013.wk,wk,64,64,0,64,32,4.011575034933518,0.08864412220125474,1.215128776009872,0.28781214356422424,2048,0.0004483804231790837,9.907901180663249e-06,0.000349095371554701,4.018801337224431e-05,-0.023765450837709014
1,500,layer_013.wk,wk,64,64,1,64,32,3.953319613571562,0.0873568470923198,1.1679811017788393,0.34388431906700134,2048,0.0005642862379191049,1.2469082042588894e-05,0.0004799308371825138,6.435971590690315e-05,-0.05317644119915752
1,500,layer_014.wk,wk,64,64,0,64,32,3.960922980249202,0.08752485934662003,1.2043050924177077,0.27476993203163147,2048,0.0006598854195823375,1.4581545468525037e-05,0.000559050319193926,6.68080901959911e-05,-0.09368773036144053
1,500,layer_014.wk,wk,64,64,1,64,32,4.094960885771065,0.09048670659444975,1.2215101419671048,0.26420730352401733,2048,0.0011028554505880732,2.436989274310538e-05,0.0009850293532777854,0.00018778879893943667,-0.03757076567326574
1,500,layer_015.wk,wk,64,64,0,64,32,3.9197329257322067,0.08661467913204468,1.156664987864773,0.2922002971172333,2048,0.0010045938402757422,2.2198597399912904e-05,0.0007540576789187443,0.00014830085274297744,-0.05373458004601414
1,500,layer_015.wk,wk,64,64,1,64,32,3.987651125276398,0.08811547349028465,1.235221745306516,0.295811265707016,2048,0.001451901243292884,3.2082787960799306e-05,0.0013042485333625922,0.00020179097191430628,-0.11363717563836126
1,500,layer_016.wk,wk,64,64,0,64,32,3.8021804458107056,0.08401711176648878,1.12670903425972,0.2565542459487915,2048,0.001639801393879205,3.6234833919098095e-05,0.0013429362489394544,0.00018964581249747425,-0.09572792213345396
1,500,layer_016.wk,wk,64,64,1,64,32,3.9269855898210446,0.08677494188075986,1.1203312250656643,0.2686209976673126,2048,0.0019752439882248516,4.364713808036731e-05,0.001727569163660649,0.00020154689264018089,0.003717030750092421
1,500,layer_017.wk,wk,64,64,0,64,32,3.8741740600647323,0.08560796091777474,1.2143451625500024,0.27448564767837524,2048,0.002809491495989561,6.208157776562991e-05,0.0022021750435429286,0.00032930501038208604,-0.08809140062580179
1,500,layer_017.wk,wk,64,64,1,64,32,3.84032141474955,0.08485991607204135,1.2414794844563544,0.29134732484817505,2048,0.004815562342122454,0.00010640989960441755,0.004158465456880862,0.0005399866495281458,-0.017385840637552153
1,500,layer_018.wk,wk,64,64,0,64,32,3.8153189832854326,0.08430743517096544,1.116324250959812,0.30286628007888794,2048,0.002096498626149998,4.632651235309202e-05,0.0014783069351743405,0.0002459834795445204,0.024473189653757978
1,500,layer_018.wk,wk,64,64,1,64,32,3.95505337416974,0.08739515815094248,1.160987592439646,0.293988436460495,2048,0.0020992180358849,4.63866033863537e-05,0.001446510404630537,0.00020030149607919157,0.010352448388921647
1,500,layer_000.wv,wv,64,64,0,64,32,2.6269973074483146,0.05804898782048454,0.825121623421456,0.19697637856006622,2048,0.03716645028279084,0.0008212702821123152,0.019482171333015993,0.0033714640885591507,0.0630421057849152
1,500,layer_000.wv,wv,64,64,1,64,32,2.603021105154429,0.057519183594574946,0.7509957596703395,0.18655085563659668,2048,0.03445663551138413,0.0007613912695929038,0.0194025668833357,0.0029333343263715506,0.037286412076628465
1,500,layer_001.wv,wv,64,64,0,64,32,3.078165820392333,0.06801849766300222,0.9592703432178911,0.21763969957828522,2048,0.007449778070536982,0.00016461839350036047,0.00605841492121223,0.0009221375221386552,0.055196064011613234
1,500,layer_001.wv,wv,64,64,1,64,32,3.1567488205936742,0.06975495304826324,1.0934525804171937,0.23586855828762054,2048,0.007933019584506077,0.0001752966232340605,0.005879739275260639,0.0008925758302211761,-0.039403646938074625
1,500,layer_002.wv,wv,64,64,0,64,32,3.2665916497128498,0.07218215958997838,0.9829024954613912,0.2329019159078598,2048,0.005061153489236641,0.00011183674852703704,0.004610539618701494,0.0005008710431866348,0.07511624948941004
1,500,layer_002.wv,wv,64,64,1,64,32,3.179212543721119,0.07025133589057928,1.1392490449253005,0.2667458653450012,2048,0.005642528614094878,0.00012468344518955064,0.005176111887842244,0.0006367146270349622,0.0476174980318467
1,500,layer_003.wv,wv,64,64,0,64,32,3.3807783265867255,0.07470535251306197,1.0416831242574154,0.2862100303173065,2048,0.004548019550057418,0.000100497983275456,0.004233209192720901,0.0006757095688953996,-0.02294060581994697
1,500,layer_003.wv,wv,64,64,1,64,32,3.5277696208704086,0.07795343191816757,1.1822340745738769,0.25247982144355774,2048,0.004698402164305562,0.00010382100097256297,0.0042306755512275225,0.000564842252060771,-0.0483956789258421
1,500,layer_004.wv,wv,64,64,0,64,32,3.4658850477864562,0.07658596312821453,1.046931837530734,0.2655167579650879,2048,0.0030815623481584525,6.809355103224947e-05,0.0027395617101002843,0.00029451685259118676,-0.009735491776353031
1,500,layer_004.wv,wv,64,64,1,64,32,3.5895806048999592,0.07931927460438973,1.095293874774315,0.24405881762504578,2048,0.003679529462872981,8.130688233666187e-05,0.0033358692111026397,0.00037340621929615736,-0.0262752921353009
1,500,layer_005.wv,wv,64,64,0,64,32,3.7564093924296307,0.08300570482186972,1.1286262112630387,0.25159165263175964,2048,0.003685519189458296,8.143923784559718e-05,0.0034207436949520603,0.0004227691679261625,-0.015388604247579658
1,500,layer_005.wv,wv,64,64,1,64,32,3.6096205940247534,0.07976209998579743,1.35501605396363,0.2690688371658325,2048,0.004243668796822751,9.377271822947264e-05,0.0038284439000566364,0.0005488853203132749,-0.07987796595665218
1,500,layer_006.wv,wv,64,64,0,64,32,3.7943574692789834,0.08384424677415615,1.1504560310497527,0.25894615054130554,2048,0.004260613646877937,9.414715005385426e-05,0.0040394638333536995,0.0004014626028947532,-0.025418425089781548
1,500,layer_006.wv,wv,64,64,1,64,32,3.698182419488218,0.08171905834015603,1.2178851995596611,0.288138747215271,2048,0.002525443436919941,5.580494311716099e-05,0.002074724505666226,0.00022671520127914846,-0.020868975324967856
1,500,layer_007.wv,wv,64,64,0,64,32,3.826751368084634,0.08456005757148573,1.0634727553729997,0.2932353913784027,2048,0.004243214210334384,9.376267319233016e-05,0.003978830900417502,0.000641496037133038,0.02296032230131797
1,500,layer_007.wv,wv,64,64,1,64,32,4.00909179683611,0.08858924987319294,1.2639811789864932,0.28756192326545715,2048,0.004194317935396959,9.268220795536093e-05,0.003972234550507145,0.0003770663752220571,-0.009533496044305537
1,500,layer_008.wv,wv,64,64,0,64,32,4.146471215434309,0.09162493482588831,1.2638163110736904,0.29556772112846375,2048,0.005389229544966146,0.0001190862736442642,0.005205837628923339,0.0007546072010882199,-0.01270567689815478
1,500,layer_008.wv,wv,64,64,1,64,32,3.9405278053088013,0.08707418539337493,1.1679206559502717,0.2636049687862396,2048,0.003996144438574228,8.830315097239832e-05,0.00374147200215609,0.00042939980630762875,0.007817055072996076
1,500,layer_009.wv,wv,64,64,0,64,32,4.057287345538788,0.0896542311016514,1.2002649654847686,0.3076285123825073,2048,0.004644895788055336,0.00010263866592621128,0.004414354233423989,0.0005306674866005778,-0.013885369609650177
1,500,layer_009.wv,wv,64,64,1,64,32,4.130259601658588,0.09126670538730115,1.193912900305026,0.336911678314209,2048,0.003626283344617938,8.013029823384934e-05,0.0033583010583267954,0.0004207675810903311,0.0003628863746599451
1,500,layer_010.wv,wv,64,64,0,64,32,4.084112638737292,0.09024699193690074,1.2488491292297448,0.2800235152244568,2048,0.00531895887607618,0.00011753349656643265,0.005036486008433625,0.0007918693590909243,0.010802871580221392
1,500,layer_010.wv,wv,64,64,1,64,32,4.2609361118002305,0.09415427558926827,1.2780613932453562,0.37321701645851135,2048,0.005348367981469328,0.00011818335212431156,0.005052460048065782,0.0006320880493149161,0.0038150628551529855
1,500,layer_011.wv,wv,64,64,0,64,32,4.215102680723694,0.09314149027929125,1.2466047444731072,0.307861328125,2048,0.0048668031872100255,0.000107542173011766,0.004454249569677005,0.0006264190888032317,0.006008193094186273
1,500,layer_011.wv,wv,64,64,1,64,32,4.15989889448443,0.09192164741688635,1.2384010021187795,0.28293493390083313,2048,0.004710289985396268,0.00010408368718839958,0.004194985006613681,0.0005658426671288908,-0.02118386893693181
1,500,layer_012.wv,wv,64,64,0,64,32,4.22664927751867,0.09339663643220858,1.203248382459455,0.31139734387397766,2048,0.005922861742941561,0.00013087799070201102,0.005505082426692106,0.0008627143106423318,0.01068107076904862
1,500,layer_012.wv,wv,64,64,1,64,32,4.2799783458868665,0.09457505349088083,1.1740991215565084,0.29729950428009033,2048,0.0064439775790745,0.0001423931326243016,0.005848847878757984,0.0006864360766485333,0.032496163670438206
1,500,layer_013.wv,wv,64,64,0,64,32,4.405819641183213,0.09735577953017288,1.1884858058628691,0.28601253032684326,2048,0.00543845296530077,0.00012017396784150821,0.004543044324155254,0.0005307359388098121,0.006410127913943171
1,500,layer_013.wv,wv,64,64,1,64,32,4.427222559075459,0.09782872166700994,1.2662065386538386,0.2927773594856262,2048,0.007023454910159782,0.00015519789357287302,0.006322251753610716,0.000822912494186312,0.04579460322752109
1,500,layer_014.wv,wv,64,64,0,64,32,4.484927033877946,0.0991038224619364,1.2416261874952434,0.2974349558353424,2048,0.0073981191305318396,0.00016347688141328092,0.006467416748370437,0.0007603485137224197,0.016021630822886684
1,500,layer_014.wv,wv,64,64,1,64,32,4.501855693652582,0.0994778965282816,1.2099781182472078,0.3347587287425995,2048,0.007593943679370391,0.00016780403348848517,0.006595193883475081,0.0009521380416117609,-0.035219116232334834
1,500,layer_015.wv,wv,64,64,0,64,32,4.499009199107396,0.09941499729092183,1.2654683544207794,0.310872882604599,2048,0.008377428224360368,0.00018511675957339985,0.0067222489551288615,0.0010547880083322525,-0.0012419558595990557
1,500,layer_015.wv,wv,64,64,1,64,32,4.478055230137023,0.09895197561743047,1.2747987760937445,0.2937379479408264,2048,0.008348080771028011,0.00018446826634646655,0.006095423533526602,0.0010533779859542847,-0.01579012079356338
1,500,layer_016.wv,wv,64,64,0,64,32,4.305785982958189,0.09514532709024127,1.2094165902876652,0.30473092198371887,2048,0.009995930837492457,0.0002208809524832076,0.007733113294176409,0.0012273562606424093,-0.015486575014799159
1,500,layer_016.wv,wv,64,64,1,64,32,4.375502877318508,0.09668586736416149,1.2161160449552322,0.30698108673095703,2048,0.009974784476742412,0.00022041367951183968,0.007408741642359949,0.0010320639703422785,0.022535663049025698
1,500,layer_017.wv,wv,64,64,0,64,32,4.3462164489124335,0.09603872261032809,1.1295950706081284,0.3620470464229584,2048,0.01390118101569753,0.00030717560508441944,0.008885185219072994,0.001175862387754023,0.00247100418341583
1,500,layer_017.wv,wv,64,64,1,64,32,4.390115958068862,0.09700877387955531,1.2453104272248463,0.2798800766468048,2048,0.01546730435399827,0.0003417823686058872,0.01055759311994464,0.0014701846521347761,-0.022543615736793476
1,500,layer_018.wv,wv,64,64,0,64,32,4.27041108480962,0.09436364489134638,1.144117312650211,0.28562435507774353,2048,0.014573395177954217,0.00032202957985133626,0.009931820308071455,0.002066168701276183,0.008738972221198828
1,500,layer_018.wv,wv,64,64,1,64,32,4.543367699914426,0.10039519093854432,1.227858281585562,0.33728161454200745,2048,0.016758460970038018,0.00037031316856762415,0.01154678028045056,0.0016169981099665165,0.005312713130782884
1,2000,layer_000.wq,wq,64,64,0,64,32,5.609137258548645,0.12394559350393336,1.7561715684354329,0.4428943395614624,2048,0.0055530366421762435,0.0001227059333081312,0.002563590441976225,0.0004850720288231969,-0.14530458817096495
1,2000,layer_000.wq,wq,64,64,1,64,32,5.473883586261489,0.12095688135222617,1.6330776779938623,0.4703187346458435,2048,0.004933838381037771,0.00010902345551594581,0.002154291040112924,0.0004612785705830902,-0.08382186650660195
1,2000,layer_001.wq,wq,64,64,0,64,32,5.777513344650446,0.1276662145124407,2.009101611706475,0.45479193329811096,2048,0.001815514872284789,4.01175899230501e-05,0.0014887478935140376,0.00017055153148248792,-0.030956912199188735
1,2000,layer_001.wq,wq,64,64,1,64,32,5.083810204205692,0.1123373959268504,1.6499868973328682,0.4444391131401062,2048,0.002174362927757304,4.8047086593057034e-05,0.0017548323445876247,0.00024278898490592837,-0.10955894930620633
1,2000,layer_002.wq,wq,64,64,0,64,32,6.142851166693015,0.1357391161183852,2.080184967732339,0.48719125986099243,2048,0.0008123310379071736,1.7950149546014653e-05,0.0006486602524577072,8.284284558612853e-05,-0.09565236679167588
1,2000,layer_002.wq,wq,64,64,1,64,32,5.4313414121914025,0.12001682323437064,2.015854975895192,0.38440054655075073,2048,0.0010365133379623434,2.290392531448365e-05,0.0008757613466881596,0.00012334788334555924,-0.1118905033866532
1,2000,layer_003.wq,wq,64,64,0,64,32,5.824189399450595,0.12869761935207258,1.9953278394769272,0.4704318642616272,2048,0.0011177994847339496,2.4700112364443895e-05,0.0009661592263706364,0.00014104698493611068,0.005988519236098639
1,2000,layer_003.wq,wq,64,64,1,64,32,5.442575481983673,0.1202650634509468,1.926089537522835,0.4942813813686371,2048,0.0009693996835606966,2.142090906018319e-05,0.0008093601524013071,9.443531598662958e-05,-0.13579965290811222
1,2000,layer_004.wq,wq,64,64,0,64,32,5.267255332431668,0.11639099886885736,1.8738952860835316,0.43379056453704834,2048,0.001089072294418832,2.406532514331089e-05,0.0009205415433266718,0.00011592116061365232,0.04309667449183014
1,2000,layer_004.wq,wq,64,64,1,64,32,5.881479493386122,0.1299635635369671,1.8414456882024204,0.5206870436668396,2048,0.000730179134560902,1.6134831797779325e-05,0.000650797093114114,8.171649096766487e-05,-0.0062611417344067685
1,2000,layer_005.wq,wq,64,64,0,64,32,5.919069048774762,0.13079418320937633,1.9610485161478188,0.4891670346260071,2048,0.0008765782821858732,1.9369826486702692e-05,0.0006659124588747692,8.897750376490876e-05,-0.030907904237487235
1,2000,layer_005.wq,wq,64,64,1,64,32,5.543680221614531,0.1224991836697931,2.190868379271199,0.4998103082180023,2048,0.0014660105052035335,3.2394561547504225e-05,0.0013224505419037458,0.00013186562864575535,0.12634773138796837
1,2000,layer_006.wq,wq,64,64,0,64,32,6.16118701082324,0.13614428485973715,2.2077930851934138,0.48831847310066223,2048,0.0007037556255599732,1.5550949222863684e-05,0.0005938203468558718,6.208301056176424e-05,-0.056215084538415054
1,2000,layer_006.wq,wq,64,64,1,64,32,5.635484164921334,0.12452778338391512,2.024699210390991,0.46376529335975647,2048,0.0008122706128429616,1.7948814328119095e-05,0.0005602176523463124,7.480964268324897e-05,0.010967913978187948
1,2000,layer_007.wq,wq,64,64,0,64,32,5.616343128298366,0.1241048222340701,1.8902745840238047,0.4168148636817932,2048,0.0010504873153492507,2.321270950730958e-05,0.0009572043970651026,0.00013151274470146745,-0.07521321518201696
1,2000,layer_007.wq,wq,64,64,1,64,32,5.9888642865443344,0.13233645464441982,2.0979334302849098,0.4473108649253845,2048,0.0008485821490763283,1.8751193500178924e-05,0.0007105140996936718,8.204967161873356e-05,-0.014606004571084909
1,2000,layer_008.wq,wq,64,64,0,64,32,6.172883820890645,0.1364027502883907,2.17225588463975,0.5032612681388855,2048,0.0010834272959142951,2.394058712073758e-05,0.0009976615060181154,0.00012466602493077517,-0.19775261785542103
1,2000,layer_008.wq,wq,64,64,1,64,32,5.367090990415876,0.11859707608025906,1.9380915887588495,0.40499699115753174,2048,0.0009701185970322574,2.143679495364653e-05,0.0007019662943424964,0.00011420005466789007,-0.09397556477326327
1,2000,layer_009.wq,wq,64,64,0,64,32,6.254363598700819,0.13820321602023902,2.1537911077415672,0.5547201633453369,2048,0.0007502836256482187,1.6579082484658896e-05,0.0006365913935971329,8.439386874670163e-05,-0.03680295233353248
1,2000,layer_009.wq,wq,64,64,1,64,32,6.2143368844528775,0.1373187422366973,2.020679715922527,0.5536728501319885,2048,0.0008487938036040388,1.875587044867308e-05,0.0006584104152744057,9.54173447098583e-05,-0.07966077186213505
1,2000,layer_010.wq,wq,64,64,0,64,32,5.820465803434623,0.12861533872728217,1.845908097117616,0.4917195439338684,2048,0.001030218496780174,2.2764827661783514e-05,0.0008616415704846857,9.485609916737303e-05,-0.06619116062613944
1,2000,layer_010.wq,wq,64,64,1,64,32,6.238251083551686,0.13784717637261645,2.0289778217040193,0.4981558322906494,2048,0.000800538356861534,1.7689565648022724e-05,0.0006084371887466517,7.66427765483968e-05,-0.08889288190701271
1,2000,layer_011.wq,wq,64,64,0,64,32,6.079966632261352,0.1343495510956231,2.0804450480789582,0.5843368172645569,2048,0.0005641183295840114,1.2465371757515073e-05,0.00041296992773864205,5.3906267567072064e-05,-0.09837529266802926
1,2000,layer_011.wq,wq,64,64,1,64,32,6.182664354178257,0.13661887158249353,2.058685355236026,0.5189437866210938,2048,0.001025778678337148,2.2666720607774114e-05,0.0007754473765431678,0.00013144542754162103,-0.1475044634556417
1,2000,layer_012.wq,wq,64,64,0,64,32,6.021407229451882,0.13305555888222276,1.9305613397455037,0.47424429655075073,2048,0.0010167340773924096,2.2466861274613154e-05,0.0008776240921692063,0.00011513523350004107,-0.09575642898032796
1,2000,layer_012.wq,wq,64,64,1,64,32,6.082020797243,0.1343949421577543,1.9264707320946985,0.5053462982177734,2048,0.0011256255801463935,2.4873046274954897e-05,0.0008776587160618814,0.00012258923379704356,0.050497096445482156
1,2000,layer_013.wq,wq,64,64,0,64,32,6.338671750539887,0.14006618057882372,2.0898278438253977,0.5109225511550903,2048,0.0012611509083149096,2.7867761230282706e-05,0.0009373506108849058,0.00013829389354214072,-0.11815170878160934
1,2000,layer_013.wq,wq,64,64,1,64,32,6.069090265390682,0.13410921507159423,2.041146427555653,0.4576035737991333,2048,0.0013098387365589608,2.894362040255191e-05,0.0010904544868018025,0.00012067193893017247,-0.12146965278697586
1,2000,layer_014.wq,wq,64,64,0,64,32,5.740041372500578,0.12683819308707803,1.8628632917975787,0.4703386425971985,2048,0.0017879016092698574,3.9507417250283044e-05,0.0013872186106794642,0.00027143547777086496,-0.04379234059458843
1,2000,layer_014.wq,wq,64,64,1,64,32,5.991852604041671,0.13240248775587934,1.9494627272735714,0.5173727869987488,2048,0.0012155019711689856,2.6859052698725166e-05,0.0009056582185383961,0.0001785705826478079,-0.12243506836270932
1,2000,layer_015.wq,wq,64,64,0,64,32,5.91887646700986,0.13078992771337958,1.9469886127434544,0.4625888764858246,2048,0.0027891281044096793,6.163160613206455e-05,0.002286741416595147,0.00035468992427922785,-0.10721762190726554
1,2000,layer_015.wq,wq,64,64,1,64,32,6.004671136432721,0.13268573998020972,1.9471338345177756,0.53028404712677,2048,0.002198946893927752,4.859032063016905e-05,0.001757534837822808,0.00032490125158801675,-0.08698522972958646
1,2000,layer_016.wq,wq,64,64,0,64,32,5.612177906489553,0.12401278296575266,1.7684251971693723,0.4159294068813324,2048,0.0022250343797647,4.916677807202574e-05,0.0016300850801103744,0.0002793690364342183,-0.11699026292713444
1,2000,layer_016.wq,wq,64,64,1,64,32,5.960376249257309,0.13170695200853386,1.9142827411215975,0.48484793305397034,2048,0.002773192574320783,6.127947733870015e-05,0.0018636968513359598,0.0003260313533246517,-0.0009810556772487681
1,2000,layer_017.wq,wq,64,64,0,64,32,5.4424956197069925,0.12026329872727802,1.6634311295400406,0.40468254685401917,2048,0.0031974700982349545,7.065477465947354e-05,0.0023269048015023453,0.0003265724517405033,-0.04308893278410512
1,2000,layer_017.wq,wq,64,64,1,64,32,5.328139715252802,0.1177363663676443,1.8176088399051826,0.3994644582271576,2048,0.003852697620201361,8.513339415955177e-05,0.0028854903065340916,0.00040036640712060034,-0.13774663882726845
1,2000,layer_018.wq,wq,64,64,0,64,32,5.31217645194025,0.1173836247508264,1.6084117392986523,0.4375217854976654,2048,0.0031374781965647796,6.932912839424675e-05,0.0017598189938516438,0.00029296849970705807,-0.030712561350838673
1,2000,layer_018.wq,wq,64,64,1,64,32,5.559339985343064,0.12284521882992509,1.7060986975540868,0.41664236783981323,2048,0.0038415389605881466,8.488682028825625e-05,0.0026111922267314826,0.0003861573350150138,-0.004482034356527284
1,2000,layer_000.wk,wk,64,64,0,64,32,5.691313370934554,0.12576144620142166,1.7052094990202586,0.4428309202194214,2048,0.0064636603213765395,0.00014282806389161784,0.003557398688533566,0.0006393755320459604,-0.1264346078932267
1,2000,layer_000.wk,wk,64,64,1,64,32,5.602550172200034,0.12380003808439073,1.7272378043852625,0.41989076137542725,2048,0.005552769984265297,0.00012270004094509722,0.002859950947688978,0.00062713393708691,-0.07666683274217154
1,2000,layer_001.wk,wk,64,64,0,64,32,5.685967958960896,0.12564332816845886,1.9432750266581404,0.5093197226524353,2048,0.0025014604929909307,5.527498992075411e-05,0.0022743616300726754,0.0003341232950333506,-0.028646959673660155
1,2000,layer_001.wk,wk,64,64,1,64,32,5.19537894241354,0.11480274003170025,1.7153325458107276,0.4521583020687103,2048,0.002959043526172662,6.538624197446384e-05,0.0026941971402938527,0.00037262513069435954,-0.08396436758348491
1,2000,layer_002.wk,wk,64,64,0,64,32,5.97029511537401,0.1319261300551839,1.9935739388401423,0.5021947026252747,2048,0.0015834149238681675,3.498885719059883e-05,0.0014856287544409421,0.0002559282584115863,-0.05890642790547441
1,2000,layer_002.wk,wk,64,64,1,64,32,5.5449831575846895,0.12252797475916655,1.995850876589798,0.44660699367523193,2048,0.001509719294880539,3.336039847181883e-05,0.0013147716481916021,0.00019299809355288744,-0.08651088826996622
1,2000,layer_003.wk,wk,64,64,0,64,32,5.9522622454568435,0.13152765616135004,2.11218355786544,0.47503796219825745,2048,0.0016067792726555102,3.550514123639687e-05,0.0014964262041290007,0.0002188000362366438,0.001456345755271864
1,2000,layer_003.wk,wk,64,64,1,64,32,5.398068522177183,0.11928158929191036,1.9040743860614415,0.5095534324645996,2048,0.0016420319873114494,3.6284123536035914e-05,0.0015178744592753398,0.00019059950136579573,-0.09403720460511371
1,2000,layer_004.wk,wk,64,64,0,64,32,5.313324877390361,0.11740900160780957,1.8678488684317756,0.3821549415588379,2048,0.0015043876946467312,3.324258563807191e-05,0.0013002960352814696,0.0002607563219498843,0.01903475843820439
1,2000,layer_004.wk,wk,64,64,1,64,32,5.865340326181075,0.1296069349565486,1.9611228887799712,0.48561862111091614,2048,0.000894435801016178,1.9764425632330033e-05,0.0008439402292554788,0.00011827480921056122,-0.01356646553700665
1,2000,layer_005.wk,wk,64,64,0,64,32,6.132435295366883,0.13550895570442664,2.1033547083077155,0.5089868307113647,2048,0.0012350002706238996,2.7289908316418156e-05,0.0010699659360359844,0.0001416040468029678,-0.026211521932881864
1,2000,layer_005.wk,wk,64,64,1,64,32,5.6426812374899695,0.12468681772197682,2.0618682177062806,0.4942743480205536,2048,0.0019727919538442395,4.3592955263547516e-05,0.0018867697819465274,0.0002634863485582173,0.08446818070644134
1,2000,layer_006.wk,wk,64,64,0,64,32,6.020729272761926,0.13304057801432215,2.194081631836184,0.5280844569206238,2048,0.0011273228696845944,2.491055142939548e-05,0.0010469199662308975,0.00015667310799472034,-0.044190737293638274
1,2000,layer_006.wk,wk,64,64,1,64,32,5.426513381827059,0.11991013782779557,1.807150490630027,0.4787360429763794,2048,0.0011746350935986293,2.5956013753227683e-05,0.0010306271200784742,0.00011612549860728905,0.0024908217167593926
1,2000,layer_007.wk,wk,64,64,0,64,32,5.663226482001356,0.12514080777557482,1.9935472920226105,0.43880292773246765,2048,0.0013903173863358143,3.072196412123786e-05,0.0013380989044514075,0.00014176293916534632,-0.06442875418091995
1,2000,layer_007.wk,wk,64,64,1,64,32,5.95060080714379,0.13149094321454743,1.950205444996348,0.5097355842590332,2048,0.0011597020279516521,2.5626036503762637e-05,0.0010395668774586175,0.00012004209565930068,-0.017293789757095206
1,2000,layer_008.wk,wk,64,64,0,64,32,6.083171256651625,0.13442036395929552,2.169531846718203,0.48273682594299316,2048,0.0012571184806149185,2.7778656324929328e-05,0.0011817452172391747,0.00016317333211190999,-0.176881945925725
1,2000,layer_008.wk,wk,64,64,1,64,32,5.317309176610438,0.11749704301395934,1.9002516616378635,0.4539867341518402,2048,0.0010281245508671415,2.271855755695404e-05,0.0007573384972497504,0.00011190850636921823,-0.09231889550105626
1,2000,layer_009.wk,wk,64,64,0,64,32,6.167715473659237,0.13628854487042644,2.181433872194635,0.47400176525115967,2048,0.0011006750906398216,2.4321713139829243e-05,0.0010354069361302144,0.000202999945031479,-0.029859872006993467
1,2000,layer_009.wk,wk,64,64,1,64,32,6.24588425184454,0.13801584715579818,2.2047257981590587,0.5166168808937073,2048,0.0011993425593155487,2.650197677055168e-05,0.0010750038638277998,0.00016611089813522995,-0.06598888928304229
1,2000,layer_010.wk,wk,64,64,0,64,32,5.680503171374924,0.12552257228221556,1.978991410853162,0.4218193590641022,2048,0.0012232765325842357,2.7030847858021245e-05,0.0010989486840942836,0.00012494594557210803,-0.06470288112805024
1,2000,layer_010.wk,wk,64,64,1,64,32,6.1617135227641056,0.1361559192398547,2.123995511017428,0.4569757580757141,2048,0.0011827541512588213,2.6135421275989133e-05,0.0010654542332468086,0.0001496399927418679,-0.06583133232803247
1,2000,layer_011.wk,wk,64,64,0,64,32,6.140638111833386,0.1356902140528108,2.1107478515648688,0.5852429866790771,2048,0.0009364664427529225,2.0693180375757357e-05,0.0008572872832721131,0.00013660993135999888,-0.06768150255614831
1,2000,layer_011.wk,wk,64,64,1,64,32,6.0960216294278,0.13470431976338326,2.0250945156629117,0.49612125754356384,2048,0.0013591763433399278,3.0033837787624945e-05,0.0011830426627629852,0.0001552119938423857,-0.11528176880154845
1,2000,layer_012.wk,wk,64,64,0,64,32,6.135152127556068,0.13556898978143658,2.0123244797319813,0.512119710445404,2048,0.0017506437777113568,3.8684127708179234e-05,0.0016571483584602673,0.0002582020533736795,-0.06049412527224562
1,2000,layer_012.wk,wk,64,64,1,64,32,5.980566066973587,0.1321530881653495,2.0851026840193088,0.46835583448410034,2048,0.001464001761000162,3.235017415225819e-05,0.0012643189951935241,0.00017176168330479413,0.03343467408393568
1,2000,layer_013.wk,wk,64,64,0,64,32,6.222755035644082,0.13750475885520835,2.1040674043436396,0.4825235903263092,2048,0.0016506110018655927,3.647369476625881e-05,0.001438649348347299,0.0001470821152906865,-0.09889045800794923
1,2000,layer_013.wk,wk,64,64,1,64,32,5.919899303304739,0.13081252941588437,1.9915328378937955,0.48851263523101807,2048,0.0013885012296268667,3.068183234859429e-05,0.0011226835398571978,0.0001380921166855842,-0.11964215423337665
1,2000,layer_014.wk,wk,64,64,0,64,32,5.674291823470875,0.12538531958773863,1.882433085730813,0.4281943738460541,2048,0.0026279354445205064,5.8069717916904204e-05,0.002266412466857774,0.0003257803909946233,-0.03742431730544099
1,2000,layer_014.wk,wk,64,64,1,64,32,5.894789346700691,0.13025767252244616,1.9059489075142984,0.4919092357158661,2048,0.001496962528335215,3.307851109274969e-05,0.0011434234655294177,0.00018239473865833133,-0.10857380825709681
1,2000,layer_015.wk,wk,64,64,0,64,32,5.819278500406301,0.12858910278907437,1.8691681286998834,0.43303415179252625,2048,0.002740345910996656,6.05536617644551e-05,0.002218735475868483,0.0003036822599824518,-0.11123943318145744
1,2000,layer_015.wk,wk,64,64,1,64,32,5.964924984822241,0.13180746581365224,1.9461898173834462,0.4104132652282715,2048,0.0023378681612219337,5.166007594750483e-05,0.001875864389484553,0.00020218997087795287,-0.08699846362429879
1,2000,layer_016.wk,wk,64,64,0,64,32,5.616732933348511,0.12411343579014193,1.749683034096771,0.5376322269439697,2048,0.002900462839282402,6.409177944488044e-05,0.002521531512975677,0.00036741039366461337,-0.09343078877143336
1,2000,layer_016.wk,wk,64,64,1,64,32,5.932950272856437,0.13110091782435515,1.8931598297933656,0.4366929233074188,2048,0.003614063092450423,7.986026625961621e-05,0.0028789056035828983,0.000425897043896839,-0.002389279835294238
1,2000,layer_017.wk,wk,64,64,0,64,32,5.595356256712184,0.1236410735086176,1.7976728957053063,0.41597363352775574,2048,0.0029390143801245583,6.494365619346415e-05,0.002031110648853481,0.00028736324748024344,-0.04708501984755475
1,2000,layer_017.wk,wk,64,64,1,64,32,5.365152611726976,0.1185542435579019,1.8241451428807967,0.40315482020378113,2048,0.004318847267852969,9.543394343774464e-05,0.0035522261909924175,0.0005604325560852885,-0.12301827884014441
1,2000,layer_018.wk,wk,64,64,0,64,32,5.398320766102201,0.11928716314784454,1.726802065226997,0.46118804812431335,2048,0.0030283253690512896,6.691716887798192e-05,0.001604838017336545,0.0002636154240462929,-0.03159227376764941
1,2000,layer_018.wk,wk,64,64,1,64,32,5.5597322691370366,0.12285388715901471,1.7283195132002858,0.40031012892723083,2048,0.0037148124768441653,8.208653416290327e-05,0.0024134113068953935,0.0002910554758273065,-0.004577571359912611
1,2000,layer_000.wv,wv,64,64,0,64,32,2.5117021667182944,0.05550130107523284,0.918954948700766,0.21948526799678802,2048,0.02867103421547628,0.0006335463349185878,0.017873563236305325,0.0022685599979013205,0.036842995964585144
1,2000,layer_000.wv,wv,64,64,1,64,32,2.543051121238941,0.05619402164787838,0.8211192588301979,0.21300245821475983,2048,0.031537229814270984,0.0006968809081721744,0.020872801786909607,0.003421822562813759,0.08327092678758702
1,2000,layer_001.wv,wv,64,64,0,64,32,4.331748999182249,0.09571903411624405,1.4314030476649828,0.3407853841781616,2048,0.01008248256162528,0.00022279349345376092,0.00898058622844058,0.0009822722058743238,0.12347975630503523
1,2000,layer_001.wv,wv,64,64,1,64,32,4.294471821748937,0.09489531708666314,1.5224093344515894,0.41782447695732117,2048,0.007782638740939926,0.00017197364466386742,0.0067177671663960934,0.0008776937611401081,-0.047579582559084184
1,2000,layer_002.wv,wv,64,64,0,64,32,4.569521720051988,0.10097311859462431,1.4286981135184402,0.35890501737594604,2048,0.010599420854523582,0.00023421632384011673,0.010142940215340032,0.0011719458270817995,0.031073667383646
1,2000,layer_002.wv,wv,64,64,1,64,32,4.4654768766875135,0.0986740306480458,2.030855102395082,0.4084782600402832,2048,0.006248285478927113,0.0001380689072793374,0.005814191240410753,0.000637365912552923,0.04461276587457996
1,2000,layer_003.wv,wv,64,64,0,64,32,4.759689379343566,0.10517526988985706,1.9509020874242526,0.34758010506629944,2048,0.005250147701285037,0.00011601297005655047,0.004708442545415983,0.0005346272373571992,0.018667091485708037
1,2000,layer_003.wv,wv,64,64,1,64,32,5.028186768829489,0.11110828004099399,2.088864570457699,0.3844265043735504,2048,0.0054750711583134905,0.00012098312323507361,0.004598225466502449,0.0005102253053337336,-0.025116640454814817
1,2000,layer_004.wv,wv,64,64,0,64,32,4.97282089647533,0.10988485554762104,2.2307702646933594,0.45861712098121643,2048,0.004909526422417004,0.00010848623205329983,0.004453604264998975,0.0006543050985783339,0.0060725944249752015
1,2000,layer_004.wv,wv,64,64,1,64,32,4.769170055711855,0.10538476521955244,1.9927057393045924,0.4388715922832489,2048,0.005866737421173763,0.00012963780668602648,0.005489386491149423,0.0006100679747760296,-0.009160839424720919
1,2000,layer_005.wv,wv,64,64,0,64,32,5.168452668904547,0.11420774782575362,2.106304160693947,0.5072985291481018,2048,0.005314366619748825,0.00011743202107924456,0.0049618609253367,0.0005362226511351764,-0.008194419005488838
1,2000,layer_005.wv,wv,64,64,1,64,32,5.191585786051245,0.11471892232589152,2.189023898275731,0.4733613431453705,2048,0.0068090398885246204,0.00015045994620454544,0.006302984532606767,0.0008069112664088607,0.01682224523172045
1,2000,layer_006.wv,wv,64,64,0,64,32,5.266131789022446,0.1163661718324943,1.8197933929893124,0.5135085582733154,2048,0.00761003330539113,0.0001681595673530483,0.007185912452612511,0.0008922898559831083,0.019378983818796942
1,2000,layer_006.wv,wv,64,64,1,64,32,5.357077882805292,0.11837581557112799,2.2843243411856395,0.4585941433906555,2048,0.0054854474773116555,0.00012121240965780352,0.0050802190151887205,0.0005430367891676724,-0.02359447054058224
1,2000,layer_007.wv,wv,64,64,0,64,32,5.320242583891748,0.11756186276960297,1.7198475913343552,0.41778436303138733,2048,0.0061505533995101615,0.00013590931302636275,0.005489400811274859,0.0008625045884400606,-0.019351789391061167
1,2000,layer_007.wv,wv,64,64,1,64,32,5.542541519544119,0.1224740216711762,2.1399545762634213,0.4445926249027252,2048,0.006354566739600614,0.00014041741353356516,0.005874248478258596,0.0007854975410737097,-0.006009106208899092
1,2000,layer_008.wv,wv,64,64,0,64,32,5.5855170319034775,0.12342365530287211,1.9323534396518778,0.4907298982143402,2048,0.007443213428342955,0.00016447333403125236,0.006989765621673807,0.000750706298276782,-0.039020299165726864
1,2000,layer_008.wv,wv,64,64,1,64,32,5.666410793621955,0.12521117178621033,2.3823958112483035,0.5402737259864807,2048,0.006959367653937651,0.00015378175190217588,0.0066711972012309636,0.0009339962271042168,-0.017957037784182957
1,2000,layer_009.wv,wv,64,64,0,64,32,5.566284288147992,0.12299866769254938,1.6892277227358448,0.49351200461387634,2048,0.008751322048608203,0.0001933787239036941,0.008278062922057539,0.0009365532896481454,-0.02910096318101269
1,2000,layer_009.wv,wv,64,64,1,64,32,5.98760306332288,0.1323085852852798,2.2779986851267187,0.4753926396369934,2048,0.006928855298673696,0.00015310751773601602,0.006214166195640115,0.0008162306621670723,-0.020112350167866534
1,2000,layer_010.wv,wv,64,64,0,64,32,5.886931035725141,0.13008402674183728,1.96494648545094,0.5010896325111389,2048,0.006491720328443819,0.0001434481083065371,0.00588721841128586,0.0006317694205790758,-0.0235067845558302
1,2000,layer_010.wv,wv,64,64,1,64,32,5.903685737443488,0.13045425684189357,1.9154949093700058,0.4533440172672272,2048,0.008493656720779287,0.00018768507076042903,0.007866219541222326,0.0009611373534426093,-0.023901172521293132
1,2000,layer_011.wv,wv,64,64,0,64,32,5.694756395223501,0.1258375270083749,1.8645237587592447,0.4528568983078003,2048,0.008260911193030143,0.00018254207260535836,0.00770530462902188,0.0010580535745248199,-0.014616545196782647
1,2000,layer_011.wv,wv,64,64,1,64,32,6.040199532777186,0.13347081404208017,2.135084563933262,0.5397151708602905,2048,0.007043506286781694,0.00015564097058479422,0.006338651093339511,0.0008060911204665899,-0.03908462080307086
1,2000,layer_012.wv,wv,64,64,0,64,32,5.9776876064849365,0.13208948257375877,1.827959556202203,0.521712601184845,2048,0.00834837758210009,0.00018447482500652274,0.007635625995820019,0.0011314575094729662,-0.003913407338917982
1,2000,layer_012.wv,wv,64,64,1,64,32,6.1805076598615205,0.1365712149207338,1.8750185456508572,0.4487038552761078,2048,0.012917892303098396,0.00028544778894244954,0.0122429079777454,0.0015791957266628742,-0.01895196723197837
1,2000,layer_013.wv,wv,64,64,0,64,32,6.440530106583665,0.14231695352504461,1.8421561116861502,0.4921993911266327,2048,0.013187349357788624,0.0002914020048990125,0.012398200431659453,0.0014396634651347995,-0.033804647758321746
1,2000,layer_013.wv,wv,64,64,1,64,32,6.18072866742448,0.13657609854406075,1.9314867021417015,0.5205110907554626,2048,0.010635083955139697,0.0002350043744739853,0.00975927126776518,0.0014782043872401118,-0.07102296174236995
1,2000,layer_014.wv,wv,64,64,0,64,32,6.335846615146898,0.1400037533165064,1.8755671685831845,0.5325466394424438,2048,0.013758372962852441,0.0003040199631289567,0.012702725671601798,0.0018680366920307279,0.014144298796187085
1,2000,layer_014.wv,wv,64,64,1,64,32,6.381544714296477,0.1410135481851315,1.8240796518060858,0.5071878433227539,2048,0.011468726214355924,0.00025342543992946866,0.010345315763400425,0.0014169146306812763,-0.017025328358641834
1,2000,layer_015.wv,wv,64,64,0,64,32,6.4350297611199885,0.1421954119132873,1.81035333030876,0.5453022122383118,2048,0.01581806568425624,0.00034953317220599427,0.014401331042345193,0.0019836900755763054,-0.030655319907767185
1,2000,layer_015.wv,wv,64,64,1,64,32,6.266046296962393,0.1384613696190926,1.7308071026013998,0.4675385355949402,2048,0.015482698275380144,0.0003421225294245802,0.013921939493204492,0.0019295084057375789,-0.03207043325990435
1,2000,layer_016.wv,wv,64,64,0,64,32,5.688840525553922,0.12570680352212565,1.554338827127004,0.42046719789505005,2048,0.014876125989930789,0.000328719048914547,0.012752313410079354,0.001776393735781312,-0.009531909243017606
1,2000,layer_016.wv,wv,64,64,1,64,32,5.967933561990487,0.13187394660482069,1.7118775188865363,0.44618380069732666,2048,0.014384882289627912,0.0003178639941739428,0.011228752406495339,0.0017979691037908196,-0.0033302525429896694
1,2000,layer_017.wv,wv,64,64,0,64,32,5.712693390902523,0.12623388236083583,1.4766550953499578,0.4493754804134369,2048,0.015512163271125664,0.000342773619996433,0.012005673009543623,0.0015516453422605991,-0.027162093794179117
1,2000,layer_017.wv,wv,64,64,1,64,32,5.327164625585382,0.11771481972651625,1.5084241935486913,0.4207777976989746,2048,0.019550865878364757,0.00043201718252063774,0.015301151196273274,0.0017904170090332627,-0.015911454928331993
1,2000,layer_018.wv,wv,64,64,0,64,32,5.276776189834598,0.11660138208236742,1.4489028407008218,0.40715643763542175,2048,0.014730613443458726,0.00032550364552835586,0.009474177445115861,0.0015615085139870644,-0.012781826375940901
1,2000,layer_018.wv,wv,64,64,1,64,32,5.5654318654424335,0.12297983163393883,1.4874396172882856,0.4145023226737976,2048,0.017552795747593972,0.00038786565318456545,0.010879051745947664,0.0015642193611711264,-0.02645251554476663
1,8000,layer_000.wq,wq,64,64,0,64,32,11.269824574399602,0.24903029310439861,3.449791296637623,0.8384934067726135,2048,0.002812789449277009,6.215445292605461e-05,0.001366162777311151,0.0002480287803336978,-0.13854051740963322
1,8000,layer_000.wq,wq,64,64,1,64,32,10.595163052881817,0.23412223882718428,3.176890160231811,0.7555598616600037,2048,0.0022152000685973466,4.894946844344029e-05,0.001146395850692861,0.00019795693515334278,0.01493998593197195
1,8000,layer_001.wq,wq,64,64,0,64,32,8.62455195144182,0.19057747404875575,2.9372890060776955,0.7664715051651001,2048,0.0008816730359641327,1.9482405703736537e-05,0.000667893495327001,0.00012274349865037948,0.02339798777536982
1,8000,layer_001.wq,wq,64,64,1,64,32,7.881830532425123,0.17416549430128067,2.383977269238948,0.6128441095352173,2048,0.0015954581411925033,3.525497721051573e-05,0.0010334210086685937,0.00015548983355984092,0.04083457124358284
1,8000,layer_002.wq,wq,64,64,0,64,32,9.435567483697666,0.20849855475205964,2.951861147944799,0.8234720230102539,2048,0.0013628423912032351,3.011484676588429e-05,0.0010967715231292585,0.00014137913240119815,0.04444148139332552
1,8000,layer_002.wq,wq,64,64,1,64,32,8.220728755892841,0.18165415779959626,2.698591847953683,0.7214503288269043,2048,0.0016623684649173525,3.673350044917911e-05,0.0012219457565491967,0.00018284608086105436,-0.0537078873590442
1,8000,layer_003.wq,wq,64,64,0,64,32,8.571810480664606,0.18941204118512073,2.7182695936059957,0.64040607213974,2048,0.0025220308183651926,5.572953418835894e-05,0.00229656027346617,0.00036049779737368226,0.07774281422624638
1,8000,layer_003.wq,wq,64,64,1,64,32,8.574684368903,0.18947554574330014,2.7798569845518397,0.6578949689865112,2048,0.0016584927626447426,3.66478587192159e-05,0.00129849491180698,0.00017255570855922997,-0.09358631385500295
1,8000,layer_004.wq,wq,64,64,0,64,32,7.989197239379392,0.17653798575631297,2.434040658161917,0.6568520069122314,2048,0.002061116581187561,4.5544672230429934e-05,0.001704166394486047,0.00019787755445577204,-0.030576915426761015
1,8000,layer_004.wq,wq,64,64,1,64,32,9.287723949874712,0.20523164333578484,3.089955840139465,0.888154923915863,2048,0.0007113386028444236,1.5718510930970513e-05,0.000551743625438984,7.529118011007085e-05,-0.07648229774707198
1,8000,layer_005.wq,wq,64,64,0,64,32,8.71617295517283,0.19260203133117182,2.676491909066014,0.7209154367446899,2048,0.0023479612403201006,5.188310359354751e-05,0.001764105827026504,0.00027566959033720195,-0.017222119631254577
1,8000,layer_005.wq,wq,64,64,1,64,32,8.706625196803648,0.1923910536846725,2.799715044427907,0.7067846655845642,2048,0.0017450337819288776,3.856016314379739e-05,0.0013259220146746831,0.0001802682236302644,0.056434070941840234
1,8000,layer_006.wq,wq,64,64,0,64,32,9.689382696509917,0.21410713156917996,3.1170365365884924,0.8296306133270264,2048,0.0010492517467971614,2.3185407041628226e-05,0.0006727102111021705,0.00011105619341833517,-0.07501451198210629
1,8000,layer_006.wq,wq,64,64,1,64,32,8.536551548267727,0.18863292149151978,2.730083013688115,0.728584349155426,2048,0.002564921330469296,5.6677289562026916e-05,0.0021377694689404176,0.0002521607675589621,-0.05198228332255087
1,8000,layer_007.wq,wq,64,64,0,64,32,9.486750740818644,0.20962955563310523,2.919509630560528,0.8283656239509583,2048,0.002067224933817267,4.5679649029378175e-05,0.0017078055183787381,0.00019237719243392348,-0.05373140436237106
1,8000,layer_007.wq,wq,64,64,1,64,32,9.646038146634545,0.2131493432834189,3.063335930924579,0.7595549821853638,2048,0.0018792902786154133,4.15268406195911e-05,0.0015099425195488421,0.00023614276142325252,0.043719666227429746
1,8000,layer_008.wq,wq,64,64,0,64,32,9.387095621764292,0.20742746780612756,3.0284460021261435,0.7984758615493774,2048,0.0015684875517266448,3.465900575101864e-05,0.0010496244860037373,0.00014419539365917444,0.05070017017452163
1,8000,layer_008.wq,wq,64,64,1,64,32,8.697893341814433,0.19219810512607216,2.8101647802772236,0.6217837929725647,2048,0.0025818618682231093,5.7051626097110287e-05,0.0022333085047395278,0.00028292028582654893,0.04281215112077036
1,8000,layer_009.wq,wq,64,64,0,64,32,9.905105240546952,0.21887397137366124,3.2401128569315945,0.8824722766876221,2048,0.001800799097853185,3.979241417645639e-05,0.0015234166040438949,0.00020940577087458223,-0.025460119032255313
1,8000,layer_009.wq,wq,64,64,1,64,32,9.630440354110643,0.21280467750638166,3.097174295219948,0.7599658370018005,2048,0.001633363327675699,3.6092571410653494e-05,0.001315129392417063,0.0002002956171054393,-0.07891250705199879
1,8000,layer_010.wq,wq,64,64,0,64,32,9.750655942389322,0.21546109180876238,2.958150753920899,0.7761897444725037,2048,0.0027645834558166246,6.108924089887737e-05,0.0023048100091724996,0.0003167622780892998,0.02189986069405261
1,8000,layer_010.wq,wq,64,64,1,64,32,10.250918988142269,0.2265154478096669,3.0441647646781327,0.8717203140258789,2048,0.002621662635574737,5.7931107112446664e-05,0.0022772198102422323,0.00025895863655023277,-0.010917013930549497
1,8000,layer_011.wq,wq,64,64,0,64,32,10.328425060121894,0.22822810621841458,3.206801438965137,0.8182693719863892,2048,0.002298831829566038,5.079748673417574e-05,0.001855129773789404,0.00029277504654601216,-0.06945259680945763
1,8000,layer_011.wq,wq,64,64,1,64,32,9.811615449814477,0.2168081193424536,2.974615511296192,0.7796221375465393,2048,0.0034137096818523177,7.543303953249831e-05,0.0027525886529525655,0.0003989515535067767,0.040176053663933405
1,8000,layer_012.wq,wq,64,64,0,64,32,10.534517115640062,0.2327821402810887,3.023890391642011,0.8177677989006042,2048,0.0032929251030955897,7.276405219807197e-05,0.0027165347064215476,0.00031335954554378986,0.006665151934737681
1,8000,layer_012.wq,wq,64,64,1,64,32,10.663048174113179,0.23562230225107075,3.217535076909779,0.8067018985748291,2048,0.0038734129904675245,8.55911434967391e-05,0.003215554187769438,0.0003516191500239074,-0.05615115228610814
1,8000,layer_013.wq,wq,64,64,0,64,32,10.42973999109133,0.23046687105353755,3.215670814638191,0.770544707775116,2048,0.0033021203639840772,7.296724067710412e-05,0.0027765780335731196,0.0003717692452482879,-0.05605260717122608
1,8000,layer_013.wq,wq,64,64,1,64,32,10.193010010975021,0.22523582810821263,2.9666809420118234,0.8124828338623047,2048,0.003131801973128618,6.92037003916455e-05,0.0025107194294359293,0.00030188242089934647,-0.02566760716358766
1,8000,layer_014.wq,wq,64,64,0,64,32,10.019990934462191,0.2214126105370609,2.9138875803036135,0.9206279516220093,2048,0.004426820866407102,9.781984542920531e-05,0.0034795937020914236,0.000616879784502089,-0.010462789357556937
1,8000,layer_014.wq,wq,64,64,1,64,32,9.91536870441413,0.21910076402675327,2.9203726005892454,0.8693379759788513,2048,0.0039067637963793945,8.63280991535616e-05,0.0032197114532192626,0.0004353834374342114,-0.01639628124893609
1,8000,layer_015.wq,wq,64,64,0,64,32,10.281061634439219,0.2271815124846507,3.11868880456701,0.8241523504257202,2048,0.005369757230423334,0.00011865599221743234,0.004103519689270707,0.0007207031012512743,-0.051796321956135635
1,8000,layer_015.wq,wq,64,64,1,64,32,9.812832587726719,0.2168350145446844,2.8713109779201544,0.8656627535820007,2048,0.0036807214132901543,8.133322096862505e-05,0.002864533317711027,0.00032617454417049885,-0.0128951471624395
1,8000,layer_016.wq,wq,64,64,0,64,32,9.513195881638566,0.21021391620820526,2.899629096726365,0.7887117266654968,2048,0.00406792561563981,8.988930588066785e-05,0.002837283334772908,0.0003940840542782098,-0.004332349112339822
1,8000,layer_016.wq,wq,64,64,1,64,32,9.42383189619963,0.20823923245515125,2.650935593802505,0.8087218403816223,2048,0.004335555450274407,9.580314559685404e-05,0.0030349576809332425,0.0003923086333088577,-0.04622813389914566
1,8000,layer_017.wq,wq,64,64,0,64,32,9.343237150303944,0.2064583233504373,2.8668746023536174,0.678039014339447,2048,0.004421515156016121,9.770260468556549e-05,0.003254010525598494,0.0004514413303695619,-0.013537894147256237
1,8000,layer_017.wq,wq,64,64,1,64,32,8.928088622647103,0.1972847502533822,2.998019971143548,0.6954343914985657,2048,0.0033454089762057146,7.392379290366897e-05,0.0019430883660684897,0.00027756683994084597,0.05488918810344094
1,8000,layer_018.wq,wq,64,64,0,64,32,9.046470379440285,0.19990064222204584,2.579691976755791,0.7881187796592712,2048,0.0034604094535963686,7.646496844750088e-05,0.0022098128618570382,0.0003178748593199998,-0.03765834570062021
1,8000,layer_018.wq,wq,64,64,1,64,32,8.765236701278617,0.19368619719310362,2.4944705060622616,0.7897313237190247,2048,0.003641529050952838,8.046718393176766e-05,0.002189292693624984,0.0002914761716965586,-0.05592232798705373
1,8000,layer_000.wk,wk,64,64,0,64,32,11.363011472440936,0.2510894520894851,3.276334633997853,0.795231282711029,2048,0.003258899419932137,7.201218371996627e-05,0.0017938955088562503,0.0004718195123132318,-0.11872203169854677
1,8000,layer_000.wk,wk,64,64,1,64,32,10.659941793569512,0.23555366029021538,3.215525925622861,0.896449089050293,2048,0.0024725068767020167,5.463519934519897e-05,0.0015748595332519197,0.00031571160070598125,0.013205127989538165
1,8000,layer_001.wk,wk,64,64,0,64,32,8.43041621943165,0.18628763990578684,2.838990313364796,0.6673182845115662,2048,0.0012688617625709765,2.8038148646945394e-05,0.0011356590241864413,0.00018550823733676225,0.016352670526156687
1,8000,layer_001.wk,wk,64,64,1,64,32,7.7482590975819665,0.17121395469658027,2.620462939436864,0.5743062496185303,2048,0.001721650833719787,3.804346810496046e-05,0.0013161767698149718,0.00018267668201588094,0.0384369067497296
1,8000,layer_002.wk,wk,64,64,0,64,32,9.112173612403964,0.20135249227124885,2.922542297999382,0.8692324757575989,2048,0.001680360120444973,3.713106362506514e-05,0.0014754008777179202,0.00017953735368791968,0.03709868934942321
1,8000,layer_002.wk,wk,64,64,1,64,32,8.141414351720071,0.17990154051721075,2.7321502225558127,0.6143856644630432,2048,0.0029138979248998663,6.438865569944077e-05,0.0026720815751394094,0.00033971492666751146,-0.031160152229942256
1,8000,layer_003.wk,wk,64,64,0,64,32,8.52906942847879,0.18846758844025704,2.815196491870771,0.7184961438179016,2048,0.0022061924943792147,4.875042729307522e-05,0.0019180160742122327,0.00018987002840731293,0.08931003490329265
1,8000,layer_003.wk,wk,64,64,1,64,32,8.48459091540025,0.18748474287104047,2.763781881751482,0.7173655033111572,2048,0.0019975952796541623,4.4141036509677995e-05,0.0017141347324874845,0.00026113991043530405,-0.07886645010753866
1,8000,layer_004.wk,wk,64,64,0,64,32,8.076708417186003,0.1784717278580841,2.5496963436791926,0.7221889495849609,2048,0.0029532493186367617,6.525820686695643e-05,0.0026545706993289135,0.00034384377067908645,-0.02131947276696586
1,8000,layer_004.wk,wk,64,64,1,64,32,9.226553401942972,0.20387995242167767,3.0751127382311108,0.7123172283172607,2048,0.0009441502174689254,2.0862969413469713e-05,0.0008143950846893081,0.00013434239372145385,-0.0582784669072316
1,8000,layer_005.wk,wk,64,64,0,64,32,9.048823496429922,0.19995263925268011,2.7886111480953226,0.5954973101615906,2048,0.0034078624337383033,7.530383238272645e-05,0.002796561687869914,0.0004616166406776756,-0.011730901997786139
1,8000,layer_005.wk,wk,64,64,1,64,32,8.689589492683211,0.19201461425011473,2.682450438612363,0.6539131999015808,2048,0.0020495340397615786,4.5288731805877246e-05,0.0016078351076908041,0.00022057066962588578,0.04791646569208023
1,8000,layer_006.wk,wk,64,64,0,64,32,9.434096716471496,0.20846605508083554,3.0280034032375895,0.9804537892341614,2048,0.0015621478927267715,3.451891775510549e-05,0.0012709328750342577,0.00017095969815272838,-0.052050882074712555
1,8000,layer_006.wk,wk,64,64,1,64,32,8.39256463059693,0.18545123005754569,2.6519999786565993,0.6092810034751892,2048,0.0038949627922856824,8.606733134045303e-05,0.0035552288119898605,0.0005804955144412816,-0.03511741636592931
1,8000,layer_007.wk,wk,64,64,0,64,32,9.225386381557524,0.20385416467079226,2.9035295728703727,0.702144980430603,2048,0.0021368305041809593,4.721772936726956e-05,0.0017472635875075168,0.0002999624121002853,-0.053581009546893946
1,8000,layer_007.wk,wk,64,64,1,64,32,9.469612958201468,0.20925086056113323,2.969608883707372,0.6351151466369629,2048,0.0022044528417982227,4.8711986038796215e-05,0.0018510116405091254,0.00023085398424882442,0.03782116635813338
1,8000,layer_008.wk,wk,64,64,0,64,32,9.154940180599848,0.20229750884560468,2.9039022094513407,0.8047012686729431,2048,0.002303514220748232,5.0900953939085036e-05,0.0018653305284197104,0.00035526821739040315,0.03524130247323467
1,8000,layer_008.wk,wk,64,64,1,64,32,8.421531232669945,0.18609130758110076,2.810787011812066,0.6131712198257446,2048,0.0027811136473351633,6.145450997753584e-05,0.002341009412996506,0.00024216744350269437,0.04079384040725728
1,8000,layer_009.wk,wk,64,64,0,64,32,9.584461648916669,0.21178868206160553,3.1610445971131513,0.8204571604728699,2048,0.001813299298967905,4.006863220690684e-05,0.0015469722993540608,0.00021441497665364295,-0.026069933602297497
1,8000,layer_009.wk,wk,64,64,1,64,32,9.381592189409979,0.2073058579830796,3.0046747368170164,0.7634657025337219,2048,0.0018459867241958157,4.079092908310008e-05,0.001575291208899585,0.00019959936616942286,-0.07170365015165943
1,8000,layer_010.wk,wk,64,64,0,64,32,9.56372508762721,0.2113304644645347,2.92786235152604,0.7676191926002502,2048,0.0031565234504730357,6.97499730251201e-05,0.002507183848637733,0.00033090796205215156,0.019376809544160406
1,8000,layer_010.wk,wk,64,64,1,64,32,9.95090401199682,0.21988599080685545,3.0793034159486954,0.7979163527488708,2048,0.00265816468991879,5.873769617975666e-05,0.002274144834890644,0.0003331201442051679,-0.011223396472441912
1,8000,layer_011.wk,wk,64,64,0,64,32,10.101073685045789,0.22320430312377706,3.157242602697206,0.7681943774223328,2048,0.0027457520121447775,6.067312085138063e-05,0.00240946412148161,0.00031925278017297387,-0.05961667426500553
1,8000,layer_011.wk,wk,64,64,1,64,32,9.57465048261812,0.21157188386719764,3.0097241114834445,0.6916515827178955,2048,0.0038171773013619915,8.434849858701344e-05,0.0031641550297846935,0.0004152299661654979,0.036734150124268734
1,8000,layer_012.wk,wk,64,64,0,64,32,10.25306287455658,0.22656282145409357,2.904186565917398,0.9398341178894043,2048,0.003512316727724957,7.761196799528943e-05,0.003001753626113059,0.0004773396940436214,0.006330503836955475
1,8000,layer_012.wk,wk,64,64,1,64,32,10.331247567845185,0.2282904754168862,3.1573691851147654,0.8775238990783691,2048,0.004138723484403851,9.145373253993689e-05,0.003478678738224603,0.0005480420077219605,-0.05441511412168333
1,8000,layer_013.wk,wk,64,64,0,64,32,10.070031807834994,0.22251836806513606,3.0879718171204757,0.9647315144538879,2048,0.003903013574577943,8.624523017647533e-05,0.0034659125946770587,0.0004657158860936761,-0.049256575705298934
1,8000,layer_013.wk,wk,64,64,1,64,32,9.839502893580104,0.21742435061109835,2.975263441123017,0.8345564603805542,2048,0.0031327631438894535,6.922493946548503e-05,0.0023809602305957084,0.00036894442746415734,-0.0266421985681307
1,8000,layer_014.wk,wk,64,64,0,64,32,9.750266011493851,0.21545247547187546,2.796332116183424,0.7688440680503845,2048,0.004699765226309532,0.00010385112067213124,0.0037030038294650967,0.0006804642616771162,-0.010276590698295576
1,8000,layer_014.wk,wk,64,64,1,64,32,9.742010377168285,0.21527005000266908,2.756252316724363,0.7347183227539062,2048,0.0034749366504852365,7.678597717974309e-05,0.0024660946634780497,0.0004263289156369865,-0.018858515295636577
1,8000,layer_015.wk,wk,64,64,0,64,32,9.880669106164548,0.218334003988418,2.8828828440947407,0.7692704796791077,2048,0.00491195112452005,0.00010853981090640675,0.003370821448866609,0.0008190838270820677,-0.05886876797058663
1,8000,layer_015.wk,wk,64,64,1,64,32,9.593864256232518,0.21199645229266398,2.7576311682375008,0.8369221091270447,2048,0.004586685874932685,0.00010135239641679547,0.003929777056335225,0.0005773248849436641,-0.010689155574726897
1,8000,layer_016.wk,wk,64,64,0,64,32,9.304620878025087,0.20560501622567087,2.7305284904717966,0.7121878266334534,2048,0.004123640526769041,9.112044311418926e-05,0.002799051902021056,0.0003357184468768537,-0.0044237878474037646
1,8000,layer_016.wk,wk,64,64,1,64,32,9.275698091860253,0.20496590690604702,2.6178542558845606,0.6915506720542908,2048,0.004172694294619831,9.220438848575316e-05,0.0024973747884225613,0.00039374904008582234,-0.04884606429736282
1,8000,layer_017.wk,wk,64,64,0,64,32,9.459052364410843,0.20901750220229853,2.701377140967191,0.75361168384552,2048,0.004362098350006932,9.638966635914226e-05,0.0030983449035302904,0.0004346033092588186,-0.013564422614557923
1,8000,layer_017.wk,wk,64,64,1,64,32,8.692774398177876,0.1920849913836371,2.8585936430720387,0.6500347256660461,2048,0.0036668192655916272,8.102602400266613e-05,0.0025871939082448194,0.00035317332367412746,0.051373272082033634
1,8000,layer_018.wk,wk,64,64,0,64,32,9.051981966428352,0.2000224322387446,2.5421242945321016,0.8116187453269958,2048,0.00331543164986835,7.326138131820045e-05,0.0019078240765367737,0.00027705132379196584,-0.03936896193942769
1,8000,layer_018.wk,wk,64,64,1,64,32,8.855419237433226,0.19567896853246378,2.540783479711728,0.6804799437522888,2048,0.0033604802186344034,7.425682345748871e-05,0.0016757984684365233,0.0002637073630467057,-0.060029635569446564
1,8000,layer_000.wv,wv,64,64,0,64,32,3.571907991014318,0.07892876131939508,1.346274573185935,0.2866637706756592,2048,0.027245201625067366,0.0006020395882462463,0.019896635763761203,0.0031105591915547848,-0.049809219150801644
1,8000,layer_000.wv,wv,64,64,1,64,32,3.5723468216938064,0.07893845819905942,1.442972440278652,0.297808438539505,2048,0.02356107931599541,0.0005206312173879518,0.015469164101842599,0.0025060977786779404,0.0483423293872375
1,8000,layer_001.wv,wv,64,64,0,64,32,5.597306042912044,0.12368415810373587,1.9934453899944615,0.45156440138816833,2048,0.014689767808991235,0.00032460107599354863,0.013912449620158715,0.0016328879864886403,0.09323859804791733
1,8000,layer_001.wv,wv,64,64,1,64,32,5.490049070790437,0.12131409146883819,2.035771611140074,0.4702131152153015,2048,0.011684703757482007,0.0002581979144709831,0.011032713189504847,0.0019405038328841329,-0.06633713967307298
1,8000,layer_002.wv,wv,64,64,0,64,32,6.21097880826666,0.137244538535353,2.028434797878379,0.4737103581428528,2048,0.011246270171632586,0.00024850980941929375,0.010655990015173856,0.0013252408243715763,0.014375239523618133
1,8000,layer_002.wv,wv,64,64,1,64,32,6.080452462682053,0.13436028653265383,2.5887305264011635,0.46719902753829956,2048,0.009738711716872479,0.00021519715921941926,0.009240008580701444,0.0014376816106960177,0.047003216639089004
1,8000,layer_003.wv,wv,64,64,0,64,32,6.231728809105843,0.13770305310732223,2.8612942092816085,0.47527894377708435,2048,0.00836094542602541,0.00018475253774603802,0.007947710975972924,0.0008978297701105475,0.03059656047860432
1,8000,layer_003.wv,wv,64,64,1,64,32,6.563139520548104,0.145026264401656,2.6271338655444847,0.5021805167198181,2048,0.009405446795052718,0.00020783297527722055,0.008939269728032903,0.001099744695238769,-0.0007283218923048757
1,8000,layer_004.wv,wv,64,64,0,64,32,6.441521246846636,0.14233885483757758,2.7191973069291797,0.46818068623542786,2048,0.00957946836048388,0.0002116783449331291,0.00922336947462287,0.0010532793821766973,-0.002987693798607761
1,8000,layer_004.wv,wv,64,64,1,64,32,6.35527509443787,0.1404330661119686,2.622156090754081,0.5204200148582458,2048,0.017138949657389574,0.0003787208601610945,0.01683333627405702,0.0020963014103472233,0.015660491096303263
1,8000,layer_005.wv,wv,64,64,0,64,32,6.957233719077674,0.15373459815811025,2.6963408395808988,0.5509487390518188,2048,0.00848062265127295,0.00018739705579372945,0.008032516714990615,0.00099543621763587,0.02514704108672683
1,8000,layer_005.wv,wv,64,64,1,64,32,7.056506832935866,0.1559282447830675,2.5431040743828315,0.6734323501586914,2048,0.011694402797595085,0.0002584122350033256,0.011254151071858563,0.0014340413035824895,0.010441344096151597
1,8000,layer_006.wv,wv,64,64,0,64,32,6.821934925467398,0.15074488895660446,2.3255708953410212,0.5925734043121338,2048,0.014467265764887981,0.00031968442898688365,0.014034820513947447,0.0015540007734671235,-0.011190912532299821
1,8000,layer_006.wv,wv,64,64,1,64,32,7.052144222027759,0.15583184379066747,3.0020908604334204,0.6485915184020996,2048,0.008783666469081474,0.0001940934413740128,0.008109378940403129,0.0012261159718036652,-0.021319574973956167
1,8000,layer_007.wv,wv,64,64,0,64,32,7.367944208468768,0.16281010353788802,2.359583751256766,0.567131519317627,2048,0.010345925623800014,0.00022861481769502042,0.009316961954873105,0.00124746176879853,-0.007671284258386176
1,8000,layer_007.wv,wv,64,64,1,64,32,7.328667659414017,0.1619422062198186,2.5647213452259368,0.5525128245353699,2048,0.008994366143787066,0.00019874929039832915,0.007982524914385645,0.0012038456043228507,0.014825425737702352
1,8000,layer_008.wv,wv,64,64,0,64,32,6.839858043544363,0.15114093765448663,2.466285973626682,0.5683061480522156,2048,0.0106972418315675,0.0002363778824716808,0.00993735403611092,0.001325660035945475,0.026619049807341102
1,8000,layer_008.wv,wv,64,64,1,64,32,7.238996681581727,0.15996073882916736,2.7500817834296263,0.6183876395225525,2048,0.010483537105244372,0.0002316556305605964,0.00952873399296109,0.0012792209163308144,0.018698341861329796
1,8000,layer_009.wv,wv,64,64,0,64,32,7.166116114162128,0.1583502905966948,2.1655782522422204,0.5991666316986084,2048,0.010706190230988556,0.00023657561603141185,0.009888327932040447,0.0011719359317794442,-0.00275386510095686
1,8000,layer_009.wv,wv,64,64,1,64,32,7.742177024024311,0.1710795585885711,2.892846952836772,0.6408976316452026,2048,0.011828748166717692,0.0002613808763010632,0.011172894693953111,0.0011275333818048239,0.002376324646459786
1,8000,layer_010.wv,wv,64,64,0,64,32,7.944647252618766,0.1755535608269314,2.6523413593405425,0.5836994647979736,2048,0.014265691458591875,0.0003152302240214165,0.013083764604104963,0.0016249165637418628,0.017269042755568603
1,8000,layer_010.wv,wv,64,64,1,64,32,7.650004649919891,0.16904281762709303,2.245500078792549,0.6945049166679382,2048,0.011282291525574825,0.0002493057764080462,0.009710835278460896,0.0012693348107859492,-0.0013481451961424651
1,8000,layer_011.wv,wv,64,64,0,64,32,7.686631452502381,0.16985216326706987,2.376601613864636,0.5618776679039001,2048,0.01828011929894779,0.0004039373849120332,0.017426005971323183,0.002142112934961915,-0.01328082997572196
1,8000,layer_011.wv,wv,64,64,1,64,32,7.872546161498301,0.1739603367499867,2.7550559632586054,0.6140342354774475,2048,0.013350608511275881,0.00029500955660281293,0.011962091905373189,0.0014424719847738743,0.025123921846292238
1,8000,layer_012.wv,wv,64,64,0,64,32,8.05917727764401,0.17808434074395685,2.516681600384472,0.7177570462226868,2048,0.019314218403767864,0.0004267879627069461,0.01799918012117817,0.0029048542492091656,-0.006071888527706246
1,8000,layer_012.wv,wv,64,64,1,64,32,8.51572762208432,0.1881727733847943,2.546872515821624,0.623515248298645,2048,0.017356706736596447,0.0003835326572660494,0.01506400595825801,0.001869041589088738,-0.019982607060855005
1,8000,layer_013.wv,wv,64,64,0,64,32,8.341831479180433,0.18433017520137168,2.5112573174026407,0.6901912093162537,2048,0.025489076491663033,0.0005632343385449235,0.02402411408437122,0.00251327408477664,0.02690114924124186
1,8000,layer_013.wv,wv,64,64,1,64,32,7.774995091740259,0.1718047422831769,2.3002002361968263,0.6409168243408203,2048,0.01889023567964735,0.00041741917960283487,0.017472869296820313,0.0025025825016200542,0.02930762545283631
1,8000,layer_014.wv,wv,64,64,0,64,32,8.236940551961426,0.18201239126632468,2.2483200350269215,0.7103435397148132,2048,0.01919453723749797,0.0004241433575741412,0.016709018773776497,0.0019767950288951397,0.005297607810618613
1,8000,layer_014.wv,wv,64,64,1,64,32,8.035633568782075,0.177564093363002,2.35916793642476,0.6224096417427063,2048,0.02123114282944677,0.00046914640834506114,0.0190050940101659,0.0025770829524844885,0.0018635025396448832
1,8000,layer_015.wv,wv,64,64,0,64,32,8.602715763812293,0.19009495791287762,2.294910317763236,0.6410630345344543,2048,0.02628369183001155,0.0005807930227380822,0.023616213818294336,0.0033883594442158937,-0.007135845884028005
1,8000,layer_015.wv,wv,64,64,1,64,32,8.10891166534667,0.17918332583154162,2.2039505506275296,0.5956047177314758,2048,0.022087950112654516,0.00048807935334900553,0.019786518455441122,0.002695647533982992,0.008425226541031072
1,8000,layer_016.wv,wv,64,64,0,64,32,7.379550831531406,0.16306657609645886,2.122610071214208,0.5725598335266113,2048,0.02158961045969339,0.00047706749872578795,0.01825548757075307,0.0023958238307386637,0.023807919215708673
1,8000,layer_016.wv,wv,64,64,1,64,32,7.551551074661989,0.1668672804178142,2.0724178769832835,0.6534700989723206,2048,0.021247639471327788,0.0004695109360744635,0.018649718786357794,0.0027952538803219795,0.0096075393069038
1,8000,layer_017.wv,wv,64,64,0,64,32,7.323380886419865,0.16182538393748241,2.0018465118233784,0.6132251024246216,2048,0.024239401128883592,0.0005356201534417015,0.020202193681055605,0.0037611224688589573,0.004890202126332655
1,8000,layer_017.wv,wv,64,64,1,64,32,6.834966799953709,0.15103285541975578,1.9834437200909272,0.6593655943870544,2048,0.024329197870637514,0.0005376043998486593,0.02168150671805165,0.002750757848843932,-0.007043923581973967
1,8000,layer_018.wv,wv,64,64,0,64,32,6.266360955394513,0.1384683226538148,1.8367054816413724,0.5344973206520081,2048,0.020678588090450478,0.0004569365582537786,0.017845829417336,0.002193468390032649,0.0448959855686542
1,8000,layer_018.wv,wv,64,64,1,64,32,6.47944971202678,0.14317696342910502,1.8704413413166776,0.45327335596084595,2048,0.02124242145838597,0.0004693956331889798,0.017712100671877323,0.002491119783371687,0.0038272604106741348
2,500,layer_000.wq,wq,64,64,0,64,32,3.866539301041794,0.08543925498409209,1.0958103574392926,0.29310646653175354,2048,0.014474232317156168,0.00031983836949783134,0.00794555476266075,0.001653396408073604,-0.08736745847064989
2,500,layer_000.wq,wq,64,64,1,64,32,3.8752409571237454,0.085631536234814,1.0975690588688016,0.26604628562927246,2048,0.010705647426123257,0.00023656362162512702,0.004896895735426564,0.0010004373034462333,-0.12429886872931462
2,500,layer_001.wq,wq,64,64,0,64,32,3.936816046503803,0.0869921663364642,1.285831618356826,0.3302989900112152,2048,0.0024851113518301288,5.491372152758602e-05,0.0015070084120678464,0.00022539439669344574,-0.023393253220039965
2,500,layer_001.wq,wq,64,64,1,64,32,3.908112076746207,0.0863578922220089,1.2230134926280938,0.2570020258426666,2048,0.001200340443754669,2.6524027109731132e-05,0.0007377109258429828,0.0001239176344824955,-0.06405976450844016
2,500,layer_002.wq,wq,64,64,0,64,32,4.1694325282926465,0.09213231295173446,1.2734282064759255,0.31640902161598206,2048,0.0003209970056274795,7.093098731867724e-06,0.0002769688077109413,3.0020635676919483e-05,-0.1387104753151839
2,500,layer_002.wq,wq,64,64,1,64,32,4.171088352631299,0.09216890184605682,1.395836415145415,0.2815084159374237,2048,0.0018828034320670943,4.1604471076748366e-05,0.0016120538586023875,0.0003430845099501312,0.049003374576992755
2,500,layer_003.wq,wq,64,64,0,64,32,4.288407618565902,0.09476131586187511,1.323371841517551,0.271653950214386,2048,0.00017407718320989213,3.846598646798993e-06,0.00015433674049123436,1.680968125583604e-05,-0.14982211557572198
2,500,layer_003.wq,wq,64,64,1,64,32,4.380146903945447,0.096788486824159,1.3126803515825487,0.3109014928340912,2048,0.0004693594616029731,1.037147681604779e-05,0.0004397190196120183,4.7090943553484976e-05,-0.17140513148330874
2,500,layer_004.wq,wq,64,64,0,64,32,4.295111475553382,0.09490945157237358,1.2584467162926194,0.30200475454330444,2048,0.00011040177399011784,2.4395575951074045e-06,9.997276928212147e-05,9.97194365481846e-06,-0.1057234490474901
2,500,layer_004.wq,wq,64,64,1,64,32,4.37966949867176,0.09677793755833404,1.348659241718698,0.3448343873023987,2048,0.0002906040848953138,6.421503720937112e-06,0.00027562914208061615,3.298163937870413e-05,-0.196764004233085
2,500,layer_005.wq,wq,64,64,0,64,32,4.20239193101098,0.0928606197381717,1.265722766787935,0.2912731468677521,2048,0.00011385782213808033,2.5159261914052635e-06,0.00010179683745328176,1.734156467136927e-05,-0.1519635682762474
2,500,layer_005.wq,wq,64,64,1,64,32,4.35011111848611,0.09612478346239142,1.3192926931512678,0.29907795786857605,2048,0.00021565823666475051,4.7654187988868265e-06,0.00020821617129248971,2.249168755952269e-05,-0.13644056690342063
2,500,layer_006.wq,wq,64,64,0,64,32,4.290830084701714,0.09481484530661971,1.3024632115168326,0.3276534378528595,2048,9.307695848885411e-05,2.056729641240236e-06,8.19501573257422e-05,8.364106179215014e-06,-0.14854392671205133
2,500,layer_006.wq,wq,64,64,1,64,32,4.313059248113448,0.09530604506251164,1.324510534399838,0.3303455710411072,2048,0.0002043167634729655,4.514805280056932e-06,0.00018726422322051635,1.764889748301357e-05,-0.09496022082931646
2,500,layer_007.wq,wq,64,64,0,64,32,4.218294373071466,0.09321201738249658,1.2506243245240116,0.3364391326904297,2048,0.00022411001265115857,4.952178427419913e-06,0.00021337209291698913,2.4339262381545268e-05,-0.10481741859412023
2,500,layer_007.wq,wq,64,64,1,64,32,4.1428534315671985,0.09154499234134765,1.2537718309002905,0.3278895318508148,2048,0.0001263069538163282,2.7910157360794305e-06,0.00011458746698336617,1.134774174715858e-05,-0.12162853449679255
2,500,layer_008.wq,wq,64,64,0,64,32,4.160871829760534,0.09194314645224226,1.2051875647879242,0.32629749178886414,2048,0.00012528665226455254,2.7684700440133137e-06,0.0001099218750432003,1.3831268006470054e-05,-0.013695759679850504
2,500,layer_008.wq,wq,64,64,1,64,32,4.206574656665485,0.0929530457904887,1.2845774240722572,0.29923713207244873,2048,0.00010049939421734502,2.2207438486320246e-06,8.72470893716471e-05,9.341708391730208e-06,-0.042739792534073874
2,500,layer_009.wq,wq,64,64,0,64,32,4.168957231348636,0.09212181027385362,1.2145993009404819,0.2792361378669739,2048,0.0002770521383964309,6.122045181323443e-06,0.00024296466756407723,3.754540011868812e-05,-0.09568483637753367
2,500,layer_009.wq,wq,64,64,1,64,32,4.303018376885065,0.09508417105830504,1.2142222880937912,0.2847757339477539,2048,0.00015037415765142365,3.32283083095427e-06,0.00013346349135602524,1.451574371458264e-05,-0.053463715244938544
2,500,layer_010.wq,wq,64,64,0,64,32,4.249811712002065,0.0939084587600835,1.2859582731109225,0.3294421434402466,2048,0.00017669358330449738,3.9044134670862585e-06,0.00013725061489562493,1.770415656210389e-05,-0.1090279945380781
2,500,layer_010.wq,wq,64,64,1,64,32,4.1333563845426236,0.09133513526783751,1.195844998577085,0.3093830645084381,2048,0.00014816779325934655,3.2740766052228246e-06,0.00012820212598716577,1.909285674628336e-05,-0.023609149212820625
2,500,layer_011.wq,wq,64,64,0,64,32,4.186705165027415,0.09251398790686341,1.298727832964127,0.31307533383369446,2048,0.00021006312914931862,4.641783221835898e-06,0.0001729212805901105,2.6962537958752364e-05,-0.10740648725624091
2,500,layer_011.wq,wq,64,64,1,64,32,4.1216938937215515,0.09107742819455296,1.2349894551440024,0.288141131401062,2048,0.0002524769875977415,5.579005938247341e-06,0.00021210159338766387,2.5302306312369183e-05,-0.12407604549887233
2,500,layer_012.wq,wq,64,64,0,64,32,4.143631498009151,0.09156218534313887,1.2293010519863439,0.327514111995697,2048,0.0006003701017489922,1.3266430317761563e-05,0.0005281381000180618,6.382803258020431e-05,-0.08889264156397916
2,500,layer_012.wq,wq,64,64,1,64,32,4.2198383043089045,0.09324613376523655,1.209858001047233,0.28506213426589966,2048,0.00030005033255578776,6.630238276483632e-06,0.00026500632410290345,4.882130087935366e-05,-0.07310171591582718
2,500,layer_013.wq,wq,64,64,0,64,32,3.9675124663476264,0.08767046779364285,1.2638218382225763,0.2627719044685364,2048,0.0003995773370728552,8.829495145396214e-06,0.00032357402344410693,3.7689824239350855e-05,-0.02038825192257736
2,500,layer_013.wq,wq,64,64,1,64,32,4.098533578333617,0.09056565269251461,1.244181994304982,0.3134990632534027,2048,0.00044210689537124985,9.769274491448198e-06,0.00036035789250264927,4.259364141034894e-05,-0.04358766406875611
2,500,layer_014.wq,wq,64,64,0,64,32,3.9910458219955407,0.08819048639872769,1.1881577937755627,0.27912983298301697,2048,0.0004124277887993349,9.11345269405572e-06,0.0002569215001012688,3.747746450244449e-05,-0.017403075865001404
2,500,layer_014.wq,wq,64,64,1,64,32,4.144254582877342,0.09157595370362488,1.3228062670967469,0.28235891461372375,2048,0.0013854981642414713,3.0615473351770545e-05,0.0013019373841786413,0.00014181990991346538,-0.15584118610840547
2,500,layer_015.wq,wq,64,64,0,64,32,3.9117111356869327,0.0864374209402238,1.1646694947947929,0.2697542905807495,2048,0.000829278129694271,1.832463090614114e-05,0.0006724613655447234,0.00011600319703575224,0.01707137424008354
2,500,layer_015.wq,wq,64,64,1,64,32,3.9868892729188414,0.08809863877252554,1.20946301771391,0.3348250985145569,2048,0.0007294729377615343,1.6119226905726666e-05,0.0005785835448911935,6.994173600105569e-05,-0.09006493611715004
2,500,layer_016.wq,wq,64,64,0,64,32,3.8123768283779587,0.08424242211826619,1.1554520675313975,0.27303576469421387,2048,0.0011859841038320705,2.6206793818722113e-05,0.0009023792231808403,0.0001385668438160792,-0.06706935698045642
2,500,layer_016.wq,wq,64,64,1,64,32,3.9776493507308923,0.08789446340887759,1.1821136567848995,0.30052441358566284,2048,0.0012419621091972596,2.7443744668441556e-05,0.0009729431042009727,0.00012309214798733592,-0.10481234228759834
2,500,layer_017.wq,wq,64,64,0,64,32,3.824292761992936,0.0845057295389949,1.2000115124709785,0.3132169544696808,2048,0.0019496409462906432,4.308138543753349e-05,0.00151865152238038,0.0002299693296663463,-0.1216917215130476
2,500,layer_017.wq,wq,64,64,1,64,32,3.741778613360654,0.08268240722519112,1.1561899574342904,0.37106990814208984,2048,0.0021107070076451825,4.664047619387109e-05,0.001654110161318952,0.00036353146424517035,-0.10586610342884625
2,500,layer_018.wq,wq,64,64,0,64,32,3.711780929620933,0.08201954580043344,1.1564947892765616,0.23122932016849518,2048,0.002651230053910128,5.858446092516963e-05,0.0021889420964683833,0.00028330853092484176,-0.09758972080623511
2,500,layer_018.wq,wq,64,64,1,64,32,3.797834919970154,0.08392108830431143,1.166904670180631,0.24352802336215973,2048,0.001747175874199753,3.8607497142880626e-05,0.001015256152807446,0.00016564992256462574,-0.089673607589861
2,500,layer_000.wk,wk,64,64,0,64,32,3.952932378464334,0.08734829032449998,1.1451796873907503,0.3002694845199585,2048,0.013479996483832869,0.0002978686538777825,0.007111596573122578,0.0011770197888836265,-0.08707992965431735
2,500,layer_000.wk,wk,64,64,1,64,32,3.8581738491010587,0.08525440286549885,1.0889122123992139,0.2749634385108948,2048,0.010853063814001616,0.00023982109436033997,0.004480225008407959,0.0009090193780139089,-0.12152801027000103
2,500,layer_001.wk,wk,64,64,0,64,32,3.972456951987186,0.08777972652255574,1.3317959575897758,0.3053404688835144,2048,0.002775030282677929,6.132008533998706e-05,0.0020587940752964267,0.00036637045559473336,-0.025525087917535733
2,500,layer_001.wk,wk,64,64,1,64,32,3.853624996288383,0.08515388646954689,1.1269975351197907,0.2843388319015503,2048,0.0013940206638119125,3.0803795765486745e-05,0.0008979793731428817,0.0001539735239930451,-0.06287823228745086
2,500,layer_002.wk,wk,64,64,0,64,32,4.101480204845131,0.09063076455463696,1.3581045563530163,0.32814618945121765,2048,0.00043555124438035575,9.624413701737148e-06,0.0004089534183667928,7.241976709337905e-05,-0.11581125231431577
2,500,layer_002.wk,wk,64,64,1,64,32,4.041279069682397,0.08930049483874018,1.3457738444140919,0.29371869564056396,2048,0.003341190278487796,7.383057197354031e-05,0.003203967392672088,0.0004498511552810669,0.022858476016776742
2,500,layer_003.wk,wk,64,64,0,64,32,4.282665791258911,0.09463443820483837,1.3648370429878962,0.35037946701049805,2048,0.00023471537238857536,5.186525983271481e-06,0.00022114879763452373,3.227469278499484e-05,-0.12695967719365153
2,500,layer_003.wk,wk,64,64,1,64,32,4.309190171411555,0.09522054973836039,1.3762385669338624,0.29535186290740967,2048,0.000707369277022238,1.5630800393295313e-05,0.0006891949012948086,9.125041106017306e-05,-0.11925991811950881
2,500,layer_004.wk,wk,64,64,0,64,32,4.161226569790164,0.09195098517350817,1.3038725316251212,0.3248835802078247,2048,0.00011358387783912354,2.5098728204221464e-06,0.0001033322662600547,1.4218482647265773e-05,-0.11563821194599921
2,500,layer_004.wk,wk,64,64,1,64,32,4.273046338507452,0.09442187632134273,1.3590254006499873,0.34014663100242615,2048,0.000406519216764873,8.982890464283932e-06,0.000392525657136489,4.8295012675225735e-05,-0.15295770743913661
2,500,layer_005.wk,wk,64,64,0,64,32,4.201179108486524,0.09283381989343989,1.3249353027755666,0.3089179992675781,2048,0.00016105654428761492,3.5588804568826267e-06,0.0001528248040260444,1.9574375983211212e-05,-0.1223319731277233
2,500,layer_005.wk,wk,64,64,1,64,32,4.244873466696818,0.09379933792438026,1.258156339748897,0.38401153683662415,2048,0.00020067342427229214,4.434298097089466e-06,0.00019132471524198127,2.8105037927161902e-05,-0.15478440080814254
2,500,layer_006.wk,wk,64,64,0,64,32,4.210773678191608,0.09304583193409711,1.295890191154566,0.3707624673843384,2048,0.00010527678051497576,2.3263101688633486e-06,9.653010193934344e-05,1.042610892909579e-05,-0.14648502325461976
2,500,layer_006.wk,wk,64,64,1,64,32,4.208141406551552,0.0929876663988906,1.2827337232270961,0.3768305778503418,2048,0.0002714729299479528,5.9987609273368145e-06,0.0002626541087017517,3.429443313507363e-05,-0.07802074123569336
2,500,layer_007.wk,wk,64,64,0,64,32,4.201212075422046,0.09283454836667933,1.211394429246117,0.30265870690345764,2048,0.00029002666995457953,6.408744532807373e-06,0.00027777510943080845,4.096706834388897e-05,-0.08994153999790346
2,500,layer_007.wk,wk,64,64,1,64,32,4.084702430276419,0.09026002461180087,1.204275622294559,0.2804098427295685,2048,0.0001349538886968817,2.9820878076581134e-06,0.00011922772813961584,1.6514703020220622e-05,-0.12814748126852782
2,500,layer_008.wk,wk,64,64,0,64,32,4.211189203378427,0.09305501383026442,1.2196647574931352,0.2961272895336151,2048,0.0001660971169471937,3.6702624290279913e-06,0.0001546703790066357,1.9721755961654708e-05,-0.019702195662869015
2,500,layer_008.wk,wk,64,64,1,64,32,4.093427873535752,0.09045283148984876,1.256690072812885,0.3338286578655243,2048,0.00017904407972425422,3.956352590760156e-06,0.000172795554534458,1.7803544324124232e-05,-0.03845200667395026
2,500,layer_009.wk,wk,64,64,0,64,32,4.109288489009557,0.09080330488845251,1.2537931497486017,0.30327320098876953,2048,0.00033534741596897785,7.410200996407818e-06,0.0003162179956206213,5.335726382327266e-05,-0.0857348205696759
2,500,layer_009.wk,wk,64,64,1,64,32,4.191512090223379,0.0926202069506985,1.212824278337874,0.3252573311328888,2048,0.00016795386304896653,3.7112911090125304e-06,0.00014477471303820017,1.5278983482858166e-05,-0.05927556381640832
2,500,layer_010.wk,wk,64,64,0,64,32,4.1552186068709975,0.09181822669471881,1.2287807431202857,0.3582881689071655,2048,0.00023768334789090446,5.2521095958993705e-06,0.00020079664797232146,4.105305197299458e-05,-0.0924142821734263
2,500,layer_010.wk,wk,64,64,1,64,32,3.9992650649146717,0.08837210772386322,1.2655028052607336,0.3245224952697754,2048,0.00017174530439858845,3.795070918037178e-06,0.0001516922397593237,2.0113433492952026e-05,-0.0323160083184504
2,500,layer_011.wk,wk,64,64,0,64,32,4.09878502551198,0.0905712089426687,1.2012703904614854,0.2779726982116699,2048,0.00023819203746367794,5.263350153600215e-06,0.00021234602488406145,2.545963434386067e-05,-0.10595759155483594
2,500,layer_011.wk,wk,64,64,1,64,32,4.044622125653727,0.0893743666370906,1.2152171277529589,0.3303273916244507,2048,0.00021565249829590363,4.765291997651684e-06,0.00015592024884492458,2.2999716748017818e-05,-0.15290801836303522
2,500,layer_012.wk,wk,64,64,0,64,32,4.120720548945635,0.09105592011044411,1.2023538962855935,0.30049628019332886,2048,0.0004747984740871711,1.0491663147627001e-05,0.00038818563967821614,4.4408774556359276e-05,-0.11140827578204762
2,500,layer_012.wk,wk,64,64,1,64,32,4.076488037631449,0.09007851046359501,1.248658630471946,0.3119080662727356,2048,0.0003035356410478616,6.707253441148398e-06,0.0002620650049191065,5.146263720234856e-05,-0.08767815689041092
2,500,layer_013.wk,wk,64,64,0,64,32,4.002216883609125,0.08843733431810327,1.2234435132926662,0.30676308274269104,2048,0.00044351301671933385,9.800345677085737e-06,0.0003689811022212737,5.072654312243685e-05,-0.021337135556690465
2,500,layer_013.wk,wk,64,64,1,64,32,4.066052111635743,0.08984790689985986,1.1935095375085094,0.3127053678035736,2048,0.0005947223487855817,1.3141631429671125e-05,0.0005097343591177099,6.292625039350241e-05,-0.04210406399649032
2,500,layer_014.wk,wk,64,64,0,64,32,3.937951134832407,0.08701724848191424,1.234863095732005,0.2515156865119934,2048,0.000469605013385668,1.0376902795131416e-05,0.00035779472328152564,5.1609898946480826e-05,-0.02113765631690646
2,500,layer_014.wk,wk,64,64,1,64,32,4.091871662915714,0.09041844376852429,1.3534341161137589,0.31569167971611023,2048,0.0017706337151503046,3.9125847093134694e-05,0.0016914368886544147,0.00019578599312808365,-0.12763641644937945
2,500,layer_015.wk,wk,64,64,0,64,32,3.8610260716704023,0.08531742867550622,1.121403971767943,0.2867733836174011,2048,0.0009848283765552196,2.1761838230222958e-05,0.0008689668991613489,8.272654667962343e-05,0.009400185683244067
2,500,layer_015.wk,wk,64,64,1,64,32,3.9099678203835087,0.0863988987504489,1.1887404480044994,0.33571192622184753,2048,0.0006700516245086813,1.4806188982348466e-05,0.0005227973565075145,8.929415344027802e-05,-0.10207813620318865
2,500,layer_016.wk,wk,64,64,0,64,32,3.8008366077610285,0.0839874168603093,1.136397866496333,0.27147457003593445,2048,0.0011075621072423301,2.4473896144259813e-05,0.0008027728159880947,0.00010665450827218592,-0.07185124710680237
2,500,layer_016.wk,wk,64,64,1,64,32,3.9907296619857884,0.08818350018351406,1.2087353054545478,0.27880859375,2048,0.0012591554337624707,2.782366705566662e-05,0.0010335214435408314,0.00012508389772847295,-0.10667320202139116
2,500,layer_017.wk,wk,64,64,0,64,32,3.903270412403642,0.08625090554423212,1.2395752964040085,0.2981833815574646,2048,0.0018881901610012335,4.172350209417786e-05,0.0015134349664198724,0.00021600292529910803,-0.12191503320998745
2,500,layer_017.wk,wk,64,64,1,64,32,3.8609783843197376,0.08531637492397398,1.0917619235901186,0.29928603768348694,2048,0.0022627897181743853,5.000106106625953e-05,0.0018060855161648988,0.0002534576051402837,-0.09932998397754818
2,500,layer_018.wk,wk,64,64,0,64,32,3.873570779311235,0.08559463017053233,1.1874236263102385,0.28635653853416443,2048,0.002310839214943911,5.1062814972457426e-05,0.001773967813066665,0.0003374648804310709,-0.10186247927388377
2,500,layer_018.wk,wk,64,64,1,64,32,3.8137351789089577,0.08427243770800674,1.0978099700127222,0.2562437057495117,2048,0.0016465502229272746,3.638396338112805e-05,0.000916445464055671,0.00014497741358354688,-0.08654394452455448
2,500,layer_000.wv,wv,64,64,0,64,32,2.7486281111191686,0.06073667426038549,0.8088441450281922,0.2045084685087204,2048,0.03471654480692524,0.0007671345078857332,0.015613033663232212,0.003178782295435667,0.028763772621165223
2,500,layer_000.wv,wv,64,64,1,64,32,2.658502473865712,0.0587451602209893,0.768622910002794,0.21091744303703308,2048,0.03367586791210432,0.0007441385800934822,0.015286181155969511,0.0031208002474159002,0.024066697285040843
2,500,layer_001.wv,wv,64,64,0,64,32,2.994050560794139,0.06615979546102878,0.9876466171722506,0.23454757034778595,2048,0.007690173877276635,0.00016993044053518607,0.005219718609688175,0.0006866669864393771,0.06580919618879086
2,500,layer_001.wv,wv,64,64,1,64,32,2.964534262213404,0.0655075712459674,0.9735644836347754,0.25122904777526855,2048,0.006045454265543696,0.0001335869283287215,0.003470356598928633,0.0007750287768431008,-0.021618693139465867
2,500,layer_002.wv,wv,64,64,0,64,32,3.297202875026723,0.07285857849622429,0.968315801435283,0.21188105642795563,2048,0.003353262169837867,7.409732560589601e-05,0.002397636379630451,0.0003017054405063391,0.01487053769243442
2,500,layer_002.wv,wv,64,64,1,64,32,3.4025469737927003,0.07518637620233078,1.2773735335455678,0.24472172558307648,2048,0.003583479629633899,7.918446082368713e-05,0.002201889026683003,0.00037138204788789153,-0.1165455467194199
2,500,layer_003.wv,wv,64,64,0,64,32,3.257165061843419,0.0719738594585432,0.9845299050576657,0.2319439947605133,2048,0.00225356376600576,4.979719439934272e-05,0.0016961296766361612,0.00024868230684660375,-0.053261101337343214
2,500,layer_003.wv,wv,64,64,1,64,32,3.5252982739803858,0.07789882235114884,1.1418458677356336,0.2511298954486847,2048,0.002890053507611478,6.386176353825137e-05,0.0022222040607140442,0.0003331814950797707,-0.0723994226802835
2,500,layer_004.wv,wv,64,64,0,64,32,3.4670262486977736,0.07661118034393605,1.0671149557019857,0.2359517514705658,2048,0.0021928951177132496,4.845659400518474e-05,0.0019296923651217787,0.0002544207964092493,-0.009170365840800243
2,500,layer_004.wv,wv,64,64,1,64,32,3.525998553734021,0.07791429649372768,1.1988847597596857,0.3187274634838104,2048,0.002758661028769951,6.095837251369658e-05,0.0023387363975572828,0.00024262323859147727,-0.050392014408866925
2,500,layer_005.wv,wv,64,64,0,64,32,3.5993594494051857,0.07953535858132142,1.0493535249309671,0.27198687195777893,2048,0.0022056923965718656,4.87393765883617e-05,0.001953254115620287,0.0002566907787695527,-0.01642501459333097
2,500,layer_005.wv,wv,64,64,1,64,32,3.673773319061746,0.0811796883265866,1.1475768734697338,0.2708888351917267,2048,0.002433000068060045,5.3762213961018436e-05,0.002125273835065581,0.0002169576328014955,-0.03144792827647126
2,500,layer_006.wv,wv,64,64,0,64,32,3.726610245926762,0.08234723049169006,1.0800295300329665,0.25202253460884094,2048,0.0017311847248384774,3.825413932562047e-05,0.0014399632522362228,0.00018040172290056944,0.005653758377961774
2,500,layer_006.wv,wv,64,64,1,64,32,3.7153524858492846,0.0820984667888227,1.1470246744761303,0.3236737549304962,2048,0.00222923166169473,4.925952577562811e-05,0.001912141408449182,0.00022148858988657594,-0.00961536861913613
2,500,layer_007.wv,wv,64,64,0,64,32,3.8539542812824914,0.08516116270868054,1.2892103958226544,0.27161189913749695,2048,0.0020706108784846675,4.575446854297322e-05,0.0016831637333638038,0.00017108776955865324,-0.038913438335553614
2,500,layer_007.wv,wv,64,64,1,64,32,3.8995441205413175,0.08616856534909056,1.1228176772044622,0.2758781909942627,2048,0.0027791612360293424,6.141136737522299e-05,0.0025342832366933785,0.00028514888253994286,0.011394161032981558
2,500,layer_008.wv,wv,64,64,0,64,32,3.916531446650372,0.08654393577052616,1.158958306187252,0.2846294343471527,2048,0.0031883021143379667,7.045218892249325e-05,0.00302980479072123,0.0003933003463316709,-0.016028167555917842
2,500,layer_008.wv,wv,64,64,1,64,32,3.8545649034977862,0.08517465568084236,1.1131238835148274,0.2896846830844879,2048,0.0031027271530836755,6.856123156615934e-05,0.002881776487146125,0.00035514714545570314,-0.005261578339755896
2,500,layer_009.wv,wv,64,64,0,64,32,3.947955940154824,0.08723832553466213,1.134699391822252,0.2911206781864166,2048,0.003257191452026374,7.197444260470958e-05,0.0028178960509945773,0.0004768257786054164,0.013300134692775904
2,500,layer_009.wv,wv,64,64,1,64,32,4.11474637844022,0.09092390834555837,1.1508697796824947,0.2755126655101776,2048,0.0029949609976444394,6.617991346323785e-05,0.0026627191617592024,0.00034074598806910217,0.007891051216669043
2,500,layer_010.wv,wv,64,64,0,64,32,4.110751135326543,0.09083562511124059,1.1928799217457078,0.2978689968585968,2048,0.002968793712710294,6.560169269379489e-05,0.0025587731314526104,0.0003398323315195739,-0.005958955810817305
2,500,layer_010.wv,wv,64,64,1,64,32,4.009764648864755,0.0886041179429489,1.1763770749052858,0.2965780198574066,2048,0.0031332170235912928,6.92349688847042e-05,0.0027894210594197177,0.0004518870555330068,-0.0012825722828431845
2,500,layer_011.wv,wv,64,64,0,64,32,4.262438404369559,0.09418747187874009,1.2334104485960993,0.29958635568618774,2048,0.0030089034016162947,6.648799997556726e-05,0.002625893804358349,0.00037034196429885924,0.022995190060132883
2,500,layer_011.wv,wv,64,64,1,64,32,4.182216447606114,0.09241480032788117,1.213183821289383,0.2986413240432739,2048,0.0037806097859798557,8.354046302145557e-05,0.0034963686463991605,0.0004004674847237766,0.014716188100661741
2,500,layer_012.wv,wv,64,64,0,64,32,4.328601394694407,0.09564948122631135,1.2157615061024258,0.3243001699447632,2048,0.004302077160371436,9.50633729152003e-05,0.003646144167845687,0.0005279686884023249,-0.010426095939363713
2,500,layer_012.wv,wv,64,64,1,64,32,4.302461798077191,0.09507187228801403,1.2042379081423655,0.32494285702705383,2048,0.0041318684997597175,9.130225734847448e-05,0.003776911862395987,0.0005060989642515779,-0.02363231320932179
2,500,layer_013.wv,wv,64,64,0,64,32,4.351852582501537,0.09616326474409458,1.2035903890398603,0.30129072070121765,2048,0.0039828415636511795,8.800919618904319e-05,0.0034202494668160344,0.0003898087306879461,0.01273321731555836
2,500,layer_013.wv,wv,64,64,1,64,32,4.420212883700476,0.09767382826102347,1.2346090002001806,0.34224796295166016,2048,0.005218295127350024,0.00011530912096193505,0.004504048362556051,0.0005189977819100022,-0.013262258006685576
2,500,layer_014.wv,wv,64,64,0,64,32,4.4150021959478885,0.09755868724088285,1.2495550584443977,0.30214789509773254,2048,0.004962953909144117,0.00010966682387100282,0.004092949540128723,0.0006477379356510937,-0.021640751404568944
2,500,layer_014.wv,wv,64,64,1,64,32,4.470740817466034,0.0987903484049288,1.3150189657267868,0.3005518913269043,2048,0.005921418910346731,0.0001308461083047635,0.004953943847323893,0.0006114280549809337,-0.01908192053544151
2,500,layer_015.wv,wv,64,64,0,64,32,4.446356713902391,0.09825153074920985,1.1971920895909733,0.3302720785140991,2048,0.00588807117473394,0.0001301092204926066,0.004859287363763305,0.0008117338875308633,-0.0020535439577308093
2,500,layer_015.wv,wv,64,64,1,64,32,4.488745882597557,0.09918820789399772,1.1943472528078058,0.3064849078655243,2048,0.006710250782630279,0.00014827699474563154,0.005660474769974894,0.0009894160320982337,-0.03187654958530726
2,500,layer_016.wv,wv,64,64,0,64,32,4.436692186928326,0.0980379728566998,1.215524316787349,0.3326384127140045,2048,0.00861081100534578,0.00019027383916861733,0.006806732044683836,0.0011512741912156343,-0.018767960591963166
2,500,layer_016.wv,wv,64,64,1,64,32,4.432172140447135,0.09793809299675828,1.1762503588330073,0.32727837562561035,2048,0.007078516523980642,0.0001564145948389919,0.0050433923888524735,0.0008612537058070302,-0.048817561304619506
2,500,layer_017.wv,wv,64,64,0,64,32,4.3464862943720135,0.09604468540890124,1.1730705338377032,0.28634390234947205,2048,0.011959433876339833,0.0002642686497847505,0.00879551760349102,0.001698772655799985,-0.023612101089403734
2,500,layer_017.wv,wv,64,64,1,64,32,4.3022969068064265,0.09506822867127288,1.1829137733950918,0.2635866701602936,2048,0.011133382776674982,0.0002460153268416374,0.007937578445337563,0.0014480440877377987,0.0007222452023377619
2,500,layer_018.wv,wv,64,64,0,64,32,4.308390615285786,0.09520288187715818,1.1562843769527045,0.30886656045913696,2048,0.014794646700491382,0.00032691859397427,0.010175184667330408,0.001646318705752492,-0.01457276075235436
2,500,layer_018.wv,wv,64,64,1,64,32,4.45652558435163,0.09847623316332436,1.1482888616204823,0.33000239729881287,2048,0.015331328892708293,0.00033877770701985245,0.010272950288642922,0.001552492380142212,-0.029254302306508946
2,2000,layer_000.wq,wq,64,64,0,64,32,5.513339730073747,0.12182874719126115,1.758787052743512,0.43541085720062256,2048,0.00547023567237712,0.00012087627308207549,0.0027982316593334975,0.0005058878450654447,-0.13088673187838637
2,2000,layer_000.wq,wq,64,64,1,64,32,5.370127702133485,0.11866417856300998,1.6970555504758906,0.3718833923339844,2048,0.00429697054186606,9.495053152226017e-05,0.0018957286601264118,0.00034819685970433056,-0.0719594914616755
2,2000,layer_001.wq,wq,64,64,0,64,32,5.442317985093329,0.12025937351978129,1.9442269720177279,0.4324879050254822,2048,0.0019104048734561597,4.2214382526021214e-05,0.0015371347861704175,0.0002464956196490675,-0.08303197372976778
2,2000,layer_001.wq,wq,64,64,1,64,32,5.324461278766396,0.11765508363690362,1.753755973220168,0.4414718449115753,2048,0.0014443616142618492,3.191618412281569e-05,0.0009651618560168202,0.0001673171645961702,-0.01773537646222572
2,2000,layer_002.wq,wq,64,64,0,64,32,5.6172137849764985,0.12412406121035736,1.876786536592918,0.4947139322757721,2048,0.0009597967879735151,2.1208713041785614e-05,0.0007849461492564376,0.0001389397366438061,0.009675776834004168
2,2000,layer_002.wq,wq,64,64,1,64,32,5.247146221712059,0.11594664610156154,2.218717115280179,0.47017839550971985,2048,0.001100399683884687,2.431562745282486e-05,0.0007438876117436691,9.463079913984984e-05,-0.0705545368671531
2,2000,layer_003.wq,wq,64,64,0,64,32,6.077055525626946,0.13428522411931226,2.041333251786214,0.49290478229522705,2048,0.0007402864002773221,1.6358172926758547e-05,0.0006189890005495529,6.909477815497667e-05,-0.04281095256090026
2,2000,layer_003.wq,wq,64,64,1,64,32,5.872509949901706,0.12976536275503028,2.116353629907842,0.5665655136108398,2048,0.0009877840054185682,2.182714901809622e-05,0.0006991037523352481,0.00011642192112049088,-0.014878896399783417
2,2000,layer_004.wq,wq,64,64,0,64,32,5.834059056776483,0.12891571002779514,1.9474892948246134,0.4412958025932312,2048,0.0005896209595261624,1.3028905587833386e-05,0.00040980386502980276,5.775821773568168e-05,-0.015932243666213562
2,2000,layer_004.wq,wq,64,64,1,64,32,5.681577580606829,0.12554631359639212,2.2679611524922105,0.4920712411403656,2048,0.0009295241633979336,2.053977622548223e-05,0.0007526384481412872,8.840714872349054e-05,0.08514669090450733
2,2000,layer_005.wq,wq,64,64,0,64,32,6.020710318402193,0.1330401591781878,2.1011010165715653,0.5098146200180054,2048,0.0005207739142822213,1.1507586445438143e-05,0.0003977381286302466,5.8025118050863966e-05,-0.1071835019458737
2,2000,layer_005.wq,wq,64,64,1,64,32,5.636322296035522,0.12454630363998906,2.0561376147456496,0.43033209443092346,2048,0.001127116159637376,2.4905983739516496e-05,0.0007981416469072225,0.00015821115812286735,-0.04334429307322286
2,2000,layer_006.wq,wq,64,64,0,64,32,6.292535593612401,0.13904670590940774,2.080421589437954,0.5512953400611877,2048,0.0007608912279575891,1.681347959481783e-05,0.0005238494446045986,7.724774332018569e-05,0.021353010568691357
2,2000,layer_006.wq,wq,64,64,1,64,32,5.667847352187004,0.12524291554567657,2.018222280298301,0.4528404474258423,2048,0.0011523560216444928,2.5463711163936656e-05,0.0009796903016183877,0.00013607225264422596,0.044918711629753354
2,2000,layer_007.wq,wq,64,64,0,64,32,5.760961962016267,0.12730047717185813,2.086378990790208,0.4817262291908264,2048,0.0013620521277679673,3.0097384246071745e-05,0.0011787211263644445,0.00015170962433330715,-0.02355854306372729
2,2000,layer_007.wq,wq,64,64,1,64,32,5.841606661550088,0.12908249010645556,1.8704344970866946,0.43869608640670776,2048,0.0006122342741853594,1.3528593967227868e-05,0.00048676013393346245,7.251657370943576e-05,-0.07997696817354834
2,2000,layer_008.wq,wq,64,64,0,64,32,6.121498510583464,0.13526728462052873,1.999888519572304,0.5781892538070679,2048,0.0011884754039489219,2.6261844293928256e-05,0.0008998291346504077,0.00013091485016047955,-0.04716145809339535
2,2000,layer_008.wq,wq,64,64,1,64,32,6.35950184988099,0.14052646509435135,2.1358316098271217,0.5177436470985413,2048,0.0007974415491845645,1.7621135219634734e-05,0.0006642610434965026,7.765052578179166e-05,0.05471465858758427
2,2000,layer_009.wq,wq,64,64,0,64,32,6.07686888963786,0.13428110000764054,1.986605181011143,0.5600252151489258,2048,0.001121710910652979,2.4786543482926844e-05,0.0009082885381449976,0.00013629585737362504,-0.07067015665645499
2,2000,layer_009.wq,wq,64,64,1,64,32,6.167892873618497,0.1362924648927444,2.0491044150721116,0.6481675505638123,2048,0.000986842315820729,2.180634042120857e-05,0.0007756272868233698,0.00010710366768762469,-0.10524426358319126
2,2000,layer_010.wq,wq,64,64,0,64,32,6.454458156033214,0.14262472284424704,2.365435960827615,0.4734141230583191,2048,0.0026658186194055996,5.8906825724845604e-05,0.0025407154998330745,0.0003870573709718883,-0.03021748094092512
2,2000,layer_010.wq,wq,64,64,1,64,32,5.991684383028725,0.13239877056153587,2.164727420532728,0.4045490324497223,2048,0.0011040160917443,2.439553953160826e-05,0.0008716152223912661,0.00011524673027452081,-0.009498586818262001
2,2000,layer_011.wq,wq,64,64,0,64,32,6.37529351281464,0.14087541484268243,2.072057533927032,0.4685913324356079,2048,0.0010954984834716359,2.420732520132415e-05,0.0009009685035371828,0.00013449271500576288,-0.00872359248557439
2,2000,layer_011.wq,wq,64,64,1,64,32,6.013118173639958,0.13287239489552757,2.043886084607089,0.44031181931495667,2048,0.0022043470045562314,4.870964734406141e-05,0.0018519140737398424,0.00025918777100741863,0.007505890050014047
2,2000,layer_012.wq,wq,64,64,0,64,32,6.087027297341145,0.13450557122554835,2.3258026282524944,0.5836564302444458,2048,0.0020795338969395246,4.595164125728829e-05,0.0017955509366036914,0.00018506597552914172,-0.10445264502525434
2,2000,layer_012.wq,wq,64,64,1,64,32,6.159762142669111,0.1361127994242971,2.022891486474149,0.4487205445766449,2048,0.0020897073607229737,4.617644517070805e-05,0.0018384758719803484,0.000247516087256372,0.01246134026331734
2,2000,layer_013.wq,wq,64,64,0,64,32,5.883689585590663,0.13001240013649454,1.899049720981888,0.44826561212539673,2048,0.0016329775838215695,3.608404759518299e-05,0.0012057355130902592,0.00017126523016486317,0.003823960275512658
2,2000,layer_013.wq,wq,64,64,1,64,32,6.442397381464234,0.14235821486036931,2.1293531670761214,0.6034709215164185,2048,0.001917431101009391,4.236964168692902e-05,0.0016090181539033864,0.0001752289681462571,-0.041240466240559416
2,2000,layer_014.wq,wq,64,64,0,64,32,5.923026913016244,0.13088164047950654,1.9221167458639647,0.4553371071815491,2048,0.0015107256783366992,3.3382636614516474e-05,0.0010338039540047483,0.00015067707863636315,-0.06373215240500085
2,2000,layer_014.wq,wq,64,64,1,64,32,6.079047274410025,0.13432923596527901,2.2427513323142385,0.47103869915008545,2048,0.001753079516139567,3.873795043192249e-05,0.0014995662598625366,0.00018077468848787248,-0.057526620563286
2,2000,layer_015.wq,wq,64,64,0,64,32,6.0439519021866195,0.13355373047504665,1.8373519986011635,0.4787304699420929,2048,0.0022189077137866192,4.903139660142681e-05,0.0018169405131335827,0.00023577628599014133,-0.031808313508947555
2,2000,layer_015.wq,wq,64,64,1,64,32,5.803741841364118,0.1282457878838959,2.0395220167558725,0.43428829312324524,2048,0.0017150003333240532,3.789651141970711e-05,0.0013654722247582647,0.00017026934074237943,-0.1279013953100999
2,2000,layer_016.wq,wq,64,64,0,64,32,5.5728096315352404,0.12314285877250856,1.8146666508911835,0.4596627652645111,2048,0.0034677298302825637,7.66267274473649e-05,0.002812515759876475,0.00042534986278042197,-0.0674212763347422
2,2000,layer_016.wq,wq,64,64,1,64,32,5.667513409360373,0.12523553638201282,1.9033331772183344,0.421261727809906,2048,0.0016990025499173413,3.754300700936837e-05,0.0010532175423312432,0.00014518335228785872,-0.01156875637324291
2,2000,layer_017.wq,wq,64,64,0,64,32,5.600036850664797,0.12374450099998861,1.9269456818662851,0.4353004992008209,2048,0.0037045351024303152,8.185943412725243e-05,0.0023069624618682707,0.00036177888978272676,-0.08136880222102606
2,2000,layer_017.wq,wq,64,64,1,64,32,5.48378185553743,0.12117560426869581,1.6311892827017107,0.4057501554489136,2048,0.002752850402763865,6.08299746058265e-05,0.0015136841275453078,0.00024371687322854996,-0.07538157416147064
2,2000,layer_018.wq,wq,64,64,0,64,32,5.1625071250966785,0.11407636862749158,1.5896156138292254,0.3958047926425934,2048,0.0035701409584999134,7.888971504834781e-05,0.002213835334544184,0.00027825922006741166,-0.11031753582427425
2,2000,layer_018.wq,wq,64,64,1,64,32,5.469959177980581,0.12087016336136444,1.662386631114842,0.4420967102050781,2048,0.0034119717743962023,7.539463684039539e-05,0.0018346963309703844,0.0003136255545541644,-0.11099807950650473
2,2000,layer_000.wk,wk,64,64,0,64,32,5.643253398636427,0.12469946081655779,1.8362760839719714,0.44826510548591614,2048,0.005991737977089234,0.00013239995483414887,0.0029752925740896084,0.0005794725148007274,-0.12137209590023791
2,2000,layer_000.wk,wk,64,64,1,64,32,5.440383967820696,0.12021663737201847,1.6685732456617064,0.42473870515823364,2048,0.004732767261641743,0.00010458036951514264,0.002627070572317554,0.0004974785260856152,-0.06761602760440409
2,2000,layer_001.wk,wk,64,64,0,64,32,5.491023120988721,0.12133561514072642,1.8774407687309163,0.41795361042022705,2048,0.0021388181136532745,4.726164974652658e-05,0.0017403222923821292,0.00027598845190368593,-0.07867633610213376
2,2000,layer_001.wk,wk,64,64,1,64,32,5.418404745972591,0.11973096059658099,1.8195156158739252,0.48552805185317993,2048,0.001520935150273423,3.3608236203228696e-05,0.000969219560667588,0.00015899923164397478,-0.017657143161173217
2,2000,layer_002.wk,wk,64,64,0,64,32,5.626005587355385,0.12431833443163745,2.046030142059785,0.44807806611061096,2048,0.001500782007492099,3.316291045563823e-05,0.0013640493397694218,0.00024906903854571283,-0.002557051795687701
2,2000,layer_002.wk,wk,64,64,1,64,32,5.228129249693426,0.11552642641806121,2.1252457596750283,0.48028185963630676,2048,0.0021003152937964157,4.641084958978942e-05,0.0018611350685914202,0.00020597658294718713,-0.04918535120177738
2,2000,layer_003.wk,wk,64,64,0,64,32,6.214489551826942,0.13732211574093062,2.1516319732840734,0.4892825484275818,2048,0.0009370520452187839,2.0706120484341425e-05,0.0008503845233644104,0.00011836907651741058,-0.03994710152959438
2,2000,layer_003.wk,wk,64,64,1,64,32,5.721462051760823,0.12642764422192426,2.05719411875616,0.4279780089855194,2048,0.0017767331150710833,3.926062606329568e-05,0.0015734659083503873,0.00018907392222899944,-0.01780935775708897
2,2000,layer_004.wk,wk,64,64,0,64,32,5.7784796767484865,0.127687567636797,1.8686536781482528,0.40413016080856323,2048,0.0007467876022382761,1.6501830551522726e-05,0.0005391167329202286,8.677029109094292e-05,-0.01960230278925744
2,2000,layer_004.wk,wk,64,64,1,64,32,5.580731402234125,0.12331790682813941,2.047856277982869,0.39624813199043274,2048,0.0015546537634479538,3.435331932910109e-05,0.0013930434259437651,0.00016373522521462291,0.03716966458551776
2,2000,layer_005.wk,wk,64,64,0,64,32,5.995070798337819,0.1324736004749413,2.2301797803852645,0.6029856204986572,2048,0.0008344336367954012,1.8438552594630653e-05,0.0007868488613262275,9.288128785556182e-05,-0.07733602774688247
2,2000,layer_005.wk,wk,64,64,1,64,32,5.492014311216007,0.12135751755732516,1.990243526909653,0.4281848967075348,2048,0.0018060842023315316,3.990919958945384e-05,0.001616158694688945,0.0001748004142427817,-0.03866233196826137
2,2000,layer_006.wk,wk,64,64,0,64,32,6.190035663624484,0.13678175604798265,2.142814543714202,0.4990127384662628,2048,0.0011352805298406328,2.508639253748026e-05,0.0009727668704444723,0.0001415475271642208,0.005228052226414224
2,2000,layer_006.wk,wk,64,64,1,64,32,5.52874877701282,0.12216924224070613,1.9248843380882557,0.39264753460884094,2048,0.0016752667733836617,3.701851549237796e-05,0.001566239626778427,0.00023330023395828903,0.023926045969649895
2,2000,layer_007.wk,wk,64,64,0,64,32,5.644769769167749,0.12473296818797933,1.9289589917582879,0.46648502349853516,2048,0.0035307116959113548,7.801844320604922e-05,0.0034529568005368053,0.0006915357080288231,-0.016606942606970165
2,2000,layer_007.wk,wk,64,64,1,64,32,5.763641277119183,0.12735968223055213,1.8160733622086207,0.47727420926094055,2048,0.0006196949370504923,1.3693452882980432e-05,0.00044546840964456667,7.367749640252441e-05,-0.08481457620448188
2,2000,layer_008.wk,wk,64,64,0,64,32,5.928800277329057,0.1310092150125019,1.9639037609149796,0.5021018981933594,2048,0.0019814301505864324,4.3783834247723404e-05,0.001807633535944947,0.0003271938767284155,-0.03828688222287217
2,2000,layer_008.wk,wk,64,64,1,64,32,6.196994581248673,0.13693552785553834,2.108160500643851,0.5349469780921936,2048,0.0015035927954600025,3.322502068165642e-05,0.0014340706902164495,0.0002864657435566187,0.023697640798415687
2,2000,layer_009.wk,wk,64,64,0,64,32,5.854669403784288,0.12937113865691474,1.917834754968465,0.504509687423706,2048,0.0019106216257039183,4.2219172119278326e-05,0.0017881497416226636,0.00023156793031375855,-0.05337021556773113
2,2000,layer_009.wk,wk,64,64,1,64,32,6.139470316308193,0.13566440917359507,1.9975574413584039,0.5088202357292175,2048,0.001441510661232934,3.18531863659535e-05,0.0013092320413842999,0.0001496894983574748,-0.07880716105895474
2,2000,layer_010.wk,wk,64,64,0,64,32,6.247416718421297,0.1380497102029346,2.117141399305835,0.49984368681907654,2048,0.003050622547778173,6.740987157420404e-05,0.002918501229551683,0.0003040210867766291,-0.033239899082779266
2,2000,layer_010.wk,wk,64,64,1,64,32,5.893129310669424,0.13022099056198608,2.1098000155170538,0.42129161953926086,2048,0.0017047522839373985,3.767005938173092e-05,0.001531039996788391,0.00017009061411954463,-0.014149516833681852
2,2000,layer_011.wk,wk,64,64,0,64,32,6.172465429381334,0.13639350505484615,2.0851734366873567,0.46571093797683716,2048,0.0014160331320122567,3.129020718845914e-05,0.001276611279806735,0.0001420162880094722,-0.013725429338199058
2,2000,layer_011.wk,wk,64,64,1,64,32,5.90080018429761,0.1303904945232397,2.080070617394817,0.490401953458786,2048,0.0029721644526116207,6.567617622635252e-05,0.0027502348924356855,0.0003713277983479202,0.002095635833200084
2,2000,layer_012.wk,wk,64,64,0,64,32,5.97028331368599,0.13192586927225797,2.1720728223634267,0.4500078558921814,2048,0.001965479289501571,4.34313666840087e-05,0.0015453420696125784,0.00022224592976272106,-0.11414902454221752
2,2000,layer_012.wk,wk,64,64,1,64,32,6.011455599311645,0.13283565684609708,1.935921026346594,0.5856693387031555,2048,0.001875786181763861,4.144941028691401e-05,0.0015277902605584026,0.0003084550844505429,0.010811208872267587
2,2000,layer_013.wk,wk,64,64,0,64,32,5.937482301719991,0.13120106246004115,1.9030446414882456,0.5637403726577759,2048,0.002058114385577218,4.5478332453101114e-05,0.0017564823490486387,0.00021230889251455665,-0.0025551896396001366
2,2000,layer_013.wk,wk,64,64,1,64,32,6.233229339636899,0.13773621046088116,2.040996041275478,0.47984904050827026,2048,0.002028538880488889,4.482479994669566e-05,0.001593318823524789,0.00025396127603016794,-0.041858838518198375
2,2000,layer_014.wk,wk,64,64,0,64,32,5.867537440201146,0.12965548477600589,1.8384617264119332,0.47746890783309937,2048,0.0015983004260359045,3.531778342572926e-05,0.001128334090795753,0.00020833546295762062,-0.06452684043134459
2,2000,layer_014.wk,wk,64,64,1,64,32,5.888170057395931,0.13011140551138273,2.122595470803068,0.519442617893219,2048,0.002549521231577631,5.633699223836317e-05,0.0024187646801633756,0.00026474721380509436,-0.04599372067465691
2,2000,layer_015.wk,wk,64,64,0,64,32,5.953948831236216,0.1315649247939015,1.8486312994091414,0.4542556703090668,2048,0.002297440426174294,5.07667407724986e-05,0.0018446533599865507,0.00021635099255945534,-0.036051040647577505
2,2000,layer_015.wk,wk,64,64,1,64,32,5.618376914733143,0.12414976298967999,2.014867749479722,0.42015066742897034,2048,0.0017343307962190866,3.83236583383494e-05,0.001260035925648391,0.00015088003419805318,-0.1345279744896742
2,2000,layer_016.wk,wk,64,64,0,64,32,5.5635087173725415,0.12293733566389363,1.689854897750324,0.429861843585968,2048,0.0034827267295242195,7.695811523331946e-05,0.0024715087205219046,0.0003278647782281041,-0.06782098937572095
2,2000,layer_016.wk,wk,64,64,1,64,32,5.5715446307488845,0.12311490594018863,1.883619681070072,0.5084680318832397,2048,0.00230149182472829,5.085626487846173e-05,0.0018897130338890534,0.0003149281837977469,-0.01349523277920392
2,2000,layer_017.wk,wk,64,64,0,64,32,5.622197431402729,0.12423418527857685,2.04479028229951,0.4780097007751465,2048,0.004121052915206259,9.106326443659176e-05,0.0032657143525203613,0.00037333290674723685,-0.07435326894220064
2,2000,layer_017.wk,wk,64,64,1,64,32,5.586306217522599,0.12344109400608758,1.7442890207805366,0.4005175232887268,2048,0.0029186810448950983,6.449434871768633e-05,0.0021374200682711,0.00028722468414343894,-0.07387776935291702
2,2000,layer_018.wk,wk,64,64,0,64,32,5.334372656603373,0.11787409621438574,1.7314630627789915,0.38169917464256287,2048,0.004439121863941295,9.809166164082365e-05,0.003481069926280113,0.0004310416989028454,-0.09169690605710791
2,2000,layer_018.wk,wk,64,64,1,64,32,5.422137809646011,0.1198134504290209,1.7004061408509314,0.5010558366775513,2048,0.003650741422091749,8.06707504974905e-05,0.001827001335739655,0.0002882180269807577,-0.10615836811260511
2,2000,layer_000.wv,wv,64,64,0,64,32,2.653403987538389,0.05863249852549438,0.8850913816990436,0.19485992193222046,2048,0.02999879976996694,0.0006628860857750334,0.01655135306025793,0.0025524974334985018,0.050140530717557634
2,2000,layer_000.wv,wv,64,64,1,64,32,2.536058074994896,0.056039495697243535,0.7908371891332002,0.20259243249893188,2048,0.02700691200101539,0.0005967740817133231,0.013748173867040338,0.002637110184878111,0.04539300765500387
2,2000,layer_001.wv,wv,64,64,0,64,32,3.991626924582473,0.08820332707309597,1.3965891754269095,0.30628207325935364,2048,0.007625182622437346,0.0001684943231284772,0.005318583501380139,0.0006111873080953956,-0.019006846899519092
2,2000,layer_001.wv,wv,64,64,1,64,32,3.809098041418877,0.08416997047786517,1.2815098092219563,0.30212607979774475,2048,0.006226153762422109,0.00013757986081621283,0.00483964775327245,0.0009047578205354512,-0.048506369962039206
2,2000,layer_002.wv,wv,64,64,0,64,32,4.506739745309171,0.0995858198422203,1.5029282397343584,0.3547326922416687,2048,0.005655702971737132,0.00012497456011538235,0.004825170203423262,0.0006395330419763923,0.048849631341989656
2,2000,layer_002.wv,wv,64,64,1,64,32,4.547179199440013,0.10047941397482656,1.921116553775532,0.33624979853630066,2048,0.006038420619283298,0.00013343150523599664,0.0053679423650431195,0.000742577773053199,0.01655211147158877
2,2000,layer_003.wv,wv,64,64,0,64,32,4.471796364762235,0.0988136729252728,1.6927478164068244,0.3428058922290802,2048,0.0047185086808961075,0.00010426529641716343,0.004150398621210851,0.00044356752187013626,-0.01738944515948502
2,2000,layer_003.wv,wv,64,64,1,64,32,4.871427136071384,0.10764434881163244,1.9846971264462367,0.37422382831573486,2048,0.006500996372088027,0.0001436530818491434,0.006093391912944008,0.0007612057961523533,0.00992123826466003
2,2000,layer_004.wv,wv,64,64,0,64,32,4.834301068934654,0.10682397087940843,1.6819294373414462,0.3366818428039551,2048,0.004085403959792321,9.027552637048513e-05,0.0036833660383567444,0.0005205178749747574,-0.00756696680328701
2,2000,layer_004.wv,wv,64,64,1,64,32,5.078197552405567,0.11221337267221577,2.263691716098261,0.4281351864337921,2048,0.004790585790471059,0.00010585799057181263,0.004236005719968578,0.0006077624275349081,-0.0026386913445259246
2,2000,layer_005.wv,wv,64,64,0,64,32,5.0215455626475185,0.11096152873078996,1.863896074198018,0.3867563307285309,2048,0.005726927007825216,0.00012654840383104985,0.0051961062762777835,0.0005052252090536058,0.0034843991388743612
2,2000,layer_005.wv,wv,64,64,1,64,32,5.278134220817271,0.11663139061102083,2.2760153515241206,0.44196680188179016,2048,0.004418801359263556,9.764263768286235e-05,0.0037946581154431245,0.0005067909369245172,-0.02229765380760505
2,2000,layer_006.wv,wv,64,64,0,64,32,5.416037539212152,0.11967865222305672,2.036259149054659,0.4724853038787842,2048,0.0039708723413963256,8.774471124460769e-05,0.003352316905700875,0.0004765507183037698,-0.009871149389384954
2,2000,layer_006.wv,wv,64,64,1,64,32,5.322254938476496,0.11760632994376005,2.2485786119557094,0.4789523780345917,2048,0.005372324984125394,0.00011871273209415557,0.004581453785333996,0.0007219237741082907,0.013890912087664102
2,2000,layer_007.wv,wv,64,64,0,64,32,5.631555030940596,0.12444096096885357,2.346834372596966,0.467679888010025,2048,0.005550442357462291,0.00012264860717333228,0.004934599206164858,0.0006672849995084107,0.0032180941286378702
2,2000,layer_007.wv,wv,64,64,1,64,32,5.39039079378237,0.11911193386028285,1.9147869451221997,0.40116167068481445,2048,0.004612512004096001,0.00010192307863751987,0.0042533154531800505,0.0006996662123128772,0.001515772021346148
2,2000,layer_008.wv,wv,64,64,0,64,32,5.716957549251623,0.12632810783848278,2.1709382261210517,0.4615112245082855,2048,0.005124479210083388,0.00011323606248435772,0.004179817421088352,0.0005794445751234889,-0.024737708196218202
2,2000,layer_008.wv,wv,64,64,1,64,32,5.640337001476821,0.12463501693505183,1.9158136419635237,0.4285598397254944,2048,0.007300285787719396,0.00016131504953425507,0.006686614418271723,0.0009852193761616945,0.003088247247660308
2,2000,layer_009.wv,wv,64,64,0,64,32,5.5824692427094424,0.12335630804016182,1.9511453719127163,0.4751715064048767,2048,0.00540839756459245,0.0001195098310398791,0.004370509420370457,0.0005382348317652941,-0.014984534617014803
2,2000,layer_009.wv,wv,64,64,1,64,32,5.882316447181087,0.12998205777771588,1.950983590670927,0.4127635061740875,2048,0.005785176536741516,0.00012783554873410102,0.00507531558626368,0.000656753487419337,0.0002476492565458758
2,2000,layer_010.wv,wv,64,64,0,64,32,6.076851925225388,0.13428072514354372,2.1193089505455616,0.46841955184936523,2048,0.008234185760029756,0.00018195151838958586,0.007250805298816793,0.0008534092921763659,-0.02854075900498604
2,2000,layer_010.wv,wv,64,64,1,64,32,5.993415703467482,0.13243702769974372,1.960086014561051,0.46306851506233215,2048,0.006843755785849239,0.00015122706640495834,0.005473490320359872,0.0007504594977945089,-0.00757675345050587
2,2000,layer_011.wv,wv,64,64,0,64,32,5.957759328424831,0.13164912568145656,1.8528327190488176,0.5246371626853943,2048,0.008525381582574128,0.00018838609778878336,0.007667831362425731,0.001166363712400198,-0.009214221089519439
2,2000,layer_011.wv,wv,64,64,1,64,32,6.0484603795587,0.13365335469137865,2.0600751720379185,0.45283305644989014,2048,0.007582789827203384,0.00016755756584774635,0.006410602552596755,0.0009615087183192372,-0.027486245568522135
2,2000,layer_012.wv,wv,64,64,0,64,32,6.261615604517955,0.13836346422306717,2.1323212226685464,0.4906015694141388,2048,0.009678645634133095,0.0002138698737686589,0.008752274967132996,0.0012210903223603964,-0.03649548534278217
2,2000,layer_012.wv,wv,64,64,1,64,32,6.2233610654260225,0.13751815034797124,2.003513421128267,0.48339876532554626,2048,0.010231750448064092,0.0002260918789135818,0.009545103771624541,0.0009336329530924559,-0.006290586643171537
2,2000,layer_013.wv,wv,64,64,0,64,32,6.10631135963112,0.13493169282598788,1.8118168233542993,0.4409143924713135,2048,0.010202600364804356,0.00022544774699029702,0.00890239500001411,0.0010618262458592653,0.011775272728904244
2,2000,layer_013.wv,wv,64,64,1,64,32,6.407949708631824,0.14159702163987267,1.8340106063126589,0.5152237415313721,2048,0.009877806477963203,0.00021827074824425592,0.008399579812967203,0.0008686982910148799,-0.023365758159046304
2,2000,layer_014.wv,wv,64,64,0,64,32,6.2497004368628595,0.13810017372782055,1.7699530917315376,0.4253225326538086,2048,0.011639231781929505,0.00025719311627513553,0.01042223786273742,0.0013098951894789934,-0.014938206688712076
2,2000,layer_014.wv,wv,64,64,1,64,32,6.114738528968289,0.1351179087192541,1.7514003069923125,0.4863901436328888,2048,0.011095586436625521,0.0002451801378306059,0.009368282879716538,0.0013180312234908342,-0.011861505524078515
2,2000,layer_015.wv,wv,64,64,0,64,32,6.129424288059304,0.13544242121425815,1.7441686082080716,0.48661965131759644,2048,0.012004180699627756,0.0002652574242279832,0.010682557068761478,0.0013611228205263615,-0.017210794089055435
2,2000,layer_015.wv,wv,64,64,1,64,32,6.209805277745223,0.1372186069294269,1.7670463716805593,0.46075454354286194,2048,0.012810423279755423,0.0002830730365932836,0.010740637313613893,0.001226093154400587,-0.018829265773820648
2,2000,layer_016.wv,wv,64,64,0,64,32,6.123340254601884,0.13530798179817355,1.738079975127146,0.546118438243866,2048,0.020309677253112213,0.0004487847034183069,0.018513940500416944,0.002047212328761816,0.0146409557542674
2,2000,layer_016.wv,wv,64,64,1,64,32,6.2682310312599645,0.13850964588274586,1.7497774183882648,0.4712538719177246,2048,0.014221209877604788,0.00031424731066035814,0.01262247084275272,0.0015435154782608151,0.00287125613711508
2,2000,layer_017.wv,wv,64,64,0,64,32,5.547191565698529,0.1225767741451954,1.5706767366783128,0.4068763256072998,2048,0.019744835714113104,0.0004363033508394908,0.015923224712860028,0.001872341032139957,-0.00015525317133832704
2,2000,layer_017.wv,wv,64,64,1,64,32,5.548600239209284,0.12260790172619326,1.4843821682356295,0.3797346353530884,2048,0.014850240592111692,0.0003281470570291847,0.011897281533349027,0.001202292274683714,-0.002669907098194119
2,2000,layer_018.wv,wv,64,64,0,64,32,5.118836755823853,0.11311138068218736,1.4266296763312234,0.3454141914844513,2048,0.01636327752956452,0.0003615807657372666,0.010931545297899217,0.0013398323208093643,-0.018971810194174776
2,2000,layer_018.wv,wv,64,64,1,64,32,5.832207900487307,0.1288748048663854,1.5438251079363143,0.5331985354423523,2048,0.01758911197789862,0.00038866813608192643,0.011478334125955636,0.0019466675585135818,0.0033583238074343233
2,8000,layer_000.wq,wq,64,64,0,64,32,11.654275885435124,0.25752554713781356,3.744934039077176,0.8923326730728149,2048,0.002633418721747669,5.819088237035584e-05,0.0012615320535084892,0.0002170045772800222,-0.09638588430847385
2,8000,layer_000.wq,wq,64,64,1,64,32,10.353152623852653,0.22877451334329715,3.425107280787032,0.8287976384162903,2048,0.0019162817682392948,4.2344244780817306e-05,0.0010994582173354057,0.00019998440984636545,-0.04552616120742407
2,8000,layer_001.wq,wq,64,64,0,64,32,8.323074515666919,0.18391570094840684,3.0011612007361133,0.6862726211547852,2048,0.0007783884343917485,1.7200116886112048e-05,0.000559040804117414,9.415249223820865e-05,-0.01198023527406868
2,8000,layer_001.wq,wq,64,64,1,64,32,8.02576026130301,0.1773459220295274,2.408316286762738,0.6419192552566528,2048,0.0021033370431629136,4.647762144816746e-05,0.0015495520372961534,0.0002481640549376607,-0.011823599809055028
2,8000,layer_002.wq,wq,64,64,0,64,32,8.626237379739813,0.19061471710434058,2.7084103565958153,0.6285544037818909,2048,0.002161414208366607,4.776095761528066e-05,0.0017013459791579352,0.00020982911519240588,0.1335868772417343
2,8000,layer_002.wq,wq,64,64,1,64,32,8.516177069141946,0.18818270485548905,2.905820763121345,0.7002089619636536,2048,0.0017880302769793753,3.951026043184304e-05,0.0015438152712340244,0.0002513220242690295,-0.013309433797546155
2,8000,layer_003.wq,wq,64,64,0,64,32,9.491098730841717,0.20972563354653792,2.9415304949493466,0.994439423084259,2048,0.0012525958008493471,2.767871827707399e-05,0.0008230676052409556,0.00010813925473485142,0.03151423068320614
2,8000,layer_003.wq,wq,64,64,1,64,32,8.890631897203095,0.19645706573580407,3.0234125892189843,0.8282989263534546,2048,0.001471148354663507,3.250809305356244e-05,0.001204417380108321,0.00021752291650045663,0.013604438251521418
2,8000,layer_004.wq,wq,64,64,0,64,32,8.705192790165889,0.1923594016707045,2.6988415305822944,0.6561627388000488,2048,0.00199920101864211,4.4176518663652797e-05,0.001376814962960918,0.00020499667152762413,-0.013131437332250844
2,8000,layer_004.wq,wq,64,64,1,64,32,8.641917704370051,0.19096120660050456,2.7265374678146905,0.7964759469032288,2048,0.001796785039624531,3.9703715182907676e-05,0.0014705022090021188,0.00018868394545279443,-0.006081063235172882
2,8000,layer_005.wq,wq,64,64,0,64,32,9.49351456460564,0.20977901643518448,3.252591332556048,0.6723936796188354,2048,0.0006910379460853053,1.5269925554191976e-05,0.00041986541675931625,7.022456702543423e-05,-0.04911611621293341
2,8000,layer_005.wq,wq,64,64,1,64,32,8.369125558028589,0.18493329483386453,2.690010946363861,0.6571493148803711,2048,0.0021448753332662515,4.7395496654760086e-05,0.0018409179269505075,0.00023863652313593775,-0.10441911299815859
2,8000,layer_006.wq,wq,64,64,0,64,32,9.154401231128267,0.20228559963228993,3.0539667543198648,0.7212640643119812,2048,0.0022636659765445767,5.002042382362309e-05,0.001767187615334094,0.00023029786825645715,-0.057970473325264775
2,8000,layer_006.wq,wq,64,64,1,64,32,9.093703515177102,0.2009443569275523,2.782518079371553,0.8750276565551758,2048,0.0015119675433825322,3.341007821436732e-05,0.0009856502594384616,0.00012623757356777787,0.04405954172488196
2,8000,layer_007.wq,wq,64,64,0,64,32,8.854105515882353,0.19564993911317585,2.8026298117527366,0.6842254400253296,2048,0.0018567163991389858,4.102802364285767e-05,0.0014140765488885533,0.00019732219516299665,0.041294199252339944
2,8000,layer_007.wq,wq,64,64,1,64,32,8.918366054529203,0.19706990982067238,2.790614705933776,0.622784435749054,2048,0.0026622448195441186,5.8827855158700096e-05,0.002337886679734451,0.00026738931774161756,0.028006871359544817
2,8000,layer_008.wq,wq,64,64,0,64,32,9.338521536919822,0.2063541220316446,2.920720744395274,0.6873180866241455,2048,0.0021649275167127634,4.783859149515461e-05,0.0017474748304801698,0.00022303393052425236,-0.03153725996564595
2,8000,layer_008.wq,wq,64,64,1,64,32,10.139518337217728,0.2240538179441251,3.1997171736969485,0.7428393959999084,2048,0.0015137165236691777,3.344872558376884e-05,0.0010632890426555456,0.00016709351621102542,-0.030479450177878665
2,8000,layer_009.wq,wq,64,64,0,64,32,9.87411111982364,0.21818909159427471,2.9824370290707853,0.8593242764472961,2048,0.0031050605609669285,6.86127930829569e-05,0.0027764398386198974,0.0003482477040961385,0.05875534773101667
2,8000,layer_009.wq,wq,64,64,1,64,32,9.843339438066192,0.21750912706804956,3.0828114049331834,0.8642659783363342,2048,0.003085829467569733,6.818784194074475e-05,0.0027560775098996234,0.00035879947245121,0.043436319927696455
2,8000,layer_010.wq,wq,64,64,0,64,32,10.335909872918487,0.22839349877730156,3.4476556046950564,0.8794586658477783,2048,0.003023192177668964,6.680374030187033e-05,0.0024151604849439183,0.0003377013490535319,0.023581368422336182
2,8000,layer_010.wq,wq,64,64,1,64,32,9.799694201109025,0.21654469447370872,3.116894836053382,0.756965160369873,2048,0.001841753213950382,4.0697380839263554e-05,0.0013061745040307837,0.00021175229630898684,-0.06792026426576278
2,8000,layer_011.wq,wq,64,64,0,64,32,10.677223350263521,0.23593553235045892,3.277240156448406,0.7995316386222839,2048,0.002872216904255477,6.346762656367754e-05,0.0024232899000968568,0.00029484537662938237,0.028494640030759442
2,8000,layer_011.wq,wq,64,64,1,64,32,9.974358459674997,0.22040426577567493,2.9121326923748923,0.9485154747962952,2048,0.004005177013081687,8.850274455632947e-05,0.0034195252189886684,0.00032903009559959173,-0.022544595714760217
2,8000,layer_012.wq,wq,64,64,0,64,32,10.585707886785704,0.23391330720019032,3.2401367389667497,0.8284978866577148,2048,0.004772736219614388,0.00010546356705324944,0.003947711623519977,0.0005415827035903931,0.024241379601769118
2,8000,layer_012.wq,wq,64,64,1,64,32,10.18582226862701,0.22507699994084696,2.850364964457437,0.8786190152168274,2048,0.004221795031313946,9.328937173193013e-05,0.0035760632754679536,0.0003823621664196253,-0.023160977033624675
2,8000,layer_013.wq,wq,64,64,0,64,32,10.171442542265913,0.2247592498776739,2.970806546703097,0.9200286865234375,2048,0.003953829243865611,8.736810843722042e-05,0.003132644412545761,0.0005444697453640401,-0.030273392579207224
2,8000,layer_013.wq,wq,64,64,1,64,32,10.708524938348246,0.23662720626285316,3.1910569862053575,0.9463624954223633,2048,0.003507301313259948,7.750114194595604e-05,0.0026077912481638384,0.0003474656550679356,-0.013927083717937395
2,8000,layer_014.wq,wq,64,64,0,64,32,10.248241937955532,0.22645629279902263,3.0483272042712173,0.7666747570037842,2048,0.003724545763390552,8.230161144165892e-05,0.0029365439018152768,0.00045451580081135035,-0.016521099804835817
2,8000,layer_014.wq,wq,64,64,1,64,32,9.90811279316698,0.21894042952529863,3.028714086542783,0.7706843614578247,2048,0.003385995925400902,7.482064624753117e-05,0.0029520631700287133,0.00047915917821228504,0.020087992211276356
2,8000,layer_015.wq,wq,64,64,0,64,32,10.12973670215501,0.22383767230400198,2.8820344208350326,0.8336554765701294,2048,0.0043616556833163695,9.637988471480782e-05,0.0036045052091017446,0.0004893873119726777,0.0018018353918245666
2,8000,layer_015.wq,wq,64,64,1,64,32,9.954818787982601,0.21997249595205456,3.108192966478587,0.7684417963027954,2048,0.003913039890240299,8.646678254507435e-05,0.002803632749154579,0.00035175037919543684,0.025369525807975146
2,8000,layer_016.wq,wq,64,64,0,64,32,9.53095635788149,0.21060637099534504,2.7012357561602447,0.7787933349609375,2048,0.004214933758798506,9.3137757596829e-05,0.0030515944013628764,0.0003927133802790195,-0.05066375381961545
2,8000,layer_016.wq,wq,64,64,1,64,32,9.633496442206951,0.21287220815065674,2.805503975389095,0.8244969844818115,2048,0.0033854594672055108,7.480879208416293e-05,0.002292883042893312,0.00029828952392563224,-0.029217397249834742
2,8000,layer_017.wq,wq,64,64,0,64,32,9.23905474808622,0.20415619575392305,3.096867251509576,0.6824293732643127,2048,0.0032299465928098477,7.137241058269463e-05,0.001778074744400662,0.0003132731362711638,-0.00912455037534645
2,8000,layer_017.wq,wq,64,64,1,64,32,9.477035339543562,0.209414873566744,2.732449030485557,0.7491826415061951,2048,0.003939462088559359,8.705063615773885e-05,0.0021477887513376695,0.00039080125861801207,0.003369626523167839
2,8000,layer_018.wq,wq,64,64,0,64,32,8.60653018789972,0.19017924557345697,2.4082277804916,0.6006155610084534,2048,0.003886948433597736,8.589023735998089e-05,0.0024509789723250203,0.0003689475415740162,-0.0010067710848973039
2,8000,layer_018.wq,wq,64,64,1,64,32,8.859558476049278,0.19577043364791252,2.5560909486868963,0.7328389286994934,2048,0.0037039313945177884,8.184609394103982e-05,0.00214795339035577,0.0004029504198115319,-0.005658800822837078
2,8000,layer_000.wk,wk,64,64,0,64,32,11.534996601836319,0.25488982244132014,3.409594086565201,1.1062612533569336,2048,0.00337803937778537,7.464482972335067e-05,0.0022513364447521427,0.0003929592203348875,-0.07602379571734948
2,8000,layer_000.wk,wk,64,64,1,64,32,10.48361213438536,0.23165728848604578,3.3641828380372805,0.8514993786811829,2048,0.002250532078366537,4.973020293408854e-05,0.0012238720019953466,0.00020688545191660523,-0.03840718124367666
2,8000,layer_001.wk,wk,64,64,0,64,32,8.193762264794135,0.1810582769020743,2.9291049322243485,0.7038224935531616,2048,0.0010471289779183785,2.313850003321951e-05,0.0009058350604908395,0.00012178697943454608,-0.009322916659022053
2,8000,layer_001.wk,wk,64,64,1,64,32,7.988654773051573,0.17652599883072026,2.534125620862132,0.5976182222366333,2048,0.0023167068249409094,5.119247206052728e-05,0.0017563440938909763,0.00023621991567779332,-0.010780856268877863
2,8000,layer_002.wk,wk,64,64,0,64,32,8.413824008894776,0.18592100038749,2.6941910343142355,0.702178418636322,2048,0.002406179465873904,5.316955678347696e-05,0.0019302363759480204,0.000371792062651366,0.12297500976929056
2,8000,layer_002.wk,wk,64,64,1,64,32,8.375101835443447,0.18506535315531134,2.7378793909826453,0.644528329372406,2048,0.002264720852417633,5.0043733507471466e-05,0.002002747414907276,0.00026405209791846573,-0.01079805343025854
2,8000,layer_003.wk,wk,64,64,0,64,32,9.359865393685036,0.20682575908962453,2.9639524538642466,0.9412074089050293,2048,0.0015862796292982007,3.5052158835463766e-05,0.0011931568446833492,0.00016047654207795858,0.025160188801565956
2,8000,layer_003.wk,wk,64,64,1,64,32,8.752760251332997,0.19341050399430107,3.0606219224074573,0.68632572889328,2048,0.0018094547465365468,3.998367879769307e-05,0.0015061308867997032,0.00017274895799346268,0.0109115566505535
2,8000,layer_004.wk,wk,64,64,0,64,32,8.63177769606569,0.1907371419557139,2.65789299847345,0.6557541489601135,2048,0.0018480918384874403,4.083744597656197e-05,0.0012540308499109872,0.0001846656814450398,-0.014353993020019244
2,8000,layer_004.wk,wk,64,64,1,64,32,8.609491126155984,0.19024467368344697,2.7052551477366187,0.8446887731552124,2048,0.0024306136724793564,5.370948157046535e-05,0.002125073650318501,0.00028151716105639935,-0.004775995915671907
2,8000,layer_005.wk,wk,64,64,0,64,32,9.23540190951711,0.20407547866258563,3.202934420910829,0.7192699313163757,2048,0.0009850540249073648,2.1766824401471877e-05,0.0007757400828849789,0.00013711788051296026,-0.03582382855208714
2,8000,layer_005.wk,wk,64,64,1,64,32,8.273248101369285,0.18281468234115475,2.7446613177542103,0.6188359260559082,2048,0.003148140981361867,6.956474487663279e-05,0.002859329675210231,0.00046559900511056185,-0.07218419614920087
2,8000,layer_006.wk,wk,64,64,0,64,32,9.104226141701172,0.20117687632039807,2.86436446912004,0.7237005829811096,2048,0.002537523967506433,5.6071887651474736e-05,0.001968773485517356,0.00035755199496634305,-0.052243490506692566
2,8000,layer_006.wk,wk,64,64,1,64,32,8.8003104185991,0.19446122417306405,2.7549448384377753,0.6475688219070435,2048,0.0021028561762260222,4.646699568966981e-05,0.00177905506053651,0.0002466857258696109,0.03258947651392527
2,8000,layer_007.wk,wk,64,64,0,64,32,8.736460580813064,0.19305032875818384,2.714220882395352,0.611093282699585,2048,0.002739937887408801,6.054464563177209e-05,0.0023621698555290763,0.0004803874471690506,0.027934983173076543
2,8000,layer_007.wk,wk,64,64,1,64,32,8.984972467182896,0.19854171750998284,2.753783963860391,0.7067253589630127,2048,0.0027781722470185534,6.138951359909648e-05,0.0023572490898029303,0.00046648411080241203,0.026565376941627025
2,8000,layer_008.wk,wk,64,64,0,64,32,9.163250051480803,0.20248113278468932,2.8658107606878716,0.8102790117263794,2048,0.003030071727488914,6.695575831215774e-05,0.002596416501154056,0.0005338108167052269,-0.023288726298188116
2,8000,layer_008.wk,wk,64,64,1,64,32,9.819820781097825,0.21698943326096415,3.015355664170261,0.9413595199584961,2048,0.0018541899840711974,4.0972197229528757e-05,0.0014231176971974996,0.0002564844617154449,-0.02589675772435015
2,8000,layer_009.wk,wk,64,64,0,64,32,9.534490474450044,0.2106844646763178,2.8663632369587044,0.720910370349884,2048,0.0027375961182013564,6.049289935406715e-05,0.00227907560470117,0.00035883215605281293,0.06881923389977189
2,8000,layer_009.wk,wk,64,64,1,64,32,9.640919100971836,0.21303622728650312,3.072475768132631,0.8267911672592163,2048,0.003704876297003925,8.186697353339941e-05,0.0034175970624621527,0.00043772580102086067,0.03674320181521618
2,8000,layer_010.wk,wk,64,64,0,64,32,9.998818982034056,0.2209447720641579,3.2304949016211015,0.7346611618995667,2048,0.0036559506358395063,8.07858589464183e-05,0.003105793616122571,0.0003654274914879352,0.020108769669388786
2,8000,layer_010.wk,wk,64,64,1,64,32,9.583058741245074,0.21175768188885666,3.0248278778845266,0.76027911901474,2048,0.0023674968569043706,5.231478381109119e-05,0.0019953007513325675,0.00023910350864753127,-0.05416257634361507
2,8000,layer_011.wk,wk,64,64,0,64,32,10.302259802624363,0.22764993024941474,3.1728727504903658,0.816074788570404,2048,0.002633639316312645,5.819575686763046e-05,0.002159993757320747,0.00033058240660466254,0.03211418963785415
2,8000,layer_011.wk,wk,64,64,1,64,32,9.660433372127645,0.2134674358322589,2.8533499293171194,0.8091761469841003,2048,0.004011673687193288,8.864630212881297e-05,0.0033496099768439143,0.0004584716516546905,-0.023432013673809357
2,8000,layer_012.wk,wk,64,64,0,64,32,10.23172796355974,0.22609138207153495,3.070078761492069,0.7508513927459717,2048,0.004213241441316273,9.310036231034126e-05,0.003299096430691993,0.00047384659410454333,0.028413731220880263
2,8000,layer_012.wk,wk,64,64,1,64,32,10.008352866210256,0.22115544313140914,2.892338975057194,1.0089225769042969,2048,0.0038497415116282283,8.506807277148971e-05,0.0031584427700543285,0.0005369841819629073,-0.0259210302688154
2,8000,layer_013.wk,wk,64,64,0,64,32,9.790382937970701,0.21633894268287995,2.9952157519748472,0.8813290596008301,2048,0.003832592937897909,8.468913924735264e-05,0.002852338440654301,0.0003274345654062927,-0.032419160300029164
2,8000,layer_013.wk,wk,64,64,1,64,32,10.261826402847783,0.22675646990040077,2.9584643514662403,0.7383789420127869,2048,0.0036502644802340906,8.066021147180982e-05,0.0026680055720605575,0.00039176049176603556,-0.013957902666357764
2,8000,layer_014.wk,wk,64,64,0,64,32,9.750902962049285,0.2154665502236576,2.895213414176254,0.8421569466590881,2048,0.00414579902600617,9.161008139767335e-05,0.0032784636347822035,0.00045297766337171197,-0.015654920918241673
2,8000,layer_014.wk,wk,64,64,1,64,32,9.44046275549062,0.20860672599832683,2.835179963154486,0.6846373677253723,2048,0.00350811137421741,7.751904193333716e-05,0.003115133418605612,0.00044167673331685364,0.020323087456153386
2,8000,layer_015.wk,wk,64,64,0,64,32,9.642412583068301,0.21306922889019034,2.785409228232182,0.7022451758384705,2048,0.003931177825482493,8.686757807652681e-05,0.0029967552816117923,0.00040091865230351686,0.0021048234577332476
2,8000,layer_015.wk,wk,64,64,1,64,32,9.529616555699837,0.2105767652700921,2.945168445663483,0.8167852759361267,2048,0.003930166159948039,8.6845223215286e-05,0.0027434238449726427,0.00037609710125252604,0.026285520229112916
2,8000,layer_016.wk,wk,64,64,0,64,32,9.19804965499689,0.20325010264809018,2.702043168023982,0.68701171875,2048,0.003888399571292555,8.59223032757447e-05,0.0025082652938545687,0.00036917044781148434,-0.05692848288621624
2,8000,layer_016.wk,wk,64,64,1,64,32,9.390737090959652,0.2075079336674251,2.691362208328161,0.7608246207237244,2048,0.003654034147688994,8.074351014119046e-05,0.002511147899768423,0.00044508828432299197,-0.027860311637364993
2,8000,layer_017.wk,wk,64,64,0,64,32,9.105201532314208,0.20119842961154755,3.0296262218922645,0.7279922962188721,2048,0.0037834961881283405,8.360424410059386e-05,0.0026705784121526382,0.0003336918307468295,-0.008013065608654509
2,8000,layer_017.wk,wk,64,64,1,64,32,9.371470649111531,0.20708220142742065,2.64656182597848,0.772205650806427,2048,0.004012183309396167,8.865756329492229e-05,0.002366488340602509,0.0003949131059926003,0.003277484841059148
2,8000,layer_018.wk,wk,64,64,0,64,32,8.733344075051916,0.19298146305951772,2.616144394807044,0.7170686721801758,2048,0.004089818577800157,9.037307656828792e-05,0.002548673419655985,0.0003421527799218893,-0.000998681269517822
2,8000,layer_018.wk,wk,64,64,1,64,32,8.95735492574999,0.19793145029664194,2.5554586913386426,0.7399407625198364,2048,0.003670600068770879,8.110956873911552e-05,0.001972057317960231,0.00042154494440183043,-0.005660381760771283
2,8000,layer_000.wv,wv,64,64,0,64,32,3.67337643603709,0.08117091836789685,1.437225196658481,0.31151750683784485,2048,0.02347155542185558,0.0005186530001184363,0.013894011824002857,0.0024751154705882072,-0.03323411192630218
2,8000,layer_000.wv,wv,64,64,1,64,32,3.456053982321755,0.07636872522020269,1.317691031078369,0.3004295527935028,2048,0.02017836794266548,0.00044588315017300023,0.012063874325333533,0.0017098200041800737,-0.035148191005449865
2,8000,layer_001.wv,wv,64,64,0,64,32,5.107459136440903,0.11285996843782975,1.7458441568941745,0.3449849486351013,2048,0.011612752996241918,0.00025660801224647057,0.010705970716943269,0.0012355984654277563,-0.08671144200016355
2,8000,layer_001.wv,wv,64,64,1,64,32,5.4578542952704465,0.12060268071605809,1.9107479948991068,0.39976245164871216,2048,0.0065135036778954936,0.00014392945687260694,0.004659925979654162,0.0007669924525544047,-0.02425439213448424
2,8000,layer_002.wv,wv,64,64,0,64,32,6.321236372391154,0.1396809095125262,2.250426404308296,0.5820233225822449,2048,0.009168581251156618,0.00020259893676727146,0.008534315600505321,0.0009828072506934404,-0.008111524460402572
2,8000,layer_002.wv,wv,64,64,1,64,32,5.678038054856997,0.12546810038827053,2.064654985536198,0.514211893081665,2048,0.0084609781762867,0.0001869629701226161,0.00792726375770949,0.0008678205776959658,0.01571471792706194
2,8000,layer_003.wv,wv,64,64,0,64,32,6.269117434425874,0.13852923281054214,2.1770814756920225,0.542471706867218,2048,0.009508166323959366,0.00021010277763503863,0.008976825862566422,0.0009313207701779902,-0.002049663718699178
2,8000,layer_003.wv,wv,64,64,1,64,32,6.391770138754661,0.14123950027809692,2.4514223551300587,0.5496267080307007,2048,0.0071743891889348614,0.00015853310144897802,0.006490449725699477,0.0008868719451129436,-0.010209600551577235
2,8000,layer_004.wv,wv,64,64,0,64,32,6.297592186789229,0.13915844188831514,2.386301700285228,0.4950334429740906,2048,0.007017069153312504,0.0001550567869488193,0.006691398117289627,0.0008295901352539659,-0.022845556635732428
2,8000,layer_004.wv,wv,64,64,1,64,32,6.454727038904751,0.14263066437242858,2.610700057499052,0.5876038074493408,2048,0.008759710070656807,0.00019356407475592253,0.008238841280991263,0.0008810858125798404,0.01565580208204211
2,8000,layer_005.wv,wv,64,64,0,64,32,6.374486887268353,0.14085759076788065,2.376574252907117,0.5254424810409546,2048,0.009023297132691673,0.00019938858097460672,0.008621927944244316,0.0009873912204056978,0.006289869147988568
2,8000,layer_005.wv,wv,64,64,1,64,32,6.723276462326098,0.14856482432195894,2.683403812841585,0.5778643488883972,2048,0.008046729733463072,0.00017780928627834878,0.0074230248776911475,0.0009039771393872797,-0.03469764191483977
2,8000,layer_006.wv,wv,64,64,0,64,32,6.853123050679558,0.15143405567004237,3.0235646866823194,0.6850653290748596,2048,0.007457521195761856,0.00016478949401142564,0.006626238300823881,0.0010656554950401187,0.010258327775486324
2,8000,layer_006.wv,wv,64,64,1,64,32,6.745994354468792,0.1490668235590953,2.6176028171400834,0.6469830274581909,2048,0.007998083897768623,0.00017673435501909776,0.007450384882871466,0.0010231243213638663,-0.01996014744609365
2,8000,layer_007.wv,wv,64,64,0,64,32,7.433289188446067,0.1642540372397145,2.5884510112082904,0.5887061953544617,2048,0.008883116942950686,0.00019629100713854832,0.007752536510093955,0.0009996301960200071,-0.006632458857155387
2,8000,layer_007.wv,wv,64,64,1,64,32,7.054021467069174,0.15587332543750287,2.757583410527838,0.522209644317627,2048,0.008205279244201457,0.00018131276859700252,0.007434827581901642,0.0009500404121354222,0.01036345231604143
2,8000,layer_008.wv,wv,64,64,0,64,32,7.476513222052478,0.165209162467006,2.5026160968326354,0.6911502480506897,2048,0.011050215860452522,0.00024417758026566,0.009846489569929097,0.0014402744127437472,0.006171620604071496
2,8000,layer_008.wv,wv,64,64,1,64,32,7.68337798334979,0.1697802710764393,2.586810481630781,0.545705258846283,2048,0.010891821598213046,0.0002406775284865796,0.009738954346623658,0.0010609239106997848,-0.014913397616934282
2,8000,layer_009.wv,wv,64,64,0,64,32,7.516478029264284,0.16609226828538978,2.3532012451541005,0.7267497181892395,2048,0.010365985303120008,0.00022905807817238277,0.009107598356556237,0.001152415876276791,0.021025276311764755
2,8000,layer_009.wv,wv,64,64,1,64,32,7.760581624321196,0.17148624664091344,2.4557277368703483,0.6536614298820496,2048,0.009125542199107037,0.00020164789909351836,0.007300968547421958,0.001462477375753224,0.02114199949936211
2,8000,layer_010.wv,wv,64,64,0,64,32,8.284003003369019,0.18305233434537377,2.5549004624136216,0.692192554473877,2048,0.012053245277492665,0.0002663416084693686,0.010056823279095801,0.001383477821946144,0.029036847774342324
2,8000,layer_010.wv,wv,64,64,1,64,32,7.834316152577585,0.17311556492021607,2.5139150922679163,0.6131383180618286,2048,0.014275655328549644,0.0003154503965218539,0.01313588345837804,0.0017547981115058064,0.000343158628038894
2,8000,layer_011.wv,wv,64,64,0,64,32,7.941329032473502,0.17548023782798808,2.444881997887126,0.7600816488265991,2048,0.012730468623985958,0.0002813062716157203,0.011005131951710163,0.0016815525013953447,-0.0003964125523217584
2,8000,layer_011.wv,wv,64,64,1,64,32,8.266138213427084,0.1826575745293608,2.5043546883342445,0.6488061547279358,2048,0.012481340201269307,0.00027580125920668113,0.00953144262790493,0.001339960377663374,0.00841571625828179
2,8000,layer_012.wv,wv,64,64,0,64,32,8.822345729137195,0.194948140345159,2.5336322863483463,0.7954805493354797,2048,0.016090691952757977,0.000355557418555593,0.01233565428886296,0.0017297626473009586,0.009407440979323469
2,8000,layer_012.wv,wv,64,64,1,64,32,7.781108635083904,0.1719398337817822,2.4844388045492343,0.6693533658981323,2048,0.01448890716558733,0.0003201626408990363,0.012882984775251483,0.0016287720063701272,-0.0005375456081607266
2,8000,layer_013.wv,wv,64,64,0,64,32,8.253275719710166,0.18237335088779194,2.374790856086985,0.7440223693847656,2048,0.017212515562172934,0.00038034645235285824,0.014656157377637027,0.001521022291854024,-0.0014432957954568172
2,8000,layer_013.wv,wv,64,64,1,64,32,8.328853112156233,0.18404339109726106,2.345883737121082,0.6893795728683472,2048,0.016638468855160814,0.0003676616923764183,0.013808075548305187,0.0016523931408300996,-0.003049790234790685
2,8000,layer_014.wv,wv,64,64,0,64,32,8.216787798033973,0.181567074111272,2.3597095701596267,0.6042273640632629,2048,0.017899226395299426,0.0003955207613159209,0.015364025251606107,0.0017458385555073619,-0.0033548405780376095
2,8000,layer_014.wv,wv,64,64,1,64,32,7.982887638645179,0.17639856196050852,2.31961579232331,0.6292756795883179,2048,0.01919683361868191,0.00042419410090874596,0.01754756025594157,0.0019176033092662692,0.01809302752409449
2,8000,layer_015.wv,wv,64,64,0,64,32,7.700185744014644,0.17015167362464803,2.2221716590676333,0.5877852439880371,2048,0.020513271425738056,0.00045328354154561317,0.018653255501366307,0.002502619521692395,-0.004591184621537728
2,8000,layer_015.wv,wv,64,64,1,64,32,7.951075810646952,0.17569561323239957,2.4071088457294882,0.6173492074012756,2048,0.025115162774869988,0.0005549719346473287,0.02337621900839452,0.0022329615894705057,0.004817934328375875
2,8000,layer_016.wv,wv,64,64,0,64,32,7.964179866984214,0.17598517470418487,2.2055859103082733,0.635568380355835,2048,0.02477404290515081,0.0005474341792387067,0.02231253279116031,0.002305814065039158,0.015409361038552706
2,8000,layer_016.wv,wv,64,64,1,64,32,7.838755888210093,0.17321367014435426,2.236879455558725,0.5630640983581543,2048,0.023052997597433313,0.0005094040914944464,0.020546774875721204,0.0027845592703670263,-0.01355724135935293
2,8000,layer_017.wv,wv,64,64,0,64,32,6.857898056057047,0.1515395693788744,1.9289087101431723,0.6070460677146912,2048,0.020491686859180378,0.00045280658550242854,0.01622959782346055,0.0022560644429177046,0.02891919047642613
2,8000,layer_017.wv,wv,64,64,1,64,32,7.0996016127715444,0.15688051387855342,1.9228589185845142,0.5278012156486511,2048,0.020279947032353755,0.0004481277521462919,0.01664123129857978,0.002476237714290619,0.03021208437114251
2,8000,layer_018.wv,wv,64,64,0,64,32,6.1962243014692655,0.13691850691630617,1.7392658968604908,0.5635004639625549,2048,0.01713293343900443,0.00037858791926055597,0.012860382488789582,0.0016829988453537226,-0.0007456591877836052
2,8000,layer_018.wv,wv,64,64,1,64,32,6.895064444603688,0.15236083829679764,1.8779837541042197,0.5412803888320923,2048,0.018362245350192152,0.00040575213140412575,0.012942289218909749,0.00231413752771914,0.012836064289725896
