seed,step,layer_param,suffix,arm,input_mode,head,update_rms_full,update_rms_split,update_norm_full,update_norm_split,update_weight_ratio_full,update_weight_ratio_split,cosine_full_split,relative_l2_full_split,max_abs_diff,angular_step_full_rad,angular_step_split_rad,weight_rms,momentum_rms,head0_update_norm_split,head1_update_norm_split,head_update_norm_ratio_h1_over_h0,head0_angular_step_split_rad,head1_angular_step_split_rad,head_angular_step_ratio_h1_over_h0
1,500,layer_000.wq,wq,wqwk,momentum_proxy,0,0.0005526929566358755,0.0005553686672590809,0.025012028003281277,0.025133116843355608,0.006639791756212932,0.006671936478023952,0.8424860539100628,0.5626512688596896,0.0010620516301232952,1.6340429210681582,1.626052826643475,0.08323950161821178,0.0003078066019137494,,,,,,
1,500,layer_000.wq,wq,wqwk,momentum_proxy,1,0.0005510859835139721,0.0005742199160302736,0.024939304701413603,0.025986226977112087,0.0068033188137946905,0.007088914025855135,0.8012421143398033,0.6449536647914927,0.0012846816416528448,1.6414669211174118,1.6374708441783026,0.0810025222390824,0.0002556248068930828,,,,,,
1,500,layer_000.wq,wq,wqwk,momentum_proxy,head_ratio,0.0005518900549658725,0.0005648729363931955,0.035320963517815836,0.03615186792916451,0.0067198255351678515,0.006877905387033958,0.8214147385136421,0.6050835825732339,0.0012846816416528448,1.6376935424114092,1.6317503255043928,0.0821286285004849,0.0002829213195225974,0.025133116843355608,0.025986226977112087,1.0339436664013286,1.626052826643475,1.6374708441783026,1.0070219228722088
1,500,layer_001.wq,wq,wqwk,momentum_proxy,0,0.0005028748793890361,0.0005924332405172598,0.022757519187478703,0.026810467953284824,0.005577674990879813,0.006571018368254265,0.6866059465712971,0.8775713842139146,0.001610860118027177,1.615827470141406,1.599902725974526,0.09015851232122683,2.847706708890154e-05,,,,,,
1,500,layer_001.wq,wq,wqwk,momentum_proxy,1,0.0005531870108441564,0.0005806073257594036,0.02503438634446203,0.026275288144067915,0.006370043115470278,0.00668579273508509,0.8402898060007029,0.5811285227006798,0.0011207002523384926,1.5790220948858922,1.5737925958033403,0.08684195708199956,7.555530659009457e-05,,,,,,
1,500,layer_001.wq,wq,wqwk,momentum_proxy,head_ratio,0.0005286298389644831,0.0005865500878847721,0.033832309693726914,0.03753920562462542,0.005972154371313355,0.006626503865572803,0.7650607149822656,0.7303194538725815,0.001610860118027177,1.5968305175211677,1.5872218306881913,0.0885157693685387,5.709442925500257e-05,0.026810467953284824,0.026275288144067915,0.9800384010398693,1.599902725974526,1.5737925958033403,0.9836801764586771
1,500,layer_002.wq,wq,wqwk,momentum_proxy,0,0.000518368619642619,0.0005714911002866701,0.02345868583063079,0.025862734873629806,0.005483544679605177,0.006045499020714689,0.7497506255315454,0.7498613864652387,0.001324983209558206,1.6389499831524226,1.6302368705764319,0.09453166700192592,7.460826964365755e-06,,,,,,
1,500,layer_002.wq,wq,wqwk,momentum_proxy,1,0.0005234434039532387,0.000565979689020003,0.023688344352173075,0.025613316871673442,0.0056678555607363665,0.00612843929916526,0.7480625360144996,0.7425797022740784,0.0015063683910734559,1.6521565761627461,1.6233080112422251,0.09235298929975434,1.0480717400994294e-05,,,,,,
1,500,layer_002.wq,wq,wqwk,momentum_proxy,head_ratio,0.0005209121917234936,0.0005687420707535394,0.03333838027030359,0.036399492528226524,0.0055743131414674445,0.0060861435947917285,0.7488712080414011,0.7461939567420514,0.0015063683910734559,1.645496605833009,1.6268279741032503,0.09344867762243494,9.09696037783258e-06,0.025862734873629806,0.025613316871673442,0.990356085573507,1.6302368705764319,1.6233080112422251,0.9957497836913989
1,500,layer_003.wq,wq,wqwk,momentum_proxy,0,0.00044021616203185625,0.0005668962833554696,0.019921909335081055,0.0256547971961666,0.004725090245474542,0.006084819980973035,0.6578204763949447,0.9818890437296255,0.0016933701553932534,1.6544485414356165,1.6229736704098245,0.09316566227565147,5.205669063520992e-06,,,,,,
1,500,layer_003.wq,wq,wqwk,momentum_proxy,1,0.0005163941428795579,0.0005620430016769466,0.023369331212489623,0.025435162739469504,0.005546294374869178,0.006036582679371122,0.8564972679713295,0.5658541885464498,0.0012163013134233354,1.6325942666297364,1.623396781081488,0.09310615484446559,1.5490036003572437e-05,,,,,,
1,500,layer_003.wq,wq,wqwk,momentum_proxy,head_ratio,0.00047981933064142524,0.000564474858526169,0.03070843716105122,0.03612639094567482,0.005151818601170963,0.0060607647302599035,0.7619640259316659,0.7688918001131958,0.0016933701553932534,1.6424214348815396,1.6231838323235306,0.09313591331270218,1.1555089912910022e-05,0.0256547971961666,0.025435162739469504,0.9914388543001261,1.6229736704098245,1.623396781081488,1.0002607008846647
1,500,layer_004.wq,wq,wqwk,momentum_proxy,0,0.0005134349418107919,0.0005880660496580401,0.02323541305936201,0.02661283145592225,0.005534697055763925,0.0063392012669766925,0.7573461780641584,0.7595911920974387,0.0015131595020035013,1.6537641414942266,1.6212308359311784,0.09276658444676614,3.0510798830781653e-06,,,,,,
1,500,layer_004.wq,wq,wqwk,momentum_proxy,1,0.0004914511570060791,0.0005584131724058822,0.022240540527422286,0.025270895418373886,0.005247339851741209,0.005962309074930867,0.7255582209354058,0.8013962851981891,0.001271961191178235,1.6300595501704107,1.616474838899183,0.0936571998177329,3.863654213164425e-06,,,,,,
1,500,layer_004.wq,wq,wqwk,momentum_proxy,head_ratio,0.0005025632692481939,0.0005734313166704509,0.03216404923188441,0.03669960426690886,0.005391560269654386,0.00615184135713101,0.7422046741993249,0.7798592502113009,0.0015131595020035013,1.642084161819251,1.6188802613315032,0.09321295582594123,3.4811573026672813e-06,0.02661283145592225,0.025270895418373886,0.9495756007859983,1.6212308359311784,1.616474838899183,0.9970664282182471
1,500,layer_005.wq,wq,wqwk,momentum_proxy,0,0.000452453520183847,0.000561908317266383,0.020475708946798253,0.025429067618827614,0.004930040315766835,0.006122685611468627,0.633453098213427,0.9843585340535715,0.0017005838818717617,1.6067877055151718,1.5755857788675112,0.09177481140201812,4.100381507629968e-06,,,,,,
1,500,layer_005.wq,wq,wqwk,momentum_proxy,1,0.0005199569707831466,0.0005465558829575922,0.023530566397822625,0.024734295752749727,0.005433676909804861,0.005711642016591536,0.8875130394224723,0.4889781377862087,0.0008309143037144619,1.635623907570628,1.6353128542670188,0.0956915509357769,1.3616045868559427e-05,,,,,,
1,500,layer_005.wq,wq,wqwk,momentum_proxy,head_ratio,0.00048737533759554393,0.0005542852560770003,0.03119202160611481,0.03547425638892802,0.0051984685908499665,0.0059121467005347735,0.7648964355153847,0.7440481137235623,0.0017005838818717617,1.622440151307577,1.6056231797109188,0.09375363707177015,1.0055094072230951e-05,0.025429067618827614,0.024734295752749727,0.9726780440206356,1.5755857788675112,1.6353128542670188,1.0379078538284585
1,500,layer_006.wq,wq,wqwk,momentum_proxy,0,0.000501328874372195,0.0005710498293073425,0.022687554987084663,0.02584276522871311,0.005334785053454566,0.006076705831040708,0.7542664936500346,0.7610240193139407,0.0016431354736580958,1.6239674261024588,1.6012049288074337,0.09397358456786506,2.9146143748398207e-06,,,,,,
1,500,layer_006.wq,wq,wqwk,momentum_proxy,1,0.0005110252640776497,0.0005703758289232532,0.02312636349356495,0.025812263453217948,0.005387309823471177,0.00601299294228602,0.7383650235031294,0.7730013965047011,0.0013120604013191067,1.64954446472995,1.6123415021988179,0.09485722574395833,2.806008577577267e-06,,,,,,
1,500,layer_006.wq,wq,wqwk,momentum_proxy,head_ratio,0.0005062002868454954,0.0005707129286129031,0.03239681835811171,0.0365256274312258,0.005361357542147563,0.006044635184400509,0.7462057223141002,0.7671507842751855,0.0016431354736580958,1.6369320708556263,1.6067949263563324,0.09441643890862955,2.860826898945488e-06,0.02584276522871311,0.025812263453217948,0.9988197170378164,1.6012049288074337,1.6123415021988179,1.006955120603881
1,500,layer_007.wq,wq,wqwk,momentum_proxy,0,0.0005078323598753861,0.000582574055825569,0.022981869143926567,0.026364292186727048,0.005627262454971567,0.006455471077881246,0.7385032105553173,0.788433892489296,0.0013640691780134467,1.6632812456318669,1.631248597182161,0.09024501059600072,4.712063532397856e-06,,,,,,
1,500,layer_007.wq,wq,wqwk,momentum_proxy,1,0.0005027936379527194,0.0005640094033296471,0.022753842619764594,0.025524151919831806,0.005534651450305398,0.006208502308889308,0.7582319792120371,0.7464787622642233,0.0013177933994428792,1.639703584357102,1.6126755283450542,0.09084467964554044,4.83591037716391e-06,,,,,,
1,500,layer_007.wq,wq,wqwk,momentum_proxy,head_ratio,0.0005053192793186966,0.0005733668710194711,0.03234043387639658,0.03669547974524615,0.005580842377952452,0.006332372942931703,0.7481117545540571,0.7679520388032881,0.0013640691780134467,1.6515037491119642,1.6220697088814804,0.0905453415625927,4.774388542489779e-06,0.026364292186727048,0.025524151919831806,0.9681334032810407,1.631248597182161,1.6126755283450542,0.9886142008831822
1,500,layer_008.wq,wq,wqwk,momentum_proxy,0,0.0005073270768916452,0.0005855977192463812,0.022959002646376403,0.0265011275728955,0.005419185651817626,0.006255259974138742,0.7623830275512369,0.7565419338310264,0.0013459128958155306,1.6562685243665491,1.64045300003809,0.09361684752790944,3.768094928614177e-06,,,,,,
1,500,layer_008.wq,wq,wqwk,momentum_proxy,1,0.0004953257220167936,0.0005584306553352774,0.022415883323788643,0.02527168660544143,0.005522432844735642,0.006225995653878496,0.7302301727254545,0.7902584806726289,0.0014136295077138497,1.6606473931941415,1.622859956381556,0.08969338984157532,4.017942523013222e-06,,,,,,
1,500,layer_008.wq,wq,wqwk,momentum_proxy,head_ratio,0.0005013623110281022,0.0005721754475703893,0.03208718790579855,0.036619228644504925,0.005468843633721582,0.0062412710030007165,0.7468288671920404,0.7731803951885968,0.0014136295077138497,1.658380793952025,1.632050915192755,0.09167611008964291,3.89502256150627e-06,0.0265011275728955,0.02527168660544143,0.9536079752051191,1.64045300003809,1.622859956381556,0.9892754966730986
1,500,layer_009.wq,wq,wqwk,momentum_proxy,0,0.0004920104512217775,0.0005631493991822674,0.0222658512943086,0.02548523257490632,0.005351776695756381,0.006125580916602015,0.7021716607084268,0.8382645342943955,0.0014273506828989674,1.6716833600878473,1.6584590900004306,0.09193403970160235,2.8568837795828297e-06,,,,,,
1,500,layer_009.wq,wq,wqwk,momentum_proxy,1,0.0005110783482295499,0.0005688617452140807,0.023128765808047007,0.025743743846303395,0.005525641403994808,0.006150379923924796,0.7987509829316151,0.6788137495317451,0.0015022027901812757,1.6496549533834308,1.6147546916189415,0.09249213093344454,5.525498511708002e-06,,,,,,
1,500,layer_009.wq,wq,wqwk,momentum_proxy,head_ratio,0.0005016350078196806,0.0005660127785515794,0.03210464050045956,0.03622481782730108,0.005439929802894507,0.0061380679874094395,0.7515495909200748,0.7596980458541274,0.0015022027901812757,1.6604095363821636,1.6364146424527197,0.09221350752591848,4.398461022501553e-06,0.02548523257490632,0.025743743846303395,1.0101435712088267,1.6584590900004306,1.6147546916189415,0.973647587302574
1,500,layer_010.wq,wq,wqwk,momentum_proxy,0,0.0004789557987913213,0.0005798148541489415,0.02167506516569363,0.026239424972889953,0.0055200584890482,0.006682478666712205,0.6920497880345402,0.8887867280023863,0.0013572307372712172,1.627219527177635,1.6001106872453825,0.08676643549005325,3.741650554429803e-06,,,,,,
1,500,layer_010.wq,wq,wqwk,momentum_proxy,1,0.0005056571762896764,0.0005555201194696458,0.022883431571844588,0.025139970788003046,0.0054822922309261165,0.006022902033030566,0.8255267340776007,0.6269610654643318,0.0012205896626281063,1.5818056700576244,1.5652129097540417,0.09223462650115906,1.0027988058674975e-05,,,,,,
1,500,layer_010.wq,wq,wqwk,momentum_proxy,head_ratio,0.0004924874806170618,0.0005677974410946777,0.031519198759491954,0.03633903623005937,0.005500055032602492,0.006341109766848778,0.7582772417670602,0.7620738598778594,0.0013572307372712172,1.6031954974251426,1.5824844640908782,0.08954228234040577,7.568371468697634e-06,0.026239424972889953,0.025139970788003046,0.958099150952323,1.6001106872453825,1.5652129097540417,0.9781903978459028
1,500,layer_011.wq,wq,wqwk,momentum_proxy,0,0.0004842798801211416,0.0005497628712439946,0.021916005582455524,0.024879427475277785,0.005352565231079708,0.006076324354468454,0.7313359572478384,0.7926334664306509,0.0013436022659331047,1.653599491169599,1.604360106333131,0.09047622200083935,7.931426800135021e-06,,,,,,
1,500,layer_011.wq,wq,wqwk,momentum_proxy,1,0.0005076611099424222,0.0005789539941928667,0.022974119256638472,0.026200466898484036,0.005653217149320774,0.006447121090307834,0.7563989840692333,0.7585139921690143,0.0014114737381456695,1.6274094751089105,1.6137334276086406,0.08980039091606751,5.1683788363222675e-06,,,,,,
1,500,layer_011.wq,wq,wqwk,momentum_proxy,head_ratio,0.0004961082567535635,0.000564547137974463,0.031750928432228064,0.03613101683036563,0.0055038173019762455,0.006263077188228437,0.7444846172398101,0.7749573196914719,0.0014114737381456695,1.640212962863972,1.6091331793889476,0.09013893985460365,6.6940148969674374e-06,0.024879427475277785,0.026200466898484036,1.0530976616933385,1.604360106333131,1.6137334276086406,1.005842404855686
1,500,layer_012.wq,wq,wqwk,momentum_proxy,0,0.0005173846932426165,0.0005631150974955107,0.023414158404734448,0.025483680257766365,0.005811231038311871,0.006324871948179977,0.7445960246149432,0.7508458061617471,0.0015739632791139935,1.6636786695718542,1.6317704917296285,0.08903185742085273,6.8670785810824815e-06,,,,,,
1,500,layer_012.wq,wq,wqwk,momentum_proxy,1,0.0004956743697209856,0.0005648501216153545,0.022431661317764914,0.025562198486288847,0.005531706203852148,0.006303704836998374,0.7160690912213717,0.8164488006891274,0.001292313551748613,1.5975338052601042,1.5852247899626901,0.08960605488697318,7.476178903775995e-06,,,,,,
1,500,layer_012.wq,wq,wqwk,momentum_proxy,head_ratio,0.000506645833694531,0.0005639832767539562,0.03242533335644998,0.0360949297122532,0.0056722921791022545,0.006314229225073881,0.7304236419815568,0.7829282103384706,0.0015739632791139935,1.6311575329413819,1.6083767802731805,0.08931941756475548,7.1780923384986854e-06,0.025483680257766365,0.025562198486288847,1.003081118101007,1.6317704917296285,1.5852247899626901,0.9714753379823646
1,500,layer_013.wq,wq,wqwk,momentum_proxy,0,0.0005169068722801865,0.0005629334363377535,0.0233925346963999,0.02547545921222855,0.005789835902321363,0.006305376065030881,0.7370100607509759,0.7620648597560993,0.0013329019099570377,1.6082735820557177,1.5963584626022655,0.08927832860909567,9.204722343476028e-06,,,,,,
1,500,layer_013.wq,wq,wqwk,momentum_proxy,1,0.0005285398615923103,0.0005835370330279035,0.023918983696596598,0.026407871560160577,0.0059836474683192115,0.0066062754090650405,0.7462717578721022,0.7557031509572424,0.0014649204582366238,1.675063239966316,1.6251959593756296,0.08833071540238577,9.05352537685341e-06,,,,,,
1,500,layer_013.wq,wq,wqwk,momentum_proxy,head_ratio,0.0005227557268469201,0.0005733277957076738,0.033456366518202885,0.03669297892529112,0.005886505267080701,0.0064559734420380046,0.7417582685197306,0.7588198890902281,0.0014649204582366238,1.6418125854400747,1.6109443483138164,0.0888057859678381,9.12943687118257e-06,0.02547545921222855,0.026407871560160577,1.0366004137615097,1.5963584626022655,1.6251959593756296,1.0180645496916496
1,500,layer_014.wq,wq,wqwk,momentum_proxy,0,0.0005033576920133514,0.000553156786935227,0.022779368792643223,0.025033018566480717,0.0057311021095472715,0.006298101884237783,0.7118383904270449,0.8019532223146962,0.0012962270983406798,1.6178776946226476,1.623692676958228,0.08782912647374104,1.4485181077473495e-05,,,,,,
1,500,layer_014.wq,wq,wqwk,momentum_proxy,1,0.0005044672630770778,0.0005634401039641559,0.022829582246938863,0.025498388371552508,0.005677261612552721,0.006340940448140974,0.7708322309416609,0.7249699443420405,0.0013518673624425964,1.6134540920219649,1.6099180985410713,0.08885749812227685,2.1522679860163438e-05,,,,,,
1,500,layer_014.wq,wq,wqwk,momentum_proxy,head_ratio,0.0005039127829423885,0.0005583221210410898,0.03225041810831287,0.03573261574662975,0.005703932021142671,0.006319806784267785,0.7416150555432629,0.7643466366449374,0.0013518673624425964,1.6156499753137825,1.6167005238004157,0.08834480864683232,1.8344566214689856e-05,0.025033018566480717,0.025498388371552508,1.0185902392808082,1.623692676958228,1.6099180985410713,0.9915165113370089
1,500,layer_015.wq,wq,wqwk,momentum_proxy,0,0.0005056851254104567,0.0005941758158991412,0.022884696404665835,0.02688932791291727,0.005756618304101617,0.006763978621841384,0.7310516448306197,0.8140308648295768,0.0016362478218321236,1.670231082334333,1.632198400394761,0.0878441297819162,1.9752871455856296e-05,,,,,,
1,500,layer_015.wq,wq,wqwk,momentum_proxy,1,0.0005127973034232178,0.0005776004953372109,0.023206556839982902,0.026139214532457638,0.005857076196041932,0.006597246298835418,0.748228311072761,0.7636406231606933,0.0014173291679323644,1.6424310729932943,1.5825895398270147,0.08755175556188831,2.802717160356822e-05,,,,,,
1,500,layer_015.wq,wq,wqwk,momentum_proxy,head_ratio,0.0005092536305513752,0.000585946769089651,0.03259223235528801,0.03750059322173766,0.00580689703212665,0.006681410500160656,0.7394134017407348,0.7888862401826586,0.0016362478218321236,1.656245696833699,1.6077719981227,0.08769806451430606,2.424560041376005e-05,0.02688932791291727,0.026139214532457638,0.9721036768606147,1.632198400394761,1.5825895398270147,0.9696061088187883
1,500,layer_016.wq,wq,wqwk,momentum_proxy,0,0.000522386718443509,0.0005774835757608244,0.023640524224844348,0.026133923356437393,0.006306499488253192,0.006971654803670316,0.7397779236961481,0.7658069864641139,0.0014435443890792633,1.6585986723208772,1.621498834364625,0.08283307077349855,3.066847116822158e-05,,,,,,
1,500,layer_016.wq,wq,wqwk,momentum_proxy,1,0.0005184029492653874,0.0005885093336664945,0.023460239412010312,0.026632892200137908,0.005835101962188021,0.006624213794519415,0.7546784159496916,0.75847481128921,0.001545438024131103,1.6279324724585664,1.5979985748807979,0.08884214065575624,3.8210839735648986e-05,,,,,,
1,500,layer_016.wq,wq,wqwk,momentum_proxy,head_ratio,0.0005203986459500205,0.000583022519327551,0.03330551334080131,0.03731344123696326,0.006058884607343469,0.006788000306264382,0.7472041778623787,0.7621777799045588,0.001545438024131103,1.642724679896938,1.6092112784782884,0.08589017280825728,3.464551484030429e-05,0.026133923356437393,0.026632892200137908,1.0190927644845031,1.621498834364625,1.5979985748807979,0.9855070759313647
1,500,layer_017.wq,wq,wqwk,momentum_proxy,0,0.0004946193516978456,0.0005815175609499074,0.022383916652264992,0.026316480686511427,0.005820584005339456,0.006843185173548855,0.6960118045439515,0.8635136931925845,0.0014777407744286774,1.5901752879528546,1.5901088726773571,0.08497761586193268,7.008014604942163e-05,,,,,,
1,500,layer_017.wq,wq,wqwk,momentum_proxy,1,0.000523688066453752,0.0005785600046833627,0.02369941651301884,0.026182636968635296,0.006095516039113937,0.006734203076305378,0.7910204822625183,0.6875547359538353,0.0012337464004662686,1.5802856951957946,1.5654860975241973,0.08591365572550885,8.9798916684661e-05,,,,,,
1,500,layer_017.wq,wq,wqwk,momentum_proxy,head_ratio,0.0005093611165077614,0.000580040667846808,0.03259911145649673,0.03712260274219571,0.005961140917784984,0.006788315886354567,0.7443913336261049,0.7755057194414701,0.0014777407744286774,1.5850583095300235,1.5777606833979074,0.08544691755031146,8.054524290126312e-05,0.026316480686511427,0.026182636968635296,0.9949140723081284,1.5901088726773571,1.5654860975241973,0.9845150381987989
1,500,layer_018.wq,wq,wqwk,momentum_proxy,0,0.0005359052770732023,0.0005870371421292802,0.024252304351495488,0.02656626841651105,0.006416389787488948,0.007028591217101417,0.7470703824971521,0.7504850551935586,0.001367643687107182,1.5872192591824623,1.5539701247411222,0.08352130946254885,4.79106320836953e-05,,,,,,
1,500,layer_018.wq,wq,wqwk,momentum_proxy,1,0.0005315386619731302,0.0005820135224769391,0.024054693910017563,0.02633892534308561,0.006146548096023387,0.006730223715356634,0.7619317902420769,0.7282634631851578,0.0013207038383028537,1.5953203864439018,1.5852512721060792,0.08647758931830668,5.1996192329181594e-05,,,,,,
1,500,layer_018.wq,wq,wqwk,momentum_proxy,head_ratio,0.0005337264351552635,0.0005845307291260773,0.03415849184993686,0.03740996666406895,0.006278225972873805,0.0068758370652460465,0.7544387433894999,0.7395486220481584,0.001367643687107182,1.5913187925605723,1.5698158600950436,0.08501230084124461,4.999516318301429e-05,0.02656626841651105,0.02633892534308561,0.991442416004344,1.5539701247411222,1.5852512721060792,1.020129825449616
1,500,layer_000.wk,wk,wqwk,momentum_proxy,0,0.0005590301555706553,0.0005447051889575592,0.02529881688907398,0.024650542903000946,0.0067851841753635055,0.006611316029240742,0.8455851561898347,0.5491563083083836,0.0011143329117968767,1.6100776823269216,1.6200179944793476,0.08238982776627522,0.0003189819533190197,,,,,,
1,500,layer_000.wk,wk,wqwk,momentum_proxy,1,0.000555395142218256,0.0005537182977237417,0.025134314963238133,0.025058429644001883,0.006715302591811525,0.00669502780486416,0.7959907646213636,0.6378053780187495,0.001385439789620642,1.6131390832452566,1.6045983946536986,0.08270589964114072,0.0002489563078828935,,,,,,
1,500,layer_000.wk,wk,wqwk,momentum_proxy,head_ratio,0.0005572156130426479,0.0005492302322848627,0.035661799234729466,0.035150734866231215,0.006750200028029874,0.006653463834439217,0.82061141123282,0.5948453282186306,0.001385439789620642,1.6116057255892429,1.612228118974718,0.08254801498160612,0.0002861194940736294,0.024650542903000946,0.025058429644001883,1.0165467650187647,1.6200179944793476,1.6045983946536986,0.9904818342276471
1,500,layer_001.wk,wk,wqwk,momentum_proxy,0,0.0005036708751060094,0.0005799412478278804,0.0227935418415118,0.02624514489784847,0.005650362816832449,0.006505991560429956,0.6893231062256526,0.8592877891210533,0.0015319664806433056,1.6217341190676402,1.591031873995363,0.08913956349945748,3.3398588991256315e-05,,,,,,
1,500,layer_001.wk,wk,wqwk,momentum_proxy,1,0.0005453924943895237,0.0005754933982053699,0.02468164679622901,0.026043858201542855,0.006382850961325208,0.006735128605103177,0.844934610765545,0.5747115501030504,0.0011840708661659607,1.596862828771839,1.5862007432996459,0.08544653442390412,9.432417739237461e-05,,,,,,
1,500,layer_001.wk,wk,wqwk,momentum_proxy,head_ratio,0.0005249463417181226,0.0005777216035038518,0.03359656586995985,0.03697418262424652,0.00601226493173699,0.006616705482097006,0.7691924908132378,0.7198128190117561,0.0015319664806433056,1.6089928150094743,1.58867397097177,0.08731257648795289,7.07549156856081e-05,0.02624514489784847,0.026043858201542855,0.9923305168598205,1.591031873995363,1.5862007432996459,0.996963523625969
1,500,layer_002.wk,wk,wqwk,momentum_proxy,0,0.0005037967040037192,0.0005795079328283743,0.02279923620738955,0.026225535299477874,0.005435794564694236,0.006252692894637148,0.7736306808275765,0.7371304269919676,0.0013913409845976304,1.6311706453442976,1.6353487997297012,0.09268133628079045,1.3265798799865415e-05,,,,,,
1,500,layer_002.wk,wk,wqwk,momentum_proxy,1,0.0005213236018687942,0.0005602292077695788,0.023592413060737304,0.02535307979728873,0.005708420932797688,0.006134431906271914,0.7668550495631427,0.7117990155821593,0.0015211663800217268,1.6567486889443592,1.638055273999761,0.09132536090209006,1.7148085961044197e-05,,,,,,
1,500,layer_002.wk,wk,wqwk,momentum_proxy,head_ratio,0.0005126350635834737,0.0005699500896785373,0.032808644069342315,0.03647680573942639,0.005571766167060075,0.0061947159922794365,0.7697968494894848,0.7241423910244891,0.0015211663800217268,1.6440561320558091,1.6366661135612817,0.09200584665848677,1.533033381772673e-05,0.026225535299477874,0.02535307979728873,0.9667325950747508,1.6353487997297012,1.638055273999761,1.0016549828822494
1,500,layer_003.wk,wk,wqwk,momentum_proxy,0,0.00041554088134832944,0.0005788758139110335,0.018805233603944854,0.02619692886280792,0.0044079342844479215,0.006140542750683554,0.6744562644090066,1.0302953429362518,0.001808311302774146,1.652113240308758,1.6252633379367591,0.09427111534181473,5.539678127048663e-06,,,,,,
1,500,layer_003.wk,wk,wqwk,momentum_proxy,1,0.0004993728908690813,0.0005421985146951267,0.022599037278352455,0.024537103775372677,0.005486773004862831,0.005957312117060572,0.8774011682255756,0.5230488466800981,0.0011555998886615057,1.6252084073736677,1.630007493435967,0.09101395126543342,2.6580895575554566e-05,,,,,,
1,500,layer_003.wk,wk,wqwk,momentum_proxy,head_ratio,0.0004593732187484865,0.0005608370695972062,0.029399885999903137,0.035893572454221194,0.004957790327230522,0.006052840011824265,0.7759133908342936,0.7719772269792741,0.001808311302774146,1.6372599716573153,1.627509523628153,0.09265684678623709,1.9199375554296524e-05,0.02619692886280792,0.024537103775372677,0.9366404704869159,1.6252633379367591,1.630007493435967,1.002919007270065
1,500,layer_004.wk,wk,wqwk,momentum_proxy,0,0.0004984649128525751,0.000584824762070554,0.022557946883943508,0.026466147524217467,0.00553130940003396,0.0064896176649653385,0.747412794418987,0.7891215448288428,0.0013801664550565224,1.5725721654661955,1.5940228207383318,0.09011698258092647,3.5149376031757777e-06,,,,,,
1,500,layer_004.wk,wk,wqwk,momentum_proxy,1,0.0005057464310315231,0.0005599298219416019,0.022887470780370213,0.0253395311413429,0.005463502347681281,0.006048837340236268,0.7432688311141555,0.7615447386727174,0.0014716554849224794,1.6831717256141077,1.631552075406572,0.09256817309617572,3.978266233160968e-06,,,,,,
1,500,layer_004.wk,wk,wqwk,momentum_proxy,head_ratio,0.0005021188713075065,0.00057251262336757,0.03213560776368042,0.03664080789552448,0.005496600717598591,0.006267187863786214,0.7450575675811807,0.775255794885471,0.0014716554849224794,1.6289258008257772,1.6125978503202822,0.0913507997224287,3.7537573560452623e-06,0.026466147524217467,0.0253395311413429,0.9574317953966035,1.5940228207383318,1.631552075406572,1.023543737379404
1,500,layer_005.wk,wk,wqwk,momentum_proxy,0,0.00042642174289245357,0.0005701725167143854,0.019297645186856987,0.025803062592956286,0.0045626134674571495,0.006100713312339471,0.6393802832947,1.0382768225807788,0.00133369705452702,1.607852823775671,1.5814054209403665,0.0934599755017399,3.344276874267804e-06,,,,,,
1,500,layer_005.wk,wk,wqwk,momentum_proxy,1,0.0005019781573760059,0.0005395491034587352,0.022716938181638512,0.024417205109682802,0.00530692010690278,0.005704120674839935,0.8727873275242919,0.5282706679415139,0.000903012331880353,1.635668562437052,1.6070344958526523,0.09458935639959543,1.8337534600833126e-05,,,,,,
1,500,layer_005.wk,wk,wqwk,momentum_proxy,head_ratio,0.00046573467408710724,0.0005550720376039227,0.029807019141574864,0.03552461040665105,0.004953235092641636,0.005903366119331758,0.7578679077097821,0.7835501966392112,0.00133369705452702,1.6228229799585971,1.5939282724639048,0.09402636163564851,1.3180465906949469e-05,0.025803062592956286,0.024417205109682802,0.9462909692103062,1.5814054209403665,1.6070344958526523,1.0162065176790944
1,500,layer_006.wk,wk,wqwk,momentum_proxy,0,0.0005168028767269275,0.0005605489675002989,0.023387828394900854,0.02536755047082105,0.005604368142546757,0.006078764103815341,0.7665442914482186,0.7166585827686008,0.0013244804443907632,1.5920513382073282,1.5822826623309383,0.09221429848683714,4.036630249318471e-06,,,,,,
1,500,layer_006.wk,wk,wqwk,momentum_proxy,1,0.0005082137526496617,0.0005890117990719522,0.022999129010613663,0.026655631188650598,0.005589611686045321,0.006478272612942747,0.7532810424171916,0.7727631371559178,0.001467171837378177,1.609991564381039,1.5979002973439391,0.09092111960450434,2.816539130367108e-06,,,,,,
1,500,layer_006.wk,wk,wqwk,momentum_proxy,head_ratio,0.0005125263075079559,0.0005749565394060793,0.03280168368050917,0.03679721852198908,0.005597098971359806,0.006278875070693629,0.7593869752206365,0.7447691088967782,0.001467171837378177,1.6008817132043813,1.5902192823109706,0.09156999190661774,3.4804652305835505e-06,0.02536755047082105,0.026655631188650598,1.0507767085872621,1.5822826623309383,1.5979002973439391,1.0098703192449785
1,500,layer_007.wk,wk,wqwk,momentum_proxy,0,0.00048720738167331033,0.0005581524450165818,0.022048489179221774,0.025259096243652898,0.005378472153053674,0.006161662354889069,0.7354890126404123,0.7919973766735421,0.001441711411251617,1.640667003342511,1.6322723070976257,0.09058471770588128,4.959048392967046e-06,,,,,,
1,500,layer_007.wk,wk,wqwk,momentum_proxy,1,0.0005016851822436774,0.0005694290334033406,0.022703679640660047,0.025769416379136205,0.00544062725443825,0.006175289261578917,0.7451055412868638,0.772567691665857,0.0013809610222065213,1.6277233122192252,1.612774229964565,0.09221090855552042,5.411549206675667e-06,,,,,,
1,500,layer_007.wk,wk,wqwk,momentum_proxy,head_ratio,0.0004944992693825919,0.0005638189319101706,0.03164795324048588,0.036084411642250916,0.005410191836951916,0.006168600788324515,0.7404077735159449,0.7820584266162631,0.001441711411251617,1.6340404799090578,1.6223365702389596,0.09140142979868736,5.190232450481437e-06,0.025259096243652898,0.025769416379136205,1.0202034202079395,1.6322723070976257,1.612774229964565,0.9880546419563225
1,500,layer_008.wk,wk,wqwk,momentum_proxy,0,0.00051465543845274,0.0005580552329800379,0.023290646432285973,0.025254696929076708,0.005497597833396796,0.00596119852336609,0.7740271434914796,0.7051017792762831,0.0014581809053231566,1.6833702554522676,1.6322270217904988,0.09361460296828414,4.646913453958213e-06,,,,,,
1,500,layer_008.wk,wk,wqwk,momentum_proxy,1,0.0004938789855811123,0.0005707006078142792,0.02235041150655601,0.025826961268016715,0.005621221752790465,0.0064955885239816385,0.7213867265605243,0.8173718456397544,0.0016973124251370326,1.6362115040005136,1.6236109278612263,0.08785972290382298,3.6897068889573666e-06,,,,,,
1,500,layer_008.wk,wk,wqwk,momentum_proxy,head_ratio,0.0005043742027144185,0.0005644133356043212,0.03227994897372278,0.036122453478676556,0.005555835870334829,0.006217185254062907,0.7475761884360741,0.7609946714602316,0.0016973124251370326,1.6609931408185827,1.6279541250322633,0.09078277589291382,4.195696698701974e-06,0.025254696929076708,0.025826961268016715,1.0226597191226294,1.6322270217904988,1.6236109278612263,0.9947212649868883
1,500,layer_009.wk,wk,wqwk,momentum_proxy,0,0.0004781725056415905,0.0005748381975761794,0.021639617364232405,0.02601420720583481,0.005137227173702903,0.006175751165593353,0.7096298884718506,0.8596556919807207,0.0016368669278129869,1.6767006397704627,1.646256281180696,0.09307988326646743,4.040369314830938e-06,,,,,,
1,500,layer_009.wk,wk,wqwk,momentum_proxy,1,0.0005013969143025641,0.0005555880826278612,0.02269063412283861,0.025143046449445924,0.005435374783711083,0.00602283214815234,0.7922934505831964,0.6870170828061728,0.0013799294520930316,1.6165926441482177,1.6325225587242604,0.0922469809819127,7.3461205929273495e-06,,,,,,
1,500,layer_009.wk,wk,wqwk,momentum_proxy,head_ratio,0.0004899223463079071,0.000565295087078746,0.031355030163706055,0.03617888557303974,0.005287062948051489,0.0061004580259158125,0.7506147706548716,0.7740627449777325,0.0016368669278129869,1.6460049204913947,1.6395301787605976,0.09266436793389508,5.928324888451151e-06,0.02601420720583481,0.025143046449445924,0.9665121158797609,1.646256281180696,1.6325225587242604,0.9916576036104259
1,500,layer_010.wk,wk,wqwk,momentum_proxy,0,0.0004567870807407654,0.0005825581366833807,0.020671823510412943,0.02636357176858996,0.005328691403119262,0.006795885141339264,0.6848240801689848,0.9379356181842958,0.0016318356748306591,1.6095566116336057,1.5745662676662597,0.08572218696571088,3.615959963766554e-06,,,,,,
1,500,layer_010.wk,wk,wqwk,momentum_proxy,1,0.000493092312329723,0.0005356074748651331,0.022314810739155342,0.024238827362005687,0.005424705182539797,0.005892431441447967,0.8075085671971731,0.6523885475918235,0.0012069486929413217,1.6135034352343733,1.5960320632006633,0.09089753189109935,1.3520076808108399e-05,,,,,,
1,500,layer_010.wk,wk,wqwk,momentum_proxy,head_ratio,0.00047528647446058454,0.0005595754416284799,0.03041833436547741,0.03581282826422271,0.005379722762200806,0.006333781629098201,0.7435391443852027,0.7970795193934147,0.0016318356748306591,1.6116614236142028,1.5851255392560812,0.08834776353161894,9.896151862130887e-06,0.02636357176858996,0.024238827362005687,0.9194060491789761,1.5745662676662597,1.5960320632006633,1.0136328308151927
1,500,layer_011.wk,wk,wqwk,momentum_proxy,0,0.00048103357171013525,0.0005740965736215757,0.021769094434215812,0.025980645136881798,0.00537376596809153,0.006413399835603561,0.7275488398672667,0.8293070889213501,0.0014724312393568917,1.631018313973672,1.6191406331179703,0.08951516954151474,6.54181892297908e-06,,,,,,
1,500,layer_011.wk,wk,wqwk,momentum_proxy,1,0.0004981335558224246,0.0005886726904749506,0.02254295137655066,0.026640284885386698,0.005438158304844616,0.006426580267727997,0.7615053029441993,0.7724771516207832,0.0014107117114057002,1.6086769677182615,1.6105262876637403,0.09159967913744979,6.3039789213497215e-06,,,,,,
1,500,layer_011.wk,wk,wqwk,momentum_proxy,head_ratio,0.0004896582157732588,0.000581430310680072,0.03133812580948856,0.03721153988352461,0.005406798960852827,0.006420145110051746,0.7450272553648016,0.8004038764943792,0.0014724312393568917,1.6195201389290563,1.6147294779561772,0.09056342196529978,6.423999729991775e-06,0.025980645136881798,0.026640284885386698,1.0253896600730859,1.6191406331179703,1.6105262876637403,0.9946796805181515
1,500,layer_012.wk,wk,wqwk,momentum_proxy,0,0.0005022246263218528,0.0005720907933481347,0.02272809209286797,0.025889873883574905,0.005609101666267466,0.006389402777252208,0.7567503653318217,0.7573178739504665,0.0013323761690621928,1.6170573131042416,1.6132751053932104,0.08953744399788255,9.563185078982608e-06,,,,,,
1,500,layer_012.wk,wk,wqwk,momentum_proxy,1,0.0004916865119944082,0.0005901658328452481,0.022251191478349232,0.02670785679548681,0.005451560105642663,0.006543446752285775,0.7181817995459762,0.8465471638998183,0.0016981217630627349,1.6101508219976546,1.60765006295966,0.09019189048021058,6.413492667627327e-06,,,,,,
1,500,layer_012.wk,wk,wqwk,momentum_proxy,head_ratio,0.0004969835014169746,0.0005811985831416073,0.03180694409068637,0.037196709321062865,0.005530318221496946,0.006467444302460815,0.7371184757218564,0.8022275457218406,0.0016981217630627349,1.613623505028202,1.6104056392822759,0.08986526299429679,8.142094234672831e-06,0.025889873883574905,0.02670785679548681,1.0315947043848233,1.6132751053932104,1.60765006295966,0.9965132776085456
1,500,layer_013.wk,wk,wqwk,momentum_proxy,0,0.0004943588443525769,0.0005850437067804125,0.022372127435600127,0.0264760558307164,0.0055768936741254025,0.0065999153948656415,0.730370395296851,0.819652706051764,0.0016496052596806296,1.611309428834321,1.6103381940462664,0.08864412220125474,9.907901180663249e-06,,,,,,
1,500,layer_013.wk,wk,wqwk,momentum_proxy,1,0.0005130248154367728,0.0005783638544510934,0.023216852858388422,0.02617376022243568,0.0058727487599753,0.006620704314567023,0.7528869254536195,0.7572262877461887,0.0016301557057316063,1.635163523869623,1.629874026931471,0.0873568470923198,1.2469082042588894e-05,,,,,,
1,500,layer_013.wk,wk,wqwk,momentum_proxy,head_ratio,0.0005037782886566025,0.0005817133688419456,0.03224181047402255,0.03722965560588452,0.00572456863649139,0.006610165983096316,0.7415542127510937,0.7879008444143198,0.0016496052596806296,1.6233489547326387,1.61997617668273,0.08800283840519557,1.1261538811161666e-05,0.0264760558307164,0.02617376022243568,0.9885823020538425,1.6103381940462664,1.629874026931471,1.0121315093670586
1,500,layer_014.wk,wk,wqwk,momentum_proxy,0,0.0005027706283792628,0.0005823375962398134,0.0227528013253375,0.026353591247426936,0.005744318038697638,0.006653396538846331,0.7238908132862378,0.8152644163680004,0.001328094087658209,1.6186245081452328,1.626793057741706,0.08752485934662003,1.4581545468525037e-05,,,,,,
1,500,layer_014.wk,wk,wqwk,momentum_proxy,1,0.0005141657661774661,0.0005640555475062129,0.02326848639475604,0.025526240166882177,0.005682224334695855,0.00623357362351843,0.7823779045358245,0.6977758198364664,0.0012345417685536639,1.6436696649896188,1.6125569268649,0.09048670659444975,2.436989274310538e-05,,,,,,
1,500,layer_014.wk,wk,wqwk,momentum_proxy,head_ratio,0.0005085001179300451,0.0005732694552594346,0.03254400754752289,0.036689245136603814,0.005712322604003086,0.006439919976406982,0.7527181303370911,0.7574839346969395,0.001328094087658209,1.6314900588639267,1.619642871517287,0.08901810229935161,2.0081249221115743e-05,0.026353591247426936,0.025526240166882177,0.968605755747785,1.626793057741706,1.6125569268649,0.9912489601495051
1,500,layer_015.wk,wk,wqwk,momentum_proxy,0,0.0005220413503200806,0.000586402472737007,0.02362489464775111,0.02653754655852142,0.006027169476945416,0.006770243550091924,0.7462596903123501,0.7650139677555723,0.0018148129027751175,1.6273712624875543,1.62957926383262,0.08661467913204468,2.2198597399912904e-05,,,,,,
1,500,layer_015.wk,wk,wqwk,momentum_proxy,1,0.0005064300553004621,0.0005690548184665872,0.02291840808317664,0.025752481344294628,0.005747345332670768,0.006458057772671784,0.7433678978783819,0.7694320531613124,0.0015784164537843356,1.6145787371718863,1.567059131419456,0.08811547349028465,3.2082787960799306e-05,,,,,,
1,500,layer_015.wk,wk,wqwk,momentum_proxy,head_ratio,0.0005142949408440852,0.0005777937549213026,0.032914876214021456,0.03697880031496337,0.005886516588378519,0.006613311259534387,0.7448574296045415,0.7671591407976082,0.0018148129027751175,1.6210019335184278,1.5984988510351699,0.08736829891203134,2.7586980714288296e-05,0.02653754655852142,0.025752481344294628,0.9704168125529035,1.62957926383262,1.567059131419456,0.9616341875472062
1,500,layer_016.wk,wk,wqwk,momentum_proxy,0,0.0005160822515755333,0.0006017382488327403,0.023355216623301207,0.027231564559932718,0.006142585013037534,0.007162091580881394,0.7344986930925644,0.8041655375235729,0.0014426403542762908,1.637668471616691,1.6239429363783635,0.08401711176648878,3.6234833919098095e-05,,,,,,
1,500,layer_016.wk,wk,wqwk,momentum_proxy,1,0.0005322691929274465,0.00057917098863175,0.02408775396708404,0.026210286945793745,0.006133904343708513,0.006674403647859621,0.7602199347456087,0.7277237994476047,0.0015930629910589078,1.6377214097215513,1.6183661947768866,0.08677494188075986,4.364713808036731e-05,,,,,,
1,500,layer_016.wk,wk,wqwk,momentum_proxy,head_ratio,0.000524238201646402,0.0005905624243807641,0.033551244905369725,0.037795995160368905,0.0061381060785138785,0.006914671222831783,0.7468661957657889,0.7657182435200315,0.0015930629910589078,1.6376957598003858,1.6211313121692048,0.08540715897391717,4.0112565685525974e-05,0.027231564559932718,0.026210286945793745,0.962496550211381,1.6239429363783635,1.6183661947768866,0.9965659251464132
1,500,layer_017.wk,wk,wqwk,momentum_proxy,0,0.0004988918760298748,0.000581158697229831,0.02257726903165459,0.026300240368432197,0.005827634143850871,0.0067886057674942865,0.7141378867111637,0.8325819778795472,0.0013654865764345242,1.5839150835144378,1.582624212155246,0.08560796091777474,6.208157776562991e-05,,,,,,
1,500,layer_017.wk,wk,wqwk,momentum_proxy,1,0.0005358175977286966,0.0005768289122163107,0.02424833643731501,0.02610429666640723,0.006314142442396683,0.006797424967125999,0.7903817495378171,0.6761531325529361,0.0012790305067815512,1.5552867400007262,1.550638971757033,0.08485991607204135,0.00010640989960441755,,,,,,
1,500,layer_017.wk,wk,wqwk,momentum_proxy,head_ratio,0.0005176840745108735,0.0005789978520402845,0.033131780768695905,0.03705586253057821,0.006073626297400333,0.006792978098877784,0.7528928157117011,0.7528453554148178,0.0013654865764345242,1.569154280476724,1.5667620936496802,0.08523475913104099,8.711253937204498e-05,0.026300240368432197,0.02610429666640723,0.9925497372160843,1.582624212155246,1.550638971757033,0.9797897440513342
1,500,layer_018.wk,wk,wqwk,momentum_proxy,0,0.0005342632766949675,0.0005708927764113384,0.024177995896957207,0.02583565782597586,0.0063370837413277425,0.006771559059454672,0.7402091564224934,0.7482681234233255,0.0015681479893293673,1.616822027291237,1.569883990108089,0.08430743517096544,4.632651235309202e-05,,,,,,
1,500,layer_018.wk,wk,wqwk,momentum_proxy,1,0.0005430745084407265,0.0005862233698082485,0.024576746726911278,0.026529441285212264,0.006214011392974064,0.006707732810503834,0.7616489617012487,0.7217272489995311,0.001508293714188924,1.6140557264517936,1.5850718066373353,0.08739515815094248,4.63866033863537e-05,,,,,,
1,500,layer_018.wk,wk,wqwk,momentum_proxy,head_ratio,0.0005386869083906626,0.0005786088495123388,0.03447596213700241,0.037030966368789685,0.006273636487837209,0.006738573991580297,0.7511490838320545,0.7349004235780879,0.0015681479893293673,1.6154005094649075,1.5777147421256128,0.08586517714805807,4.635656760656503e-05,0.02583565782597586,0.026529441285212264,1.026853717598739,1.569883990108089,1.5850718066373353,1.0096744833535123
1,500,layer_000.wv,wv,exploratory,momentum_proxy,0,0.0005628472647502101,0.000556501418835203,0.025471559531339113,0.025184379327891655,0.00969607371089407,0.009586754907013604,0.7976018944764319,0.6327396256958485,0.0013751266961888955,1.5482863215659624,1.5378494708326709,0.05804898782048454,0.0008212702821123152,,,,,,
1,500,layer_000.wv,wv,exploratory,momentum_proxy,1,0.000569170584253763,0.0005566502073291398,0.025757720305775677,0.025191112726485266,0.009895317504253409,0.00967764444037835,0.7722841124059245,0.6677553973923288,0.0017621527218337485,1.5341719631479533,1.522490547219488,0.057519183594574946,0.0007613912695929038,,,,,,
1,500,layer_000.wv,wv,exploratory,momentum_proxy,head_ratio,0.0005660177547641784,0.0005565758180540942,0.03622513630490742,0.03562085235546203,0.009795288791959036,0.009631890212935295,0.7848589348420516,0.6506786560491826,0.0017621527218337485,1.541224340533021,1.530205838124439,0.057784692905514266,0.0007918969445872158,0.025184379327891655,0.025191112726485266,1.0002673640873156,1.5378494708326709,1.522490547219488,0.9900127262749151
1,500,layer_001.wv,wv,exploratory,momentum_proxy,0,0.000534989365329556,0.0005805977463204346,0.024210854917581848,0.026274854628147593,0.007865351098757899,0.008535880183608395,0.7334220988228077,0.7654251133135361,0.0014857300783903127,1.5507435177432451,1.5202910125305784,0.06801849766300222,0.00016461839350036047,,,,,,
1,500,layer_001.wv,wv,exploratory,momentum_proxy,1,0.000531516659805531,0.0005707427480946121,0.024053698205575312,0.025828868319407724,0.007619769444010325,0.008182110705453662,0.7767788227497244,0.6963019587350977,0.001353916570084171,1.5970070938667302,1.5769188670756107,0.06975495304826324,0.0001752966232340605,,,,,,
1,500,layer_001.wv,wv,exploratory,momentum_proxy,head_ratio,0.0005332558394741448,0.0005756913354980069,0.03412837372634527,0.03684424547187244,0.007740438916892012,0.008356408477027778,0.7548337073621169,0.7319050528285883,0.0014857300783903127,1.574090282999575,1.5487332796725193,0.0688921965795011,0.00017004135025914093,0.026274854628147593,0.025828868319407724,0.983026116983266,1.5202910125305784,1.5769188670756107,1.0372480361182779
1,500,layer_002.wv,wv,exploratory,momentum_proxy,0,0.0005258461672853974,0.0005701444867402361,0.023797081007901448,0.025801794101129254,0.007284988011891028,0.007898689786768226,0.7767012890989761,0.70093964129237,0.001340226724589763,1.5927553238396115,1.5610150374755598,0.07218215958997838,0.00011183674852703704,,,,,,
1,500,layer_002.wv,wv,exploratory,momentum_proxy,1,0.0004999791676968237,0.0005774400315110874,0.022626474235547523,0.026131952768644065,0.00711700583851632,0.008219630618989017,0.7428807784574122,0.7860732868509029,0.0016438046475394513,1.6078784041046774,1.5915906673680316,0.07025133589057928,0.00012468344518955064,,,,,,
1,500,layer_002.wv,wv,exploratory,momentum_proxy,head_ratio,0.0005130757058074133,0.0005738038540092829,0.03283684517167445,0.036723446656594105,0.007203762964492359,0.008056407476729388,0.759731286641385,0.7425790434926557,0.0016438046475394513,1.600020964102613,1.5761910822699787,0.07122329098505663,0.00011843441186039512,0.025801794101129254,0.026131952768644065,1.0127959577625016,1.5610150374755598,1.5915906673680316,1.0195870181634623
1,500,layer_003.wv,wv,exploratory,momentum_proxy,0,0.0005021505257669108,0.0005648188083830565,0.022724738684555056,0.025560781411159323,0.006721747624162696,0.00756062034891409,0.7213658152869321,0.8014925679182634,0.0014746069206012721,1.6214953280386595,1.597739974228585,0.07470535251306197,0.000100497983275456,,,,,,
1,500,layer_003.wv,wv,exploratory,momentum_proxy,1,0.0005240479641848534,0.0005928890229985264,0.023715703625095348,0.026831094313812795,0.006722577201411457,0.0076056821157138785,0.785716236319969,0.708605956510898,0.0014624030188679013,1.619444919402007,1.6061807306997355,0.07795343191816757,0.00010382100097256297,,,,,,
1,500,layer_003.wv,wv,exploratory,momentum_proxy,head_ratio,0.0005132160457810503,0.000579024040906508,0.03284582692998722,0.037057538618016514,0.006722180068263571,0.007584142972193244,0.7550037781788524,0.7544962805139815,0.0014746069206012721,1.6204264281636638,1.6021519623130458,0.07634666738607926,0.00010217300251382151,0.025560781411159323,0.026831094313812795,1.0496977335011706,1.597739974228585,1.6061807306997355,1.0052829350252852
1,500,layer_004.wv,wv,exploratory,momentum_proxy,0,0.0005137185768272503,0.0005717659415423234,0.023248248914947266,0.025875172769029633,0.0067077380220083,0.00746567540823526,0.7538916858191195,0.7487336940481986,0.00161671482138228,1.5855975261024553,1.565311840626075,0.07658596312821453,6.809355103224947e-05,,,,,,
1,500,layer_004.wv,wv,exploratory,momentum_proxy,1,0.0005177853172632699,0.0005731038299657463,0.023432288578283906,0.02593571868753673,0.006527862487973566,0.007225278254549615,0.7938883704190988,0.6838698402130506,0.0013023587025174782,1.6225269846332995,1.580386635958173,0.07931927460438973,8.130688233666187e-05,,,,,,
1,500,layer_004.wv,wv,exploratory,momentum_proxy,head_ratio,0.0005157559553465381,0.000572435276616137,0.03300838114217844,0.03663585770343278,0.006615258319815222,0.007342246244439895,0.7739892639754419,0.7167800920052201,0.00161671482138228,1.6044499463049815,1.5729898350338352,0.07796459796613724,7.499180224360973e-05,0.025875172769029633,0.02593571868753673,1.002339923255684,1.565311840626075,1.580386635958173,1.0096305381080286
1,500,layer_005.wv,wv,exploratory,momentum_proxy,0,0.0005060637893949272,0.000588330636729932,0.02290183278042329,0.02662480529993819,0.0060967350434640655,0.007087833757842186,0.7415204411408315,0.7921007545631286,0.0015244210915769385,1.6156827057532037,1.5756891804156492,0.08300570482186972,8.143923784559718e-05,,,,,,
1,500,layer_005.wv,wv,exploratory,momentum_proxy,1,0.000514640883408686,0.0005882816189868831,0.0232899877461835,0.026622587010113656,0.006452198268354567,0.007375452991980322,0.7968370483944093,0.6963783907028427,0.0014268956200727302,1.6315969098648104,1.633790032530376,0.07976209998579743,9.377271822947264e-05,,,,,,
1,500,layer_005.wv,wv,exploratory,momentum_proxy,head_ratio,0.000510370354650633,0.0005883061283689281,0.03266370269764051,0.0376515922156114,0.00626990143368605,0.007227342662235206,0.7693825749183207,0.7449738501067936,0.0015244210915769385,1.623525232361852,1.6041386512217184,0.08140006027982938,8.782275372879121e-05,0.02662480529993819,0.026622587010113656,0.9999166833409843,1.5756891804156492,1.633790032530376,1.036873295086916
1,500,layer_006.wv,wv,exploratory,momentum_proxy,0,0.000509512431398294,0.0005728719232521272,0.023057900501797072,0.025925223787709343,0.0060768919872429975,0.006832572839436697,0.8146724948243861,0.6574274514128603,0.0011682062707497262,1.6251859195662046,1.6063782910716162,0.08384424677415615,9.414715005385426e-05,,,,,,
1,500,layer_006.wv,wv,exploratory,momentum_proxy,1,0.0005170541275087117,0.0005835633875109866,0.023399198707321843,0.02640906422791755,0.00632721592748256,0.007141092902489173,0.77103961982232,0.7303215712227697,0.0012993594725293778,1.6128574447838144,1.5698323937064864,0.08171905834015603,5.580494311716099e-05,,,,,,
1,500,layer_006.wv,wv,exploratory,momentum_proxy,head_ratio,0.0005132971305799382,0.0005782423660083586,0.03285101635711604,0.03700751142453495,0.006200103924951347,0.006984575890792444,0.7924926815625996,0.6953656237449858,0.0012993594725293778,1.6190447721211654,1.5881638382877399,0.08278847206322695,7.738823405264047e-05,0.025925223787709343,0.02640906422791755,1.0186629224175718,1.6063782910716162,1.5698323937064864,0.9772495074365392
1,500,layer_007.wv,wv,exploratory,momentum_proxy,0,0.0005031933810297774,0.0005691601375172016,0.022771932926357877,0.025757247540446792,0.005950721835831129,0.006730839049347178,0.7784483363609976,0.7199852264385442,0.001385895578878471,1.623388236415905,1.5758440818903208,0.08456005757148573,9.376267319233016e-05,,,,,,
1,500,layer_007.wv,wv,exploratory,momentum_proxy,1,0.0005048602181909863,0.0005826117596989883,0.022847365365386646,0.02636599846925964,0.005698888058242343,0.0065765514498987345,0.7426584562461238,0.7859168418197051,0.0014673908099370261,1.6379360166173147,1.6099541511797875,0.08858924987319294,9.268220795536093e-05,,,,,,
1,500,layer_007.wv,wv,exploratory,momentum_proxy,head_ratio,0.000504027488647211,0.0005759252228710562,0.03225775927342151,0.036859214263747594,0.005820307193716657,0.006650553378975562,0.760276609168471,0.7537812521990603,0.0014673908099370261,1.6308277848371968,1.5934902490928349,0.08659809042232974,9.3224005909563e-05,0.025757247540446792,0.02636599846925964,1.0236341607486172,1.5758440818903208,1.6099541511797875,1.021645586439332
1,500,layer_008.wv,wv,exploratory,momentum_proxy,0,0.000493559070420925,0.0005784972677173292,0.02233593379908895,0.026179797817652034,0.005386733113194769,0.006313753661234548,0.7913872821883652,0.720168885238377,0.0012875042195430939,1.6447008037427775,1.626781382917847,0.09162493482588831,0.0001190862736442642,,,,,,
1,500,layer_008.wv,wv,exploratory,momentum_proxy,1,0.000493485348883265,0.0005906502429641143,0.02233259754314022,0.026729778695002055,0.00566741275446732,0.006783299094854976,0.787470928208172,0.7399444354831226,0.0012478379905707087,1.6157441741519452,1.5946692142925945,0.08707418539337493,8.830315097239832e-05,,,,,,
1,500,layer_008.wv,wv,exploratory,momentum_proxy,head_ratio,0.0004935222110286452,0.0005846053362183681,0.031585421505833294,0.03741474151797556,0.00552170888779969,0.006540780553977391,0.7893656371264417,0.7301221396574367,0.0012875042195430939,1.6305667421362584,1.6109363601890958,0.08937852774511368,0.00010483078517814017,0.026179797817652034,0.026729778695002055,1.0210078351704912,1.626781382917847,1.5946692142925945,0.980260304818798
1,500,layer_009.wv,wv,exploratory,momentum_proxy,0,0.0005243731503815013,0.0005860007378029394,0.02373041987244242,0.026519366110769823,0.005848838854988993,0.006536230701019816,0.7946233600847237,0.6876335973170206,0.0012152777154309062,1.625028153746592,1.613340769230056,0.0896542311016514,0.00010263866592621128,,,,,,
1,500,layer_009.wv,wv,exploratory,momentum_proxy,1,0.0005114038286300164,0.0005657627781456907,0.02314349536953905,0.025603500606064523,0.0056033996895123285,0.006199005165627585,0.7600109413950776,0.7364068457985206,0.0013542138854962457,1.644446385777732,1.6205791557571207,0.09126670538730115,8.013029823384934e-05,,,,,,
1,500,layer_009.wv,wv,exploratory,momentum_proxy,head_ratio,0.0005179290862552806,0.0005759706528290828,0.033147461520337956,0.0368621217810613,0.005725246915813602,0.0063668449817153566,0.777827911876662,0.7118272041883345,0.0013542138854962457,1.6346845136281183,1.616912131233391,0.09046406100402729,9.207486203670913e-05,0.026519366110769823,0.025603500606064523,0.965464276148993,1.613340769230056,1.6205791557571207,1.0044865825404754
1,500,layer_010.wv,wv,exploratory,momentum_proxy,0,0.0005024099677325341,0.0005813356432637133,0.02273647968764092,0.026308248031821788,0.005567055000390608,0.0064416068700680245,0.7608049285282731,0.7604084570179593,0.0013794253830740136,1.6717378379855559,1.6348298429778463,0.09024699193690074,0.00011753349656643265,,,,,,
1,500,layer_010.wv,wv,exploratory,momentum_proxy,1,0.0005231924118002295,0.0005731449032409347,0.023676985743954364,0.025937577451787038,0.005556756807121176,0.006087295554597861,0.8047434443167031,0.6609944021955885,0.0012908760169697692,1.6206777895966495,1.6056255096121201,0.09415427558926827,0.00011818335212431156,,,,,,
1,500,layer_010.wv,wv,exploratory,momentum_proxy,head_ratio,0.0005129064609859905,0.0005772548008634902,0.03282601350310339,0.03694430725526338,0.005561690172254247,0.006259450010977242,0.7827705651062145,0.7104259864698371,0.0013794253830740136,1.6451254860092077,1.6199968750631857,0.09222132932624347,0.00011785887224657856,0.026308248031821788,0.025937577451787038,0.9859104802575073,1.6348298429778463,1.6056255096121201,0.9821361632886941
1,500,layer_011.wv,wv,exploratory,momentum_proxy,0,0.0004983770318397296,0.0005734589714127825,0.022553969843295787,0.025951790554767422,0.00535075217655753,0.006156858449368009,0.7763145320833876,0.733120012417967,0.0014268306510113772,1.634144382599318,1.6100030327959174,0.09314149027929125,0.000107542173011766,,,,,,
1,500,layer_011.wv,wv,exploratory,momentum_proxy,1,0.0005011217535974429,0.0005735159001651473,0.022678181770806147,0.02595436685600529,0.005451618499881074,0.006239182132627775,0.7810328819329988,0.7225440821286317,0.0013118659411698735,1.6156758961568647,1.5968190535150542,0.09192164741688635,0.00010408368718839958,,,,,,
1,500,layer_011.wv,wv,exploratory,momentum_proxy,head_ratio,0.0004997512770338637,0.0005734874364953628,0.03198408173016728,0.03670319593570322,0.005400755948033786,0.006197614345595968,0.7786774717832449,0.7278222143805859,0.0014268306510113772,1.624940976669885,1.6034527375001357,0.09253357897347772,0.00010582705919287662,0.025951790554767422,0.02595436685600529,1.0000992725813054,1.6100030327959174,1.5968190535150542,0.9918112084186773
1,500,layer_012.wv,wv,exploratory,momentum_proxy,0,0.000497874237892131,0.0005746609682346073,0.022531215986663054,0.026006186721402754,0.005330751265903568,0.006152908607706895,0.7802522385779251,0.7287421966866543,0.0012318626329631509,1.6478458284094974,1.6040479181430056,0.09339663643220858,0.00013087799070201102,,,,,,
1,500,layer_012.wv,wv,exploratory,momentum_proxy,1,0.0004970942341027002,0.0005820055946521992,0.02249591704465616,0.02633856657069306,0.005256081976740636,0.006153901828967167,0.7813504928806683,0.7356455240128911,0.001200817237776132,1.5995337204426618,1.5923219399413626,0.09457505349088083,0.0001423931326243016,,,,,,
1,500,layer_012.wv,wv,exploratory,momentum_proxy,head_ratio,0.000497484388868043,0.0005783449405928941,0.03183900088755475,0.03701407619794522,0.00529308017955066,0.0061534114647517875,0.7807845548458233,0.7321965843078925,0.0012318626329631509,1.6235405283070645,1.5981104768280572,0.09398769185285145,0.00013675681458113456,0.026006186721402754,0.02633856657069306,1.0127807991556395,1.6040479181430056,1.5923219399413626,0.9926897581618271
1,500,layer_013.wv,wv,exploratory,momentum_proxy,0,0.0005124741800391762,0.0005853767246950073,0.023191933944877893,0.026491126501159066,0.005263931761548355,0.0060127578200283955,0.7746943885779373,0.7314028765921158,0.001440620501921612,1.6675048864216706,1.6291076813075052,0.09735577953017288,0.00012017396784150821,,,,,,
1,500,layer_013.wv,wv,exploratory,momentum_proxy,1,0.0005059913514584031,0.0005830954344143216,0.02289855461363088,0.026387887088210084,0.005172216735906046,0.005960370579092976,0.767970923200777,0.7469890912567787,0.0012736771716100603,1.6198213385838809,1.6078920573525934,0.09782872166700994,0.00015519789357287302,,,,,,
1,500,layer_013.wv,wv,exploratory,momentum_proxy,head_ratio,0.0005092430819154675,0.000584237193034422,0.03259155724258992,0.03739118035420301,0.0052180535223830815,0.005986494566707778,0.7713531069039646,0.7391378550019367,0.001440620501921612,1.6437335279233256,1.6184917336553204,0.0975925370889827,0.00013879511647790183,0.026491126501159066,0.026387887088210084,0.9961028681455103,1.6291076813075052,1.6078920573525934,0.9869771506215695
1,500,layer_014.wv,wv,exploratory,momentum_proxy,0,0.0005113527150333666,0.0005699585799306145,0.02314118223220773,0.02579338091932111,0.0051597678306481674,0.005751126099596442,0.7432333571730272,0.7651956584894043,0.001476285499119337,1.671934041602455,1.6303043272119866,0.0991038224619364,0.00016347688141328092,,,,,,
1,500,layer_014.wv,wv,exploratory,momentum_proxy,1,0.0005273994336180911,0.0005707597839884004,0.023867373817938988,0.025829639275953085,0.0053016745631342494,0.0057375538075047,0.7762185727997216,0.7007986727064492,0.0013719586348840893,1.6319200037922994,1.6250465153579206,0.0994778965282816,0.00016780403348848517,,,,,,
1,500,layer_014.wv,wv,exploratory,momentum_proxy,head_ratio,0.0005194380433471729,0.0005703593226445097,0.03324403477421906,0.03650299664924863,0.005231469688098909,0.005744318395534052,0.7599097154715535,0.7327097316535254,0.001476285499119337,1.6515565858681884,1.627668386208086,0.09929103565845837,0.000165654587035217,0.02579338091932111,0.025829639275953085,1.0014057233034082,1.6303043272119866,1.6250465153579206,0.9967749506847856
1,500,layer_015.wv,wv,exploratory,momentum_proxy,0,0.0005442303725908471,0.0005789003357088556,0.02462905516714684,0.026198038592697637,0.005474328697090294,0.005823068465362402,0.7467416783624357,0.7367783533255269,0.0014616057695089474,1.619831922003635,1.6148586140427794,0.09941499729092183,0.00018511675957339985,,,,,,
1,500,layer_015.wv,wv,exploratory,momentum_proxy,1,0.0005469820369520885,0.0005792619352134266,0.02475358128102736,0.026214402718250016,0.005527752564201834,0.005853970389161076,0.7933724014044267,0.664173157623324,0.001665672548137473,1.6773299685528378,1.6391197574709544,0.09895197561743047,0.00018446826634646655,,,,,,
1,500,layer_015.wv,wv,exploratory,momentum_proxy,head_ratio,0.0005456079394577339,0.0005790811636856399,0.03491890812529497,0.03706119447588095,0.005500980784619889,0.005838467741756164,0.770121232964311,0.7012329644225732,0.001665672548137473,1.648553208687703,1.6269603233756424,0.09918375664630412,0.0001847927974297522,0.026198038592697637,0.026214402718250016,1.0006246317064722,1.6148586140427794,1.6391197574709544,1.0150236950883504
1,500,layer_016.wv,wv,exploratory,momentum_proxy,0,0.0005433263098914216,0.0005860754867033591,0.024588141959762413,0.026522748859849694,0.005710488644135933,0.006159792652218135,0.7716390378175861,0.7062914729350777,0.0014027879073592736,1.6464098403723089,1.6287759288073567,0.09514532709024127,0.0002208809524832076,,,,,,
1,500,layer_016.wv,wv,exploratory,momentum_proxy,1,0.0005401027787964762,0.0005805961845265157,0.024442261595179916,0.02627478394942306,0.005586160558111474,0.006004974670597258,0.7651204035982669,0.7145626080838838,0.001411215081932803,1.6280521303643984,1.600586670674229,0.09668586736416149,0.00022041367951183968,,,,,,
1,500,layer_016.wv,wv,exploratory,momentum_proxy,head_ratio,0.0005417169420850267,0.0005833422689987958,0.034669884293441706,0.03733390521592293,0.005647668265773394,0.006081632979814845,0.7684035870777987,0.7104144685425068,0.001411215081932803,1.6371777530097316,1.614626391465002,0.09591869008454303,0.00022064743969264292,0.026522748859849694,0.02627478394942306,0.9906508593156419,1.6287759288073567,1.600586670674229,0.9826929796575711
1,500,layer_017.wv,wv,exploratory,momentum_proxy,0,0.0005547017851461742,0.0005709463122883336,0.02510293720404116,0.025838080583202108,0.005775813859966119,0.005944959457706633,0.763555398127146,0.6982803570842671,0.0014521101165091213,1.654624850824983,1.622420785197345,0.09603872261032809,0.00030717560508441944,,,,,,
1,500,layer_017.wv,wv,exploratory,momentum_proxy,1,0.000561606300918621,0.0005858802427809388,0.02541539991914558,0.026513913128551846,0.00578923202983581,0.0060394562197885245,0.7744783444253995,0.6873184359569443,0.0015571688512600462,1.603760710065983,1.6181028527490096,0.09700877387955531,0.0003417823686058872,,,,,,
1,500,layer_017.wv,wv,exploratory,momentum_proxy,head_ratio,0.0005581647192701493,0.0005784614725272112,0.03572254203328956,0.03702153424174152,0.005782594260257665,0.005992868906494031,0.7691037624097046,0.6927532774492468,0.0015571688512600462,1.6288887826902887,1.6202214492842146,0.09652496684857818,0.00032494002511912083,0.025838080583202108,0.026513913128551846,1.0261564531921583,1.622420785197345,1.6181028527490096,0.9973385865814027
1,500,layer_018.wv,wv,exploratory,momentum_proxy,0,0.0005586782297780932,0.0005752498011763783,0.025282890545752695,0.02603283425843394,0.0059204816687758845,0.006096095607993326,0.7456410828369571,0.7243530324961259,0.0013950667963534558,1.5924710924152137,1.609974779550117,0.09436364489134638,0.00032202957985133626,,,,,,
1,500,layer_018.wv,wv,exploratory,momentum_proxy,1,0.0005605573575317158,0.0005568158995660075,0.025367930160300048,0.025198611101159136,0.005583508057421338,0.005546240754767383,0.8051305119748798,0.6222396645965893,0.001161348309486769,1.6268882107040916,1.601851242166411,0.10039519093854432,0.00037031316856762415,,,,,,
1,500,layer_018.wv,wv,exploratory,momentum_proxy,head_ratio,0.0005596185823893466,0.0005661078871394414,0.03581558927291818,0.03623090477692425,0.005744031159144792,0.005810638612611728,0.7748263851883463,0.6750584389190771,0.0013950667963534558,1.610218755665476,1.6058139128971038,0.09742610492256912,0.00034701217061784863,0.02603283425843394,0.025198611101159136,0.9679549622221969,1.609974779550117,1.601851242166411,0.9949542455652778
1,2000,layer_000.wq,wq,wqwk,momentum_proxy,0,0.0005555788187297019,0.0005686609774994899,0.025142627213272567,0.025734658136707837,0.00448244106969459,0.004587988660374953,0.8254143593238232,0.5982872545971704,0.0011072934357681842,1.6700239946670739,1.6825870263216718,0.12394559350393336,0.0001227059333081312,,,,,,
1,2000,layer_000.wq,wq,wqwk,momentum_proxy,1,0.0005535628021676774,0.0005781321186123134,0.025051392718425085,0.02616327305552078,0.004576530049214016,0.0047796546351818875,0.8185576322516283,0.6172203324920672,0.0012989304669440427,1.6378212517026989,1.6516184679022485,0.12095688135222617,0.00010902345551594581,,,,,,
1,2000,layer_000.wq,wq,wqwk,momentum_proxy,head_ratio,0.0005545717265443769,0.0005734161028005044,0.03549259049884012,0.03669863057923228,0.00452858171672339,0.0046824631601722145,0.821922185788242,0.6077931056259174,0.0012989304669440427,1.6541330678725035,1.6671320204519828,0.12246035541247381,0.00011606648939650272,0.025734658136707837,0.02616327305552078,1.0166551627200973,1.6825870263216718,1.6516184679022485,0.9815946765694943
1,2000,layer_001.wq,wq,wqwk,momentum_proxy,0,0.0005376634693959299,0.0005682600917828357,0.024331871053193455,0.025716516120149316,0.004211478122456088,0.0044511391988321285,0.7189917058267613,0.7728113811350782,0.001416665172204408,1.5962979663206014,1.606484750389543,0.1276662145124407,4.01175899230501e-05,,,,,,
1,2000,layer_001.wq,wq,wqwk,momentum_proxy,1,0.0005401167065440643,0.00056636355483874,0.024442891893084958,0.025630688655577095,0.004807986709036471,0.005041629727713586,0.7794731059563114,0.6817977326974812,0.0013517819787908641,1.5986904058566143,1.618744900134872,0.1123373959268504,4.8047086593057034e-05,,,,,,
1,2000,layer_001.wq,wq,wqwk,momentum_proxy,head_ratio,0.0005388914839793234,0.000567312615831259,0.0344890549746767,0.036308007413200574,0.00448156337345109,0.00471792098407636,0.7492448536995798,0.7285200391107807,0.001416665172204408,1.5973623945843693,1.6121324122779752,0.12024631564327132,4.426027310870739e-05,0.025716516120149316,0.025630688655577095,0.9966625547499813,1.606484750389543,1.618744900134872,1.0076316626985449
1,2000,layer_002.wq,wq,wqwk,momentum_proxy,0,0.0005232710764148166,0.0005815097494026137,0.02368054569802886,0.026316127176235396,0.0038549763058604606,0.0042840248708813505,0.720228697163057,0.7963700762524173,0.0015512783664924264,1.6172443143627673,1.6200448209774658,0.1357391161183852,1.7950149546014653e-05,,,,,,
1,2000,layer_002.wq,wq,wqwk,momentum_proxy,1,0.0005376338707278042,0.0005660163222328003,0.024330531570380932,0.02561497470163732,0.0044796542371222815,0.004716141512323446,0.7774774561614789,0.6865322860422242,0.0012330039175300908,1.632572616969467,1.6365527644827185,0.12001682323437064,2.290392531448365e-05,,,,,,
1,2000,layer_002.wq,wq,wqwk,momentum_proxy,head_ratio,0.0005305010831120339,0.0005738153299120875,0.03395206931917017,0.0367241811143736,0.004140678233298078,0.004478755505194631,0.7485804127613515,0.7419981473410786,0.0015512783664924264,1.6243882307685111,1.6276132163225028,0.12811936915211267,2.0576657448863448e-05,0.026316127176235396,0.02561497470163732,0.9733565478726198,1.6200448209774658,1.6365527644827185,1.0101898066593569
1,2000,layer_003.wq,wq,wqwk,momentum_proxy,0,0.0005431088448718556,0.0005786501537832245,0.02457830061640203,0.026186716651184425,0.004220038005412485,0.0044961993601469515,0.757418443009854,0.7219382824019046,0.0015438607735068915,1.5776583422793016,1.5752919773363263,0.12869761935207258,2.4700112364443895e-05,,,,,,
1,2000,layer_003.wq,wq,wqwk,momentum_proxy,1,0.0005223592889902829,0.000576091280105406,0.023639282909492004,0.02607091524767817,0.004343400103084307,0.004790179820928458,0.7647650880072273,0.7276298970587058,0.0014691440805239056,1.639033698121876,1.6330087555186488,0.1202650634509468,2.142090906018319e-05,,,,,,
1,2000,layer_003.wq,wq,wqwk,momentum_proxy,head_ratio,0.0005328350796318103,0.0005773721345401226,0.03410144509643585,0.036951816610567845,0.00427798812703337,0.00463556404384885,0.760898790095152,0.7246788691668277,0.0015438607735068915,1.6066889579487424,1.603079136320025,0.12455272520854617,2.3118725048981318e-05,0.026186716651184425,0.02607091524767817,0.9955778570849959,1.5752919773363263,1.6330087555186488,1.0366387812625797
1,2000,layer_004.wq,wq,wqwk,momentum_proxy,0,0.0005465858106314217,0.0005869497667804206,0.024735650124660762,0.02656231425960307,0.004696117534374655,0.005042913734607275,0.8283526993058979,0.611636711812488,0.0011702654807955286,1.562983000778106,1.5561173111179203,0.11639099886885736,2.406532514331089e-05,,,,,,
1,2000,layer_004.wq,wq,wqwk,momentum_proxy,1,0.0005229692805393073,0.000580128445927685,0.023666887975782026,0.026253616516779488,0.004023968459364019,0.004463777616890847,0.7163566697634783,0.8007718234524942,0.001713873463558998,1.6021644227023104,1.6032244108654827,0.1299635635369671,1.6134831797779325e-05,,,,,,
1,2000,layer_004.wq,wq,wqwk,momentum_proxy,head_ratio,0.0005349078971053845,0.0005835490735568266,0.0342341054147446,0.0373471407076369,0.004336010102266393,0.004730299724126329,0.7738162967865266,0.7083585339224427,0.001713873463558998,1.5831820263178589,1.580810068536886,0.12336407999275488,2.048746777173673e-05,0.02656231425960307,0.026253616516779488,0.9883783566519632,1.5561173111179203,1.6032244108654827,1.0302722033943061
1,2000,layer_005.wq,wq,wqwk,momentum_proxy,0,0.0005283872350871806,0.0005794932607346465,0.023912076609443573,0.026224871316311845,0.004039837415715455,0.0044305736426136725,0.7617684647981934,0.7293160218040396,0.0016547503697555421,1.6269204528909222,1.6217269567127184,0.13079418320937633,1.9369826486702692e-05,,,,,,
1,2000,layer_005.wq,wq,wqwk,momentum_proxy,1,0.0005333575972810399,0.000580748114298844,0.02413700952542637,0.026281659506048816,0.004353968584139716,0.00474083252558074,0.7727100712258613,0.7091301778806736,0.0012746892584557246,1.5706343467247426,1.5686673318772604,0.1224991836697931,3.2394561547504225e-05,,,,,,
1,2000,layer_005.wq,wq,wqwk,momentum_proxy,head_ratio,0.0005308782331102299,0.0005801210268118783,0.033976206919054716,0.037127745715960205,0.004189559268515688,0.004578171175904835,0.7672658241472328,0.7191994226634129,0.0016547503697555421,1.5995361039354385,1.5960141858548051,0.12671457761673202,2.6688928378449443e-05,0.026224871316311845,0.026281659506048816,1.0021654325411942,1.6217269567127184,1.5686673318772604,0.9672820232679543
1,2000,layer_006.wq,wq,wqwk,momentum_proxy,0,0.0005474463031872198,0.000563647007829342,0.024774591572428152,0.025507751771624624,0.004021074434018493,0.004140071016642676,0.7476349222092934,0.7214863205307204,0.0014508304606937507,1.6526824979805923,1.6453095182566715,0.13614428485973715,1.5550949222863684e-05,,,,,,
1,2000,layer_006.wq,wq,wqwk,momentum_proxy,1,0.0005446911240349215,0.0005777914983849401,0.024649906397261813,0.026147858343675348,0.00437405299631534,0.004639860139513025,0.766752276155792,0.7060714011212723,0.0019378866567189984,1.5577941932472035,1.5692082065735617,0.12452778338391512,1.7948814328119095e-05,,,,,,
1,2000,layer_006.wq,wq,wqwk,momentum_proxy,head_ratio,0.0005460704512587087,0.0005707630703894939,0.03494850888055736,0.03652883650492761,0.004185558008953108,0.004374823678843607,0.7572037191551346,0.7138593568616287,0.0019378866567189984,1.6074002035269963,1.6083959929565828,0.1304653883880329,1.6792735892602163e-05,0.025507751771624624,0.026147858343675348,1.0250945899811834,1.6453095182566715,1.5692082065735617,0.953746507366137
1,2000,layer_007.wq,wq,wqwk,momentum_proxy,0,0.0005332210927736518,0.0005696981824193256,0.02413083203660482,0.02578159667317478,0.0042965380649589964,0.0045904596788740116,0.766755012731535,0.709282625036198,0.0013717789641370104,1.612296120170302,1.629620824776277,0.1241048222340701,2.321270950730958e-05,,,,,,
1,2000,layer_007.wq,wq,wqwk,momentum_proxy,1,0.0005430611940625157,0.0005915760690961375,0.024576144186935586,0.026771676802915863,0.004103640191371976,0.004470242690766253,0.7574538690297528,0.7323997108848028,0.001290409424370316,1.639846259469614,1.6491245252684457,0.13233645464441982,1.8751193500178924e-05,,,,,,
1,2000,layer_007.wq,wq,wqwk,momentum_proxy,head_ratio,0.0005381636341649874,0.000580740159012239,0.03444247258655919,0.037167370176783295,0.004195007910760115,0.0045268936927193954,0.7619385207980609,0.7211451077202751,0.0013717789641370104,1.6266191635955232,1.6398597856674428,0.12828667921807924,2.1100203083760747e-05,0.02578159667317478,0.026771676802915863,1.038402591673899,1.629620824776277,1.6491245252684457,1.0119682445116314
1,2000,layer_008.wq,wq,wqwk,momentum_proxy,0,0.0005461443752440259,0.0005614076258633187,0.024715673039484236,0.02540640891249875,0.00400391028838741,0.004115808696498847,0.7691080791275121,0.68954368630931,0.0012290259827891139,1.6566814945511865,1.6256897383389703,0.1364027502883907,2.394058712073758e-05,,,,,,
1,2000,layer_008.wq,wq,wqwk,momentum_proxy,1,0.0005337302900889754,0.0005763506734168108,0.02415387567658097,0.026082654048925447,0.0045003663473775725,0.004859737629844878,0.7790424691851379,0.6953993660904845,0.0016503695774740812,1.6113378117036072,1.6213213308067316,0.11859707608025906,2.143679495364653e-05,,,,,,
1,2000,layer_008.wq,wq,wqwk,momentum_proxy,head_ratio,0.0005399730091259883,0.0005689282121346679,0.03455827258406325,0.03641140557661874,0.004224798404766694,0.004451346571829286,0.7738486605579921,0.6924104059398963,0.0016503695774740812,1.6357252341624042,1.6234479773372061,0.12781036096698856,2.2723202784492234e-05,0.02540640891249875,0.026082654048925447,1.0266171082562565,1.6256897383389703,1.6213213308067316,0.9973128897665909
1,2000,layer_009.wq,wq,wqwk,momentum_proxy,0,0.0005325731723709521,0.0005767628989164863,0.02410151050633807,0.026101309245482155,0.003853551224835174,0.004173295785186525,0.7494820129832812,0.7412783672789576,0.0012284064763395525,1.610186315984238,1.5997939483564434,0.13820321602023902,1.6579082484658896e-05,,,,,,
1,2000,layer_009.wq,wq,wqwk,momentum_proxy,1,0.0005460954497558779,0.000574834427659308,0.02471345892463992,0.02601403659887261,0.003976845701183086,0.004186132339229133,0.7937783029883034,0.660997947395658,0.001285586570525469,1.6291770389996814,1.6408496793525753,0.1373187422366973,1.875587044867308e-05,,,,,,
1,2000,layer_009.wq,wq,wqwk,momentum_proxy,head_ratio,0.000539376688490212,0.0005757994706444914,0.03452010806337357,0.03685116612124745,0.003915288006261346,0.0041796777827689145,0.7717927959211031,0.7012809140332708,0.001285586570525469,1.619761951866131,1.6202110462830173,0.1377616889556116,1.7700969638984915e-05,0.026101309245482155,0.02601403659887261,0.9966563881608869,1.5997939483564434,1.6408496793525753,1.0256631368297842
1,2000,layer_010.wq,wq,wqwk,momentum_proxy,0,0.0005418637063563814,0.000588825679399549,0.0245219520795823,0.02664720837377261,0.0042130566363111415,0.004578191724457559,0.7828385059327728,0.6924420059257406,0.0014382888800288235,1.647656121059905,1.6417725545593553,0.12861533872728217,2.2764827661783514e-05,,,,,,
1,2000,layer_010.wq,wq,wqwk,momentum_proxy,1,0.0005327742719537684,0.0005730695202027882,0.02411061123457507,0.025934166004909612,0.003864963258395803,0.004157281529319954,0.7555323316994493,0.729133219362227,0.0012533235362919368,1.6592660791417662,1.6574575789595798,0.13784717637261645,1.7689565648022724e-05,,,,,,
1,2000,layer_010.wq,wq,wqwk,momentum_proxy,head_ratio,0.0005373382087299129,0.0005810010136418844,0.034389645358714416,0.0371840648730806,0.004030705815765181,0.00435823123426704,0.7694759950846688,0.710714044113102,0.0014382888800288235,1.6535347204907438,1.6496861863983774,0.13331119493470298,2.038575619503002e-05,0.02664720837377261,0.025934166004909612,0.9732413857819041,1.6417725545593553,1.6574575789595798,1.0095537133670955
1,2000,layer_011.wq,wq,wqwk,momentum_proxy,0,0.0005429546807546599,0.0005641116031783516,0.024571323944870212,0.025528776957019342,0.004041358354582166,0.0041988350431989615,0.7057461540778778,0.7829163532873006,0.0016806310039617633,1.6592420081462653,1.6434444194960243,0.1343495510956231,1.2465371757515073e-05,,,,,,
1,2000,layer_011.wq,wq,wqwk,momentum_proxy,1,0.0005559458390936846,0.0005851787682754151,0.025159236658917734,0.02648216801625199,0.004069319506551422,0.004283293819493094,0.8361332358574263,0.5896875643102256,0.0011310266823092094,1.6859900054409522,1.6786164087467033,0.13661887158249353,2.2666720607774114e-05,,,,,,
1,2000,layer_011.wq,wq,wqwk,momentum_proxy,head_ratio,0.0005494886538223403,0.0005747417209846445,0.03516727384462978,0.036783470143017256,0.004055597175100342,0.004241981856810574,0.7728886569202201,0.6908036332929971,0.0016806310039617633,1.67287634175557,1.6614814729908158,0.13548896256165907,1.8291606219301058e-05,0.025528776957019342,0.02648216801625199,1.0373457397053447,1.6434444194960243,1.6786164087467033,1.021401386522986
1,2000,layer_012.wq,wq,wqwk,momentum_proxy,0,0.0005522089924189465,0.0005786049959839926,0.024990126282984186,0.02618467304247656,0.004150213617965014,0.004348596938337303,0.7427006271576447,0.7358545120495295,0.0013989389933882872,1.68741976539836,1.650882679842444,0.13305555888222276,2.2466861274613154e-05,,,,,,
1,2000,layer_012.wq,wq,wqwk,momentum_proxy,1,0.0005517661716671404,0.0005725680649924566,0.02497008650337124,0.025911472732609662,0.004105557566440789,0.004260339383310794,0.7878078703323775,0.6646842223851164,0.0015589585365587792,1.6105681367355362,1.6008171655124872,0.1343949421577543,2.4873046274954897e-05,,,,,,
1,2000,layer_012.wq,wq,wqwk,momentum_proxy,head_ratio,0.0005519876264485285,0.0005755944450856186,0.03532720809270582,0.03683804448547959,0.004127722345489435,0.004304252376463453,0.765117954865854,0.7012014482340739,0.0015589585365587792,1.6487579896336069,1.6258356732850172,0.13372692740627593,2.3700509346095916e-05,0.02618467304247656,0.025911472732609662,0.9895664036200218,1.650882679842444,1.6008171655124872,0.9696734874371963
1,2000,layer_013.wq,wq,wqwk,momentum_proxy,0,0.0005647230194790702,0.0005556102390889227,0.025556446500210772,0.0251440491364132,0.004031829933145542,0.003966769399956953,0.7781980834679706,0.6608372822858508,0.0014543661895163457,1.6903125573682094,1.6766680670036458,0.14006618057882372,2.7867761230282706e-05,,,,,,
1,2000,layer_013.wq,wq,wqwk,momentum_proxy,1,0.0005488921386405715,0.000576908664309535,0.02484002261585502,0.02610790583414693,0.004092874142522908,0.004301782424135077,0.7727898298053586,0.6929791641335576,0.0013516758359594077,1.6491013795260931,1.661243395234482,0.13410921507159423,2.894362040255191e-05,,,,,,
1,2000,layer_013.wq,wq,wqwk,momentum_proxy,head_ratio,0.0005568638382005868,0.0005663595786847176,0.03563928564483756,0.03624701303582193,0.004061140847672885,0.004130392138407828,0.7750588469047848,0.6766421176871266,0.0014543661895163457,1.6704234473905275,1.6688944591838917,0.1371200505197157,2.8410783850459557e-05,0.0251440491364132,0.02610790583414693,1.0383333922275029,1.6766680670036458,1.661243395234482,0.990800402254497
1,2000,layer_014.wq,wq,wqwk,momentum_proxy,0,0.0005503041000256685,0.0005794834802041048,0.024903920693946258,0.02622442870002579,0.004338630870024056,0.004568682871461855,0.8043034813919752,0.6441722257572935,0.0012511318642393077,1.6475689641117905,1.6371548384960974,0.12683819308707803,3.9507417250283044e-05,,,,,,
1,2000,layer_014.wq,wq,wqwk,momentum_proxy,1,0.0005417552643095962,0.0005607299686940471,0.024517044552756856,0.025375741649797195,0.004091730249876212,0.004235041034333948,0.7461062499201151,0.7258093523769429,0.0017981531069095474,1.6514204887218331,1.6454361872773795,0.13240248775587934,2.6859052698725166e-05,,,,,,
1,2000,layer_014.wq,wq,wqwk,momentum_proxy,head_ratio,0.0005460464123644718,0.0005701838307165015,0.03494697039132619,0.036491765165856095,0.004211689874291604,0.004397863280366341,0.7758823471857682,0.6855677032442241,0.0017981531069095474,1.6494870104658255,1.6412649438224036,0.12965019473479525,3.378050273205579e-05,0.02622442870002579,0.025375741649797195,0.9676375390313934,1.6371548384960974,1.6454361872773795,1.0050583784664433
1,2000,layer_015.wq,wq,wqwk,momentum_proxy,0,0.0005478416434870628,0.0005714114577919728,0.024792482632069446,0.025859130665753256,0.004188714322769823,0.004368925557052038,0.8036997928081282,0.6413596969547719,0.0013033666915439057,1.676614026876925,1.6849651505196404,0.13078992771337958,6.163160613206455e-05,,,,,,
1,2000,layer_015.wq,wq,wqwk,momentum_proxy,1,0.0005453846551310657,0.000587371620844108,0.02468129203188884,0.026581405195225755,0.00411034867207592,0.004426787844207791,0.7659125228813704,0.7142441429033475,0.001314918108696085,1.6527856657324007,1.6335234579640503,0.13268573998020972,4.859032063016905e-05,,,,,,
1,2000,layer_015.wq,wq,wqwk,momentum_proxy,head_ratio,0.0005466145298064429,0.0005794464923825935,0.034983329907612354,0.037084575512485986,0.004149152633322264,0.004398368152763743,0.7844877140012452,0.6786172885625499,0.001314918108696085,1.6646300162841312,1.6586738636387146,0.1317412440835574,5.549537878670876e-05,0.025859130665753256,0.026581405195225755,1.0279311218466076,1.6849651505196404,1.6335234579640503,0.9694701741815102
1,2000,layer_016.wq,wq,wqwk,momentum_proxy,0,0.0005639754362748346,0.0005750397106874827,0.025522614746404937,0.026023326648234837,0.004547720184866604,0.004636939006894841,0.753291547005275,0.7095645268277568,0.001404424706747575,1.6565791299353816,1.6697031403726945,0.12401278296575266,4.916677807202574e-05,,,,,,
1,2000,layer_016.wq,wq,wqwk,momentum_proxy,1,0.0005552690908505586,0.0005537201062265714,0.025128610529518026,0.025058511487497222,0.004215943671785681,0.0042041828300050064,0.8187082350372333,0.6013150962194898,0.0012642160427373036,1.6085042312771252,1.5998287842685133,0.13170695200853386,6.127947733870015e-05,,,,,,
1,2000,layer_016.wq,wq,wqwk,momentum_proxy,head_ratio,0.0005596391944705964,0.0005644805687121166,0.03581690844611817,0.03612675639757547,0.004374993148616369,0.0044128407106631545,0.7850793787968116,0.6585093676759478,0.001404424706747575,1.6319435926636596,1.6342591602063408,0.12791773048778093,5.5554236602117466e-05,0.026023326648234837,0.025058511487497222,0.9629249875014324,1.6697031403726945,1.5998287842685133,0.9581516292239921
1,2000,layer_017.wq,wq,wqwk,momentum_proxy,0,0.0005621501923843019,0.0005670375020429837,0.02544001363713678,0.025661188024427174,0.004674328729823836,0.0047149671432916455,0.7801784672588844,0.6659886548018683,0.0016496601052658228,1.63542680075178,1.6201046868260618,0.12026329872727802,7.065477465947354e-05,,,,,,
1,2000,layer_017.wq,wq,wqwk,momentum_proxy,1,0.000564896050362867,0.0005691111104729226,0.025564276984133168,0.025755028829696634,0.00479797421808415,0.004833775052100833,0.7925023881450027,0.6466432182450137,0.0012150924753749556,1.6080341694216451,1.622088948712782,0.1177363663676443,8.513339415955177e-05,,,,,,
1,2000,layer_017.wq,wq,wqwk,momentum_proxy,head_ratio,0.0005635247938260013,0.0005680752524036185,0.03606558680486409,0.036356816153831586,0.0047352422414086185,0.0047734792877827765,0.7863665396005426,0.6563400822421498,0.0016496601052658228,1.6218334014040428,1.621084173795442,0.1190065397073259,7.822976410327014e-05,0.025661188024427174,0.025755028829696634,1.0036569158520694,1.6201046868260618,1.622088948712782,1.0012247738697724
1,2000,layer_018.wq,wq,wqwk,momentum_proxy,0,0.0005423136015413362,0.0005583656846419302,0.024542312011493,0.0252687463674994,0.00462001069308024,0.004756759606181775,0.779338056364667,0.6747316989845166,0.0012497847247916888,1.6208556395443874,1.6152375653419708,0.1173836247508264,6.932912839424675e-05,,,,,,
1,2000,layer_018.wq,wq,wqwk,momentum_proxy,1,0.000550767957921593,0.0005561224792555756,0.024924912506024032,0.025167230480121126,0.004483430150294348,0.004527017693912108,0.8067180566162975,0.6248332138804615,0.0014442965065472602,1.6038132225064048,1.6122464489598662,0.12284521882992509,8.488682028825625e-05,,,,,,
1,2000,layer_018.wq,wq,wqwk,momentum_proxy,head_ratio,0.000546557126881471,0.000557245210710249,0.03497965612041414,0.035663693485455936,0.004549128419671737,0.004638087951083853,0.7930687130800169,0.6498755161166124,0.0014442965065472602,1.6120686920791913,1.6136978216815607,0.12014546006615275,7.749935581202164e-05,0.0252687463674994,0.025167230480121126,0.9959825514925883,1.6152375653419708,1.6122464489598662,0.9981481879531007
1,2000,layer_000.wk,wk,wqwk,momentum_proxy,0,0.0005652822677076671,0.0005558999015114029,0.02558175518595844,0.0251571577612574,0.004494877283792534,0.004420272812552301,0.8263640555417391,0.5846225009812445,0.0010744566975282865,1.701786266664127,1.6908060103722422,0.12576144620142166,0.00014282806389161784,,,,,,
1,2000,layer_000.wk,wk,wqwk,momentum_proxy,1,0.0005591574872786836,0.0005666759469050629,0.025304579264383217,0.02564482590668019,0.004516618055460716,0.004577348728429123,0.8186414375356573,0.6064445843214531,0.0011907075824430374,1.6171172995062355,1.6195255882787523,0.12380003808439073,0.00012270004094509722,,,,,,
1,2000,layer_000.wk,wk,wqwk,momentum_proxy,head_ratio,0.000562228217792621,0.0005613137844829473,0.03598260593872774,0.035924082206908625,0.004505589920326842,0.004498261825840491,0.8223936154393221,0.5955146349082383,0.0011907075824430374,1.6599350183829775,1.6550372192505751,0.12478459596514642,0.00013314495086738477,0.0251571577612574,0.02564482590668019,1.0193848665278797,1.6908060103722422,1.6195255882787523,0.9578423416665067
1,2000,layer_001.wk,wk,wqwk,momentum_proxy,0,0.0005176573201495832,0.0005738191952926405,0.02342649609015206,0.02596809242665177,0.004120054185889789,0.004567048673872128,0.737861665343621,0.7700177206502751,0.0017554471528802695,1.6261492129259476,1.6033795376375055,0.12564332816845886,5.527498992075411e-05,,,,,,
1,2000,layer_001.wk,wk,wqwk,momentum_proxy,1,0.0005300948877975944,0.0005686352179493312,0.023989356149376067,0.025733492392541597,0.004617441078943067,0.004953150227880581,0.7782728138503789,0.6935282954243964,0.001439455612984546,1.624420778655962,1.6102680039032191,0.11480274003170025,6.538624197446384e-05,,,,,,
1,2000,layer_001.wk,wk,wqwk,momentum_proxy,head_ratio,0.0005239130133779808,0.000571233087267613,0.03353043285619076,0.03655891758512723,0.004353419894319272,0.00474662286086433,0.7581133594396884,0.7318645393626529,0.0017554471528802695,1.6252253014611706,1.6066232396311126,0.12034515991936111,6.054207276878867e-05,0.02596809242665177,0.025733492392541597,0.9909658349078657,1.6033795376375055,1.6102680039032191,1.004296216899377
1,2000,layer_002.wk,wk,wqwk,momentum_proxy,0,0.000533782592896888,0.0005715365080830765,0.02415624263147057,0.0258647897959183,0.004046071787852869,0.004332246446128651,0.7402401194573235,0.7491778649642243,0.001481793843616682,1.6091937279673003,1.6102352116592746,0.1319261300551839,3.498885719059883e-05,,,,,,
1,2000,layer_002.wk,wk,wqwk,momentum_proxy,1,0.0005134105250239394,0.0005663117552770589,0.023234308081726284,0.02562834447501216,0.00419014944165255,0.004621897622891153,0.7952207787879835,0.6799822631219653,0.0013731784439121528,1.6320111045945507,1.6304724236323669,0.12252797475916655,3.336039847181883e-05,,,,,,
1,2000,layer_002.wk,wk,wqwk,momentum_proxy,head_ratio,0.0005236956290084355,0.0005689301293817985,0.033516520256539874,0.03641152828043511,0.004113423843565963,0.004468723109171612,0.7669847945607188,0.716759919695603,0.001481793843616682,1.619948834583335,1.619905481794516,0.12731380205995,3.4184326186884615e-05,0.0258647897959183,0.02562834447501216,0.9908584093367172,1.6102352116592746,1.6304724236323669,1.012567860786151
1,2000,layer_003.wk,wk,wqwk,momentum_proxy,0,0.0005210690460091639,0.0005671463976508156,0.023580893177567036,0.025666116077082492,0.003961669060459411,0.004311993494015246,0.7673842577321481,0.7170709890978432,0.0013188192698623397,1.5921696649683923,1.5717602526257013,0.13152765616135004,3.550514123639687e-05,,,,,,
1,2000,layer_003.wk,wk,wqwk,momentum_proxy,1,0.0005211484925713337,0.0005647377178939181,0.023584488518549575,0.025557111674534717,0.004369060604113512,0.004734491896413879,0.7643380324164358,0.7195426092059785,0.0012545633594416815,1.6285029798484003,1.602298713512845,0.11928158929191036,3.6284123536035914e-05,,,,,,
1,2000,layer_003.wk,wk,wqwk,momentum_proxy,head_ratio,0.0005211087708042696,0.0005659433392046979,0.03335096133147326,0.03622037370910067,0.004150474730385146,0.0045075685918193,0.765862409633067,0.7183080506323822,0.0013188192698623397,1.6093980784109627,1.5862328543192228,0.12555401602358704,3.589674550007845e-05,0.025666116077082492,0.025557111674534717,0.9957529841203708,1.5717602526257013,1.602298713512845,1.0194294650447662
1,2000,layer_004.wk,wk,wqwk,momentum_proxy,0,0.0005571213094030707,0.0005841520076169034,0.025212432372636158,0.026435702133097483,0.0047451328413818435,0.004975359636973935,0.8387473923248855,0.5835295497919848,0.001132606391624963,1.5788893078400958,1.5771331498379164,0.11740900160780957,3.324258563807191e-05,,,,,,
1,2000,layer_004.wk,wk,wqwk,momentum_proxy,1,0.000508067245009321,0.0005810288917550632,0.02299249883167091,0.02629436604321982,0.003920062187873305,0.004483007733728572,0.7254742008688749,0.8053083999180476,0.001288860364879808,1.6139960886439229,1.589820474018786,0.1296069349565486,1.9764425632330033e-05,,,,,,
1,2000,layer_004.wk,wk,wqwk,momentum_proxy,head_ratio,0.0005331587375455613,0.0005825925424586963,0.034122159202915926,0.03728592271735656,0.004311542630873858,0.0047113034193221,0.7841335037877849,0.6930797173231596,0.001288860364879808,1.596380519874042,1.583755292835541,0.12365846361526098,2.734686472413656e-05,0.026435702133097483,0.02629436604321982,0.9946535904676914,1.5771331498379164,1.589820474018786,1.0080445485418739
1,2000,layer_005.wk,wk,wqwk,momentum_proxy,0,0.0005282388846816157,0.0005847172494296832,0.02390536303646651,0.02646128205750239,0.0038981843077133243,0.0043149712606823844,0.7787983261090727,0.7079094831396138,0.001295219034808448,1.6179159085640873,1.622999481235503,0.13550895570442664,2.7289908316418156e-05,,,,,,
1,2000,layer_005.wk,wk,wqwk,momentum_proxy,1,0.0005292502386594966,0.0005768005912683453,0.023951131692846635,0.02610301500660845,0.004244636669127317,0.004625994967282582,0.76365159755228,0.7233520628601156,0.0014735163418907737,1.5674224791066012,1.5491685078807396,0.12468681772197682,4.3592955263547516e-05,,,,,,
1,2000,layer_005.wk,wk,wqwk,momentum_proxy,head_ratio,0.0005287448034783942,0.0005807724097562344,0.03383966742261723,0.03716943422439901,0.004060696654038229,0.004460262428189005,0.7712460435196172,0.7156871940108692,0.0014735163418907737,1.5936673903451744,1.587849394761946,0.1302103674630744,3.636677635238078e-05,0.02646128205750239,0.02610301500660845,0.9864607070014446,1.622999481235503,1.5491685078807396,0.9545095520926723
1,2000,layer_006.wk,wk,wqwk,momentum_proxy,0,0.0005363884250894158,0.0005656485431963294,0.024274169134764694,0.025598330922394642,0.004031765594341241,0.004251699381037235,0.766148299671557,0.7044093007192688,0.0013579982215613517,1.6375985414265413,1.6172252880691844,0.13304057801432215,2.491055142939548e-05,,,,,,
1,2000,layer_006.wk,wk,wqwk,momentum_proxy,1,0.000539254101281519,0.000588744493348618,0.02440385483512444,0.026643534312514944,0.0044971518759818994,0.004909880882583266,0.7816479298323953,0.696567091149286,0.001287198764371899,1.5857629666128499,1.5626509197422558,0.11991013782779557,2.5956013753227683e-05,,,,,,
1,2000,layer_006.wk,wk,wqwk,momentum_proxy,head_ratio,0.0005378231718319891,0.0005773120269267091,0.0344206829972473,0.03694796972330938,0.004246677338429131,0.0045584832159632546,0.773957430474239,0.700478277700498,0.0013579982215613517,1.612880725205029,1.590750650545463,0.12664564057295039,2.5438653880210542e-05,0.025598330922394642,0.026643534312514944,1.0408309195349104,1.6172252880691844,1.5626509197422558,0.9662543192160411
1,2000,layer_007.wk,wk,wqwk,momentum_proxy,0,0.0005397928533506968,0.0005774967124884978,0.02442823597058005,0.026134517856867504,0.00431348385027809,0.004614775329916118,0.7661712833386022,0.710775331452933,0.0013379720299399184,1.604014508320491,1.5910154449023612,0.12514080777557482,3.072196412123786e-05,,,,,,
1,2000,layer_007.wk,wk,wqwk,momentum_proxy,1,0.0005304570427962256,0.0005606565617461733,0.024005745413719918,0.02537241963055702,0.004034171706645259,0.0042638416611810075,0.783776536890853,0.6784598529358304,0.0016185263182552229,1.6502225310836507,1.6615568247434909,0.13149094321454743,2.5626036503762637e-05,,,,,,
1,2000,layer_007.wk,wk,wqwk,momentum_proxy,head_ratio,0.0005351453068002202,0.0005691389255551158,0.034249299635214094,0.03642489123552741,0.004169254602219716,0.004434094916876275,0.7747526242248226,0.6950872259020192,0.0016185263182552229,1.6274419133858877,1.626558872850428,0.12835515166555395,2.8288980419580357e-05,0.026134517856867504,0.02537241963055702,0.9708393998127567,1.5910154449023612,1.6615568247434909,1.044337331901551
1,2000,layer_008.wk,wk,wqwk,momentum_proxy,0,0.0005438343749300684,0.0005677823182030579,0.02461113435874552,0.025694894556108825,0.00404577371249158,0.004223930820295881,0.7910386378388037,0.6620160236790801,0.001354358091480476,1.63511552901461,1.6367662081383776,0.13442036395929552,2.7778656324929328e-05,,,,,,
1,2000,layer_008.wk,wk,wqwk,momentum_proxy,1,0.0005532542218604019,0.0005787401121173243,0.025037427967844916,0.026190787700660665,0.004708665066529991,0.00492557171884374,0.7828348456150596,0.6756181923523147,0.0013374500422749652,1.6084622850441896,1.6082056391820472,0.11749704301395934,2.271855755695404e-05,,,,,,
1,2000,layer_008.wk,wk,wqwk,momentum_proxy,head_ratio,0.000548564518248281,0.000573287396616048,0.03510812916788998,0.03669039338342707,0.004345320101563051,0.004541156355579272,0.7868619534745177,0.6689684530500225,0.001354358091480476,1.6224174000871083,1.623149755661989,0.1262426024842123,2.5375052755483775e-05,0.025694894556108825,0.026190787700660665,1.019299287003065,1.6367662081383776,1.6082056391820472,0.9825506118012941
1,2000,layer_009.wk,wk,wqwk,momentum_proxy,0,0.000528373373650853,0.0005819649565575517,0.023911449312443628,0.02633672750046588,0.0038768729547534126,0.004270094431713562,0.7634036456463219,0.7290233126552003,0.0014185448046353868,1.6137920816939004,1.5853295578872189,0.13628854487042644,2.4321713139829243e-05,,,,,,
1,2000,layer_009.wk,wk,wqwk,momentum_proxy,1,0.0005405347418052392,0.0005806120255661918,0.02446181000943387,0.026275500833043926,0.00391646867330431,0.004206850427188788,0.7977408708335206,0.6633310379148589,0.0014692079692510962,1.6472390456567423,1.6417415320531712,0.13801584715579818,2.650197677055168e-05,,,,,,
1,2000,layer_009.wk,wk,wqwk,momentum_proxy,head_ratio,0.0005344886477193134,0.0005812888846748704,0.034207273454036055,0.0372024886191917,0.0038969704215540972,0.004238192147994402,0.7806862224423909,0.6962047179846439,0.0014692079692510962,1.6308019728229834,1.6136621126093609,0.13715491520363182,2.543521675554391e-05,0.02633672750046588,0.026275500833043926,0.9976752363246013,1.5853295578872189,1.6417415320531712,1.0355837522143554
1,2000,layer_010.wk,wk,wqwk,momentum_proxy,0,0.0005529763750498462,0.000570612208627662,0.025024854056556915,0.02582296077750098,0.004405393906416891,0.004545893206719348,0.7925573509136398,0.6550833450765232,0.0013032774335903496,1.6452915064039026,1.6352062606102051,0.12552257228221556,2.7030847858021245e-05,,,,,,
1,2000,layer_010.wk,wk,wqwk,momentum_proxy,1,0.0005418601452485338,0.0005686015351385185,0.024521790922237812,0.025731968082529755,0.0039797031834802815,0.00417610588149943,0.7617784891290917,0.7087958348025862,0.001439336357131532,1.6489635844874462,1.6329453459090328,0.1361559192398547,2.6135421275989133e-05,,,,,,
1,2000,layer_010.wk,wk,wqwk,momentum_proxy,head_ratio,0.0005474464760924259,0.0005696077590749702,0.03503657446991527,0.036454896580798084,0.004180665026437543,0.004349903307716506,0.7773239858682158,0.6819231139359491,0.001439336357131532,1.6470848041499417,1.6339749698456647,0.13094722314045812,2.6586904494477325e-05,0.02582296077750098,0.025731968082529755,0.9964762872950454,1.6352062606102051,1.6329453459090328,0.9986173519783806
1,2000,layer_011.wk,wk,wqwk,momentum_proxy,0,0.0005370380823778573,0.0005545502712845046,0.024303569267507368,0.02509608046938322,0.003957824712170043,0.004086884784990265,0.7276628806969312,0.7506655514649659,0.0013345387279717902,1.6401339545925115,1.6357955645388447,0.1356902140528108,2.0693180375757357e-05,,,,,,
1,2000,layer_011.wk,wk,wqwk,momentum_proxy,1,0.0005600906986689214,0.0005598439897910754,0.025346811590931554,0.025335646821619304,0.004157926781062081,0.004156095296531522,0.8256170632638088,0.5904341140417341,0.0012609070769867203,1.6386213450143112,1.6442438010091718,0.13470431976338326,3.0033837787624945e-05,,,,,,
1,2000,layer_011.wk,wk,wqwk,momentum_proxy,head_ratio,0.0005486854712216857,0.0005572034172036758,0.03511587015818789,0.03566101870103525,0.0040583795561587735,0.004121382970039595,0.7777987864497996,0.6719690895394935,0.0013345387279717902,1.6393436239117045,1.6400212843138442,0.13519816558040537,2.5789912042473096e-05,0.02509608046938322,0.025335646821619304,1.0095459668504152,1.6357955645388447,1.6442438010091718,1.0051646040944664
1,2000,layer_012.wk,wk,wqwk,momentum_proxy,0,0.0005279880472258089,0.0005806400488450935,0.023894011429044005,0.026276769021878643,0.00389460781611656,0.004282985731332789,0.7738735444938906,0.7122477977554645,0.0014646192266132103,1.6337807668102249,1.631872986538561,0.13556898978143658,3.8684127708179234e-05,,,,,,
1,2000,layer_012.wk,wk,wqwk,momentum_proxy,1,0.0005508536580096824,0.000561091353406422,0.02492879084928395,0.02539209605496439,0.004168299550597381,0.004245768004334385,0.8072183632186827,0.6269564823373381,0.0012528701964124242,1.6092717978052813,1.6023661275162504,0.1321530881653495,3.235017415225819e-05,,,,,,
1,2000,layer_012.wk,wk,wqwk,momentum_proxy,head_ratio,0.0005395419958427569,0.0005709493730578408,0.034530687733936444,0.03654075987570181,0.004030284598443106,0.0042648922279562235,0.7900337230633184,0.6691530959380562,0.0014646192266132103,1.6213898768373436,1.6175548078745514,0.1338719345157862,3.565806713931753e-05,0.026276769021878643,0.02539209605496439,0.9663325058656316,1.631872986538561,1.6023661275162504,0.9819184095418486
1,2000,layer_013.wk,wk,wqwk,momentum_proxy,0,0.0005462380971474467,0.0005782492811825134,0.024719914408665326,0.026168575228185727,0.003972503218762284,0.004205303772732742,0.7860000305793912,0.6756599171977101,0.0015017986334458291,1.6771555333508221,1.6553007211219684,0.13750475885520835,3.647369476625881e-05,,,,,,
1,2000,layer_013.wk,wk,wqwk,momentum_proxy,1,0.0005406785357728319,0.0005879154222780381,0.024468317381566896,0.026606014838845015,0.004133232024387246,0.0044943357100673,0.7731864814697678,0.7077368117445325,0.0015692634902314054,1.6717925035461931,1.6556847592412065,0.13081252941588437,3.068183234859429e-05,,,,,,
1,2000,layer_013.wk,wk,wqwk,momentum_proxy,head_ratio,0.0005434654256807497,0.0005831023816365602,0.03478178724356798,0.03731855242473985,0.004049656801939524,0.004345013342962463,0.7795028946375915,0.6917202377807503,0.0015692634902314054,1.6745337758502261,1.6554426863453722,0.1342003661694159,3.370241271904329e-05,0.026168575228185727,0.026606014838845015,1.0167162180915426,1.6553007211219684,1.6556847592412065,1.0002320050455713
1,2000,layer_014.wk,wk,wqwk,momentum_proxy,0,0.0005617953736614471,0.0005653107292607549,0.025423956374735334,0.0255830432088187,0.004480551435436026,0.004508587856373231,0.8124234470489159,0.6144426159439559,0.0011764876654039094,1.605795822960532,1.614661270426143,0.12538531958773863,5.8069717916904204e-05,,,,,,
1,2000,layer_014.wk,wk,wqwk,momentum_proxy,1,0.0005462728259088562,0.0005826104996777169,0.02472148605299779,0.026365941447206172,0.004193786172670341,0.00447275379941493,0.7518513085214804,0.730572063973158,0.0014421128904347214,1.6692951942026781,1.644274707944713,0.13025767252244616,3.307851109274969e-05,,,,,,
1,2000,layer_014.wk,wk,wqwk,momentum_proxy,head_ratio,0.0005540884596316063,0.0005740257899049682,0.035461661416422804,0.036737650553917964,0.004334074211916035,0.004490023803520381,0.7817746078793772,0.6733869394094791,0.0014421128904347214,1.6376355802368308,1.6299662724390545,0.12784470974405662,4.7256110901459026e-05,0.0255830432088187,0.026365941447206172,1.030602232580274,1.614661270426143,1.644274707944713,1.018340340516593
1,2000,layer_015.wk,wk,wqwk,momentum_proxy,0,0.000547224236446032,0.0005775976958973508,0.02476454197891968,0.02613908784427149,0.004255603504315977,0.004491809052006441,0.8033525561450876,0.6466879626837994,0.001195690158105861,1.6655750029214667,1.661614149910978,0.12858910278907437,6.05536617644551e-05,,,,,,
1,2000,layer_015.wk,wk,wqwk,momentum_proxy,1,0.0005513928278320431,0.0005798507814016125,0.024953190890090505,0.02624105085474551,0.004183320151315218,0.004399225626728902,0.7659270986399499,0.7035417472060433,0.0014437156220440048,1.6531163925470647,1.6430470035555462,0.13180746581365224,5.166007594750483e-05,,,,,,
1,2000,layer_015.wk,wk,wqwk,momentum_proxy,head_ratio,0.0005493124864494525,0.0005787253351107022,0.03515599913276496,0.03703842144708494,0.004218723301088748,0.0044446141611357275,0.7845310591708156,0.6759285694122179,0.0014437156220440048,1.6592401014011227,1.6521898278107823,0.13020822823523143,5.6282809986646895e-05,0.02613908784427149,0.02624105085474551,1.0039007868630108,1.661614149910978,1.6430470035555462,0.9888258376010902
1,2000,layer_016.wk,wk,wqwk,momentum_proxy,0,0.0005247118758958278,0.0005703533753529237,0.023745748839363458,0.02581124732062007,0.004227679884577853,0.004595420082619498,0.7420075864596065,0.7539452348153941,0.001412441251893909,1.637543873674637,1.6458479309121392,0.12411343579014193,6.409177944488044e-05,,,,,,
1,2000,layer_016.wk,wk,wqwk,momentum_proxy,1,0.0005458821293094378,0.0005726462577386455,0.024703805143248332,0.02591501133235813,0.004163831484694816,0.004367980539280884,0.7971881209222708,0.6541521199716904,0.0014111042079827732,1.6206447230821932,1.6058769903542718,0.13110091782435515,7.986026625961621e-05,,,,,,
1,2000,layer_016.wk,wk,wqwk,momentum_proxy,head_ratio,0.000535401649140869,0.0005715009664377428,0.034265705545015616,0.03657606185201554,0.004194130032360063,0.004476918161730725,0.770077212881788,0.7038441861844285,0.001412441251893909,1.62869234147995,1.6252467231282635,0.1276549951980376,7.240655467382769e-05,0.02581124732062007,0.02591501133235813,1.0040201083833389,1.6458479309121392,1.6058769903542718,0.9757140743035019
1,2000,layer_017.wk,wk,wqwk,momentum_proxy,0,0.0005652593915393369,0.0005609468269483143,0.0255807199287582,0.025385555534094707,0.004571776801177154,0.0045368970927708524,0.7756077588745077,0.6673969981617118,0.0013324396386942342,1.640560698693571,1.620097680940614,0.1236410735086176,6.494365619346415e-05,,,,,,
1,2000,layer_017.wk,wk,wqwk,momentum_proxy,1,0.0005575714497339169,0.0005724635511160368,0.025232803398583473,0.025906742974482012,0.004703091454179781,0.004828705695688115,0.7987375060387486,0.6434200320246023,0.0012661592751854814,1.6048570985446433,1.61382635370608,0.1185542435579019,9.543394343774464e-05,,,,,,
1,2000,layer_017.wk,wk,wqwk,momentum_proxy,head_ratio,0.0005614285801781929,0.0005667344439946126,0.03593142913140435,0.0362710044156552,0.004635141566507626,0.004678946657288558,0.7870971124750442,0.6556822631708719,0.0013324396386942342,1.6231924462985905,1.6169733501980967,0.12112436526964693,8.162510655384628e-05,0.025385555534094707,0.025906742974482012,1.0205308660544108,1.620097680940614,1.61382635370608,0.9961290437556253
1,2000,layer_018.wk,wk,wqwk,momentum_proxy,0,0.0005474478039726443,0.0005771292079113344,0.024774659490223398,0.02611788649823523,0.004589327045141794,0.004838150163702363,0.7735952490799193,0.6930363589205037,0.0013648228042239807,1.594372105523528,1.6042500563220101,0.11928716314784454,6.691716887798192e-05,,,,,,
1,2000,layer_018.wk,wk,wqwk,momentum_proxy,1,0.0005632050065964905,0.0005698269591392244,0.02548774907920593,0.025787424442256335,0.0045843482825049875,0.0046382493245954405,0.8137480159092514,0.6140211489742705,0.0012222953612589377,1.6026814427927847,1.5880196948932397,0.12285388715901471,8.208653416290327e-05,,,,,,
1,2000,layer_018.wk,wk,wqwk,momentum_proxy,head_ratio,0.0005553822906475429,0.0005734897060916698,0.03554446660144275,0.03670334118986687,0.0045867650177858635,0.004736309684802164,0.7936609982777304,0.6536021317490278,0.0013648228042239807,1.598646647125805,1.5960605420032417,0.1210836588519285,7.488693671636542e-05,0.02611788649823523,0.025787424442256335,0.9873472895289125,1.6042500563220101,1.5880196948932397,0.9898828980153
1,2000,layer_000.wv,wv,exploratory,momentum_proxy,0,0.0005545861220109705,0.0005592367122265111,0.025097702888058064,0.02530816457624549,0.009992308491277005,0.010076100945245544,0.7787852886465624,0.6679893868210166,0.0013604886898289162,1.5747549348174672,1.548516044895153,0.05550130107523284,0.0006335463349185878,,,,,,
1,2000,layer_000.wv,wv,exploratory,momentum_proxy,1,0.0005564883986257037,0.0005542678079318026,0.025183790100472173,0.025083297637246753,0.009902982244494938,0.009863465750946643,0.7942800862436749,0.640167131506273,0.0014510231373602933,1.5432833646669886,1.541283571950173,0.05619402164787838,0.0006968809081721744,,,,,,
1,2000,layer_000.wv,wv,exploratory,momentum_proxy,head_ratio,0.0005555380745422258,0.0005567578033631156,0.03555443677070245,0.035632499415239396,0.009947191653176762,0.009969031517809427,0.786496387149936,0.6541785499478421,0.0014510231373602933,1.5588962014843843,1.5448951604718344,0.05584873539305015,0.0006659669506303034,0.02530816457624549,0.025083297637246753,0.991114846028392,1.548516044895153,1.541283571950173,0.9953294168511702
1,2000,layer_001.wv,wv,exploratory,momentum_proxy,0,0.0005401535953185814,0.0005679005909686356,0.024444561288452033,0.025700246970481278,0.005643115816051829,0.005932995419479058,0.7672670574749455,0.7014378189512377,0.0013154048551156025,1.5758322611841236,1.5650905871351728,0.09571903411624405,0.00022279349345376092,,,,,,
1,2000,layer_001.wv,wv,exploratory,momentum_proxy,1,0.000530492043965009,0.000570464442060258,0.024007329385802877,0.025816273626022956,0.00559028685768063,0.0060115131027939075,0.7313407435205326,0.7638604946650327,0.0015904779842389073,1.6138007081408843,1.5915367920476196,0.09489531708666314,0.00017197364466386742,,,,,,
1,2000,layer_001.wv,wv,exploratory,momentum_proxy,head_ratio,0.0005353446157596818,0.0005691839601032546,0.03426205540861964,0.036427773446608296,0.005616991730704625,0.005972043993779296,0.749377902559874,0.7327507025845745,0.0015904779842389073,1.5945585661563442,1.5782855104153988,0.09530806549585674,0.00019901240562375142,0.025700246970481278,0.025816273626022956,1.0045146124733721,1.5650905871351728,1.5915367920476196,1.0168975554065884
1,2000,layer_002.wv,wv,exploratory,momentum_proxy,0,0.0005293648185424862,0.0005720297787370333,0.023956316986430606,0.02588711267747818,0.0052426311666941925,0.00566516897466102,0.8168042175751119,0.6343636551587879,0.0012484102975932436,1.58636720845226,1.5792672371950538,0.10097311859462431,0.00023421632384011673,,,,,,
1,2000,layer_002.wv,wv,exploratory,momentum_proxy,1,0.0005031617952902283,0.0005516366916532692,0.022770503518957944,0.024964226906837708,0.005099232209181,0.005590495169097404,0.7206870185550821,0.7884959196395142,0.0012876779670787306,1.5840138551992136,1.5821616160937795,0.0986740306480458,0.0001380689072793374,,,,,,
1,2000,layer_002.wv,wv,exploratory,momentum_proxy,head_ratio,0.0005164295224666213,0.0005619257545886749,0.03305148943786376,0.03596324829367519,0.005173079458314064,0.005628815649957709,0.7708163457051632,0.7116948736287039,0.0012876779670787306,1.5852325345249059,1.5806712780194299,0.09983019333612339,0.00019225023993546628,0.02588711267747818,0.024964226906837708,0.9643496058390713,1.5792672371950538,1.5821616160937795,1.0018327353538128
1,2000,layer_003.wv,wv,exploratory,momentum_proxy,0,0.0005437971826933938,0.0005750955260183557,0.024609451230248873,0.02602585256176793,0.005170390180722863,0.0054679729048531505,0.7348145656594779,0.7511385069131767,0.00144583927961053,1.6003268891493476,1.5974132280868452,0.10517526988985706,0.00011601297005655047,,,,,,
1,2000,layer_003.wv,wv,exploratory,momentum_proxy,1,0.0005326628768662543,0.0005626570702410336,0.024105570068381665,0.02546295231039939,0.004794088043390878,0.0050640426621079765,0.7714195800015857,0.6971903083569225,0.0013835370603903288,1.6175836635548377,1.6189222332781494,0.11110828004099399,0.00012098312323507361,,,,,,
1,2000,layer_003.wv,wv,exploratory,momentum_proxy,head_ratio,0.0005382588207808149,0.0005689102929015051,0.03444856452997215,0.03641025874569633,0.0049754724003196835,0.00525880366713373,0.7527275835563532,0.7252239565669848,0.00144583927961053,1.609074009703247,1.6083154292832014,0.10818245534760296,0.00011852410161873214,0.02602585256176793,0.02546295231039939,0.978371496187009,1.5974132280868452,1.6189222332781494,1.0134648973810394
1,2000,layer_004.wv,wv,exploratory,momentum_proxy,0,0.0005306224135872154,0.0005673521592130425,0.02401322924141394,0.025675427782423817,0.004828894854917096,0.005163151522433117,0.7535697735984319,0.7292240641236192,0.0014032876922945442,1.6117789709228387,1.5916249332163988,0.10988485554762104,0.00010848623205329983,,,,,,
1,2000,layer_004.wv,wv,exploratory,momentum_proxy,1,0.0005404962901271013,0.0005622142960487048,0.024460069885122875,0.02544291463782786,0.005128789621545991,0.005334872596408225,0.7731832348405965,0.6880957873342709,0.0013481985476270636,1.605379765419421,1.6022727826887146,0.10538476521955244,0.00012963780668602648,,,,,,
1,2000,layer_004.wv,wv,exploratory,momentum_proxy,head_ratio,0.0005355821064236003,0.0005647890700275822,0.03427725481111042,0.03614650048176526,0.004974832206871998,0.0052461253316036655,0.7633499615729856,0.7085791898376159,0.0014032876922945442,1.608599411143718,1.5968095119721015,0.10765832577906301,0.00011953079826447656,0.025675427782423817,0.02544291463782786,0.9909441374622344,1.5916249332163988,1.6022727826887146,1.0066899237691624
1,2000,layer_005.wv,wv,exploratory,momentum_proxy,0,0.0005403839670060712,0.000556592661064254,0.024454986720926754,0.025188508479820775,0.004731587631257149,0.00487351052499035,0.7407871998512355,0.7313517242151493,0.0015948476658423014,1.630324903491305,1.6341084391588345,0.11420774782575362,0.00011743202107924456,,,,,,
1,2000,layer_005.wv,wv,exploratory,momentum_proxy,1,0.0005373487233299934,0.0005528010762310831,0.02431762727222863,0.025016920937614106,0.00468404612277914,0.004818743630285293,0.797596227289103,0.6459685769886351,0.00126657471955028,1.6245942605575454,1.5972056033047728,0.11471892232589152,0.00015045994620454544,,,,,,
1,2000,layer_005.wv,wv,exploratory,momentum_proxy,head_ratio,0.0005388684822206587,0.0005547001082715017,0.034487582862122154,0.03550080692937611,0.004707770732788013,0.004846082154282661,0.7690145015621348,0.690222116650396,0.0015948476658423014,1.6274602977245598,1.6156705229093493,0.11446362042816238,0.00013496013297754054,0.025188508479820775,0.025016920937614106,0.9931878641268445,1.6341084391588345,1.5972056033047728,0.9774171438261113
1,2000,layer_006.wv,wv,exploratory,momentum_proxy,0,0.0005374985227266715,0.0005966226404060566,0.024324406419057986,0.027000058549794922,0.004619027284840004,0.005127114100349348,0.8112778615901505,0.656553384860268,0.0012190742564780798,1.6125182383637482,1.6186884261426762,0.1163661718324943,0.0001681595673530483,,,,,,
1,2000,layer_006.wv,wv,exploratory,momentum_proxy,1,0.000547443642042122,0.0005543387417984929,0.024774471142748514,0.02508650773760851,0.004624624036597932,0.004682871574096229,0.7305243047493001,0.7388492172363532,0.0013807315257028142,1.667789595887459,1.6101535864553576,0.11837581557112799,0.00012121240965780352,,,,,,
1,2000,layer_006.wv,wv,exploratory,momentum_proxy,head_ratio,0.0005424938723827659,0.000575868915511087,0.034719607832497015,0.036855610592709566,0.004621874418327414,0.004906219119527143,0.7712020394816405,0.6996662134622833,0.0013807315257028142,1.6406171983505042,1.614496019294378,0.11737529480065066,0.00014657777516972957,0.027000058549794922,0.02508650773760851,0.9291279013837196,1.6186884261426762,1.6101535864553576,0.9947273116002583
1,2000,layer_007.wv,wv,exploratory,momentum_proxy,0,0.000547917210643004,0.0005803230636781307,0.024795902411167105,0.026262423910768565,0.004660671392361389,0.004936320759185693,0.7823229849788826,0.681616063016744,0.001526713709681174,1.62937003087586,1.6047051837892985,0.11756186276960297,0.00013590931302636275,,,,,,
1,2000,layer_007.wv,wv,exploratory,momentum_proxy,1,0.0005452064274680257,0.0005606044732175704,0.02467322636858448,0.025370062372842003,0.004451608757747995,0.004577333752644351,0.7577071646770887,0.7064483513133517,0.0013246825972642907,1.6191728751134522,1.6096513571155204,0.1224740216711762,0.00014041741353356516,,,,,,
1,2000,layer_007.wv,wv,exploratory,momentum_proxy,head_ratio,0.0005465634996371681,0.0005705489609263701,0.03498006397677876,0.036515133499287686,0.004553061640680484,0.004752868769774155,0.77017393024526,0.6940816870041194,0.001526713709681174,1.6241649978516715,1.6071601025585012,0.12004307052506341,0.00013818174877811126,0.026262423910768565,0.025370062372842003,0.9660213565602883,1.6047051837892985,1.6096513571155204,1.003082294103732
1,2000,layer_008.wv,wv,exploratory,momentum_proxy,0,0.0005433682490124271,0.0005661539437499465,0.024590039907721458,0.025621202740550037,0.00440246440343258,0.004587078079648902,0.8143791995111566,0.6233520534169981,0.0014872551004457071,1.6479347775094113,1.6285617312299818,0.12342365530287211,0.00016447333403125236,,,,,,
1,2000,layer_008.wv,wv,exploratory,momentum_proxy,1,0.0005362298888505768,0.0005783678528496509,0.0242669946035937,0.02617394116929865,0.004282604189394165,0.004619139367509276,0.7520073971651574,0.735619318068356,0.001948147637997247,1.625453350426183,1.6131243333243133,0.12521117178621033,0.00015378175190217588,,,,,,
1,2000,layer_008.wv,wv,exploratory,momentum_proxy,head_ratio,0.0005398108686065579,0.0005722934829410227,0.03454789559081971,0.03662678290822544,0.004342086143199821,0.004603367117331858,0.782949736622234,0.6810602309693089,0.001948147637997247,1.6366771218383132,1.6207033865147238,0.1243206262620931,0.00015921731191277267,0.025621202740550037,0.02617394116929865,1.0215734770278293,1.6285617312299818,1.6131243333243133,0.9905208395790994
1,2000,layer_009.wv,wv,exploratory,momentum_proxy,0,0.0005476871135896721,0.0005883940601998943,0.02478548940721562,0.026627675518542785,0.004452788992468478,0.004783743362738362,0.7921814522143028,0.6723493387412028,0.0013700910397971182,1.5774805995464494,1.5662656026675494,0.12299866769254938,0.0001933787239036941,,,,,,
1,2000,layer_009.wv,wv,exploratory,momentum_proxy,1,0.000546685487143518,0.0005739307559359236,0.024740160968668972,0.02597314108504403,0.004131897306321968,0.004337819459700452,0.7750020870604699,0.6891343114086862,0.0014035032189599443,1.640536731108376,1.621361449954635,0.1323085852852798,0.00015310751773601602,,,,,,
1,2000,layer_009.wv,wv,exploratory,momentum_proxy,head_ratio,0.0005471865295516383,0.0005812073995948854,0.03501993789130486,0.03719727357407267,0.0042836470866590174,0.004549979302413256,0.7836544446794345,0.6807781947824215,0.0014035032189599443,1.6100829183900476,1.5944384815386232,0.12773847109296077,0.00017440935015919533,0.026627675518542785,0.02597314108504403,0.9754190172160181,1.5662656026675494,1.621361449954635,1.0351765672394582
1,2000,layer_010.wv,wv,exploratory,momentum_proxy,0,0.0005443611387130902,0.0005551130487904649,0.024634972966301242,0.0251215488719921,0.004184688561289856,0.004267342137956212,0.7777636734499159,0.6735293177192342,0.0012601170779738477,1.6251672573764966,1.6212455790945381,0.13008402674183728,0.0001434481083065371,,,,,,
1,2000,layer_010.wv,wv,exploratory,momentum_proxy,1,0.0005383185510022307,0.0005715325349066149,0.024361516662540394,0.025864609990477093,0.004126492795514184,0.004381095325998402,0.7992019766901592,0.6558819624773278,0.0015909902395831732,1.633411557394435,1.631718134794478,0.13045425684189357,0.00018768507076042903,,,,,,
1,2000,layer_010.wv,wv,exploratory,momentum_proxy,head_ratio,0.0005413482759250986,0.0005633826121714381,0.03464628965920631,0.03605648717897204,0.004155609854398097,0.0043247543938979855,0.7884190804539136,0.6648626760907492,0.0015909902395831732,1.6292703259988728,1.626560016022799,0.1302692733178891,0.00016703748914999778,0.0251215488719921,0.025864609990477093,1.0295786347518336,1.6212455790945381,1.631718134794478,1.0064595739442441
1,2000,layer_011.wv,wv,exploratory,momentum_proxy,0,0.0005634468858738326,0.0005611609136473493,0.025498695285749107,0.025395243992120273,0.004477574371247247,0.0044594083099710165,0.7972598866436083,0.6354931978999794,0.001236250335657961,1.6005563944737011,1.596694277267613,0.1258375270083749,0.00018254207260535836,,,,,,
1,2000,layer_011.wv,wv,exploratory,momentum_proxy,1,0.0005527550042369969,0.0005694783061681699,0.025014835957169874,0.02577164620992908,0.004141392320142189,0.004266687891696136,0.7821384678648237,0.6706869319089557,0.0011778060083581648,1.6597295944832355,1.623014969960535,0.13347081404208017,0.00015564097058479422,,,,,,
1,2000,layer_011.wv,wv,exploratory,momentum_proxy,head_ratio,0.0005581265483337816,0.0005653349061404645,0.035720099093362025,0.036181433992989724,0.004302868798909892,0.0043584415323524245,0.7896027448296657,0.6529900393180926,0.001236250335657961,1.630658994071874,1.6103257039814158,0.1297103338301136,0.00016962564663935213,0.025395243992120273,0.02577164620992908,1.0148217602447764,1.596694277267613,1.623014969960535,1.0164844911562934
1,2000,layer_012.wv,wv,exploratory,momentum_proxy,0,0.0005444043005503557,0.0005627289051003615,0.024636926248081652,0.02546620318503339,0.0041214810592233204,0.0042602097770057775,0.7533718859937347,0.714837172178205,0.0012802794475790975,1.6204738202144857,1.601735919416787,0.13208948257375877,0.00018447482500652274,,,,,,
1,2000,layer_012.wv,wv,exploratory,momentum_proxy,1,0.0005678812119609918,0.0005597482788540413,0.02569936997670736,0.025331315439052232,0.004158132533935437,0.004098581675347329,0.8017790903532678,0.6252753542867029,0.0013406460246299344,1.6163251363272426,1.6008629383033417,0.1365712149207338,0.00028544778894244954,,,,,,
1,2000,layer_012.wv,wv,exploratory,momentum_proxy,head_ratio,0.0005562666237318248,0.0005612405706626674,0.03560106391883679,0.03591939652241071,0.00414045854754797,0.004177481119469858,0.777802520509194,0.6696630054146894,0.0013406460246299344,1.6183205516224346,1.6012876008363797,0.13434903823907446,0.00024032415741381515,0.02546620318503339,0.025331315439052232,0.9947032643617469,1.601735919416787,1.6008629383033417,0.9994549781253809
1,2000,layer_013.wv,wv,exploratory,momentum_proxy,0,0.0005465799189433615,0.0005513911609409068,0.024735383497295642,0.024953115455208848,0.0038405819222878156,0.003874388449749062,0.810915452208747,0.6177178910854629,0.0012644768223655928,1.6479841974312992,1.6461287778530005,0.14231695352504461,0.0002914020048990125,,,,,,
1,2000,layer_013.wv,wv,exploratory,momentum_proxy,1,0.0005442494079716792,0.0005611082554968746,0.02462991661014645,0.02539286095626201,0.003984953544386827,0.004108392767683694,0.7631790121810718,0.6994806624107207,0.0014111197238165195,1.635371791875454,1.62923065909616,0.13657609854406075,0.0002350043744739853,,,,,,
1,2000,layer_013.wv,wv,exploratory,momentum_proxy,head_ratio,0.0005454159082157647,0.0005562709262358168,0.03490661812580894,0.03560133927909227,0.0039104623753331725,0.003988289477387895,0.7868432526223234,0.6596925073462679,0.0014111197238165195,1.6418077570337286,1.6377486424686618,0.139476065965037,0.00026470944871790394,0.024953115455208848,0.02539286095626201,1.0176228696509866,1.6461287778530005,1.62923065909616,0.9897346313458658
1,2000,layer_014.wv,wv,exploratory,momentum_proxy,0,0.0005486152115727887,0.0005593234965608967,0.02482749032737353,0.025312091986891563,0.003918575028003247,0.003995060727382318,0.7845332647366838,0.6631181918567194,0.001262567536624501,1.6089878553758301,1.6022446775771322,0.1400037533165064,0.0003040199631289567,,,,,,
1,2000,layer_014.wv,wv,exploratory,momentum_proxy,1,0.0005533684163566665,0.0005600827274001104,0.025042595820816624,0.02534645085248477,0.0039242216331594575,0.00397183628529649,0.7729128386846265,0.6781093436017244,0.0013782163028817698,1.6007600995457978,1.5959689690051866,0.1410135481851315,0.00025342543992946866,,,,,,
1,2000,layer_014.wv,wv,exploratory,momentum_proxy,head_ratio,0.0005509969394607109,0.0005597032407164772,0.03526380412548551,0.035821007405854546,0.003921419636868623,0.003983381978696276,0.77868890510608,0.6707203093823492,0.0013782163028817698,1.6048411536894696,1.5990931600188285,0.14050955788569972,0.00027986835439575597,0.025312091986891563,0.02534645085248477,1.0013574091628223,1.6022446775771322,1.5959689690051866,0.9960831771453063
1,2000,layer_015.wv,wv,exploratory,momentum_proxy,0,0.0005464425364212491,0.0005558584164732362,0.024729166274063498,0.025155280362741853,0.003842898508951029,0.003909116398299871,0.795805641546438,0.6447655965981062,0.0012679458871197868,1.6318045877227014,1.6406042584215523,0.1421954119132873,0.00034953317220599427,,,,,,
1,2000,layer_015.wv,wv,exploratory,momentum_proxy,1,0.0005510659706998441,0.0005592465681939129,0.024938399024832456,0.025308610606414133,0.003979925752690641,0.004039007917749196,0.8020459674985958,0.634039203944762,0.0011939864338788436,1.6011761140398189,1.594823162153154,0.1384613696190926,0.0003421225294245802,,,,,,
1,2000,layer_015.wv,wv,exploratory,momentum_proxy,head_ratio,0.0005487591227824142,0.0005575550659803938,0.03512058385807451,0.035683524222745205,0.0039101892157088255,0.0039728648065224005,0.7989478779759696,0.6393797067651943,0.0012679458871197868,1.6166171933629494,1.6179301006579783,0.1403408102548657,0.0003458477003048148,0.025155280362741853,0.025308610606414133,1.0060953502191683,1.6406042584215523,1.594823162153154,0.9720949790094748
1,2000,layer_016.wv,wv,exploratory,momentum_proxy,0,0.0005632520273271559,0.0005644315378638028,0.025489876994566563,0.025543255548098977,0.004480680532362896,0.00449006356099459,0.7864795965505101,0.6541708199903763,0.0015792756174666661,1.6065990568854243,1.589597344895367,0.12570680352212565,0.000328719048914547,,,,,,
1,2000,layer_016.wv,wv,exploratory,momentum_proxy,1,0.0005661286557577096,0.0005653090630100453,0.025620058336659268,0.02558296780291944,0.004292953008028159,0.004286738037074719,0.7973093625781341,0.6362361938083745,0.0013339329399034462,1.595991047014353,1.603872221117938,0.13187394660482069,0.0003178639941739428,,,,,,
1,2000,layer_016.wv,wv,exploratory,momentum_proxy,head_ratio,0.0005646921732936372,0.0005648704708411446,0.036140299090792784,0.036151710133833254,0.004383327470908919,0.004384711475460329,0.7919112367474992,0.6452201417345909,0.0015792756174666661,1.6011471838326916,1.5969035446710587,0.12882728407616414,0.0003233370779167591,0.025543255548098977,0.02558296780291944,1.0015547060845742,1.589597344895367,1.603872221117938,1.008980183735467
1,2000,layer_017.wv,wv,exploratory,momentum_proxy,0,0.0005692030947612515,0.0005684813634050263,0.025759191563395196,0.02572652973067956,0.004509115018218336,0.0045033976042980215,0.7748944857448358,0.6705533409350476,0.0015822645109385726,1.6270144882596875,1.5874108522912462,0.12623388236083583,0.000342773619996433,,,,,,
1,2000,layer_017.wv,wv,exploratory,momentum_proxy,1,0.000547790752809294,0.00056953698606797,0.024790179582895075,0.02577430175905343,0.004653541109623766,0.004838277690023741,0.7892973678938258,0.6631064578667615,0.001237077294206381,1.61413951883577,1.6061699971901378,0.11771481972651625,0.00043201718252063774,,,,,,
1,2000,layer_017.wv,wv,exploratory,momentum_proxy,head_ratio,0.0005585995309473323,0.0005690094195346086,0.03575036998062926,0.03641660285021495,0.004576857573448371,0.004662150479689501,0.7818066809400985,0.6669829787394241,0.0015822645109385726,1.6209177351650996,1.5964539416804722,0.1220487030638498,0.00038995679283641735,0.02572652973067956,0.02577430175905343,1.0018569169209364,1.5874108522912462,1.6061699971901378,1.0118174478093147
1,2000,layer_018.wv,wv,exploratory,momentum_proxy,0,0.0005542716954473137,0.0005775932673031672,0.02508347356611586,0.026138887428976874,0.004753560254163842,0.004953571364146905,0.7650902414852172,0.7009693779209063,0.0013469778817822506,1.6004080439039743,1.5928796581555746,0.11660138208236742,0.00032550364552835586,,,,,,
1,2000,layer_018.wv,wv,exploratory,momentum_proxy,1,0.000555118596629687,0.0005556458403386655,0.02512179993853514,0.02514566026506036,0.004513899468345758,0.004518186705545332,0.8038021542003352,0.6267130806930209,0.001262903669560618,1.5813210490244136,1.5882072409193728,0.12297983163393883,0.00038786565318456545,,,,,,
1,2000,layer_018.wv,wv,exploratory,momentum_proxy,head_ratio,0.0005546953076681616,0.0005667258077411023,0.03550049969076234,0.03627045169543054,0.004628900730831595,0.004729294568331333,0.7839272772748789,0.6648220928704478,0.0013469778817822506,1.5905956575515738,1.5905055777927763,0.11983305322871102,0.00035804496098432886,0.026138887428976874,0.02514566026506036,0.9620019342209857,1.5928796581555746,1.5882072409193728,0.9970666853504727
1,8000,layer_000.wq,wq,wqwk,momentum_proxy,0,0.0005659398172765147,0.0005650648429452854,0.025611512482540743,0.025571915664430254,0.0022725741925672515,0.0022690606668819948,0.8362153838534561,0.5718961290200225,0.0013644042119889503,1.7083895797957072,1.6859723088767073,0.24903029310439861,6.215445292605461e-05,,,,,,
1,8000,layer_000.wq,wq,wqwk,momentum_proxy,1,0.0005605432087313946,0.0005475391637348472,0.02536728985869027,0.024778793961095797,0.002394233079007739,0.002338689252578904,0.7802664546159293,0.655599027728515,0.0013068893818507475,1.5560969654354078,1.5673836321508237,0.23412223882718428,4.894946844344029e-05,,,,,,
1,8000,layer_000.wq,wq,wqwk,momentum_proxy,head_ratio,0.0005632479763096635,0.0005563710149514602,0.03604787048381847,0.03560774495689345,0.0023304443291216784,0.0023019908303557935,0.8087669668655414,0.6147726637844255,0.0013644042119889503,1.6347547691058641,1.6293337999906146,0.24169123856391217,5.594294629098693e-05,0.025571915664430254,0.024778793961095797,0.9689846582578221,1.6859723088767073,1.5673836321508237,0.9296615513187791
1,8000,layer_001.wq,wq,wqwk,momentum_proxy,0,0.000534360878018328,0.0005800416686558026,0.024182412828643664,0.026249689425745824,0.0028039036653493567,0.0030436003601737828,0.6794019692258578,0.8386404697344649,0.0016204433898528645,1.577749841343907,1.5815540397629744,0.19057747404875575,1.9482405703736537e-05,,,,,,
1,8000,layer_001.wq,wq,wqwk,momentum_proxy,1,0.0005529162592563512,0.0005672465092593286,0.02502213352630177,0.025670646611306816,0.0031746601786682704,0.0032569396799005186,0.8540060149443813,0.5479300245294141,0.001244756253553414,1.5667599446463858,1.5635304654921698,0.17416549430128067,3.525497721051573e-05,,,,,,
1,8000,layer_001.wq,wq,wqwk,momentum_proxy,head_ratio,0.0005437177290224014,0.0005736797624301826,0.034797934657433686,0.036715504795531685,0.002978361168623935,0.003142486324143872,0.7669149463482858,0.7034880725022729,0.0016204433898528645,1.5724053620776486,1.5730466329449495,0.18255600924101842,2.848225368645334e-05,0.026249689425745824,0.025670646611306816,0.9779409651273405,1.5815540397629744,1.5635304654921698,0.9886038833845312
1,8000,layer_002.wq,wq,wqwk,momentum_proxy,0,0.0005520018281033128,0.0005821130193564966,0.0249807510962703,0.026343428057853106,0.0026475091338630007,0.0027919283183939973,0.7386804695664816,0.7443951519316446,0.0014434992571883062,1.5567558580371006,1.5812650302934914,0.20849855475205964,3.011484676588429e-05,,,,,,
1,8000,layer_002.wq,wq,wqwk,momentum_proxy,1,0.0005416011935621459,0.0005670577164898127,0.02451007210665736,0.02566210282586274,0.002981496268087896,0.0031216335665457213,0.8193479413020683,0.6168431533999003,0.0011749331390500106,1.6454251783629363,1.63232585240332,0.18165415779959626,3.673350044917911e-05,,,,,,
1,8000,layer_002.wq,wq,wqwk,momentum_proxy,head_ratio,0.000546826238899223,0.0005746346757440669,0.03499687928955027,0.03677661924762028,0.0027965277808553192,0.0029387430965199706,0.7780973005578992,0.6848072304832724,0.0014434992571883062,1.5975453146947272,1.6046424068290315,0.19553756720842444,3.358760225873927e-05,0.026343428057853106,0.02566210282586274,0.974136804424462,1.5812650302934914,1.63232585240332,1.0322911220646873
1,8000,layer_003.wq,wq,wqwk,momentum_proxy,0,0.0005512580476567505,0.0005729553545986829,0.0249470914356317,0.02592899945944778,0.002910364326405109,0.0030249151585812245,0.7795512116827102,0.6780857741317653,0.0013506351668245674,1.59492848644125,1.5972339836139198,0.18941204118512073,5.572953418835894e-05,,,,,,
1,8000,layer_003.wq,wq,wqwk,momentum_proxy,1,0.000535072905671561,0.0005715751883150741,0.02421463552189124,0.025866540263396274,0.0028239681462454967,0.003016617189689689,0.7763458599054905,0.694605782379632,0.0015016032792269443,1.6169248244051746,1.619582952696525,0.18947554574330014,3.66478587192159e-05,,,,,,
1,8000,layer_003.wq,wq,wqwk,momentum_proxy,head_ratio,0.0005432257585434161,0.0005722656875353941,0.03476644854677863,0.036625004002265225,0.0028674771602680187,0.00302076763261893,0.7779014242707221,0.6861493783084108,0.0015016032792269443,1.6057585463080442,1.6083944813833164,0.18944379612517706,4.716379188294277e-05,0.02592899945944778,0.025866540263396274,0.9975911451520068,1.5972339836139198,1.619582952696525,1.0139922949999087
1,8000,layer_004.wq,wq,wqwk,momentum_proxy,0,0.0005504767688452853,0.0005720001706034066,0.024911734792714302,0.025885772766305975,0.0031181774646797263,0.00324009684461324,0.8763413926473872,0.5084446734271751,0.0010432591588695344,1.6233271647317122,1.6329228198079844,0.17653798575631297,4.5544672230429934e-05,,,,,,
1,8000,layer_004.wq,wq,wqwk,momentum_proxy,1,0.000527082758894521,0.0005798182952728539,0.02385304275589311,0.02623958070038137,0.002568233389001067,0.002825189555804502,0.6729288832076555,0.8541666321505371,0.0015870338509894784,1.568209350541067,1.5957691075970868,0.20523164333578484,1.5718510930970513e-05,,,,,,
1,8000,layer_004.wq,wq,wqwk,momentum_proxy,head_ratio,0.0005389067209463089,0.0005759224994317572,0.03449003014056376,0.03685903996363246,0.0028152632655470172,0.003008634692113603,0.7758380097362263,0.6955830625891293,0.0015870338509894784,1.5941737662375193,1.6127192038963305,0.19142320632724102,3.406896501557051e-05,0.025885772766305975,0.02623958070038137,1.0136680460448113,1.6329228198079844,1.5957691075970868,0.9772471106654835
1,8000,layer_005.wq,wq,wqwk,momentum_proxy,0,0.0005717526037999645,0.0005691676134163089,0.025874569171713296,0.025757585861019866,0.0029685699566525223,0.0029551485489664802,0.8288830100992606,0.5837012274897436,0.001383520706366284,1.610661900167712,1.6007579430910248,0.19260203133117182,5.188310359354751e-05,,,,,,
1,8000,layer_005.wq,wq,wqwk,momentum_proxy,1,0.0005436719177365578,0.0005792400988115116,0.02460378238542175,0.026213414515506284,0.0028258690169015457,0.0030107434192905972,0.7396559470591604,0.7476848890758957,0.0014440974829175134,1.5651221689545527,1.5546380494697287,0.1923910536846725,3.856016314379739e-05,,,,,,
1,8000,layer_005.wq,wq,wqwk,momentum_proxy,head_ratio,0.0005578889647982767,0.0005742259416959437,0.035704893747089704,0.0367504602685404,0.0028981761114283485,0.0029830450354711383,0.7845493911836273,0.666616132318577,0.0014440974829175134,1.5884678951795401,1.5775062681151921,0.19249657141205428,4.570964132529948e-05,0.025757585861019866,0.026213414515506284,1.0176968702325573,1.6007579430910248,1.5546380494697287,0.9711887148082866
1,8000,layer_006.wq,wq,wqwk,momentum_proxy,0,0.0005380050648082328,0.0005775696976782891,0.024347329896871002,0.02613782078951567,0.0025127844218229534,0.0026975733757456425,0.72349356972666,0.7740085400728167,0.0014646610849053908,1.6128901587998763,1.6030821508328061,0.21410713156917996,2.3185407041628226e-05,,,,,,
1,8000,layer_006.wq,wq,wqwk,momentum_proxy,1,0.0005592682394249946,0.0005614740286238795,0.025309591334379225,0.025409413958404792,0.0029648495872452328,0.002976543140954965,0.8619020642827389,0.5265935443957922,0.0010891841481063327,1.5660231542748158,1.570299536539432,0.18863292149151978,5.6677289562026916e-05,,,,,,
1,8000,layer_006.wq,wq,wqwk,momentum_proxy,head_ratio,0.0005487396529269795,0.0005695787217300693,0.0351193377873267,0.036453038190724436,0.00271959652536219,0.002822876575940579,0.7926159382375032,0.6572378961791675,0.0014646610849053908,1.5904138021222152,1.5879353119906356,0.2017724496297847,4.3300567269862806e-05,0.02613782078951567,0.025409413958404792,0.9721320749355258,1.6030821508328061,1.570299536539432,0.9795502593074576
1,8000,layer_007.wq,wq,wqwk,momentum_proxy,0,0.0005559608829314177,0.0005812864142060107,0.025159917465297006,0.026306020178987678,0.0026521111550914292,0.002772922035971785,0.8044566627204405,0.6410747127847025,0.0011742792761114396,1.6225060579517192,1.619804263151571,0.20962955563310523,4.5679649029378175e-05,,,,,,
1,8000,layer_007.wq,wq,wqwk,momentum_proxy,1,0.0005453276327946553,0.0005818843174600058,0.024678711495520533,0.026333078191492856,0.0025584298051040586,0.002729937181585824,0.7888913051400644,0.6745480586779814,0.0014941708037069998,1.5418980208956738,1.5555358005429485,0.2131493432834189,4.15268406195911e-05,,,,,,
1,8000,layer_007.wq,wq,wqwk,momentum_proxy,head_ratio,0.0005506699240195092,0.0005815854426678761,0.03524287513724859,0.037221468330744065,0.002604911657126499,0.0027511556980674193,0.7967039328555081,0.6577011273586861,0.0014941708037069998,1.5822445164925831,1.5873768176893999,0.21139677520847605,4.365265643286839e-05,0.026306020178987678,0.026333078191492856,1.0010285863205863,1.619804263151571,1.5555358005429485,0.9603233155569189
1,8000,layer_008.wq,wq,wqwk,momentum_proxy,0,0.0005486029863928049,0.0005698091669541141,0.02482693707888279,0.025786619259872745,0.0026447943090428007,0.0027470285058229954,0.7613128492614573,0.7052101427911841,0.0015067188291239993,1.5652747856793745,1.535344363486941,0.20742746780612756,3.465900575101864e-05,,,,,,
1,8000,layer_008.wq,wq,wqwk,momentum_proxy,1,0.0005517621658135305,0.000575204742627107,0.024969905219131113,0.02603079514126657,0.0028707991967538015,0.002992770101712513,0.8090335674848441,0.6324279179469702,0.0011208652454421236,1.5549764842855847,1.5563440852021637,0.19219810512607216,5.7051626097110287e-05,,,,,,
1,8000,layer_008.wq,wq,wqwk,momentum_proxy,head_ratio,0.0005501848436218241,0.0005725133110616983,0.035211829991796735,0.03664085190794869,0.002751504399336709,0.002863170282363996,0.7853528141773908,0.6695996551218639,0.0015067188291239993,1.560316040051753,1.5455180583742203,0.1999578280719647,4.720240841299107e-05,0.025786619259872745,0.02603079514126657,1.0094690924363936,1.535344363486941,1.5563440852021637,1.0136775320342661
1,8000,layer_009.wq,wq,wqwk,momentum_proxy,0,0.0005557634206153264,0.0005646152570190613,0.025150981340961845,0.025551569727972075,0.002539193752127466,0.0025796363700787027,0.8019156050992412,0.6346119977009465,0.001288672694071992,1.5909357259953985,1.608012587949436,0.21887397137366124,3.979241417645639e-05,,,,,,
1,8000,layer_009.wq,wq,wqwk,momentum_proxy,1,0.0005583438948745498,0.0005549614600636564,0.02526776027519379,0.025114688749324723,0.002623738826689118,0.0026078442756363477,0.8042798075677292,0.6237834134313776,0.0013096940969744147,1.6134343344532394,1.610097111062199,0.21280467750638166,3.6092571410653494e-05,,,,,,
1,8000,layer_009.wq,wq,wqwk,momentum_proxy,head_ratio,0.0005570551519543333,0.0005598091686524462,0.03565152972507733,0.03582778679375656,0.00258062381906219,0.0025933821268604596,0.803042204894675,0.6291959199257269,0.0013096940969744147,1.6020467437223116,1.6090306252673745,0.21586065657441306,3.798756334001807e-05,0.025551569727972075,0.025114688749324723,0.9829019906292065,1.608012587949436,1.610097111062199,1.0012963350712456
1,8000,layer_010.wq,wq,wqwk,momentum_proxy,0,0.0005623290102528034,0.0005641344989258836,0.025448106010091318,0.02552981310027311,0.002609886571780263,0.0026182662224073132,0.8085972266749779,0.619713596840439,0.001445431788740341,1.6116740011947228,1.610315451390832,0.21546109180876238,6.108924089887737e-05,,,,,,
1,8000,layer_010.wq,wq,wqwk,momentum_proxy,1,0.0005545914325428168,0.0005640212921869108,0.0250979432152952,0.02552468994809368,0.002448360312312213,0.00248999040745706,0.7795233649581756,0.6698806026006158,0.0015251355277344086,1.630651743038858,1.5933976788766122,0.2265154478096669,5.7931107112446664e-05,,,,,,
1,8000,layer_010.wq,wq,wqwk,momentum_proxy,head_ratio,0.000558473621947264,0.0005640778983963785,0.03574231180462489,0.036100985497368225,0.002526374025043167,0.002551726159671902,0.7941439526840527,0.6449374557422337,0.0015251355277344086,1.621306436783999,1.6016350134432262,0.22105737963234554,5.9531120117442946e-05,0.02552981310027311,0.02552468994809368,0.9997993266868305,1.610315451390832,1.5933976788766122,0.9894941252040972
1,8000,layer_011.wq,wq,wqwk,momentum_proxy,0,0.0005399072744278434,0.0005629461703511075,0.024433414077431957,0.02547603548788899,0.002365647611828981,0.0024665944071426828,0.7745757446920868,0.6869555959022969,0.0015553364182560939,1.598323561204884,1.6019007495698163,0.22822810621841458,5.079748673417574e-05,,,,,,
1,8000,layer_011.wq,wq,wqwk,momentum_proxy,1,0.0005407702924059976,0.0005640480923690954,0.02447246981276884,0.025525902785889502,0.0024942345058205045,0.002601600410906051,0.8376195904304661,0.5836037020197261,0.001066089881969469,1.5868032784225077,1.5740418160612655,0.2168081193424536,7.543303953249831e-05,,,,,,
1,8000,layer_011.wq,wq,wqwk,momentum_proxy,head_ratio,0.0005403389557162109,0.0005634974007119259,0.0345816931658375,0.03606383364556326,0.002427492919299906,0.0025315330975146707,0.8061536483166255,0.6372956687190146,0.0015553364182560939,1.5926986037933357,1.5883072238708047,0.22259136223229276,6.43060188148054e-05,0.02547603548788899,0.025525902785889502,1.0019574198671617,1.6019007495698163,1.5740418160612655,0.9826088267228589
1,8000,layer_012.wq,wq,wqwk,momentum_proxy,0,0.0005515435913481237,0.0005669926102159738,0.024960013667983384,0.025659156452248064,0.002369355272196247,0.0024357221285590033,0.7942707624237763,0.6509748281622184,0.0016491566602329158,1.5725934928280312,1.5666246757815296,0.2327821402810887,7.276405219807197e-05,,,,,,
1,8000,layer_012.wq,wq,wqwk,momentum_proxy,1,0.0005673496371980519,0.0005543855369023034,0.025675313649054076,0.025088625442263278,0.0024078774877324825,0.00235285680347682,0.8238858961154776,0.5871131310829512,0.0013435698931611346,1.61408956871327,1.625279064557313,0.23562230225107075,8.55911434967391e-05,,,,,,
1,8000,layer_012.wq,wq,wqwk,momentum_proxy,head_ratio,0.0005595024325174767,0.0005607245061373627,0.03580815568111851,0.03588636839279121,0.0023889275878549274,0.0023941455193870554,0.8088607151341703,0.618965523371743,0.0016491566602329158,1.5937547697408128,1.5957854338585082,0.2342065265443508,7.943692824298762e-05,0.025659156452248064,0.025088625442263278,0.9777650130063102,1.5666246757815296,1.625279064557313,1.0374399750511545
1,8000,layer_013.wq,wq,wqwk,momentum_proxy,0,0.0005655246385008201,0.0005598516870163008,0.02559272363596805,0.025335995158269113,0.0024538218266062567,0.002429206785587188,0.8177229228017449,0.6008309468910197,0.0012715697749353244,1.6595798526829832,1.6544130530479986,0.23046687105353755,7.296724067710412e-05,,,,,,
1,8000,layer_013.wq,wq,wqwk,momentum_proxy,1,0.0005580153693087832,0.0005430985520803528,0.02525289290525161,0.024577834817831223,0.0024774716082944397,0.0024112440575813983,0.810853932586981,0.6073666587726264,0.0011287130326134028,1.609922523334212,1.6156755334776107,0.22523582810821263,6.92037003916455e-05,,,,,,
1,8000,layer_013.wq,wq,wqwk,momentum_proxy,head_ratio,0.0005617825509644729,0.0005515387333301143,0.03595408326172626,0.03529847893312731,0.0024654036189937787,0.0024204482443124153,0.8143340911584707,0.604063960515587,0.0012715697749353244,1.6351815873492739,1.635548200327199,0.22786636096273644,7.111037322334581e-05,0.025335995158269113,0.024577834817831223,0.9700757623412143,1.6544130530479986,1.6156755334776107,0.9765853397378484
1,8000,layer_014.wq,wq,wqwk,momentum_proxy,0,0.0005585556441761094,0.0005591763209601959,0.025277342954684628,0.025305431579513593,0.002522691200023661,0.0025254944585308475,0.8329845631874324,0.5782761359145538,0.0012092907456467128,1.562976742005477,1.5763013681480993,0.2214126105370609,9.781984542920531e-05,,,,,,
1,8000,layer_014.wq,wq,wqwk,momentum_proxy,1,0.0005708104622178391,0.0005480599124257371,0.025831932710813545,0.024802360356655624,0.0026052417697098517,0.002501405756662795,0.7902350822419726,0.6359224479883369,0.0013819401774866832,1.5761411677468822,1.585337209512654,0.21910076402675327,8.63280991535616e-05,,,,,,
1,8000,layer_014.wq,wq,wqwk,momentum_proxy,head_ratio,0.0005647162966562643,0.0005536460175647824,0.03614184298600091,0.03543334512414607,0.0025638654925769226,0.0025136053766144427,0.8114153988366638,0.6084075484155083,0.0013819401774866832,1.5695960191138811,1.5807500068607363,0.2202597204460489,9.225308358873642e-05,0.025305431579513593,0.024802360356655624,0.9801200299122644,1.5763013681480993,1.585337209512654,1.0057323057298178
1,8000,layer_015.wq,wq,wqwk,momentum_proxy,0,0.0005481203954105698,0.000550426984151571,0.024805097504093807,0.02490948179466472,0.00241269806427406,0.0024228511296171614,0.8679518766073522,0.5150003105215207,0.001252243267322109,1.5981894873075906,1.6106117345080566,0.2271815124846507,0.00011865599221743234,,,,,,
1,8000,layer_015.wq,wq,wqwk,momentum_proxy,1,0.000553927797147836,0.0005578412337282114,0.02506791050566151,0.02524501242846004,0.0025546049299786174,0.002572652921852038,0.7607512333147562,0.6942103257429136,0.0012170309860177857,1.592087353612033,1.6002623315806654,0.2168350145446844,8.133322096862505e-05,,,,,,
1,8000,layer_015.wq,wq,wqwk,momentum_proxy,head_ratio,0.0005510317469611408,0.0005541465090251886,0.035266031805513014,0.03546537657761207,0.002481359017570987,0.002495385147604032,0.8137097192559666,0.6121425996158736,0.001252243267322109,1.5951833754640996,1.6055069258697954,0.22206852900333154,0.00010172103352363894,0.02490948179466472,0.02524501242846004,1.01346999654835,1.6106117345080566,1.6002623315806654,0.9935742409510308
1,8000,layer_016.wq,wq,wqwk,momentum_proxy,0,0.0005629237054918405,0.000554761958369632,0.025475018844412122,0.025105660333279742,0.002677861274104688,0.0026390353615798256,0.8002931900775208,0.6275609913287251,0.0013406028112634381,1.5901740340343777,1.5937077726294941,0.21021391620820526,8.988930588066785e-05,,,,,,
1,8000,layer_016.wq,wq,wqwk,momentum_proxy,1,0.0005731637019524371,0.0005662338746474434,0.025938428184355423,0.02562482000004741,0.0027524289981038044,0.002719150795801142,0.8239768808445281,0.589861007595065,0.0011856258348980726,1.6124889358409944,1.6004105184701924,0.20823923245515125,9.580314559685404e-05,,,,,,
1,8000,layer_016.wq,wq,wqwk,momentum_proxy,head_ratio,0.0005680667775184914,0.0005605272657294943,0.03635627376118346,0.03587374500668763,0.002715049244049303,0.0026790144914579993,0.8123623305387802,0.6086630850466126,0.0013406028112634381,1.6013746149188546,1.5970745421468628,0.20922890395581206,9.289329905316174e-05,0.025105660333279742,0.02562482000004741,1.020678988717117,1.5937077726294941,1.6004105184701924,1.0042057558831123
1,8000,layer_017.wq,wq,wqwk,momentum_proxy,0,0.0005591190243798811,0.0005743988041017271,0.02530283863228291,0.025994322527089567,0.0027081447495378823,0.0027821537769962255,0.8413563711506244,0.5715811577478257,0.0013937673033676892,1.6036200139811219,1.5879266277914368,0.2064583233504373,9.770260468556549e-05,,,,,,
1,8000,layer_017.wq,wq,wqwk,momentum_proxy,1,0.0005591021940410643,0.000554169094329444,0.025302076978093665,0.02507883036955887,0.0028339858672451006,0.002808980894963743,0.7972148570363552,0.6340896519860515,0.001502097923261718,1.5637646408093435,1.5669675174957485,0.1972847502533822,7.392379290366897e-05,,,,,,
1,8000,layer_017.wq,wq,wqwk,momentum_proxy,head_ratio,0.000559110609273801,0.0005643745969050213,0.03578307899352327,0.03611997420192136,0.002768921024203593,0.0027949902237170217,0.8195501339353736,0.6036441161902076,0.001502097923261718,1.584139381663134,1.577872402027729,0.2019236389866391,8.663292133943199e-05,0.025994322527089567,0.02507883036955887,0.9647810726139667,1.5879266277914368,1.5669675174957485,0.9868009579732036
1,8000,layer_018.wq,wq,wqwk,momentum_proxy,0,0.0005596769673160015,0.0005676390637191139,0.02532808824723625,0.025688411598218764,0.002799775734058539,0.002839606003309341,0.8014629196994921,0.6347640639989354,0.001480898265222498,1.6099382073103563,1.6121281276803354,0.19990064222204584,7.646496844750088e-05,,,,,,
1,8000,layer_018.wq,wq,wqwk,momentum_proxy,1,0.0005501163538291734,0.0005578815225700557,0.024895424270990507,0.025246835693309582,0.0028402455198225187,0.0028803370124193834,0.8350317453314007,0.5786129763087873,0.0013687043299093799,1.5927716205145428,1.6170751377265125,0.19368619719310362,8.046718393176766e-05,,,,,,
1,8000,layer_018.wq,wq,wqwk,momentum_proxy,head_ratio,0.0005549172508105785,0.0005627814406521397,0.035514704051877025,0.036018012201736935,0.0028194443387658894,0.002859401008873697,0.817957249029229,0.6078207781518292,0.001480898265222498,1.6015624326084894,1.6145398993823776,0.19681794855133536,7.849158900667712e-05,0.025688411598218764,0.025246835693309582,0.9828103071604551,1.6121281276803354,1.6170751377265125,1.0030686208876556
1,8000,layer_000.wk,wk,wqwk,momentum_proxy,0,0.0005655316400424228,0.0005577350034363547,0.025593040489570996,0.025240204994236723,0.002252311418644836,0.002221260187535019,0.8475953924835373,0.5484496899514651,0.001045498228546271,1.686152152476735,1.686894486639423,0.2510894520894851,7.201218371996627e-05,,,,,,
1,8000,layer_000.wk,wk,wqwk,momentum_proxy,1,0.0005529938101039765,0.0005734637758306874,0.025025643077037293,0.025952007977902158,0.002347634120491514,0.0024345356175919657,0.7860980967171693,0.6670906170005535,0.0015099272725747383,1.5723415337104147,1.5598801075483604,0.23555366029021538,5.463519934519897e-05,,,,,,
1,8000,layer_000.wk,wk,wqwk,momentum_proxy,head_ratio,0.0005592978588830755,0.0005656540622359834,0.03579506296851683,0.036201859983102935,0.0022974251692627384,0.00232353451570845,0.8165063303946396,0.6093333754776945,0.0015099272725747383,1.6315915702482429,1.6243690071884658,0.24344551734085804,6.391697588124694e-05,0.025240204994236723,0.025952007977902158,1.0282011569964653,1.686894486639423,1.5598801075483604,0.9247052023128627
1,8000,layer_001.wk,wk,wqwk,momentum_proxy,0,0.0005264082716912662,0.0005462940146341672,0.023822518949477428,0.024722444945244327,0.0028257820645400424,0.0029325295811920217,0.7000072410721899,0.7899859377486081,0.0015868772584152827,1.5238678855641072,1.5444075566796793,0.18628763990578684,2.8038148646945394e-05,,,,,,
1,8000,layer_001.wk,wk,wqwk,momentum_proxy,1,0.0005460649608662703,0.0005804953897041286,0.024712079155002013,0.02627022249646828,0.00318937181162592,0.0033904677380582875,0.8444807701930239,0.578468291250585,0.00115006682220697,1.5735655059933007,1.5688173429040622,0.17121395469658027,3.804346810496046e-05,,,,,,
1,8000,layer_001.wk,wk,wqwk,momentum_proxy,head_ratio,0.0005363266774974313,0.0005636541705216346,0.0343249073598356,0.03607386691338461,0.0029977520632654916,0.003150496746747269,0.7757026159827011,0.6885116312288875,0.0015868772584152827,1.548172253799726,1.5565067943082922,0.17890961833354677,3.341738503385139e-05,0.024722444945244327,0.02627022249646828,1.0626061683887655,1.5444075566796793,1.5688173429040622,1.0158052750511408
1,8000,layer_002.wk,wk,wqwk,momentum_proxy,0,0.0005364433439652846,0.0005645719548676285,0.02427665447937538,0.025549610096297314,0.002664200169137333,0.002803898518956866,0.7481221787662302,0.7300135138738124,0.0014744226677472286,1.58792580675669,1.5774976077482379,0.20135249227124885,3.713106362506514e-05,,,,,,
1,8000,layer_002.wk,wk,wqwk,momentum_proxy,1,0.0005550595953601716,0.0005649160751992537,0.025119129845877667,0.02556518320477964,0.00308535209739947,0.003140140287710375,0.8138247208390853,0.6158554285183576,0.0011202694411515564,1.6078718389662459,1.6221791990606094,0.17990154051721075,6.438865569944077e-05,,,,,,
1,8000,layer_002.wk,wk,wqwk,momentum_proxy,head_ratio,0.0005458308417843638,0.0005647440412441659,0.03493317387419927,0.03614361863962662,0.002858823164569552,0.002957882229379905,0.7814341300922298,0.6734085879211381,0.0014744226677472286,1.5974344210993474,1.5985367162876927,0.1909285081179719,5.255765818941024e-05,0.025549610096297314,0.02556518320477964,1.0006095243106892,1.5774976077482379,1.6221791990606094,1.0283243480642428
1,8000,layer_003.wk,wk,wqwk,momentum_proxy,0,0.0005422062572202358,0.0005787304381769171,0.024537454162061195,0.026190349908093446,0.0028769204387210146,0.003070715994014912,0.7888025477401787,0.6748229356387664,0.0012830432217632998,1.5836619698533083,1.5893980233679676,0.18846758844025704,4.875042729307522e-05,,,,,,
1,8000,layer_003.wk,wk,wqwk,momentum_proxy,1,0.0005345761028996654,0.0005604418921830997,0.02419215279492038,0.025362704795116143,0.002851304563312484,0.0029892666656539313,0.7617354084444051,0.7084684212546537,0.0013877778190126006,1.6242731973995046,1.6455971467476433,0.18748474287104047,4.4141036509677995e-05,,,,,,
1,8000,layer_003.wk,wk,wqwk,momentum_proxy,head_ratio,0.0005384046968406619,0.0005696595626276362,0.03445790059780236,0.03645821200816872,0.0028642081038099524,0.003030477901224141,0.7755509331382751,0.6916118632526699,0.0013877778190126006,1.6037634593527046,1.616950485254437,0.18797680801352368,4.6502877681957165e-05,0.026190349908093446,0.025362704795116143,0.968398852406262,1.5893980233679676,1.6455971467476433,1.035358747496482
1,8000,layer_004.wk,wk,wqwk,momentum_proxy,0,0.0005558438941280758,0.0005670282484567718,0.02515462315642239,0.025660769254919287,0.0031144646874829837,0.0031771320604216794,0.8799626733557812,0.4952879572943688,0.0011181509989913324,1.6046194557230171,1.6167282093894055,0.1784717278580841,6.525820686695643e-05,,,,,,
1,8000,layer_004.wk,wk,wqwk,momentum_proxy,1,0.0005128580764906745,0.0005783041430416188,0.02320930711506208,0.026171057992512247,0.002515490465830345,0.0028364934176830343,0.7011837595127234,0.8307713797429555,0.0015096941811659735,1.5816330520602855,1.583546596606022,0.20387995242167767,2.0862969413469713e-05,,,,,,
1,8000,layer_004.wk,wk,wqwk,momentum_proxy,head_ratio,0.0005347830594087561,0.0005726939481114915,0.03422611580216039,0.036652412679135465,0.002791179951785538,0.0029890473124652805,0.7922964963838474,0.6707314847417479,0.0015096941811659735,1.592697565628792,1.598823611737393,0.19159748516631891,4.8445314821135444e-05,0.025660769254919287,0.026171057992512247,1.0198859485669993,1.6167282093894055,1.583546596606022,0.9794760723597967
1,8000,layer_005.wk,wk,wqwk,momentum_proxy,0,0.0005589717082420996,0.0005820440678196772,0.025296171864922692,0.026340307667500576,0.0027955205309179608,0.0029109096533812104,0.8360585011944502,0.5857649554893548,0.0012115897712501184,1.606196754538333,1.597715907941135,0.19995263925268011,7.530383238272645e-05,,,,,,
1,8000,layer_005.wk,wk,wqwk,momentum_proxy,1,0.0005486980845403468,0.0005652751569341914,0.02483124072976312,0.02558143338908522,0.0028575850160322837,0.002943917363487106,0.7376097619484713,0.7358992470022638,0.0014651764136140843,1.5682603081756297,1.5717503972702458,0.19201461425011473,4.5288731805877246e-05,,,,,,
1,8000,layer_005.wk,wk,wqwk,momentum_proxy,head_ratio,0.0005538587178122849,0.0005737208815840032,0.035446957939986236,0.0367181364213762,0.002825466514116812,0.00292679177420582,0.7879987426782995,0.6636971384846545,0.0014651764136140843,1.587784485624147,1.5851842804520788,0.1960238123669326,6.213588496235664e-05,0.026340307667500576,0.02558143338908522,0.9711896198026693,1.597715907941135,1.5717503972702458,0.9837483556733505
1,8000,layer_006.wk,wk,wqwk,momentum_proxy,0,0.0005327536304658663,0.0005890993673133228,0.02410967710746663,0.026659594074877144,0.002555589351270085,0.0028258766976949398,0.7151238539542601,0.8007477655483216,0.0015600471222390125,1.6153463917853104,1.6214572842187487,0.20846605508083554,3.451891775510549e-05,,,,,,
1,8000,layer_006.wk,wk,wqwk,momentum_proxy,1,0.0005620064216678449,0.0005716995593971502,0.025433507317230042,0.025872168656069526,0.0030304809598375483,0.003082748813365926,0.8531349097107612,0.5468946227510857,0.0011806720790116763,1.5990639308706935,1.5869349570714515,0.18545123005754569,8.606733134045303e-05,,,,,,
1,8000,layer_006.wk,wk,wqwk,momentum_proxy,head_ratio,0.000547575405204825,0.0005804646633447435,0.03504482593310879,0.03714973845406359,0.0027754212665804644,0.0029421225932213866,0.784256772335155,0.6789776348206412,0.0015600471222390125,1.607329807264211,1.6054246204417177,0.1972945195017118,6.557111104385477e-05,0.026659594074877144,0.025872168656069526,0.9704637131159602,1.6214572842187487,1.5869349570714515,0.9787090739402792
1,8000,layer_007.wk,wk,wqwk,momentum_proxy,0,0.0005475557954511337,0.0005587147494113998,0.02477954662665541,0.025284543235695577,0.0026860172139989954,0.0027407571011054807,0.7979673417951534,0.6424292354417306,0.0012663196256461817,1.6231148498725287,1.6265020607535425,0.20385416467079226,4.721772936726956e-05,,,,,,
1,8000,layer_007.wk,wk,wqwk,momentum_proxy,1,0.0005417562215397209,0.0005854744079078765,0.024517087872047247,0.02649554713874165,0.0025890274481401502,0.0027979546002241114,0.781075117730199,0.6926001922675387,0.0015462756183830875,1.5701292987188822,1.559802788545822,0.20925086056113323,4.8711986038796215e-05,,,,,,
1,8000,layer_007.wk,wk,wqwk,momentum_proxy,head_ratio,0.0005446637277757346,0.0005722510172664274,0.03485847857764701,0.036624065105051354,0.00263670119684554,0.0027702504594609946,0.7890434071619683,0.6677189377923096,0.0015462756183830875,1.5964036444751986,1.5919238456669094,0.20657013711957653,4.7970676201428445e-05,0.025284543235695577,0.02649554713874165,1.047895027873647,1.6265020607535425,1.559802788545822,0.9589921993847218
1,8000,layer_008.wk,wk,wqwk,momentum_proxy,0,0.0005461832095420415,0.00058694109982822,0.02471743047919428,0.02656192203811998,0.002699900817656107,0.0029013758161311764,0.7852884444652253,0.6834007669466039,0.0015422077132268008,1.5654689775138875,1.5628789572667348,0.20229750884560468,5.0900953939085036e-05,,,,,,
1,8000,layer_008.wk,wk,wqwk,momentum_proxy,1,0.0005625515848425026,0.0005658587047805256,0.02545817858619987,0.025607841749999766,0.0030229868990379154,0.003040758389716392,0.7944232935111977,0.6431213382382035,0.0013665629990422049,1.5658854912147253,1.5630565105948,0.18609130758110076,6.145450997753584e-05,,,,,,
1,8000,layer_008.wk,wk,wqwk,momentum_proxy,head_ratio,0.0005544278059380035,0.000576496282920998,0.035483379580032226,0.036895762106943876,0.002852532044440251,0.0029660743976407384,0.7894084846552528,0.6629722376548914,0.0015422077132268008,1.5656797829842446,1.5629645578751767,0.19436339269829253,5.642501177885526e-05,0.02656192203811998,0.025607841749999766,0.9640809017227375,1.5628789572667348,1.5630565105948,1.0001136065766576
1,8000,layer_009.wk,wk,wqwk,momentum_proxy,0,0.0005506806330474318,0.0005678582072544084,0.024920960633340147,0.025698328902529797,0.0026001419324534476,0.002681249072078501,0.7943105415827826,0.6520615223035817,0.0012198102946621853,1.6168964324253354,1.6247423760588438,0.21178868206160553,4.006863220690684e-05,,,,,,
1,8000,layer_009.wk,wk,wqwk,momentum_proxy,1,0.0005548669266376268,0.0005687889311678259,0.02511041065482269,0.025740448658727558,0.0026765617336434143,0.0027437185649343823,0.8059949504220093,0.6311696216342088,0.001462710113166791,1.6119170026205576,1.6078519961819486,0.2073058579830796,4.079092908310008e-05,,,,,,
1,8000,layer_009.wk,wk,wqwk,momentum_proxy,head_ratio,0.0005527777428089004,0.0005683237597378928,0.035377775539769625,0.03637272062322514,0.00263781113775014,0.0027119954860463868,0.8001761280809266,0.641621496980045,0.001462710113166791,1.614419208264393,1.616375956654799,0.20955925725614294,4.043139363412342e-05,0.025698328902529797,0.025740448658727558,1.001639007592965,1.6247423760588438,1.6078519961819486,0.9896042719598006
1,8000,layer_010.wk,wk,wqwk,momentum_proxy,0,0.0005489121405323569,0.0005690006035782701,0.024840927798147373,0.025750027858523736,0.002597411319391081,0.002692468428629037,0.8250271588370877,0.6034003044364478,0.001078037632747643,1.6000401960163668,1.6003806469948219,0.2113304644645347,6.97499730251201e-05,,,,,,
1,8000,layer_010.wk,wk,wqwk,momentum_proxy,1,0.0005484991219000949,0.0005532891343532348,0.024822236708507125,0.02503900792691245,0.0024944705203247272,0.0025162545932234295,0.7881590920698136,0.6538027760834929,0.0013485550579006578,1.5753508071169768,1.5801888827831394,0.21988599080685545,5.873769617975666e-05,,,,,,
1,8000,layer_010.wk,wk,wqwk,momentum_proxy,head_ratio,0.0005487056700768588,0.0005611998543592949,0.035117162884918965,0.03591679067899487,0.0025444191570202163,0.002602356305428247,0.8067832677173798,0.6290875538456269,0.0013485550579006578,1.5874505369338947,1.5902136643213771,0.21565065982267304,6.44793598351844e-05,0.025750027858523736,0.02503900792691245,0.9723876053448259,1.6003806469948219,1.5801888827831394,0.987383148971716
1,8000,layer_011.wk,wk,wqwk,momentum_proxy,0,0.0005509584537972918,0.0005479445297119917,0.024933533365255688,0.024797138731099073,0.00246840426500093,0.0024549012812182715,0.7724410822018185,0.6727987185916838,0.0014652925774762196,1.5830159783186009,1.5906285354426843,0.22320430312377706,6.067312085138063e-05,,,,,,
1,8000,layer_011.wk,wk,wqwk,momentum_proxy,1,0.0005527833853333811,0.0005605917000142928,0.025016120338975368,0.025369484323648078,0.0026127450171042578,0.0026496512190919133,0.8422974541837678,0.5657383310341788,0.001248029181777778,1.5715665095982811,1.5650223227601052,0.21157188386719764,8.434849858701344e-05,,,,,,
1,8000,layer_011.wk,wk,wqwk,momentum_proxy,head_ratio,0.0005518716739022468,0.0005543041862399249,0.0353197871297438,0.035475467919355186,0.0025377390658984453,0.0025489247851145738,0.8077870659096245,0.6214014399225338,0.0014652925774762196,1.5774321654907801,1.578016125954178,0.21746588580290693,7.347073161378499e-05,0.024797138731099073,0.025369484323648078,1.0230811142670748,1.5906285354426843,1.5650223227601052,0.9839018274147504
1,8000,layer_012.wk,wk,wqwk,momentum_proxy,0,0.0005482989811699432,0.0005615639571495755,0.024813179372988287,0.025413483658906662,0.002420074828036339,0.002478623604461777,0.7953307453031939,0.6479405215314825,0.00122603514285307,1.5866515638951806,1.5790957627636655,0.22656282145409357,7.761196799528943e-05,,,,,,
1,8000,layer_012.wk,wk,wqwk,momentum_proxy,1,0.0005591658627692485,0.0005496268835294047,0.025304958295818372,0.02487327337382853,0.002449361331208162,0.002407576936907767,0.8474451698313616,0.5479011975918272,0.001268739038659504,1.614132768618423,1.613678450429264,0.2282904754168862,9.145373253993689e-05,,,,,,
1,8000,layer_012.wk,wk,wqwk,momentum_proxy,head_ratio,0.0005537590788594241,0.0005556274782026786,0.03544058104700314,0.03556015860497142,0.002434873345840433,0.0024430886797897127,0.8211902187573769,0.5990305212857343,0.001268739038659504,1.6005758392260498,1.596260511963362,0.22742828895204242,8.481569068158363e-05,0.025413483658906662,0.02487327337382853,0.9787431627899308,1.5790957627636655,1.613678450429264,1.0219003105961564
1,8000,layer_013.wk,wk,wqwk,momentum_proxy,0,0.00055050779197044,0.0005513500268019423,0.024913138739093208,0.02495125393657844,0.0024739880880723262,0.0024777731006931977,0.8053750991634187,0.6243778221356605,0.0011226255754539609,1.6399688739145837,1.6603101041207784,0.22251836806513606,8.624523017647533e-05,,,,,,
1,8000,layer_013.wk,wk,wqwk,momentum_proxy,1,0.0005524396486192309,0.0005629666533673712,0.025000564591038187,0.02547696244338974,0.0025408361440037884,0.0025892530058619604,0.8201901444015971,0.605669505771405,0.0012534203845243064,1.608474917269552,1.6064847139943899,0.21742435061109835,6.922493946548503e-05,,,,,,
1,8000,layer_013.wk,wk,wqwk,momentum_proxy,head_ratio,0.0005514745662252741,0.0005571886147697925,0.03529437223841754,0.03566007134526672,0.0025068609102605667,0.002532835498778096,0.8128422451662115,0.6150620301894798,0.0012534203845243064,1.6243652487139717,1.6333905908424622,0.21998610452143244,7.819952676389187e-05,0.02495125393657844,0.02547696244338974,1.021069422328335,1.6603101041207784,1.6064847139943899,0.9675811223500974
1,8000,layer_014.wk,wk,wqwk,momentum_proxy,0,0.0005581453087767998,0.0005493260154113184,0.025258773294306213,0.024859657637089867,0.002590572735608501,0.002549638913213721,0.8472149682668498,0.5486268341810553,0.0012678052574141632,1.5829562874769139,1.5865855005630867,0.21545247547187546,0.00010385112067213124,,,,,,
1,8000,layer_014.wk,wk,wqwk,momentum_proxy,1,0.000569298818090666,0.0005503193341508814,0.02576352350677739,0.024904610111753846,0.0026445797642710056,0.0025564138352922676,0.7950928077578248,0.630288262833445,0.0012658307232149522,1.6031385271332126,1.5952405843138557,0.21527005000266908,7.678597717974309e-05,,,,,,
1,8000,layer_014.wk,wk,wqwk,momentum_proxy,head_ratio,0.000563749647445113,0.0005498228990993125,0.036079977436487234,0.035188665542356,0.0026176926607732157,0.0025530257521579214,0.8208393692104123,0.5916752894266912,0.0012678052574141632,1.5931406387817282,1.5909149125716415,0.21536128205310112,9.132672543211432e-05,0.024859657637089867,0.024904610111753846,1.0018082499493843,1.5865855005630867,1.5952405843138557,1.0054551637763596
1,8000,layer_015.wk,wk,wqwk,momentum_proxy,0,0.0005546385209704622,0.0005622929150644559,0.025100074194271422,0.0254464725283346,0.0025403213005697647,0.0025753794864417177,0.852931147671106,0.5462485394652082,0.001221212447333057,1.6028366864999457,1.6085678127435332,0.218334003988418,0.00010853981090640675,,,,,,
1,8000,layer_015.wk,wk,wqwk,momentum_proxy,1,0.0005517362002506244,0.0005524677749325465,0.024968730151892188,0.025001837442678202,0.002602572799137908,0.0026060236808579103,0.7674037982093116,0.6825034678661275,0.0013533877278852219,1.6031446421706879,1.6134233057373402,0.21199645229266398,0.00010135239641679547,,,,,,
1,8000,layer_015.wk,wk,wqwk,momentum_proxy,head_ratio,0.0005531892640007121,0.0005574019934798414,0.03540411289604557,0.03567372758270985,0.002570718735643193,0.0025902956567892626,0.8106410160674865,0.617786395953206,0.0013533877278852219,1.6029856339877995,1.6109375949833,0.21518856043281007,0.00010500761594052545,0.0254464725283346,0.025001837442678202,0.9825266513792316,1.6085678127435332,1.6134233057373402,1.0030185193035321
1,8000,layer_016.wk,wk,wqwk,momentum_proxy,0,0.0005504362041418881,0.0005757393028863826,0.024909899043795966,0.02605498657706091,0.002677153574588534,0.0028002201184355083,0.7925938485033769,0.6602984536542458,0.0013100478877861518,1.5676329880789517,1.5774214093534766,0.20560501622567087,9.112044311418926e-05,,,,,,
1,8000,layer_016.wk,wk,wqwk,momentum_proxy,1,0.0005595475487090747,0.0005519865414192791,0.025322231429663788,0.024980059299922003,0.002729954250223487,0.002693065152890527,0.8121805658365959,0.6088887914593628,0.001511339846744987,1.5831611760765674,1.5987190501851267,0.20496590690604702,9.220438848575316e-05,,,,,,
1,8000,layer_016.wk,wk,wqwk,momentum_proxy,head_ratio,0.0005550105738166007,0.0005639879816078155,0.03552067672426244,0.036095230822900184,0.0027036006210927077,0.002747331905549553,0.8019177166477126,0.634692244701256,0.001511339846744987,1.575448367747803,1.5878251564164285,0.20528571028078976,9.166401804786295e-05,0.02605498657706091,0.024980059299922003,0.9587438944188409,1.5774214093534766,1.5987190501851267,1.0135015543122234
1,8000,layer_017.wk,wk,wqwk,momentum_proxy,0,0.000549847053551755,0.000575328532998184,0.024883237131640878,0.02603639725395995,0.0026306268506624056,0.0027525375958294134,0.8454405985568301,0.5706066148309906,0.00107149316396952,1.606915015033875,1.6008029601886866,0.20901750220229853,9.638966635914226e-05,,,,,,
1,8000,layer_017.wk,wk,wqwk,momentum_proxy,1,0.0005710385899652873,0.0005609704760972992,0.025842256594154178,0.025386625772406163,0.0029728433536214934,0.0029204284627158328,0.7978720981345118,0.6304277406690898,0.0011605744363239155,1.5647560089217267,1.5462920929746113,0.1920849913836371,8.102602400266613e-05,,,,,,
1,8000,layer_017.wk,wk,wqwk,momentum_proxy,head_ratio,0.0005605429749488838,0.0005681948591525062,0.035874750396728564,0.0363644709857604,0.0027925239995230107,0.0028306443065023914,0.8210986344723719,0.6023897289265581,0.0011605744363239155,1.5862948964538164,1.5750386533595517,0.20072986840744428,8.90398347553144e-05,0.02603639725395995,0.025386625772406163,0.9750437253197556,1.6008029601886866,1.5462920929746113,0.9659477970932474
1,8000,layer_018.wk,wk,wqwk,momentum_proxy,0,0.0005451438597700668,0.000558621428522716,0.024670394877799845,0.025280320014369844,0.0027254136132060882,0.0027927938995159886,0.796761365410776,0.6458620706370505,0.0013794036273791568,1.6133869825498068,1.620435047915055,0.2000224322387446,7.326138131820045e-05,,,,,,
1,8000,layer_018.wk,wk,wqwk,momentum_proxy,1,0.0005573262262844424,0.0005615216510982688,0.0252217058520856,0.025411569105577753,0.0028481662105244603,0.0028696065566448984,0.8241237932906236,0.595362908462907,0.0013635313485518535,1.6063790356382333,1.6122926558351351,0.19567896853246378,7.425682345748871e-05,,,,,,
1,8000,layer_018.wk,wk,wqwk,momentum_proxy,head_ratio,0.0005512686959865687,0.000560073417087834,0.035281196543140395,0.03584469869362138,0.002786118460963587,0.0028306176247696684,0.8106001630374775,0.6205681758822209,0.0013794036273791568,1.60987302614304,1.6163934233237338,0.19786261916369163,7.37607816615558e-05,0.025280320014369844,0.025411569105577753,1.005191749595468,1.620435047915055,1.6122926558351351,0.9949751814548837
1,8000,layer_000.wv,wv,exploratory,momentum_proxy,0,0.0005555863171742071,0.0005676287135801424,0.025142966554133877,0.02568794320439777,0.007039085725999903,0.007191658707060688,0.7745426837843816,0.6790862012616398,0.0013470610302598537,1.605908830836698,1.6013302930003126,0.07892876131939508,0.0006020395882462463,,,,,,
1,8000,layer_000.wv,wv,exploratory,momentum_proxy,1,0.0005438186454332299,0.0005811398506163489,0.024610422522977255,0.026299387468067682,0.006889147037327237,0.007361935663233837,0.761847432526697,0.7167306521813902,0.0014174786638287001,1.5331550349388958,1.5281694011482543,0.07893845819905942,0.0005206312173879518,,,,,,
1,8000,layer_000.wv,wv,exploratory,momentum_proxy,head_ratio,0.0005497339697308289,0.0005744240082269541,0.03518297406277305,0.03676313652652506,0.006964510686520437,0.0072773056863292725,0.7679945231416482,0.6977593358350523,0.0014174786638287001,1.569919866960007,1.5643219469603857,0.07893360990813321,0.0005628092617994886,0.02568794320439777,0.026299387468067682,1.0238027723280403,1.6013302930003126,1.5281694011482543,0.9543124287526084
1,8000,layer_001.wv,wv,exploratory,momentum_proxy,0,0.0005301574148084997,0.0005759947077354215,0.023992185798874847,0.026066544881105925,0.0042863809152005414,0.004656980461898165,0.7976487841779693,0.668706368922508,0.0012336730308754804,1.5801790987979774,1.5655394239228233,0.12368415810373587,0.00032460107599354863,,,,,,
1,8000,layer_001.wv,wv,exploratory,momentum_proxy,1,0.0005173731240756716,0.0005602569264667204,0.023413634844004896,0.025354334202326453,0.004264740540950008,0.004618234532223595,0.7559293121045317,0.7317599191110595,0.001697377003042913,1.556288770731411,1.561754767544406,0.12131409146883819,0.0002581979144709831,,,,,,
1,8000,layer_001.wv,wv,exploratory,momentum_proxy,head_ratio,0.0005238042735565699,0.0005681803089658906,0.03352347350762048,0.036363539773817,0.004275783738905439,0.004638022728121653,0.77733140000302,0.7001734558279125,0.001697377003042913,1.5684954244238305,1.5636916804226402,0.1225048565460561,0.0002932848628665777,0.026066544881105925,0.025354334202326453,0.9726772120345067,1.5655394239228233,1.561754767544406,0.9975825224707954
1,8000,layer_002.wv,wv,exploratory,momentum_proxy,0,0.000538910888578597,0.0005790156675978695,0.024388322801228407,0.026203257918189404,0.003926647240974023,0.0042188612660074626,0.8090676535326962,0.6448414109200129,0.001532120540020155,1.5844060840100034,1.575633104240888,0.137244538535353,0.00024850980941929375,,,,,,
1,8000,layer_002.wv,wv,exploratory,momentum_proxy,1,0.0005161678819750045,0.0005599073616574061,0.023359091812814287,0.025338514704910116,0.003841670000082646,0.004167208749747127,0.7488901150592038,0.7429387440301356,0.0012416234521204945,1.539925361374726,1.539546046348993,0.13436028653265383,0.00021519715921941926,,,,,,
1,8000,layer_002.wv,wv,exploratory,momentum_proxy,head_ratio,0.0005276619316433275,0.0005695416564931681,0.03377036362517296,0.03645066601556276,0.00388529314201746,0.0041936629484992565,0.7801229689097925,0.6935099340207218,0.001532120540020155,1.5628836897131415,1.5580861849388075,0.13581006949950147,0.00023245100850902085,0.026203257918189404,0.025338514704910116,0.9669986374984687,1.575633104240888,1.539546046348993,0.9770967887163801
1,8000,layer_003.wv,wv,exploratory,momentum_proxy,0,0.0005199345843106557,0.000565435316207468,0.0235295533017263,0.025588681370410263,0.0037757665685555445,0.004106193025123287,0.7759309018399487,0.7035725093051384,0.0012985646806978127,1.5575645153070128,1.5422755818171834,0.13770305310732223,0.00018475253774603802,,,,,,
1,8000,layer_003.wv,wv,exploratory,momentum_proxy,1,0.0005268443006160198,0.0005658970839680858,0.023842251366084574,0.025609578593761697,0.0036327509557641476,0.0039020317202738634,0.7933672461823519,0.6703684122698272,0.001317775462170493,1.5952644075725733,1.5726442059967074,0.145026264401656,0.00020783297527722055,,,,,,
1,8000,layer_003.wv,wv,exploratory,momentum_proxy,head_ratio,0.0005234008449811088,0.0005656662472068763,0.03349765407879096,0.03620263982124009,0.0037012458530984965,0.004000126999771671,0.7846951338845021,0.6869519033544859,0.001317775462170493,1.577024839386932,1.557865111806863,0.14141207197650602,0.00019663169354936527,0.025588681370410263,0.025609578593761697,1.0008166588597878,1.5422755818171834,1.5726442059967074,1.0196907897249738
1,8000,layer_004.wv,wv,exploratory,momentum_proxy,0,0.0005041812548765628,0.0005677206236659487,0.022816638993303082,0.02569210258007349,0.0035421196513902168,0.003988514761579142,0.7630108673480667,0.74134578332886,0.0014081427140203995,1.6007608535844393,1.5907189439264589,0.14233885483757758,0.0002116783449331291,,,,,,
1,8000,layer_004.wv,wv,exploratory,momentum_proxy,1,0.0005382806606530363,0.0005584049450491326,0.02435980194107756,0.025270523090709953,0.0038330051145067244,0.003976306723972765,0.8443553334545927,0.5694953887024342,0.001079990839660372,1.5883497052352022,1.571003423771297,0.1404330661119686,0.0003787208601610945,,,,,,
1,8000,layer_004.wv,wv,exploratory,momentum_proxy,head_ratio,0.000521509735001167,0.0005630820496122117,0.03337662304007469,0.03603725117518155,0.003688470123584762,0.003982497694154967,0.8040020444714807,0.6554376567949814,0.0014081427140203995,1.594375271542658,1.5810086569147097,0.14138917153389352,0.0003067875581202635,0.02569210258007349,0.025270523090709953,0.9835910864807729,1.5907189439264589,1.571003423771297,0.9876059059770189
1,8000,layer_005.wv,wv,exploratory,momentum_proxy,0,0.0005140802911771257,0.0005596534592872348,0.023264618237804832,0.02532702439529684,0.0033439466283862376,0.003640387173690417,0.7594137719950138,0.7291688097226032,0.001482923519247989,1.539146183946682,1.5448759572083623,0.15373459815811025,0.00018739705579372945,,,,,,
1,8000,layer_005.wv,wv,exploratory,momentum_proxy,1,0.0005475201675982016,0.0005555489558519514,0.024777934294085334,0.025141275773697326,0.0035113597819300137,0.003562850057248124,0.8105912737897919,0.6201511340327739,0.0014594929711633994,1.5687676151293728,1.5631503759458676,0.1559282447830675,0.0002584122350033256,,,,,,
1,8000,layer_005.wv,wv,exploratory,momentum_proxy,head_ratio,0.000531063498888561,0.0005576049842138976,0.033988063928867905,0.03568671898968945,0.003429860484465517,0.0036012780115727526,0.7852285843259588,0.6734302616109652,0.001482923519247989,1.5545348888080979,1.5540459365287833,0.1548353063612493,0.00022571501912762928,0.02532702439529684,0.025141275773697326,0.9926659911286694,1.5448759572083623,1.5631503759458676,1.0118290524570839
1,8000,layer_006.wv,wv,exploratory,momentum_proxy,0,0.000549030736826126,0.0005814902185032745,0.02484629485373443,0.026315243308628007,0.003642118420241616,0.0038574456655089016,0.8243854758947435,0.612772025122057,0.001174286763944772,1.6075758197711347,1.596779155048913,0.15074488895660446,0.00031968442898688365,,,,,,
1,8000,layer_006.wv,wv,exploratory,momentum_proxy,1,0.0004965199024141437,0.0005501142701212779,0.022469925759431925,0.024895329973135597,0.0031862544287233775,0.003530178792341437,0.7535121175287678,0.7468859525310014,0.0012930381009048642,1.5693567914689086,1.578739239790374,0.15583184379066747,0.0001940934413740128,,,,,,
1,8000,layer_006.wv,wv,exploratory,momentum_proxy,head_ratio,0.0005234342191112412,0.0005660196924162852,0.03349979002311943,0.03622526031464225,0.003414232863696338,0.003692007447713828,0.7915075474470663,0.6764088924888316,0.0012930381009048642,1.5890654327265854,1.5878422323050756,0.1533094665794288,0.00026445264048698515,0.026315243308628007,0.024895329973135597,0.9460421733958713,1.596779155048913,1.578739239790374,0.9887023103968398
1,8000,layer_007.wv,wv,exploratory,momentum_proxy,0,0.0005477261930463017,0.0005830977694343669,0.024787257941538042,0.026387992759154613,0.003364202719266982,0.0035814593613268763,0.7913991049917173,0.6695630502841246,0.00145990377754188,1.5950966171488514,1.594405632566412,0.16281010353788802,0.00022861481769502042,,,,,,
1,8000,layer_007.wv,wv,exploratory,momentum_proxy,1,0.0005329962361122181,0.0005512058899588586,0.024120656185718757,0.02494473104767199,0.0032912743907461328,0.0034037197764902483,0.7542576308800579,0.7137530320827739,0.0012903163014281616,1.5635754300139788,1.5557998472856998,0.1619422062198186,0.00019874929039832915,,,,,,
1,8000,layer_007.wv,wv,exploratory,momentum_proxy,head_ratio,0.0005404114035893329,0.0005673759520127159,0.034586329829717315,0.03631206092881382,0.0033281332110546903,0.003494194860629259,0.7735222225030982,0.6914087223518418,0.00145990377754188,1.579591348014958,1.575694575381813,0.16237673473955572,0.00021420319244069028,0.026387992759154613,0.02494473104767199,0.9453061199214585,1.594405632566412,1.5557998472856998,0.9757867229692541
1,8000,layer_008.wv,wv,exploratory,momentum_proxy,0,0.0005336135478976228,0.000571809134302788,0.024148592528090988,0.025877127450234284,0.003530569256606584,0.003783284285359956,0.7724119374566861,0.7020546987213984,0.0012865266661377245,1.5445591682425635,1.5531881548843873,0.15114093765448663,0.0002363778824716808,,,,,,
1,8000,layer_008.wv,wv,exploratory,momentum_proxy,1,0.0005085590445012315,0.0005539951535006494,0.023014755136036607,0.025070958706226654,0.0031792741657961174,0.003463319546756392,0.7930202045157435,0.6774408159605212,0.0012386793738898769,1.5791170090848126,1.563983875640683,0.15996073882916736,0.0002316556305605964,,,,,,
1,8000,layer_008.wv,wv,exploratory,momentum_proxy,head_ratio,0.0005212368560663636,0.0005629726086473089,0.03335915878824727,0.03603024695342777,0.0033495641681102525,0.0036177658114653617,0.7822790725179285,0.6904485875103742,0.0012865266661377245,1.5619261198419991,1.5586656822266,0.15561333651369746,0.00023402866757325186,0.025877127450234284,0.025070958706226654,0.9688462815063992,1.5531881548843873,1.563983875640683,1.0069506844501395
1,8000,layer_009.wv,wv,exploratory,momentum_proxy,0,0.0005494962802369257,0.0005576349542834946,0.024867362943508067,0.025235677286432605,0.003470131176686298,0.003521527824055247,0.8027683903851884,0.6328704804407665,0.0012484284583830427,1.6064526444417464,1.5950946786149,0.1583502905966948,0.00023657561603141185,,,,,,
1,8000,layer_009.wv,wv,exploratory,momentum_proxy,1,0.0005439928779453195,0.0005585463393538834,0.024618307386388563,0.025276921866499425,0.003179765498773392,0.003264833881744636,0.7780252987409311,0.6756790082068223,0.001496210102076602,1.5657808573961927,1.5526148646036162,0.1710795585885711,0.0002613808763010632,,,,,,
1,8000,layer_009.wv,wv,exploratory,momentum_proxy,head_ratio,0.0005467515035413479,0.0005580908328598395,0.034992096226646265,0.03571781330302973,0.0033169052016004123,0.003385696014530149,0.7904354851152753,0.6544094004170816,0.001496210102076602,1.585416121512394,1.5730145269322788,0.16483784440916174,0.00024928696776662203,0.025235677286432605,0.025276921866499425,1.0016343757926003,1.5950946786149,1.5526148646036162,0.9733684686051544
1,8000,layer_010.wv,wv,exploratory,momentum_proxy,0,0.0005485777803394927,0.0005540066686948736,0.024825796383124456,0.025071479824429706,0.003124845646852504,0.0031557700458211637,0.8066083753205401,0.625067122596609,0.0014581986190781299,1.5582937355894169,1.541331542636518,0.1755535608269314,0.0003152302240214165,,,,,,
1,8000,layer_010.wv,wv,exploratory,momentum_proxy,1,0.0005407544696889085,0.0005601904552426099,0.024471753758333603,0.02535132605811383,0.0031989201155047486,0.0033138968168312556,0.7827072852684196,0.6719354900523911,0.0013402717260955627,1.5701233851003769,1.5733852882631074,0.16904281762709303,0.0002493057764080462,,,,,,
1,8000,layer_010.wv,wv,exploratory,momentum_proxy,head_ratio,0.0005446801710961844,0.000557107141896114,0.034859530950155794,0.0356548570813513,0.003160700530459879,0.003232812450965998,0.7946129266278852,0.64858812878463,0.0014581986190781299,1.5640549271206063,1.5571503451420399,0.1723289396913962,0.00028418608717441744,0.025071479824429706,0.02535132605811383,1.0111619352205705,1.541331542636518,1.5733852882631074,1.020796139402792
1,8000,layer_011.wv,wv,exploratory,momentum_proxy,0,0.0005475899915963534,0.0005813700077654596,0.02478109416753063,0.026309803191643666,0.0032239212092656207,0.003422800137383784,0.7961449781715814,0.6608074956892086,0.0013445591439777797,1.6066783924712214,1.5991469393367097,0.16985216326706987,0.0004039373849120332,,,,,,
1,8000,layer_011.wv,wv,exploratory,momentum_proxy,1,0.0005204312826564115,0.0005607033520226426,0.023552031302909532,0.02537453711675126,0.0029916663325638875,0.003223167777770386,0.7562807416495848,0.7287973153381944,0.0012688835016305515,1.569550143582536,1.5467123404047327,0.1739603367499867,0.00029500955660281293,,,,,,
1,8000,layer_011.wv,wv,exploratory,momentum_proxy,head_ratio,0.0005341832639010193,0.000571130166817792,0.03418772888966524,0.036552330676338694,0.003107188562191186,0.003322097942378462,0.7770591266051221,0.6939056733461988,0.0013445591439777797,1.588349326388817,1.5730890421315245,0.17191852158605853,0.00035369199129790905,0.026309803191643666,0.02537453711675126,0.9644518026957549,1.5991469393367097,1.5467123404047327,0.9672108937320508
1,8000,layer_012.wv,wv,exploratory,momentum_proxy,0,0.0005507942860754997,0.0005719865786196757,0.024926103982258502,0.025885157663338564,0.0030928844376463833,0.0032118858751430442,0.7595962771643324,0.7076632859313003,0.001569396781115305,1.5839121158712097,1.58379249983833,0.17808434074395685,0.0004267879627069461,,,,,,
1,8000,layer_012.wv,wv,exploratory,momentum_proxy,1,0.0005391716852637758,0.0005657093565119093,0.024400125111922865,0.02560108301889595,0.0028653012631175093,0.0030063294829326395,0.800187851823749,0.649396705332971,0.0013623233952598998,1.6519957658217432,1.6079716180235697,0.1881727733847943,0.0003835326572660494,,,,,,
1,8000,layer_012.wv,wv,exploratory,momentum_proxy,head_ratio,0.0005450139685198902,0.0005688566261221544,0.03488089398527297,0.036406824071817875,0.00297499931914388,0.003105146240563065,0.7795533629851288,0.6797755259703249,0.001569396781115305,1.6184665079917004,1.5961327081111214,0.18319801453827889,0.0004057371466239581,0.025885157663338564,0.02560108301889595,0.9890255779726251,1.58379249983833,1.6079716180235697,1.015266594700826
1,8000,layer_013.wv,wv,exploratory,momentum_proxy,0,0.0005454467539797881,0.0005529113908532299,0.02468410230497912,0.02502191320752669,0.0029590746788143315,0.0029995706901987233,0.824860062723193,0.5960376422527264,0.0011950734735636376,1.5563542681589269,1.5651805486791353,0.18433017520137168,0.0005632343385449235,,,,,,
1,8000,layer_013.wv,wv,exploratory,momentum_proxy,1,0.0005570775879009768,0.000566924976983389,0.025210453763316844,0.02565609572153483,0.003242504138697025,0.0032998214685422116,0.7721634742512982,0.6812051066962592,0.0013928528936314674,1.5549088739117607,1.5638150130200361,0.1718047422831769,0.00041741917960283487,,,,,,
1,8000,layer_013.wv,wv,exploratory,momentum_proxy,head_ratio,0.0005512928443072057,0.0005599620235618079,0.035282742035661174,0.035837569507955705,0.0030940644631402905,0.0031427191840082257,0.7979026322592804,0.6409352945295299,0.0013928528936314674,1.5556651942137927,1.56452039570651,0.17817755605120025,0.0004957175060538215,0.02502191320752669,0.02565609572153483,1.0253450848761387,1.5651805486791353,1.5638150130200361,0.9991275539040838
1,8000,layer_014.wv,wv,exploratory,momentum_proxy,0,0.0005699530984727069,0.0005416778788951435,0.025793132856853446,0.024513542488672088,0.0031313972334924087,0.0029760494608443893,0.818887458458434,0.5888262219939031,0.0012775726703351878,1.554750163370137,1.5608942038843554,0.18201239126632468,0.0004241433575741412,,,,,,
1,8000,layer_014.wv,wv,exploratory,momentum_proxy,1,0.0005437503347653661,0.000559754535727453,0.024607331135042924,0.025331598592819818,0.003062276412234729,0.003152408379002182,0.7810649514709118,0.6720299299147189,0.001351465440881279,1.5798107473170149,1.5573412038469563,0.177564093363002,0.00046914640834506114,,,,,,
1,8000,layer_014.wv,wv,exploratory,momentum_proxy,head_ratio,0.0005570058173017975,0.0005507903706274276,0.03564837230731504,0.03525058372015537,0.0030978844496020114,0.003063316165031604,0.7994729377966778,0.6298439552367343,0.001351465440881279,1.5668313011626818,1.5591153817255186,0.17980199919120832,0.0004472113260178775,0.024513542488672088,0.025331598592819818,1.0333715987612055,1.5608942038843554,1.5573412038469563,0.9977237406426667
1,8000,layer_015.wv,wv,exploratory,momentum_proxy,0,0.0005574354325754007,0.000547327739228823,0.02522664796465423,0.024769225980173,0.0029324051447533867,0.0028792333328465708,0.8236111828265039,0.5888205873438662,0.0010954349708832429,1.5846833082688374,1.5850387901464866,0.19009495791287762,0.0005807930227380822,,,,,,
1,8000,layer_015.wv,wv,exploratory,momentum_proxy,1,0.0005526015571074661,0.0005571164836436961,0.0250078917327958,0.025212213983696757,0.0030840010059138647,0.00310919825300858,0.7799263100823737,0.6661908696158204,0.0012364491823364226,1.5446846585130711,1.5662545627639235,0.17918332583154162,0.00048807935334900553,,,,,,
1,8000,layer_015.wv,wv,exploratory,momentum_proxy,head_ratio,0.0005550237573330172,0.0005522438005432254,0.03552152046931311,0.03534360323476642,0.0030046804281540457,0.002989630834966289,0.801600243576471,0.628360679645295,0.0012364491823364226,1.565364836781527,1.5758370717851025,0.18471972996942032,0.0005364429095564699,0.024769225980173,0.025212213983696757,1.0178846122958527,1.5850387901464866,1.5662545627639235,0.9881490424718078
1,8000,layer_016.wv,wv,exploratory,momentum_proxy,0,0.0005521711780916621,0.0005795899403496823,0.024988415001880263,0.026229246536241087,0.003386170184655353,0.0035543147726781075,0.7889241458012495,0.667517740475377,0.001219297419988421,1.542763749088452,1.5270095574865552,0.16306657609645886,0.00047706749872578795,,,,,,
1,8000,layer_016.wv,wv,exploratory,momentum_proxy,1,0.0005686948941239213,0.0005523910335403762,0.02573619302791619,0.024998364523714914,0.0034080671339521006,0.0033103615769206527,0.8005277454069608,0.6231605833582742,0.001199172224122906,1.5648799484139708,1.5535871166036122,0.1668672804178142,0.0004695109360744635,,,,,,
1,8000,layer_016.wv,wv,exploratory,momentum_proxy,head_ratio,0.0005604939306173405,0.0005661538452092122,0.03587161155950979,0.03623384609338958,0.003397388501859926,0.003431695615114043,0.7940750729329447,0.6450664459589296,0.001219297419988421,1.554113319750813,1.540154142175377,0.16497787353742266,0.0004733042982236685,0.026229246536241087,0.024998364523714914,0.9530721551293722,1.5270095574865552,1.5535871166036122,1.0174049723439869
1,8000,layer_017.wv,wv,exploratory,momentum_proxy,0,0.0005583381574985784,0.0005706612195906217,0.025267500631196635,0.025825178760493703,0.003450250782128717,0.0035264011473693396,0.8258558804393547,0.5970447422640491,0.0011392916437769308,1.5588577986590684,1.5598784573749729,0.16182538393748241,0.0005356201534417015,,,,,,
1,8000,layer_017.wv,wv,exploratory,momentum_proxy,1,0.000561827205399794,0.0005554482098142304,0.025425396914770023,0.025136716528484516,0.0037199005728809423,0.003677664758906328,0.7658095881219559,0.6805819081248304,0.0013766525936874906,1.5610955426362272,1.5631303486940313,0.15103285541975578,0.0005376043998486593,,,,,,
1,8000,layer_017.wv,wv,exploratory,momentum_proxy,head_ratio,0.0005600853983305803,0.0005631060918381585,0.03584546549315714,0.03603878987764214,0.0035783135680967347,0.0035976123903753484,0.7960348275333248,0.6404369696390041,0.0013766525936874906,1.559949232892284,1.5614284577080964,0.15652216824264611,0.0005366131937949108,0.025825178760493703,0.025136716528484516,0.9733414340170079,1.5598784573749729,1.5631303486940313,1.002084708140999
1,8000,layer_018.wv,wv,exploratory,momentum_proxy,0,0.0005597097953580919,0.0005664950791809502,0.025329573874831465,0.025636640767850237,0.004042150469009614,0.004091152895649979,0.7888687745176197,0.6538565924890383,0.0014344713097183851,1.5606628075925852,1.561625820950245,0.1384683226538148,0.0004569365582537786,,,,,,
1,8000,layer_018.wv,wv,exploratory,momentum_proxy,1,0.0005618149204743913,0.0005599053933414213,0.02542484096251027,0.025338425629096967,0.003923919791416568,0.003910582959238845,0.8232190262271613,0.5936091257421714,0.0012194943900519367,1.5977829515193447,1.5939758611722112,0.14317696342910502,0.0004693956331889798,,,,,,
1,8000,layer_018.wv,wv,exploratory,momentum_proxy,head_ratio,0.0005607633457562307,0.0005632098739497749,0.03588885412839876,0.036045431932785595,0.003981497453899723,0.003998868143063356,0.8059515975689527,0.6243468977761204,0.0014344713097183851,1.5795655635374881,1.5779738984136313,0.14084232182717707,0.0004632079871535529,0.025636640767850237,0.025338425629096967,0.9883676203347496,1.561625820950245,1.5939758611722112,1.0207156156026425
2,500,layer_000.wq,wq,wqwk,momentum_proxy,0,0.0005567489427023561,0.0005537858615527418,0.025195580979409705,0.025061487233867415,0.006516313172510893,0.00648163261320398,0.8428667863362107,0.5591262742686621,0.0011618365832752747,1.673425148945866,1.6763392867469125,0.08543925498409209,0.00031983836949783134,,,,,,
2,500,layer_000.wq,wq,wqwk,momentum_proxy,1,0.0005589384379994439,0.0005666521153005347,0.025294666225614302,0.02564374741137341,0.006527249919547799,0.006617329785450692,0.8028476921705034,0.6324054918146448,0.001336643889472397,1.666036609092224,1.683449688906467,0.085631536234814,0.00023656362162512702,,,,,,
2,500,layer_000.wq,wq,wqwk,momentum_proxy,head_ratio,0.0005578447645507886,0.0005602559237662209,0.03570206493125047,0.03585637912103814,0.00652179613130972,0.006549985136284681,0.8225509253789198,0.5970350066627779,0.001336643889472397,1.6697187646909577,1.679932737264491,0.08553544963981592,0.00028129959978591114,0.025061487233867415,0.02564374741137341,1.0232332651319729,1.6763392867469125,1.683449688906467,1.0042416247210628
2,500,layer_001.wq,wq,wqwk,momentum_proxy,0,0.0005413007272732514,0.0005811011142901352,0.024496474554632067,0.02629763446205527,0.0062224077186402525,0.00667992462726563,0.8182602137953483,0.6289765603958857,0.0014735287843600925,1.5896219985158588,1.5851186807745987,0.0869921663364642,5.491372152758602e-05,,,,,,
2,500,layer_001.wq,wq,wqwk,momentum_proxy,1,0.0005272929642377671,0.000586953416611982,0.02386255556380677,0.026562479432124496,0.006105903591095093,0.006796754778394106,0.6756702142538514,0.8572361209732632,0.0015368699870213116,1.5920278909278605,1.5923005698870176,0.0863578922220089,2.6524027109731132e-05,,,,,,
2,500,layer_001.wq,wq,wqwk,momentum_proxy,head_ratio,0.0005343427493104038,0.0005840345958510146,0.034197935955865844,0.03737821413446493,0.006164857133356173,0.0067381654359594655,0.7474199271231201,0.7488567384154469,0.0015368699870213116,1.5908038674702225,1.5887136892495115,0.08667560946696354,4.312215686933468e-05,0.02629763446205527,0.026562479432124496,1.0100710567884488,1.5851186807745987,1.5923005698870176,1.0045308210669182
2,500,layer_002.wq,wq,wqwk,momentum_proxy,0,0.00040887877637775256,0.0005728512295391034,0.018503741149437876,0.0259242872971617,0.00443795193323707,0.006217701598777883,0.580429682007322,1.1560646405806745,0.0015348985541262048,1.6534561710724902,1.6116108014603012,0.09213231295173446,7.093098731867724e-06,,,,,,
2,500,layer_002.wq,wq,wqwk,momentum_proxy,1,0.0005567633330483295,0.0005848645103624333,0.025196232212127877,0.02646794632656809,0.006040685327663468,0.0063455731667421975,0.9030362956911789,0.4541617016231566,0.0011533482114967353,1.5908755584676926,1.595247148001477,0.09216890184605682,4.1604471076748366e-05,,,,,,
2,500,layer_002.wq,wq,wqwk,momentum_proxy,head_ratio,0.0004884502343121831,0.000578889033695557,0.03126081499597972,0.037048898156515644,0.00530056435300646,0.0062819881347254995,0.7603818698348785,0.7760484970410211,0.0015348985541262048,1.6168085729769415,1.6033396723858864,0.09215060921487278,2.9843291232670824e-05,0.0259242872971617,0.02646794632656809,1.0209710308782882,1.6116108014603012,1.595247148001477,0.9898463987434206
2,500,layer_003.wq,wq,wqwk,momentum_proxy,0,0.0004571303450492999,0.0005560283590851262,0.0206873578797124,0.02516297108743177,0.004824018544820727,0.005867672414929294,0.6623274705294928,0.9318036849048796,0.0017233613493287253,1.628256238917291,1.618130554123839,0.09476131586187511,3.846598646798993e-06,,,,,,
2,500,layer_003.wq,wq,wqwk,momentum_proxy,1,0.0004975385770002624,0.0005417254476889143,0.02251602570872261,0.02451569520653758,0.005140472728994807,0.00559700296454781,0.8346947852222667,0.6065143342603755,0.0012150382491192607,1.6571456327652903,1.6394088815353915,0.096788486824159,1.037147681604779e-05,,,,,,
2,500,layer_003.wq,wq,wqwk,momentum_proxy,head_ratio,0.0004777618590722464,0.0005489234904705084,0.03057675898062377,0.035131103390112536,0.004988103354830408,0.005731070934959484,0.7498881721365908,0.7726036534753121,0.0017233613493287253,1.643420728249932,1.6287242351232494,0.0957802645788381,7.821887639674093e-06,0.02516297108743177,0.02451569520653758,0.9742766512489661,1.618130554123839,1.6394088815353915,1.0131499447663999
2,500,layer_004.wq,wq,wqwk,momentum_proxy,0,0.00046804077361331325,0.0005719196384989175,0.02118110751320138,0.025882128299285986,0.0049314453498491345,0.006025950303408909,0.6813210774167577,0.9099861471525513,0.0016302604236395554,1.612146113638471,1.61680272115069,0.09490945157237358,2.4395575951074045e-06,,,,,,
2,500,layer_004.wq,wq,wqwk,momentum_proxy,1,0.000507079813520735,0.0005568814371962546,0.02294781278357258,0.025201576995736455,0.005239622028678661,0.005754218897882464,0.8274031859209207,0.6234915422399229,0.0010920843424182154,1.654629649509567,1.6522677063020315,0.09677793755833404,6.421503720937112e-06,,,,,,
2,500,layer_004.wq,wq,wqwk,momentum_proxy,head_ratio,0.0004879508699883483,0.0005644506213985855,0.031228855679254288,0.03612483976950947,0.0050908689664335115,0.005889003029404962,0.7552388370830094,0.7686661515615395,0.0016302604236395554,1.6344015729368677,1.6344448235906386,0.09584824775605845,4.857321859721435e-06,0.025882128299285986,0.025201576995736455,0.9737057441459207,1.61680272115069,1.6522677063020315,1.0219352582027452
2,500,layer_005.wq,wq,wqwk,momentum_proxy,0,0.0004745716862786855,0.0005568880202797244,0.021476662881714775,0.02520187491208606,0.005110580648899181,0.005997031054174707,0.7031129351053317,0.8525566677278582,0.0018487302638874135,1.607654884372813,1.6034160278262632,0.0928606197381717,2.5159261914052635e-06,,,,,,
2,500,layer_005.wq,wq,wqwk,momentum_proxy,1,0.0005023028311360527,0.0005741536085478951,0.022731631238752263,0.02598322624300436,0.005225528870320705,0.005973002880911886,0.8041656606790057,0.6842187301258446,0.0015105611307048537,1.661435204502916,1.6355543093114993,0.09612478346239142,4.7654187988868265e-06,,,,,,
2,500,layer_005.wq,wq,wqwk,momentum_proxy,head_ratio,0.0004886340243907954,0.0005655867012844451,0.03127257756101091,0.036197548882204486,0.0051703586301838226,0.005984614120453615,0.7557789488305073,0.7682227376699737,0.0018487302638874135,1.6357450454577607,1.6200014703552246,0.09450679524205907,3.8104527899832955e-06,0.02520187491208606,0.02598322624300436,1.0310036984805282,1.6034160278262632,1.6355543093114993,1.020043632424459
2,500,layer_006.wq,wq,wqwk,momentum_proxy,0,0.0004637516476166739,0.000567008779275805,0.020987003828235797,0.025659888180366595,0.004891129085502987,0.0059801687957425605,0.6832391060456656,0.907829837408704,0.0013175805270467574,1.6434644261517337,1.631118959373599,0.09481484530661971,2.056729641240236e-06,,,,,,
2,500,layer_006.wq,wq,wqwk,momentum_proxy,1,0.0005083835169814766,0.0005607995161357402,0.023006811667268375,0.02537888900772586,0.005334221104737121,0.005884196703030848,0.8133287942924123,0.6499734723397612,0.001234414065605087,1.6761126419256507,1.6534681117989787,0.09530604506251164,4.514805280056932e-06,,,,,,
2,500,layer_006.wq,wq,wqwk,momentum_proxy,head_ratio,0.000486579588045797,0.0005639126940732576,0.03114109363493101,0.03609041242068848,0.005118616508999931,0.005932128877642787,0.7499216642679896,0.777757685697801,0.0013175805270467574,1.6604838268056359,1.6422540704259898,0.09506076245216984,3.5081051533545954e-06,0.025659888180366595,0.02537888900772586,0.9890490881852034,1.631118959373599,1.6534681117989787,1.0137017305187614
2,500,layer_007.wq,wq,wqwk,momentum_proxy,0,0.0004933576108487492,0.0005590641745641013,0.02232681677959324,0.02530035641297509,0.005292854126568795,0.005997769281936847,0.7948574808699007,0.694741213618419,0.0014916669057682096,1.6265437034997194,1.5891848501683035,0.09321201738249658,4.952178427419913e-06,,,,,,
2,500,layer_007.wq,wq,wqwk,momentum_proxy,1,0.00045914923546387155,0.000553665343217079,0.020778722430279836,0.02505603319659352,0.005015558183148049,0.006048013430954299,0.6957582939528193,0.880973593798819,0.0013869458126959389,1.636133297903469,1.639872979480419,0.09154499234134765,2.7910157360794305e-06,,,,,,
2,500,layer_007.wq,wq,wqwk,momentum_proxy,head_ratio,0.00047656046447929547,0.0005563713074740312,0.03049986972667491,0.035607763678338,0.005158570901042801,0.006022490430561865,0.7469673242752487,0.7866794416282564,0.0014916669057682096,1.6311006003013941,1.6141628992121317,0.09238226509263628,4.019567141872752e-06,0.02530035641297509,0.02505603319659352,0.9903430919156431,1.5891848501683035,1.639872979480419,1.0318956786598785
2,500,layer_008.wq,wq,wqwk,momentum_proxy,0,0.0004968250480221483,0.0005919920082183611,0.022483735073266762,0.026790500058844507,0.005403611549015376,0.006438674670828866,0.7654639289138534,0.771760664447777,0.0013902581917436818,1.64726494543211,1.6142520151379107,0.09194314645224226,2.7684700440133137e-06,,,,,,
2,500,layer_008.wq,wq,wqwk,momentum_proxy,1,0.0004889633474767863,0.0005555275256534905,0.022127955120160626,0.025140305953623474,0.005260326257397571,0.005976431658900349,0.7141418980241824,0.8173604256343907,0.0014488220822329347,1.6038140585534757,1.589238474511379,0.0929530457904887,2.2207438486320246e-06,,,,,,
2,500,layer_008.wq,wq,wqwk,momentum_proxy,head_ratio,0.0004929098718416555,0.0005740493748594704,0.03154623179786595,0.036739159991006104,0.005331667607442156,0.006209330816555184,0.7406130759380607,0.7945240282677073,0.0014488220822329347,1.6255762152603122,1.6020503095910652,0.09244947512362403,2.5095945514999086e-06,0.026790500058844507,0.025140305953623474,0.9384037587355057,1.6142520151379107,1.589238474511379,0.9845045628613357
2,500,layer_009.wq,wq,wqwk,momentum_proxy,0,0.0005061086533539339,0.0005698533413115305,0.022903863091440532,0.02578861836308451,0.005493906946133686,0.0061858678158571625,0.7704954669094545,0.7298527839729613,0.0013599150323886783,1.6389106467194532,1.6106043858256824,0.09212181027385362,6.122045181323443e-06,,,,,,
2,500,layer_009.wq,wq,wqwk,momentum_proxy,1,0.0004943375404266301,0.0005809220935839155,0.02237116332996795,0.02628953290971346,0.0051989467324009735,0.00610955627122939,0.7127012119742865,0.8401894774007864,0.0015631539770255831,1.609810310480238,1.610259857689227,0.09508417105830504,3.32283083095427e-06,,,,,,
2,500,layer_009.wq,wq,wqwk,momentum_proxy,head_ratio,0.0005002577200177836,0.0005754143330756696,0.03201649408113816,0.03682651731684285,0.005343793992521685,0.006146623096973545,0.7414908408287015,0.7856613553406656,0.0015631539770255831,1.6242753695058407,1.6104269757661636,0.09361470908456879,4.925476724810799e-06,0.02578861836308451,0.02628953290971346,1.0194238613165099,1.6106043858256824,1.610259857689227,0.9997860876702638
2,500,layer_010.wq,wq,wqwk,momentum_proxy,0,0.000507504442614667,0.0005784149055906557,0.02296702930272833,0.026176070533281876,0.005404246319399566,0.006159348297562685,0.7739486648747494,0.731296747849929,0.0015812777374399206,1.7064500006464691,1.680894290424246,0.0939084587600835,3.9044134670862585e-06,,,,,,
2,500,layer_010.wq,wq,wqwk,momentum_proxy,1,0.0004860010694779162,0.0005726695948681908,0.021993897721071937,0.025916067450281632,0.005321074612225985,0.006269981351523206,0.7084109396443019,0.8479255723342632,0.0017675809167121137,1.6529387098965176,1.6259098768735376,0.09133513526783751,3.2740766052228246e-06,,,,,,
2,500,layer_010.wq,wq,wqwk,momentum_proxy,head_ratio,0.0004968690968491109,0.00057554941920566,0.0317996221983431,0.03683516282916223,0.005363976709594335,0.006213374306064432,0.7419496648395916,0.7892412680140742,0.0017675809167121137,1.680602335462275,1.6538865365007127,0.09263073345571782,3.603055796045348e-06,0.026176070533281876,0.025916067450281632,0.9900671461490119,1.680894290424246,1.6259098768735376,0.9672885952055731
2,500,layer_011.wq,wq,wqwk,momentum_proxy,0,0.0005162365800719697,0.0005951934139236285,0.023362200733788283,0.02693537914259004,0.005580092175808923,0.006433550508306134,0.7397431862505225,0.7896311837269991,0.0017699909932168342,1.6224088818891247,1.6037736344351057,0.09251398790686341,4.641783221835898e-06,,,,,,
2,500,layer_011.wq,wq,wqwk,momentum_proxy,1,0.0004964767776584351,0.0005824203155221524,0.022467974155771217,0.02635733469481745,0.005451150603395362,0.006394782187723052,0.7426808969064663,0.796047484910004,0.0013118375730848848,1.6718577432917374,1.65180509335239,0.09107742819455296,5.579005938247341e-06,,,,,,
2,500,layer_011.wq,wq,wqwk,momentum_proxy,head_ratio,0.0005064530567379895,0.000588841499858403,0.03241299563123133,0.0376858559909378,0.0055170068831791284,0.006414498964118204,0.7411396471446479,0.7927206706062571,0.0017699909932168342,1.646429073829941,1.6273243340072685,0.09179851819328354,5.131834892975238e-06,0.02693537914259004,0.02635733469481745,0.9785395837677818,1.6037736344351057,1.65180509335239,1.029949026399977
2,500,layer_012.wq,wq,wqwk,momentum_proxy,0,0.0004881203627925747,0.0005584851933310753,0.022089805988215507,0.025274154713387738,0.005331025695414463,0.006099517953160399,0.7914607791492776,0.7056789757050387,0.0013299240805970704,1.6316776983277426,1.6122711838792627,0.09156218534313887,1.3266430317761563e-05,,,,,,
2,500,layer_012.wq,wq,wqwk,momentum_proxy,1,0.00045361023227366034,0.0005597475773910128,0.020528055760403847,0.025331283694459326,0.004864654586277042,0.006002903871599389,0.6897966504121397,0.9057151832247591,0.0015417841663557842,1.6219594929711825,1.5541553816952325,0.09324613376523655,6.630238276483632e-06,,,,,,
2,500,layer_012.wq,wq,wqwk,momentum_proxy,head_ratio,0.00047118135117814184,0.0005591167416404004,0.030155606475401078,0.035783471464985624,0.005098924058168053,0.006050523430408259,0.7419050002138577,0.8045837799556796,0.0015417841663557842,1.6268929708016413,1.5829101247706994,0.09240799545216771,1.0487092852143815e-05,0.025274154713387738,0.025331283694459326,1.0022603715819358,1.6122711838792627,1.5541553816952325,0.9639540774746103
2,500,layer_013.wq,wq,wqwk,momentum_proxy,0,0.0005008288781710507,0.0005855510585997623,0.022664927742003276,0.02649901595307862,0.0057126292442044755,0.006679000047975356,0.7293433198649638,0.8133268035403042,0.0013852063256828556,1.6120120050200295,1.5917247688883749,0.08767046779364285,8.829495145396214e-06,,,,,,
2,500,layer_013.wq,wq,wqwk,momentum_proxy,1,0.0005105316426986097,0.000561801552051042,0.023104024739999646,0.025424235976730814,0.005637144187895926,0.006203251843813808,0.7455445629766178,0.7550517255392809,0.0014559741737848325,1.671317501160476,1.638837932142712,0.09056565269251461,9.769274491448198e-06,,,,,,
2,500,layer_013.wq,wq,wqwk,momentum_proxy,head_ratio,0.0005057035314325055,0.0005737991922764714,0.03236502601168035,0.03672314830569417,0.005673786297515286,0.006437791694753269,0.7370157334713339,0.7841715588150616,0.0014559741737848325,1.64239789589527,1.6151337248726143,0.08912981647792546,9.311248804855226e-06,0.02649901595307862,0.025424235976730814,0.9594407589228633,1.5917247688883749,1.638837932142712,1.0295988126686249
2,500,layer_014.wq,wq,wqwk,momentum_proxy,0,0.00047839335607938535,0.0005820136827577286,0.021649611914132737,0.026338932596566143,0.005424546066300946,0.006599506437988367,0.6971820898631186,0.8852868497375161,0.001602692633434549,1.5899220990450529,1.5840787808470713,0.08819048639872769,9.11345269405572e-06,,,,,,
2,500,layer_014.wq,wq,wqwk,momentum_proxy,1,0.0004859506977523987,0.0005444764481328098,0.02199161815699555,0.02464019127494882,0.005306531661413243,0.00594562683884184,0.7840058366410654,0.7060593566622476,0.0017196592304186686,1.597018131709047,1.5960473569795008,0.09157595370362488,3.0615473351770545e-05,,,,,,
2,500,layer_014.wq,wq,wqwk,momentum_proxy,head_ratio,0.0004821868329739732,0.000563557685374148,0.030859957310334283,0.03606769186394548,0.005363641263749141,0.006268776020142575,0.7388613971401834,0.7993067619093318,0.0017196592304186686,1.5935632057541365,1.5899498911617789,0.08989915791589102,2.25871891628835e-05,0.026338932596566143,0.02464019127494882,0.9355045495716561,1.5840787808470713,1.5960473569795008,1.0075555434976722
2,500,layer_015.wq,wq,wqwk,momentum_proxy,0,0.0004944751811196543,0.0005846577155853666,0.022377392236681847,0.02645858786326071,0.005720614702995488,0.006763942158682517,0.7441783480716978,0.7988864384419935,0.0015686947501742515,1.6012133997653073,1.5555246645393617,0.0864374209402238,1.832463090614114e-05,,,,,,
2,500,layer_015.wq,wq,wqwk,momentum_proxy,1,0.0005019898720231023,0.0005767223456281511,0.02271746832604818,0.02609947401315055,0.005698043454669734,0.006546325274301603,0.7353518095980023,0.7938873062821681,0.0015985589606078193,1.5782040988728216,1.5913734618796733,0.08809863877252554,1.6119226905726666e-05,,,,,,
2,500,layer_015.wq,wq,wqwk,momentum_proxy,head_ratio,0.0004982466940969531,0.0005807035854635031,0.031887788422205,0.0371650294696642,0.00570912541777738,0.006653952026662164,0.7396855328103664,0.7963530961988471,0.0015985589606078193,1.5895112190453273,1.5734964072632804,0.08727198259570303,1.7257195222350087e-05,0.02645858786326071,0.02609947401315055,0.9864273236362394,1.5555246645393617,1.5913734618796733,1.0230461130945343
2,500,layer_016.wq,wq,wqwk,momentum_proxy,0,0.000514875063746232,0.0005875740543865451,0.023300585538484256,0.026590566291583954,0.0061118264503768616,0.00697480010203959,0.729785796930968,0.7979173831276061,0.0015973799318660803,1.5978753729082127,1.5529412614941709,0.08424242211826619,2.6206793818722113e-05,,,,,,
2,500,layer_016.wq,wq,wqwk,momentum_proxy,1,0.0005025218143391742,0.0005792160197473135,0.02274154128725743,0.026212324821453224,0.005717331841500477,0.006589903360042713,0.7280819154135,0.8063052592401034,0.001473633576773846,1.633834731202536,1.6344888761014218,0.08789446340887759,2.7443744668441556e-05,,,,,,
2,500,layer_016.wq,wq,wqwk,momentum_proxy,head_ratio,0.000508735935999425,0.0005834100045937518,0.03255909990396319,0.03733824029400012,0.005909500200888376,0.006776917641121705,0.7289412688714896,0.8020204495826797,0.0015973799318660803,1.6159857784127072,1.5942594773620216,0.08608781093246205,2.6832397989032084e-05,0.026590566291583954,0.026212324821453224,0.9857753510781586,1.5529412614941709,1.6344888761014218,1.052511718652378
2,500,layer_017.wq,wq,wqwk,momentum_proxy,0,0.0005230539629566187,0.0005738651862068915,0.023670720264519832,0.02597017373784152,0.006189568042427907,0.006790843524309003,0.7372752476329205,0.7654608238133409,0.0015151431817901906,1.60647627095406,1.5810999397365637,0.0845057295389949,4.308138543753349e-05,,,,,,
2,500,layer_017.wq,wq,wqwk,momentum_proxy,1,0.0005190319794349377,0.0005815276078511806,0.02348870606791175,0.026316935357360717,0.0062774173715252285,0.007033268954873932,0.7641368001348918,0.7369017261493981,0.001277862013626202,1.6275555565516477,1.5888287267291032,0.08268240722519112,4.664047619387109e-05,,,,,,
2,500,layer_017.wq,wq,wqwk,momentum_proxy,head_ratio,0.0005210468519436488,0.0005777091009467424,0.03334699852439353,0.036973382460591515,0.0062326894597673314,0.006910475345644801,0.7507019434450194,0.7514271816159431,0.0015151431817901906,1.6168565890423061,1.5849455338840708,0.08359903943667682,4.489621248395224e-05,0.02597017373784152,0.026316935357360717,1.01335230264609,1.5810999397365637,1.5888287267291032,1.004888234322384
2,500,layer_018.wq,wq,wqwk,momentum_proxy,0,0.0005514128542706885,0.0005772075461928973,0.024954097183246936,0.026121431684162883,0.006722944499258306,0.007037438948971199,0.7678344438365834,0.6987420726173538,0.0013391460551512371,1.6135227624951627,1.5965175218107133,0.08201954580043344,5.858446092516963e-05,,,,,,
2,500,layer_018.wq,wq,wqwk,momentum_proxy,1,0.0005252649568583944,0.000573435696778609,0.023770778426510722,0.025950737265061585,0.006259034141141008,0.00683303456098232,0.7227534826758428,0.7834248372646432,0.0017142505933139332,1.6133785202795232,1.6116741872127447,0.08392108830431143,3.8607497142880626e-05,,,,,,
2,500,layer_018.wq,wq,wqwk,momentum_proxy,head_ratio,0.0005384976373014085,0.0005753247125415326,0.03446384878729014,0.03682078160265809,0.006489818336668131,0.006933647634372999,0.7457507000520579,0.7402371773711137,0.0017142505933139332,1.6134243107762916,1.6041532753908905,0.08297576439988195,4.961188314068648e-05,0.026121431684162883,0.025950737265061585,0.9934653497876693,1.5965175218107133,1.6116741872127447,1.009493579115149
2,500,layer_000.wk,wk,wqwk,momentum_proxy,0,0.0005578158224780667,0.0005591654258493523,0.025243862446553113,0.025304938523081,0.006386110368111089,0.006401561195669039,0.85445885056695,0.5401781275528641,0.0011890937680953638,1.6467852471750986,1.6751144369651554,0.08734829032449998,0.0002978686538777825,,,,,,
2,500,layer_000.wk,wk,wqwk,momentum_proxy,1,0.00054903594146955,0.000563679771459875,0.02484653038900859,0.025509234484285503,0.006439971696661038,0.006611737957383405,0.8103525409968055,0.6245981292085787,0.0011055744192248335,1.6499000641533537,1.6666916642293148,0.08525440286549885,0.00023982109436033997,,,,,,
2,500,layer_000.wk,wk,wqwk,momentum_proxy,head_ratio,0.000553443292863974,0.0005614271360641311,0.03542037074329434,0.03593133670810439,0.006412444240967196,0.006504948658329816,0.8324325013508396,0.5832475279987009,0.0011890937680953638,1.6483106327607344,1.670923214546064,0.08630769673257975,0.00027040700089231537,0.025304938523081,0.025509234484285503,1.0080733632693144,1.6751144369651554,1.6666916642293148,0.9949718224916619
2,500,layer_001.wk,wk,wqwk,momentum_proxy,0,0.0005489015705443426,0.0005831350605084235,0.024840449455094452,0.026389680360520574,0.006253170205574724,0.006643163331781197,0.8105051757065553,0.6375859725638422,0.0012762067367984332,1.6172592871981448,1.611295743832266,0.08777972652255574,6.132008533998706e-05,,,,,,
2,500,layer_001.wk,wk,wqwk,momentum_proxy,1,0.0005253561695857357,0.0005668461292042341,0.023774906243344867,0.025652527478378227,0.006169491392194014,0.006656726459654338,0.6877751670080927,0.8246226795563273,0.0015594906383866666,1.6042034606064384,1.6088236992829037,0.08515388646954689,3.0803795765486745e-05,,,,,,
2,500,layer_001.wk,wk,wqwk,momentum_proxy,head_ratio,0.0005372578706114235,0.0005750482731858197,0.0343845037191311,0.03680308948389246,0.006212741847339005,0.00664974245420689,0.7513311095016749,0.7329855802097399,0.0015594906383866666,1.610971728867499,1.6100959388768625,0.08647677367144069,4.8523327893216034e-05,0.026389680360520574,0.025652527478378227,0.972066623313667,1.611295743832266,1.6088236992829037,0.9984658033394399
2,500,layer_002.wk,wk,wqwk,momentum_proxy,0,0.00038540596029229665,0.0005610878739151513,0.017441482754073357,0.025391938591164554,0.004252484928116808,0.006190920673265407,0.599032158640585,1.172720472124698,0.001846235260079012,1.6608269426548035,1.6295839852892093,0.09063076455463696,9.624413701737148e-06,,,,,,
2,500,layer_002.wk,wk,wqwk,momentum_proxy,1,0.000532963668380963,0.0005608302751128688,0.024119182338447186,0.025380281000129703,0.005968205096101593,0.006280259433339339,0.9234981970265326,0.4046447964876095,0.0009029932118283235,1.620601485395553,1.6098011188786263,0.08930049483874018,7.383057197354031e-05,,,,,,
2,500,layer_002.wk,wk,wqwk,momentum_proxy,head_ratio,0.0004650742016296542,0.0005609590893005483,0.029764748904297866,0.03590138171523509,0.005169324033432354,0.006235089566208169,0.7772969656534089,0.7614082359855892,0.001846235260079012,1.6366863821638022,1.6197643000979398,0.08996808840417224,5.264780478349645e-05,0.025391938591164554,0.025380281000129703,0.9995408940127594,1.6295839852892093,1.6098011188786263,0.9878601737687842
2,500,layer_003.wk,wk,wqwk,momentum_proxy,0,0.0004310277820618842,0.0005686002192203427,0.019506090724848362,0.02573190853087115,0.004554660969497331,0.006008385847756551,0.7094536277826861,0.9318976780375476,0.0014341593213194753,1.6304446509669148,1.6307801577857015,0.09463443820483837,5.186525983271481e-06,,,,,,
2,500,layer_003.wk,wk,wqwk,momentum_proxy,1,0.0005083543595127302,0.0005552322472350199,0.023005492150860517,0.025126943177813013,0.005338704312352184,0.005831012830325429,0.8473298952168571,0.58480830536598,0.001117903025048158,1.6316066008941423,1.6394678502855278,0.09522054973836039,1.5630800393295313e-05,,,,,,
2,500,layer_003.wk,wk,wqwk,momentum_proxy,head_ratio,0.00047127969601118257,0.0005619559847830932,0.030161900544715684,0.03596518302611796,0.004964604357915413,0.0059198160977947,0.779791497500459,0.7497830556814336,0.0014341593213194753,1.6308867809840604,1.635077910643357,0.0949279463246228,1.1645213023173751e-05,0.02573190853087115,0.025126943177813013,0.9764896819708361,1.6307801577857015,1.6394678502855278,1.0053273229125026
2,500,layer_004.wk,wk,wqwk,momentum_proxy,0,0.0004495381657161574,0.0005673085738747597,0.020343775064323638,0.02567345533517517,0.004888889062666325,0.006169684564056264,0.678131389406626,0.9386256210682851,0.001457082205479989,1.630879845923212,1.6054644092506876,0.09195098517350817,2.5098728204221464e-06,,,,,,
2,500,layer_004.wk,wk,wqwk,momentum_proxy,1,0.000501134098000909,0.0005538553798145306,0.022678740414735783,0.025064633271264354,0.005307393980346425,0.005865752740706123,0.8302458740221991,0.621525322874201,0.0009991488382410513,1.6595736754099095,1.6563310167094214,0.09442187632134273,8.982890464283932e-06,,,,,,
2,500,layer_004.wk,wk,wqwk,momentum_proxy,head_ratio,0.0004760356849095623,0.0005606223326542173,0.030466283834211988,0.0358798292898699,0.005107973880816742,0.006015608331430728,0.7557459837594407,0.7790279358974539,0.001457082205479989,1.6461238884783167,1.630891066997785,0.0931946200228899,6.595141494616208e-06,0.02567345533517517,0.025064633271264354,0.9762859320663133,1.6054644092506876,1.6563310167094214,1.0316834226692542
2,500,layer_005.wk,wk,wqwk,momentum_proxy,0,0.0004753751404222509,0.0005607867358206481,0.021513023065605177,0.02537831063668795,0.005120710760021666,0.006040759030107262,0.7234604428855904,0.827486531196874,0.0013905771324654558,1.6430089125161897,1.6145304725682803,0.09283381989343989,3.5588804568826267e-06,,,,,,
2,500,layer_005.wk,wk,wqwk,momentum_proxy,1,0.0005079024336676652,0.0005686561329669373,0.022985040321763628,0.025734438898191384,0.005414776318326779,0.006062474912406951,0.7826905070231138,0.7077534487211554,0.0016760807854813153,1.6693918593518027,1.6349157479188816,0.09379933792438026,4.434298097089466e-06,,,,,,
2,500,layer_005.wk,wk,wqwk,momentum_proxy,head_ratio,0.0004919077181021924,0.0005647351417404837,0.03148209395854031,0.03614304907139096,0.00527131557324261,0.006051739051582726,0.7540043131184233,0.7659962648299747,0.0016760807854813153,1.656663969388812,1.6248439603374232,0.0933178276404346,4.020486893414301e-06,0.02537831063668795,0.025734438898191384,1.014032780455788,1.6145304725682803,1.6349157479188816,1.012626132300974
2,500,layer_006.wk,wk,wqwk,momentum_proxy,0,0.00046445230175799003,0.0005661946378222319,0.021018711815089627,0.025623044344035933,0.004991650803734597,0.0060851155398691965,0.7052632226084948,0.8755510382841214,0.0014653983757183311,1.696229408635608,1.6350473977476647,0.09304583193409711,2.3263101688633486e-06,,,,,,
2,500,layer_006.wk,wk,wqwk,momentum_proxy,1,0.0005002756316269456,0.0005486146802544087,0.022639890661490972,0.02482746628264844,0.005380021361982628,0.005899865019743673,0.8146790086472467,0.6448190133005481,0.0013347313254759158,1.6546762201075824,1.6448907622058921,0.0929876663988906,5.9987609273368145e-06,,,,,,
2,500,layer_006.wk,wk,wqwk,momentum_proxy,head_ratio,0.0004826964098727245,0.0005574739614050577,0.03089257023185437,0.035678333529923695,0.005189349129103462,0.0059932639997840225,0.7600764510452389,0.7603830026665928,0.0014653983757183311,1.6745922101858877,1.6398808254448296,0.09301675371302638,4.549552267262124e-06,0.025623044344035933,0.02482746628264844,0.9689506816323067,1.6350473977476647,1.6448907622058921,1.0060202318732698
2,500,layer_007.wk,wk,wqwk,momentum_proxy,0,0.0004825119179499821,0.0005326706162370562,0.021835996747888598,0.024105920312322532,0.005197546887869256,0.00573784895395953,0.7994175439012765,0.6735529729035731,0.0010564261811280354,1.6403794760902404,1.608203146289838,0.09283454836667933,6.408744532807373e-06,,,,,,
2,500,layer_007.wk,wk,wqwk,momentum_proxy,1,0.0004518556789494282,0.0005659888302173879,0.0204486537409787,0.025613730555043616,0.005006155060258552,0.006270647860463679,0.7067931847759943,0.8934959212330501,0.0015507421854717533,1.6534995331875137,1.6221583443598455,0.09026002461180087,2.9820878076581134e-06,,,,,,
2,500,layer_007.wk,wk,wqwk,momentum_proxy,head_ratio,0.0004674351856474965,0.0005495822692432919,0.029915851881439776,0.03517326523157068,0.005105437862809718,0.006002667775719281,0.751720768481516,0.7840333147258313,0.0015507421854717533,1.6466171992629894,1.615249366753903,0.09155633624541838,4.998242400052821e-06,0.024105920312322532,0.025613730555043616,1.062549374725607,1.608203146289838,1.6221583443598455,1.0086775094938736
2,500,layer_008.wk,wk,wqwk,momentum_proxy,0,0.000503240059757395,0.0005562649894063774,0.022774045364427353,0.025173679753338393,0.005407984363693959,0.005977807820447204,0.7627970153225654,0.7317752076132912,0.0016820096593646028,1.6031563326831983,1.6081192912419429,0.09305501383026442,3.6702624290279913e-06,,,,,,
2,500,layer_008.wk,wk,wqwk,momentum_proxy,1,0.0004816011933207233,0.0005476244696080781,0.02179478205597548,0.02478265446422774,0.005324335185402925,0.006054254583169532,0.7333652431557728,0.7906769586195528,0.0012943592750796831,1.5934503869615309,1.5770549725327432,0.09045283148984876,3.956352590760156e-06,,,,,,
2,500,layer_008.wk,wk,wqwk,momentum_proxy,head_ratio,0.000492539474130029,0.000551961637323105,0.03152252634432186,0.03532554478867873,0.005367508523971613,0.006015068738338241,0.7484447355830312,0.7605018863520138,0.0016820096593646028,1.5984775864007468,1.592925831092436,0.09176314707844778,3.815989525689834e-06,0.025173679753338393,0.02478265446422774,0.9844668998357781,1.6081192912419429,1.5770549725327432,0.9806828269032151
2,500,layer_009.wk,wk,wqwk,momentum_proxy,0,0.0005032706569397006,0.0005622680215129159,0.022775430034833337,0.025445345974792092,0.005542426650196759,0.006192153712947291,0.7804814026525746,0.7101035042198955,0.0013030280254104423,1.5988104564646162,1.608777424937205,0.09080330488845251,7.410200996407818e-06,,,,,,
2,500,layer_009.wk,wk,wqwk,momentum_proxy,1,0.0005002797177853547,0.0005688575027977075,0.022640075579911458,0.02574355185645469,0.005401410062187103,0.0061418293213327535,0.7375697917364745,0.7846007369974584,0.0015436231744969664,1.621594699538205,1.6035798111334179,0.0926202069506985,3.7112911090125304e-06,,,,,,
2,500,layer_009.wk,wk,wqwk,momentum_proxy,head_ratio,0.0005017774158747641,0.0005655723589892335,0.0321137546159849,0.03619663097531094,0.005470975838494512,0.0061665443941038445,0.7589351230370582,0.7480580109512199,0.0015436231744969664,1.6102756330128003,1.6061373246242345,0.09171625514121115,5.8602372180227855e-06,0.025445345974792092,0.02574355185645469,1.011719466575853,1.608777424937205,1.6035798111334179,0.9967692151050727
2,500,layer_010.wk,wk,wqwk,momentum_proxy,0,0.0005049175971513475,0.0005578460749132399,0.02284996204071265,0.025245231515484846,0.005499099855523449,0.006075548341485516,0.7698454824272607,0.7207980725527515,0.0014282968693607248,1.6878463366958751,1.660323932932467,0.09181822669471881,5.2521095958993705e-06,,,,,,
2,500,layer_010.wk,wk,wqwk,momentum_proxy,1,0.0004967446881497296,0.0005723437821201843,0.02248009840058052,0.025901322848456844,0.005621057378216104,0.006476520667681594,0.6976885131723061,0.8484111394468736,0.0014740582971112803,1.6308716721167726,1.6038791593795438,0.08837210772386322,3.795070918037178e-06,,,,,,
2,500,layer_010.wk,wk,wqwk,momentum_proxy,head_ratio,0.0005008478137708412,0.0005651414195702456,0.03205426008133384,0.03616905085249572,0.00555808107215397,0.006271569408588439,0.7334370149279085,0.7861563764143148,0.0014740582971112803,1.660094648770022,1.63222344081453,0.09011164235802403,4.581878352830299e-06,0.025245231515484846,0.025901322848456844,1.0259887231602358,1.660323932932467,1.6038791593795438,0.9660037584031989
2,500,layer_011.wk,wk,wqwk,momentum_proxy,0,0.0005136101831775036,0.0005648401627105855,0.023243343578321765,0.025561747797706737,0.0056707886443540505,0.006236420704819426,0.7301528661151757,0.7768365589991932,0.0014082709571360576,1.6115251829295132,1.6089450471158306,0.0905712089426687,5.263350153600215e-06,,,,,,
2,500,layer_011.wk,wk,wqwk,momentum_proxy,1,0.0005056638695722221,0.0005719873300476877,0.02288373447523508,0.0258851916690885,0.0056578176562134125,0.006399903591711849,0.7396635262694127,0.778568087144079,0.0013010812632497856,1.6667388072993499,1.644983774293327,0.0893743666370906,4.765291997651684e-06,,,,,,
2,500,layer_011.wk,wk,wqwk,momentum_proxy,head_ratio,0.0005096525136082338,0.0005684249797229195,0.032617760870926965,0.03637919870226685,0.0056643931304144165,0.006317603591323564,0.7348281465008941,0.7776893065981735,0.0014082709571360576,1.6387071077696482,1.626944015547204,0.08997477785779091,5.02050110358949e-06,0.025561747797706737,0.0258851916690885,1.012653433323162,1.6089450471158306,1.644983774293327,1.022398979531401
2,500,layer_012.wk,wk,wqwk,momentum_proxy,0,0.0005137873635677106,0.0005515446228531472,0.023251361847467924,0.024960060348571983,0.005642547600908591,0.006057207726682288,0.7791060683657784,0.6925709474333951,0.0012821391683338762,1.6233819508464864,1.6260174464217116,0.09105592011044411,1.0491663147627001e-05,,,,,,
2,500,layer_012.wk,wk,wqwk,momentum_proxy,1,0.0004902490639894034,0.0005606466854034152,0.022186140007504945,0.025371972678305012,0.0054424641511755046,0.006223978199883746,0.6981393424612333,0.8432275845637117,0.0015033911205070208,1.5917201251019995,1.551038179943933,0.09007851046359501,6.707253441148398e-06,,,,,,
2,500,layer_012.wk,wk,wqwk,momentum_proxy,head_ratio,0.0005021561508656172,0.0005561142764091101,0.0321379936553995,0.035591313690183056,0.005544488021589361,0.006140259237828775,0.7388709938699958,0.7680639703540779,0.0015033911205070208,1.6079968571062566,1.588409232843712,0.09056853381417736,8.80517587351529e-06,0.024960060348571983,0.025371972678305012,1.0165028579250448,1.6260174464217116,1.551038179943933,0.953887784757303
2,500,layer_013.wk,wk,wqwk,momentum_proxy,0,0.00047942597313676557,0.0005711240625887881,0.021696342827645855,0.025846124643541905,0.005421081230380622,0.0064579520288851385,0.7183279701570192,0.8412346310409179,0.0019358090996188862,1.5763055737435279,1.5598184418643937,0.08843733431810327,9.800345677085737e-06,,,,,,
2,500,layer_013.wk,wk,wqwk,momentum_proxy,1,0.0004946999760704462,0.0005595361444290822,0.02238756529486306,0.02532171533086588,0.005505971069774781,0.006227592425193768,0.7508352129529963,0.7621145486628863,0.001350114352626032,1.6128751723445647,1.622742250682209,0.08984790689985986,1.3141631429671125e-05,,,,,,
2,500,layer_013.wk,wk,wqwk,momentum_proxy,head_ratio,0.00048712284387115057,0.0005653597933132868,0.03117586200775364,0.036183026772050354,0.005464362555354984,0.006341995502271125,0.7344229678835621,0.8014103519205975,0.0019358090996188862,1.5950169562258938,1.5911933255837638,0.08914541063783893,1.1592006988086511e-05,0.025846124643541905,0.02532171533086588,0.9797103310492988,1.5598184418643937,1.622742250682209,1.0403404698450704
2,500,layer_014.wk,wk,wqwk,momentum_proxy,0,0.00046916075885561527,0.0005826613775809593,0.021231792259419655,0.026368243918271465,0.005391583473857211,0.006695929689181797,0.7113008649568928,0.8806875546018824,0.001536413843860912,1.6080495660953644,1.5972335889238731,0.08701724848191424,1.0376902795131416e-05,,,,,,
2,500,layer_014.wk,wk,wqwk,momentum_proxy,1,0.0004730562919568143,0.0005270838368408683,0.021408083963240104,0.02385309153817611,0.005231856159434264,0.00582938408219267,0.7995364956364284,0.678056429435302,0.0014787809592757897,1.6319437723871557,1.5879437713642717,0.09041844376852429,3.9125847093134694e-05,,,,,,
2,500,layer_014.wk,wk,wqwk,momentum_proxy,head_ratio,0.00047111255184398743,0.000555568021030473,0.030151203318015195,0.035556353345950274,0.005309259010581807,0.006261039978879491,0.7522859204143205,0.7850985331047182,0.001536413843860912,1.6202659381163504,1.5926796519062176,0.08873414367334875,2.862264857044996e-05,0.026368243918271465,0.02385309153817611,0.9046143388277549,1.5972335889238731,1.5879437713642717,0.9941838077886527
2,500,layer_015.wk,wk,wqwk,momentum_proxy,0,0.0005196206292872959,0.0005765389994138049,0.023515345319261954,0.026091176710656538,0.0060904394020547155,0.006757575894681454,0.7656162284606365,0.7294615787794458,0.0011999630101033366,1.554979189593117,1.5524124410147668,0.08531742867550622,2.1761838230222958e-05,,,,,,
2,500,layer_015.wk,wk,wqwk,momentum_proxy,1,0.000506445848437555,0.0005819163436882707,0.022919122798974057,0.0263345275331365,0.005861716477432809,0.0067352287136095874,0.7393995511301278,0.7880844565401222,0.001659470461469803,1.640611612967024,1.6054667592292193,0.0863988987504489,1.4806188982348466e-05,,,,,,
2,500,layer_015.wk,wk,wqwk,momentum_proxy,head_ratio,0.0005130755284461344,0.0005792339116870649,0.03283683382055261,0.037070970347972146,0.005975731730435459,0.006746270818831374,0.7525003683895423,0.7585865472500913,0.001659470461469803,1.5974857191392329,1.5792268838335297,0.08585986647174107,1.8611835419154806e-05,0.026091176710656538,0.0263345275331365,1.0093269393396338,1.5524124410147668,1.6054667592292193,1.0341754013384308
2,500,layer_016.wk,wk,wqwk,momentum_proxy,0,0.0005234174366937908,0.0005862746159637313,0.023687169208157437,0.026531760421471574,0.006232093523775787,0.006980505388549372,0.7311520256062758,0.7852957612327826,0.001523223857807579,1.628410248729754,1.5859288530677786,0.0839874168603093,2.4473896144259813e-05,,,,,,
2,500,layer_016.wk,wk,wqwk,momentum_proxy,1,0.0005231241020547476,0.0005839283295247646,0.023673894397762275,0.02642557961816921,0.005932222025277988,0.0066217413496808585,0.7626920068930676,0.7370834826204646,0.0013456872549871962,1.6774179481684615,1.6471945417452134,0.08818350018351406,2.782366705566662e-05,,,,,,
2,500,layer_016.wk,wk,wqwk,momentum_proxy,head_ratio,0.000523270789928926,0.0005851026488339472,0.033489330555451266,0.03744656952537262,0.006076699399177862,0.00679474754382822,0.7468848659952962,0.761584741834166,0.001523223857807579,1.6534545088799784,1.617209144649605,0.0861110210585242,2.620236669563079e-05,0.026531760421471574,0.02642557961816921,0.9959979736883032,1.5859288530677786,1.6471945417452134,1.0386307926480587
2,500,layer_017.wk,wk,wqwk,momentum_proxy,0,0.0005088329828699827,0.0005788474117184404,0.023027152171439563,0.026195643526297004,0.005899450906159329,0.00671120387740845,0.7378373175236498,0.784477367571429,0.0015673404581694195,1.600857073992543,1.6002085639859491,0.08625090554423212,4.172350209417786e-05,,,,,,
2,500,layer_017.wk,wk,wqwk,momentum_proxy,1,0.0005169580666505722,0.0005879234244974662,0.023394851489133235,0.026606376977956838,0.006059306517784391,0.00689109710792763,0.7559789023126552,0.7575503440369121,0.0013788228173817058,1.617781379715137,1.589580836758194,0.08531637492397398,5.000106106625953e-05,,,,,,
2,500,layer_017.wk,wk,wqwk,momentum_proxy,head_ratio,0.0005129116137949412,0.0005834030678381652,0.03282634328287623,0.03733779634164257,0.005979042198610433,0.0068007654098425855,0.7470505009037436,0.7709181302390195,0.0015673404581694195,1.609335335760681,1.5948798622951135,0.08578491282669741,4.6048652177640767e-05,0.026195643526297004,0.026606376977956838,1.0156794564427292,1.6002085639859491,1.589580836758194,0.9933585362140029
2,500,layer_018.wk,wk,wqwk,momentum_proxy,0,0.0005387619468382121,0.0005651004104488576,0.02438158246749222,0.02557352526590007,0.006294342831610152,0.006602054466769633,0.7780072182230927,0.6841641856529054,0.0017756252338970019,1.6379145946705647,1.6069368223815348,0.08559463017053233,5.1062814972457426e-05,,,,,,
2,500,layer_018.wk,wk,wqwk,momentum_proxy,1,0.0005257601685532672,0.0005875699329680707,0.023793189149555034,0.026590379777475068,0.006238815238440821,0.006972266958788184,0.715847804797693,0.8055661028037487,0.0018043717338657728,1.6486270656165538,1.6170754272697354,0.08427243770800674,3.638396338112805e-05,,,,,,
2,500,layer_018.wk,wk,wqwk,momentum_proxy,head_ratio,0.0005323007562450294,0.0005764446634402865,0.03406724839968188,0.036892458460178336,0.006267072702049912,0.00678680346045949,0.7463259639690976,0.7458552758084066,0.0018043717338657728,1.643161977772921,1.6120496065589183,0.0849361067841,4.433510947449374e-05,0.02557352526590007,0.026590379777475068,1.039761999998134,1.6069368223815348,1.6170754272697354,1.006309274108969
2,500,layer_000.wv,wv,exploratory,momentum_proxy,0,0.0005719004213224749,0.0005740368826992239,0.025881258629156204,0.02597794383409971,0.009416064153770894,0.00945123995822126,0.8039643616801777,0.6273355575968748,0.0013836649496034165,1.5765400156199951,1.5530663548804846,0.06073667426038549,0.0007671345078857332,,,,,,
2,500,layer_000.wv,wv,exploratory,momentum_proxy,1,0.00057825388800893,0.0005705207581234288,0.02616878370935045,0.025818822200113056,0.009843430264444548,0.00971179167742886,0.7863251147645447,0.6494717558799827,0.0012972877629707502,1.5702514227251214,1.5570754160027063,0.0587451602209893,0.0007441385800934822,,,,,,
2,500,layer_000.wv,wv,exploratory,momentum_proxy,head_ratio,0.0005750859287559853,0.0005722815208220401,0.03680549944038306,0.036626017332610575,0.009624995511722486,0.009578059197638693,0.7950937363438518,0.6386218409979018,0.0013836649496034165,1.573430100668203,1.5550328065549754,0.05974921526514753,0.0007557240169442247,0.02597794383409971,0.025818822200113056,0.9938747410109577,1.5530663548804846,1.5570754160027063,1.0025813843108655
2,500,layer_001.wv,wv,exploratory,momentum_proxy,0,0.0005382661746299457,0.0006000618020585782,0.02435914637850733,0.02715569723946499,0.008135850041238561,0.00906988599159202,0.7415089094235379,0.767798462947548,0.0014417449062672644,1.5836461139172657,1.5454004987179042,0.06615979546102878,0.00016993044053518607,,,,,,
2,500,layer_001.wv,wv,exploratory,momentum_proxy,1,0.0005455430922383335,0.0005716515463746793,0.024688462076877044,0.025869995834707962,0.008327939532209673,0.00872649581570115,0.7184216450231466,0.7696742649963311,0.0015937299670190364,1.6372655255903397,1.6212159188112725,0.0655075712459674,0.0001335869283287215,,,,,,
2,500,layer_001.wv,wv,exploratory,momentum_proxy,head_ratio,0.0005419168479756457,0.0005860288630956459,0.034682678270441324,0.03750584723812134,0.008231503566878432,0.008901547709552505,0.7298178745305399,0.7687495299566125,0.0015937299670190364,1.6104860550675695,1.5821905871987565,0.06583449105898313,0.00015284276567895745,0.02715569723946499,0.025869995834707962,0.9526544506141962,1.5454004987179042,1.6212159188112725,1.0490587521851238
2,500,layer_002.wv,wv,exploratory,momentum_proxy,0,0.0005390298542028314,0.0005729960900538998,0.02439370657080436,0.025930842935711376,0.007398303196798788,0.007864497247686408,0.7270867172204379,0.764324411762785,0.0015694053865357022,1.5813485460916086,1.5608952056632996,0.07285857849622429,7.409732560589601e-05,,,,,,
2,500,layer_002.wv,wv,exploratory,momentum_proxy,1,0.0005477572517995899,0.0005835208730990228,0.02478866350026222,0.026407140245261685,0.007285325872409974,0.007760992118156291,0.7778670512220817,0.6910393473989416,0.0014723687289870807,1.6585009255630767,1.6340618691757351,0.07518637620233078,7.918446082368713e-05,,,,,,
2,500,layer_002.wv,wv,exploratory,momentum_proxy,head_ratio,0.0005434110739674731,0.0005782824260511911,0.03477830873391828,0.03701007526727623,0.007340255714154629,0.007811288885274969,0.7529113772149212,0.7280158984323477,0.0015694053865357022,1.620802692481494,1.5983678984173633,0.07403162711614844,7.668308971958621e-05,0.025930842935711376,0.026407140245261685,1.0183679840540147,1.5608952056632996,1.6340618691757351,1.0468748082811514
2,500,layer_003.wv,wv,exploratory,momentum_proxy,0,0.0005384147205313785,0.0005827039699300823,0.024365868798617445,0.026370171427960526,0.007480698194898169,0.008096050070313634,0.7174829857153271,0.7863074622496298,0.0014749736009171538,1.6698467917626105,1.6365492978747629,0.0719738594585432,4.979719439934272e-05,,,,,,
2,500,layer_003.wv,wv,exploratory,momentum_proxy,1,0.0005517658798970788,0.0005890136508709864,0.024970073299365538,0.026655714991508483,0.007083109387839693,0.007561265152582885,0.7869471234235847,0.6778110179930559,0.0012735484628331253,1.6467907673180884,1.6351400815452366,0.07789882235114884,6.386176353825137e-05,,,,,,
2,500,layer_003.wv,wv,exploratory,momentum_proxy,head_ratio,0.0005451311757290533,0.0005858673047220873,0.03488839524665941,0.03749550750221359,0.007268912250819008,0.007812097745012028,0.7528096804904919,0.7327403888113951,0.0014749736009171538,1.6576839553081384,1.635775118105812,0.07499487638850395,5.726292610520992e-05,0.026370171427960526,0.026655714991508483,1.0108282786226104,1.6365492978747629,1.6351400815452366,0.9991389099421837
2,500,layer_004.wv,wv,exploratory,momentum_proxy,0,0.0005178799979810877,0.0005843858523806852,0.023436573338451373,0.02644628473906325,0.006759848832195668,0.007627944769381703,0.7318905554877828,0.7883979727861181,0.0015559769074027924,1.6096069533662654,1.610158553386126,0.07661118034393605,4.845659400518474e-05,,,,,,
2,500,layer_004.wv,wv,exploratory,momentum_proxy,1,0.0005158096892939756,0.0005725513825642396,0.02334288186249576,0.025910717772090055,0.006620218785335498,0.007348476574005026,0.786973608364339,0.6964351228517182,0.0012694472535823148,1.613396624244984,1.6028188813819904,0.07791429649372768,6.095837251369658e-05,,,,,,
2,500,layer_004.wv,wv,exploratory,momentum_proxy,head_ratio,0.0005168458802575673,0.0005784988807849684,0.03307813633648431,0.03702392837023798,0.006689220623830822,0.0074871577621580575,0.7590695192559832,0.744022920847339,0.0015559769074027924,1.6115116816990869,1.606488850354038,0.07726548567052303,5.506343924103317e-05,0.02644628473906325,0.025910717772090055,0.9797488769308258,1.610158553386126,1.6028188813819904,0.9954416464212792
2,500,layer_005.wv,wv,exploratory,momentum_proxy,0,0.0005163171790471778,0.0005590305895699702,0.023365848227031565,0.02529883652964093,0.00649166846364647,0.007028705214151842,0.745603057629528,0.7468123487402758,0.0017532742376638738,1.628985417101245,1.6021091448671865,0.07953535858132142,4.87393765883617e-05,,,,,,
2,500,layer_005.wv,wv,exploratory,momentum_proxy,1,0.000524305082929087,0.0005862668868531425,0.023727339491182883,0.026531410641854943,0.006458574721546147,0.007221842051112415,0.7769530558546863,0.716085912071505,0.0013363326787278196,1.6314044664762732,1.6079495412841602,0.0811796883265866,5.3762213961018436e-05,,,,,,
2,500,layer_005.wv,wv,exploratory,momentum_proxy,head_ratio,0.0005203264597176047,0.0005728106417898605,0.0333008934219267,0.03665988107455107,0.006474804169419112,0.007127903381583771,0.7616723220623192,0.7313746248564041,0.0017532742376638738,1.6302163618800918,1.605125344790177,0.08036172926667619,5.1312291316079745e-05,0.02529883652964093,0.026531410641854943,1.0487205848683947,1.6021091448671865,1.6079495412841602,1.0036454422819352
2,500,layer_006.wv,wv,exploratory,momentum_proxy,0,0.0005157110943036964,0.000580945158609855,0.02333841996257785,0.026290576713633464,0.0062626404218383384,0.007054823278707356,0.7346324291915364,0.7834987151010198,0.0015169124711249954,1.6172683615128802,1.5965125634274158,0.08234723049169006,3.825413932562047e-05,,,,,,
2,500,layer_006.wv,wv,exploratory,momentum_proxy,1,0.0005222533580829806,0.0005812243110182498,0.023634489023866993,0.026303209709534932,0.006361304644413687,0.007079600067481171,0.774964002180944,0.7166886336598879,0.001471961331249147,1.6576263107527318,1.6401158124882491,0.0820984667888227,4.925952577562811e-05,,,,,,
2,500,layer_006.wv,wv,exploratory,momentum_proxy,head_ratio,0.0005189925350218758,0.0005810847515771123,0.03321552224140005,0.03718942410093518,0.00631201606096583,0.007067185050325379,0.7549162895880487,0.7504163577011226,0.0015169124711249954,1.637528362006309,1.618275072775732,0.08222294271894844,4.410147421109499e-05,0.026290576713633464,0.026303209709534932,1.0004805142176632,1.5965125634274158,1.6401158124882491,1.0273115602468077
2,500,layer_007.wv,wv,exploratory,momentum_proxy,0,0.0005157086061030118,0.0006006057719472369,0.023338307359468912,0.027180314506475026,0.006055678312743906,0.00705257834491751,0.767800238577626,0.7536249642007907,0.0017211924853654387,1.6929477546799925,1.6499287601400987,0.08516116270868054,4.575446854297322e-05,,,,,,
2,500,layer_007.wv,wv,exploratory,momentum_proxy,1,0.0005152203341673732,0.0005717818418624792,0.023316210694076713,0.025875892335378764,0.005979214485933309,0.006635619840553769,0.7613959855457156,0.7359676707538115,0.0014245085850700672,1.602027843659154,1.6060181932861957,0.08616856534909056,6.141136737522299e-05,,,,,,
2,500,layer_007.wv,wv,exploratory,momentum_proxy,head_ratio,0.000515464527949427,0.0005863709440192213,0.03298972978876333,0.03752774041723017,0.006017118259292007,0.006844822723325225,0.7644561677919156,0.7448570042965993,0.0017211924853654387,1.647161185861413,1.628343665337724,0.08566634487421199,5.415176559699844e-05,0.027180314506475026,0.025875892335378764,0.9520085696291146,1.6499287601400987,1.6060181932861957,0.9733863861793799
2,500,layer_008.wv,wv,exploratory,momentum_proxy,0,0.000496232520990184,0.0005823357424153605,0.022456920360797113,0.02635350735290906,0.0057338797521984605,0.006728787375229171,0.7732164759609115,0.7499161813088444,0.0014084150327351302,1.6593926802188292,1.637160864785928,0.08654393577052616,7.045218892249325e-05,,,,,,
2,500,layer_008.wv,wv,exploratory,momentum_proxy,1,0.0005090380474839554,0.0005704909510137691,0.02303643233650334,0.025817473284313514,0.005976402762241508,0.00669789559410083,0.7757973141974449,0.7191054631112354,0.0017646847270872124,1.6370456807594282,1.6281228111227097,0.08517465568084236,6.856123156615934e-05,,,,,,
2,500,layer_008.wv,wv,exploratory,momentum_proxy,head_ratio,0.0005026760630239673,0.000576443770927852,0.03217126803353391,0.03689240133938253,0.005854463146740844,0.006713605562921988,0.7743050139347669,0.7342799238724649,0.0017646847270872124,1.6481444725074128,1.6327235004092917,0.08586202533426233,6.951314047660055e-05,0.02635350735290906,0.025817473284313514,0.9796598584993896,1.637160864785928,1.6281228111227097,0.9944794345762717
2,500,layer_009.wv,wv,exploratory,momentum_proxy,0,0.0005027674265625221,0.000570602871545042,0.02275265642765241,0.025822538229377006,0.0057631485185116165,0.0065407361735562684,0.7502560125170679,0.7649087899547062,0.0014379170006047852,1.6650494788863217,1.6291022984363017,0.08723832553466213,7.197444260470958e-05,,,,,,
2,500,layer_009.wv,wv,exploratory,momentum_proxy,1,0.0005032445202056819,0.0005721500641076166,0.022774247221274125,0.025892556171956068,0.005534787597263085,0.006292625058891522,0.7688858196830707,0.7377436287451945,0.0012892335737667918,1.6442164662200063,1.6254186000258783,0.09092390834555837,6.617991346323785e-05,,,,,,
2,500,layer_009.wv,wv,exploratory,momentum_proxy,head_ratio,0.000503006029948622,0.0005713769915186459,0.03219238591671181,0.03656812745719334,0.0056453988680018104,0.00641274821586357,0.7595876513239841,0.7514360923417029,0.0014379170006047852,1.6543908853794087,1.6272092072009259,0.08910017550746795,6.913791049149622e-05,0.025822538229377006,0.025892556171956068,1.0027115050409494,1.6291022984363017,1.6254186000258783,0.9977388170074039
2,500,layer_010.wv,wv,exploratory,momentum_proxy,0,0.0005036426223232203,0.0005767284700694858,0.022792263266516757,0.02609975117372648,0.005544549527858057,0.006349144065042801,0.7767290000236026,0.7296574112163737,0.0015120148041394017,1.6707023553384035,1.6344190620791743,0.09083562511124059,6.560169269379489e-05,,,,,,
2,500,layer_010.wv,wv,exploratory,momentum_proxy,1,0.0005148416102270904,0.0005854636168665825,0.023299071605028924,0.026495058791959247,0.0058105833247907345,0.006607634390577145,0.7594340522003793,0.7522938936950295,0.0013782410015558966,1.6493835331198021,1.642119983952313,0.0886041179429489,6.92349688847042e-05,,,,,,
2,500,layer_010.wv,wv,exploratory,momentum_proxy,head_ratio,0.0005092729006347348,0.0005811124567857715,0.03259346564062303,0.037191197234289375,0.005675816473626421,0.006476464094483265,0.7679168105673113,0.7413108932375736,0.0015120148041394017,1.6600286494688807,1.638236631528998,0.08972680899763973,6.744280169431375e-05,0.02609975117372648,0.026495058791959247,1.0151460301518394,1.6344190620791743,1.642119983952313,1.004711718097158
2,500,layer_011.wv,wv,exploratory,momentum_proxy,0,0.000513851955518837,0.0005647664283175884,0.023254284945493614,0.02555841095999187,0.00545562955740426,0.005996194791645821,0.7799978693661372,0.7024380683532617,0.0013659271571950498,1.6419877448385194,1.6011119826585924,0.09418747187874009,6.648799997556726e-05,,,,,,
2,500,layer_011.wv,wv,exploratory,momentum_proxy,1,0.0005059586982171214,0.0005776544897513155,0.022897076896617248,0.026141658040704653,0.0054748665410953214,0.006250670755137039,0.7689228913555296,0.740082757321751,0.0012244845653067993,1.6714889611163555,1.6307033572267553,0.09241480032788117,8.354046302145557e-05,,,,,,
2,500,layer_011.wv,wv,exploratory,momentum_proxy,head_ratio,0.0005099205999428229,0.0005712468065925876,0.03263491839634067,0.03655979562192561,0.005465073780744371,0.006122337370549766,0.7743006816208421,0.7212146600882661,0.0013659271571950498,1.6564745829278769,1.6159193403198109,0.09330534598443596,7.549722876566471e-05,0.02555841095999187,0.026141658040704653,1.0228201620838546,1.6011119826585924,1.6307033572267553,1.018481764479101
2,500,layer_012.wv,wv,exploratory,momentum_proxy,0,0.0005233965371246739,0.0005943049878697251,0.023686223401626464,0.02689517356900297,0.005472026930143952,0.006213363420796507,0.7799761726281979,0.7197349227229347,0.0013751656254716443,1.6322261171893673,1.6154828457187118,0.09564948122631135,9.50633729152003e-05,,,,,,
2,500,layer_012.wv,wv,exploratory,momentum_proxy,1,0.0005161322045446383,0.0005664082328685472,0.023357477236625658,0.025632710552399282,0.0054288633654026456,0.005957684636236578,0.74662191834441,0.7520687683638706,0.0013578895920986767,1.6557581205010263,1.6496690535464134,0.09507187228801403,9.130225734847448e-05,,,,,,
2,500,layer_012.wv,wv,exploratory,momentum_proxy,head_ratio,0.0005197770616534595,0.0005805242048649239,0.033265731945821414,0.03715354911135513,0.005450618594787689,0.006087640758319391,0.7637054118701803,0.7358534871982144,0.0013751656254716443,1.643868619296306,1.6320908545294581,0.09536111408538318,9.320178932547781e-05,0.02689517356900297,0.025632710552399282,0.9530598672893975,1.6154828457187118,1.6496690535464134,1.0211616037386595
2,500,layer_013.wv,wv,exploratory,momentum_proxy,0,0.0005165981610145531,0.0005520373239700535,0.023378564019320994,0.024982357455827192,0.005372094659944226,0.005740625855820421,0.7620605304140992,0.7164012997806682,0.0013195343020662442,1.648943112299055,1.6244735735479987,0.09616326474409458,8.800919618904319e-05,,,,,,
2,500,layer_013.wv,wv,exploratory,momentum_proxy,1,0.0005300679379448485,0.0005776281509567846,0.023988136538263836,0.026140466082930504,0.005426918831606512,0.0059138477649624994,0.7801483963684883,0.6980014313267062,0.0014527138370413958,1.6565201577383646,1.6327593851676256,0.09767382826102347,0.00011530912096193505,,,,,,
2,500,layer_013.wv,wv,exploratory,momentum_proxy,head_ratio,0.0005233763840682544,0.0005649776490418766,0.03349608858036829,0.036158569538680095,0.005400003521725139,0.005829229952653446,0.7713887338588825,0.7070244313218822,0.0014527138370413958,1.6528082582055332,1.6287356949800562,0.09692148939581648,0.00010257146774531323,0.024982357455827192,0.026140466082930504,1.0463570593428195,1.6244735735479987,1.6327593851676256,1.0051006133645684
2,500,layer_014.wv,wv,exploratory,momentum_proxy,0,0.000534603352026378,0.0005739070482942871,0.024193385949626302,0.025972068199657333,0.005479812891561213,0.005882685227992555,0.7424331052643107,0.7472691564952674,0.0015346700355111792,1.665894074442379,1.625493462704413,0.09755868724088285,0.00010966682387100282,,,,,,
2,500,layer_014.wv,wv,exploratory,momentum_proxy,1,0.0005437813516341176,0.0005916583202552633,0.024608734798289345,0.026775399065468077,0.0055043975490928375,0.005989029594572668,0.7803084537934403,0.6970080372452157,0.0014269933530615259,1.6453879226945396,1.6366852559669014,0.0987903484049288,0.0001308461083047635,,,,,,
2,500,layer_014.wv,wv,exploratory,momentum_proxy,head_ratio,0.000539211879683148,0.0005828502672252715,0.03450956029972147,0.037302417102417385,0.005492273182929791,0.00593676254726787,0.7618031230703862,0.7221481356965345,0.0015346700355111792,1.6554847490859057,1.6312063029477317,0.09817644929954336,0.00012072182138382325,0.025972068199657333,0.026775399065468077,1.0309305697041617,1.625493462704413,1.6366852559669014,1.006885166578196
2,500,layer_015.wv,wv,exploratory,momentum_proxy,0,0.0005326714135680912,0.0005836204133332576,0.02410595639540616,0.0264116449220379,0.005421507527732591,0.005940064331648606,0.7518259875157572,0.7436204126316365,0.0014145427626101048,1.6517908940172403,1.6211535242375978,0.09825153074920985,0.0001301092204926066,,,,,,
2,500,layer_015.wv,wv,exploratory,momentum_proxy,1,0.0005445258226341476,0.0005787305471313652,0.024642425709810494,0.02619035483880891,0.0054898241857145105,0.005834670868838095,0.7844693766647804,0.6797679203500736,0.0013962417528873283,1.6770822728620922,1.6432322793397203,0.09918820789399772,0.00014827699474563154,,,,,,
2,500,layer_015.wv,wv,exploratory,momentum_proxy,head_ratio,0.0005386312311535711,0.0005811806229745842,0.03447239879382855,0.037195559870373394,0.005456096868512998,0.005887103446008636,0.7681697627245216,0.7117076612176425,0.0014145427626101048,1.6646263730169693,1.6321926240977631,0.0987209802417547,0.00013948920465037745,0.0264116449220379,0.02619035483880891,0.991621495598544,1.6211535242375978,1.6432322793397203,1.0136191636214749
2,500,layer_016.wv,wv,exploratory,momentum_proxy,0,0.0005478714671074059,0.0005594445391635373,0.024793832295057234,0.025317569749780493,0.005588359807359737,0.005706406638795628,0.7883830997462173,0.6577387586691591,0.0013586074182702426,1.685746332571313,1.635232478850523,0.0980379728566998,0.00019027383916861733,,,,,,
2,500,layer_016.wv,wv,exploratory,momentum_proxy,1,0.0005394546491375577,0.0005597414342590448,0.02441293059505771,0.0253310056880419,0.005508118778210369,0.005715257640125504,0.767457831435185,0.6956928658663715,0.0012577126266573521,1.6634712111424959,1.648488762322487,0.09793809299675828,0.0001564145948389919,,,,,,
2,500,layer_016.wv,wv,exploratory,momentum_proxy,head_ratio,0.0005436793461897127,0.0005595930064012037,0.03479547815614161,0.03581395240967704,0.005548425244813817,0.005710829343247264,0.7779737468737946,0.6766881181409289,0.0013586074182702426,1.6746914723650022,1.6418574158343935,0.0979880456527547,0.00017416896874961803,0.025317569749780493,0.0253310056880419,1.0005306962079772,1.635232478850523,1.648488762322487,1.0081066659593763
2,500,layer_017.wv,wv,exploratory,momentum_proxy,0,0.0005500477795314016,0.0005810548680025573,0.024892320952528454,0.026295541593988,0.0057269986068424796,0.006049838838336247,0.7804764720152297,0.6833554078125333,0.001253236913981208,1.6656130550310269,1.6292415869112606,0.09604468540890124,0.0002642686497847505,,,,,,
2,500,layer_017.wv,wv,exploratory,momentum_proxy,1,0.0005493335648199236,0.0005742581994217868,0.024859999284323066,0.02598795948563982,0.005778308615798559,0.0060404848964574495,0.7633886293150133,0.704806853912967,0.0014854529167983022,1.6287057070444508,1.6282170235381144,0.09506822867127288,0.0002460153268416374,,,,,,
2,500,layer_017.wv,wv,exploratory,momentum_proxy,head_ratio,0.0005496907881733105,0.000577666529769824,0.03518021044309187,0.03697065790526874,0.005752448661915816,0.006045211467433721,0.7719777934769912,0.6941500644558719,0.0014854529167983022,1.647251860138716,1.628734911234906,0.09555770428905311,0.000255305170629242,0.026295541593988,0.02598795948563982,0.9883028798913006,1.6292415869112606,1.6282170235381144,0.9993711409152717
2,500,layer_018.wv,wv,exploratory,momentum_proxy,0,0.0005514667688503928,0.0005677610893375662,0.024956537078601414,0.025693933847325073,0.005792542809386373,0.005963696456900933,0.7552551966438711,0.7105108813448,0.0016629164294246629,1.6078729732923696,1.6234682050184883,0.09520288187715818,0.00032691859397427,,,,,,
2,500,layer_018.wv,wv,exploratory,momentum_proxy,1,0.0005419321288715492,0.0005564876468680105,0.0245250485291478,0.02518375607980256,0.005503176872867856,0.005650984293286961,0.784909475809086,0.6651740188653935,0.0013043723708903998,1.69001765604535,1.6632149913210126,0.09847623316332436,0.00033877770701985245,,,,,,
2,500,layer_018.wv,wv,exploratory,momentum_proxy,head_ratio,0.0005467202344204675,0.0005621526285994201,0.03499009500290992,0.03597776823036289,0.0056448230707198165,0.005804160752432174,0.7698037277485612,0.6886108653184553,0.0016629164294246629,1.6491894458349732,1.6434374711888364,0.09685338717813011,0.00033290096264485523,0.025693933847325073,0.02518375607980256,0.9801440382561105,1.6234682050184883,1.6632149913210126,1.0244826391916135
2,2000,layer_000.wq,wq,wqwk,momentum_proxy,0,0.0005529727254117474,0.000563958080815747,0.025024688892790612,0.025521829327985007,0.004538934678065972,0.004629105148150126,0.8463015860278897,0.5602662142300558,0.001189843017089895,1.6259020165528226,1.6399224996835111,0.12182874719126115,0.00012087627308207549,,,,,,
2,2000,layer_000.wq,wq,wqwk,momentum_proxy,1,0.0005425207072964591,0.000563172200770975,0.024551684548060695,0.025486264457018126,0.004571899572948073,0.0047459326613206515,0.8069138613747263,0.6342879838801551,0.0012118071885003027,1.6311278226202162,1.6395808569133627,0.11866417856300998,9.495053152226017e-05,,,,,,
2,2000,layer_000.wq,wq,wqwk,momentum_proxy,head_ratio,0.0005477716462608969,0.0005635652777800474,0.03505738536069739,0.03606817777792304,0.004555013226769795,0.004686345691601674,0.8267770209673747,0.5977174736327093,0.0012118071885003027,1.6284550404556257,1.6397486822445706,0.12025687281030165,0.00010868918260473811,0.025521829327985007,0.025486264457018126,0.9986064920931086,1.6399224996835111,1.6395808569133627,0.9997916713928773
2,2000,layer_001.wq,wq,wqwk,momentum_proxy,0,0.0005406268776073028,0.0005852058354970741,0.02446597959986134,0.026483392938874896,0.004495507184048118,0.0048661972731864804,0.759249356041092,0.7266389607569141,0.0013694248787442242,1.6120054246178395,1.6031567382515668,0.12025937351978129,4.2214382526021214e-05,,,,,,
2,2000,layer_001.wq,wq,wqwk,momentum_proxy,1,0.0005397820824545928,0.0005875667488454185,0.024427748535464873,0.02659023568053302,0.004587834760463211,0.004993976721470986,0.737246314557885,0.7614887931112637,0.0015280850635151916,1.5899003616197904,1.5883162820712096,0.11765508363690362,3.191618412281569e-05,,,,,,
2,2000,layer_001.wq,wq,wqwk,momentum_proxy,head_ratio,0.0005402046451718266,0.0005863874803611532,0.034573097290996904,0.0375287987431138,0.004540894994814878,0.0049291023288907795,0.7482313677398916,0.744240639474974,0.0015280850635151916,1.601079109248486,1.5958000108047854,0.11896435521822714,3.742122994380809e-05,0.026483392938874896,0.02659023568053302,1.0040343298120722,1.6031567382515668,1.5883162820712096,0.9907429786331794
2,2000,layer_002.wq,wq,wqwk,momentum_proxy,0,0.000533643317806998,0.000580963595007152,0.024149939760397834,0.026291411049732625,0.0042992737475984946,0.00468050746440348,0.7312466245550597,0.7700861568111709,0.0013595716723895437,1.6392678306332487,1.6298116829817046,0.12412406121035736,2.1208713041785614e-05,,,,,,
2,2000,layer_002.wq,wq,wqwk,momentum_proxy,1,0.000544103666672926,0.0005711230650424924,0.024623321111865014,0.02584607949974989,0.004692707249128426,0.004925740280078707,0.7932524838056868,0.660677354685608,0.0011700234300637963,1.5978337245401086,1.5915131118028054,0.11594664610156154,2.431562745282486e-05,,,,,,
2,2000,layer_002.wq,wq,wqwk,momentum_proxy,head_ratio,0.0005388988730397305,0.0005760643428242912,0.03448952787454275,0.03686811794075464,0.004486899052256753,0.004796340618189901,0.7621587576617753,0.7164108111298683,0.0013595716723895437,1.6189990449653389,1.6114574075531427,0.1201049693259053,2.281511831344928e-05,0.026291411049732625,0.02584607949974989,0.9830617098055198,1.6298116829817046,1.5915131118028054,0.9765012292040803
2,2000,layer_003.wq,wq,wqwk,momentum_proxy,0,0.000523481114862325,0.0005908570067138899,0.023690050953103614,0.02673913575417453,0.0038982778507128425,0.00440001504699366,0.6967110812302065,0.8373855064575152,0.0017637708761445228,1.6092243830914408,1.6176000457616502,0.13428522411931226,1.6358172926758547e-05,,,,,,
2,2000,layer_003.wq,wq,wqwk,momentum_proxy,1,0.000539754361238392,0.0005770585782061892,0.024426494016427543,0.026114690162653702,0.004159464049411512,0.00444693842759531,0.8138407548714995,0.6346867804179163,0.0011747033631495374,1.6427843760285228,1.6210736139891677,0.12976536275503028,2.182714901809622e-05,,,,,,
2,2000,layer_003.wq,wq,wqwk,momentum_proxy,head_ratio,0.0005316800015485665,0.0005839985466866533,0.034027520099108255,0.03737590698794581,0.004026517284733076,0.004422735923194225,0.7552026220263253,0.7399020419710484,0.0017637708761445228,1.6259371673788872,1.619285836228435,0.1320446340971842,1.9287486302780814e-05,0.02673913575417453,0.026114690162653702,0.9766467548816219,1.6176000457616502,1.6210736139891677,1.002147359130348
2,2000,layer_004.wq,wq,wqwk,momentum_proxy,0,0.0005423166286829384,0.0005678342166533901,0.024542449004283692,0.025697243211863254,0.0042067536110689,0.004404693706693785,0.7435533354522581,0.7343299279090273,0.001725591755086367,1.6234698246708814,1.6041281108289354,0.12891571002779514,1.3028905587833386e-05,,,,,,
2,2000,layer_004.wq,wq,wqwk,momentum_proxy,1,0.0005442715132167557,0.0005974846974926703,0.02463091697934282,0.027039070800144654,0.004335224966990961,0.0047590779878529275,0.7816891107910585,0.6991916632892589,0.001275392965777375,1.6051393874659325,1.5854351932296704,0.12554631359639212,2.053977622548223e-05,,,,,,
2,2000,layer_004.wq,wq,wqwk,momentum_proxy,head_ratio,0.0005432949502090394,0.0005828480339420719,0.03477087681337852,0.0373022741722926,0.004269771343941242,0.004580620217877638,0.7629274480241223,0.7169128882502716,0.001725591755086367,1.6144027133926746,1.5946486573563916,0.12724216508220496,1.7199342839329082e-05,0.025697243211863254,0.027039070800144654,1.0522167913973721,1.6041281108289354,1.5854351932296704,0.9883469920681053
2,2000,layer_005.wq,wq,wqwk,momentum_proxy,0,0.0005157841890552837,0.0005788348815298368,0.0233417278534269,0.026195076474691804,0.0038769059826850214,0.004350828239423349,0.6894015533896738,0.8438463656539792,0.0017833552855993362,1.662638860183464,1.6427340078183157,0.1330401591781878,1.1507586445438143e-05,,,,,,
2,2000,layer_005.wq,wq,wqwk,momentum_proxy,1,0.0005562534662393579,0.0005832275056021878,0.025173158274327822,0.026393863947892615,0.004466238258240506,0.004682816659802712,0.8438080584936908,0.5743549606124506,0.0011538508649054716,1.604286340869847,1.6172010727309512,0.12454630363998906,2.4905983739516496e-05,,,,,,
2,2000,layer_005.wq,wq,wqwk,momentum_proxy,head_ratio,0.0005364006191191044,0.0005810353446076281,0.03432963962362268,0.037186262054888196,0.004162557512313632,0.004508930363630302,0.7693669400978733,0.7117393827469839,0.0017833552855993362,1.6331401049343557,1.6302952339734462,0.12886323312827033,1.9400162007471637e-05,0.026195076474691804,0.026393863947892615,1.0075887342185417,1.6427340078183157,1.6172010727309512,0.9844570484534655
2,2000,layer_006.wq,wq,wqwk,momentum_proxy,0,0.0005364901412443139,0.0005855309926135679,0.024278772282469312,0.02649810787020442,0.0038583448470462167,0.004211038217583202,0.7443868001918111,0.7525382149191404,0.001494788158801462,1.578664788099115,1.571028576132409,0.13904670590940774,1.681347959481783e-05,,,,,,
2,2000,layer_006.wq,wq,wqwk,momentum_proxy,1,0.0005436992795504924,0.0005858350304733348,0.024605020639769187,0.026511867053076656,0.004341157958369337,0.004677590168840159,0.7694127860469417,0.7091689693544612,0.0015005490593489462,1.5763113692124036,1.5880498460502852,0.12524291554567657,2.5463711163936656e-05,,,,,,
2,2000,layer_006.wq,wq,wqwk,momentum_proxy,head_ratio,0.000540106738634165,0.000585683031272344,0.034566831272586564,0.03748371400143002,0.004081670307414119,0.0044260974124224785,0.7569709796160953,0.7308858541111096,0.0015005490593489462,1.577530018709851,1.5790851838453595,0.13232493022601372,2.1576534503086307e-05,0.02649810787020442,0.026511867053076656,1.0005192515231516,1.571028576132409,1.5880498460502852,1.0108344750544127
2,2000,layer_007.wq,wq,wqwk,momentum_proxy,0,0.0005551949189130576,0.0005583871391450025,0.025125253890799257,0.025269717287474406,0.004361294876872564,0.0043863711397654,0.8367732182226011,0.5730302281753449,0.0012684274926388073,1.6284140647018759,1.6215533084485707,0.12730047717185813,3.0097384246071745e-05,,,,,,
2,2000,layer_007.wq,wq,wqwk,momentum_proxy,1,0.000524584180954792,0.0005888317763089632,0.023739970026004757,0.026647484288396042,0.004063945315295379,0.004561670415742277,0.6997762285273896,0.830051870675862,0.0013673846979465024,1.6362621777903554,1.6366983674283107,0.12908249010645556,1.3528593967227868e-05,,,,,,
2,2000,layer_007.wq,wq,wqwk,momentum_proxy,head_ratio,0.0005401064528844691,0.0005738114054084798,0.03456681298460602,0.0367239299461427,0.004213176972161535,0.004476097233646237,0.7672423347661523,0.7060168352798937,0.0013673846979465024,1.632215344369988,1.6293664648544668,0.12819458011215992,2.3333188736066508e-05,0.025269717287474406,0.026647484288396042,1.0545224540998155,1.6215533084485707,1.6366983674283107,1.0093398464921453
2,2000,layer_008.wq,wq,wqwk,momentum_proxy,0,0.0005527980738950077,0.0005738105677910095,0.025016785067393417,0.02596770199049766,0.004086709328466204,0.004242049874814488,0.8035841730151599,0.6396940575717103,0.001345880616175816,1.662848564673549,1.6332920705488094,0.13526728462052873,2.6261844293928256e-05,,,,,,
2,2000,layer_008.wq,wq,wqwk,momentum_proxy,1,0.00052784631478045,0.0005894177955739282,0.023887597350757447,0.026674004492950452,0.0037562057397946148,0.004194354388535892,0.7027243937786539,0.8231099705775569,0.0014713049351132296,1.5863091742006001,1.5900651480791521,0.14052646509435135,1.7621135219634734e-05,,,,,,
2,2000,layer_008.wq,wq,wqwk,momentum_proxy,head_ratio,0.0005404662073290671,0.0005816665305172156,0.03458983726906029,0.037226657953101795,0.003918638243946257,0.004217360273036458,0.753140201423072,0.7329171531747404,0.0014713049351132296,1.624645421766146,1.6109665144181256,0.13792194473782093,2.236279133009991e-05,0.02596770199049766,0.026674004492950452,1.0271992686419171,1.6332920705488094,1.5900651480791521,0.97353386865147
2,2000,layer_009.wq,wq,wqwk,momentum_proxy,0,0.0005402479046307788,0.0005781988008223146,0.024448829240719804,0.02616629074786487,0.004023260939924078,0.004305883708052849,0.7564051225217356,0.7254985408434202,0.0016883530090372328,1.5922766745108556,1.6027501596584175,0.13428110000764054,2.4786543482926844e-05,,,,,,
2,2000,layer_009.wq,wq,wqwk,momentum_proxy,1,0.0005376671667034416,0.0005707187327720347,0.024332038374231126,0.025827781509971122,0.0039449515211758745,0.004187456241408231,0.7673168528550831,0.7055155536133181,0.0014083949161679682,1.6521352815798718,1.6463274196555373,0.1362924648927444,2.180634042120857e-05,,,,,,
2,2000,layer_009.wq,wq,wqwk,momentum_proxy,head_ratio,0.0005389590803617903,0.0005744709414797584,0.03449338114315458,0.03676614025470454,0.003983716515202511,0.00424620246780259,0.7618059515511242,0.7156246421193477,0.0016883530090372328,1.622331252697969,1.624540904565463,0.13529052037338374,2.3344048710502834e-05,0.02616629074786487,0.025827781509971122,0.9870631553720938,1.6027501596584175,1.6463274196555373,1.0271890535992254
2,2000,layer_010.wq,wq,wqwk,momentum_proxy,0,0.0005442388548290886,0.0005650685385506254,0.024629439029430374,0.025572082908436433,0.003815880192268092,0.003961925585423974,0.8112504872212486,0.6272255522102937,0.0011207029159209965,1.6356862309954774,1.627348715979902,0.14262472284424704,5.8906825724845604e-05,,,,,,
2,2000,layer_010.wq,wq,wqwk,momentum_proxy,1,0.0005418238876542837,0.0005692738685692316,0.024520150090828932,0.0257623944203266,0.004092363436278713,0.0042996915013243766,0.7515115941488257,0.7243765585874968,0.0012530293035575152,1.6688133736242856,1.636073832902738,0.13239877056153587,2.439553953160826e-05,,,,,,
2,2000,layer_010.wq,wq,wqwk,momentum_proxy,head_ratio,0.0005430327137192011,0.0005671751011352308,0.03475409367802887,0.03629920647265477,0.0039462645317325275,0.00412170929733184,0.7813229816635591,0.6773290691019147,0.0012530293035575152,1.6515365863608051,1.6315138257905009,0.13760676947847533,4.508412395741761e-05,0.025572082908436433,0.0257623944203266,1.0074421591925695,1.627348715979902,1.636073832902738,1.005361553327298
2,2000,layer_011.wq,wq,wqwk,momentum_proxy,0,0.0005278916031784557,0.0005883214251331379,0.023889646869691136,0.02662438843065443,0.0037472230606593756,0.004176182379232918,0.7228172833570413,0.7943110833291215,0.0017131006148509535,1.6583213137246129,1.648245425229023,0.14087541484268243,2.420732520132415e-05,,,,,,
2,2000,layer_011.wq,wq,wqwk,momentum_proxy,1,0.0005497432565172826,0.0005892068138323012,0.02487853981407655,0.026664456549256952,0.0041373774962777205,0.0044343809283754676,0.833063812553328,0.6024887517137291,0.001288423481469821,1.6210461408102794,1.6132622107803407,0.13287239489552757,4.870964734406141e-05,,,,,,
2,2000,layer_011.wq,wq,wqwk,momentum_proxy,head_ratio,0.0005389281922448234,0.0005887642859146173,0.034491404303668705,0.037680914298535505,0.003935724878649334,0.004299671609463154,0.7789512679906435,0.701092398084775,0.0017131006148509535,1.6397540750804749,1.631215649892114,0.1369323844683406,3.846182742528943e-05,0.02662438843065443,0.026664456549256952,1.001504940431097,1.648245425229023,1.6132622107803407,0.978775482150165
2,2000,layer_012.wq,wq,wqwk,momentum_proxy,0,0.0005463791308572735,0.000575701275917687,0.024726296865791367,0.02605326567290522,0.004062130110142924,0.004280129593682859,0.7820619611306737,0.6798146839857618,0.0014683425470812042,1.6798569238056067,1.6752882589297948,0.13450557122554835,4.595164125728829e-05,,,,,,
2,2000,layer_012.wq,wq,wqwk,momentum_proxy,1,0.0005374931477833009,0.0005784756622233454,0.024324163176888014,0.026178820064608404,0.003948880267371496,0.004249972557100193,0.7759433764812984,0.6986375665647723,0.0015654009603246824,1.6339020565135605,1.6235442969721186,0.1361127994242971,4.617644517070805e-05,,,,,,
2,2000,layer_012.wq,wq,wqwk,momentum_proxy,head_ratio,0.0005419543516525866,0.0005770901363210043,0.03468507850576554,0.036933768724544284,0.004005232848509762,0.004264898627524162,0.7789766153688614,0.6891360698729606,0.0015654009603246824,1.6568999943846154,1.6491736045763399,0.13531157167409963,4.606418035112492e-05,0.02605326567290522,0.026178820064608404,1.0048191421866073,1.6752882589297948,1.6235442969721186,0.9691133978395269
2,2000,layer_013.wq,wq,wqwk,momentum_proxy,0,0.0005410667951460039,0.0005658126295081188,0.024485887995047168,0.025605756621195675,0.004161655308093388,0.0043519897249346675,0.7815048417755598,0.6775454965656754,0.0013292721920623134,1.6172507674250896,1.6140377871065439,0.13001240013649454,3.608404759518299e-05,,,,,,
2,2000,layer_013.wq,wq,wqwk,momentum_proxy,1,0.0005568532602233021,0.000572732679221613,0.025200301851502984,0.025918922322223505,0.00391163418823063,0.004023179693447073,0.7685201244836817,0.6906336599870302,0.0014055572508523476,1.6143847983077406,1.6101424421647754,0.14235821486036931,4.236964168692902e-05,,,,,,
2,2000,layer_013.wq,wq,wqwk,momentum_proxy,head_ratio,0.0005490167712515204,0.0005692831692397285,0.035137073360097304,0.03643412283134262,0.00402726002334627,0.0041759222477243734,0.7748529956457422,0.6843089933344572,0.0014055572508523476,1.6157107436747526,1.6119582501649008,0.13632513621391149,3.9352541388900065e-05,0.025605756621195675,0.025918922322223505,1.012230284996484,1.6140377871065439,1.6101424421647754,0.9975865838006485
2,2000,layer_014.wq,wq,wqwk,momentum_proxy,0,0.0005436017933949383,0.0005662408061084485,0.02460060891998268,0.025625133682164545,0.0041533846260129615,0.004326357799565559,0.8088998425169525,0.6323384902482277,0.0014048690407379924,1.659137118231641,1.634564271428954,0.13088164047950654,3.3382636614516474e-05,,,,,,
2,2000,layer_014.wq,wq,wqwk,momentum_proxy,1,0.0005357704510003432,0.0005679790736556337,0.02424620281994993,0.025703798691452936,0.003988487295042962,0.0042282610302528875,0.7626053096323796,0.7120014227910755,0.0014787441534084636,1.6360771598066361,1.6327679411224942,0.13432923596527901,3.873795043192249e-05,,,,,,
2,2000,layer_014.wq,wq,wqwk,momentum_proxy,head_ratio,0.0005397003270090284,0.0005671106058843624,0.03454082092857782,0.036295078776599196,0.004069627454228753,0.004276315532513463,0.7858547012516363,0.6727718932612233,0.0014787441534084636,1.64752002001034,1.6336488916270582,0.1326166419602427,3.6159571561364905e-05,0.025625133682164545,0.025703798691452936,1.00306983800608,1.634564271428954,1.6327679411224942,0.9989010341545704
2,2000,layer_015.wq,wq,wqwk,momentum_proxy,0,0.0005462245261782331,0.0005597985424910578,0.024719300256706402,0.02533359011160145,0.00408992339064831,0.004191560509016643,0.8077628929435393,0.6282087141817193,0.0012573888803112006,1.6128680650656062,1.6016111765286996,0.13355373047504665,4.903139660142681e-05,,,,,,
2,2000,layer_015.wq,wq,wqwk,momentum_proxy,1,0.0005491082401058127,0.0005677821612872268,0.02484980225179079,0.025694887454908936,0.004281686355289377,0.004427296760820357,0.7557402198370536,0.7115402474178869,0.0013498014515310195,1.6820122826681307,1.6658635069276366,0.1282457878838959,3.789651141970711e-05,,,,,,
2,2000,layer_015.wq,wq,wqwk,momentum_proxy,head_ratio,0.0005476682811477848,0.0005638044833322572,0.035050769993458235,0.03608348693326447,0.004183015725470297,0.004306261839606314,0.781491183034572,0.671387950965434,0.0013498014515310195,1.6467644951497387,1.6332575473595217,0.13092666083300725,4.38190793517527e-05,0.02533359011160145,0.025694887454908936,1.0142615926805427,1.6016111765286996,1.6658635069276366,1.0401173089577187
2,2000,layer_016.wq,wq,wqwk,momentum_proxy,0,0.0005593740821475376,0.0005669675233269503,0.02531438122921759,0.02565802114924983,0.004542480885399236,0.004604144560054057,0.8279969060239827,0.5906439802873509,0.0013141878214287493,1.645779095711301,1.6372828955424383,0.12314285877250856,7.66267274473649e-05,,,,,,
2,2000,layer_016.wq,wq,wqwk,momentum_proxy,1,0.0005353019173913643,0.0005677901756340043,0.024224999409254065,0.025695250142841936,0.0042743611985539285,0.004533778446894202,0.7478029024275831,0.7339550888710575,0.0014561894955592708,1.5749325870712303,1.588645672032026,0.12523553638201282,3.754300700936837e-05,,,,,,
2,2000,layer_016.wq,wq,wqwk,momentum_proxy,head_ratio,0.0005474703218172066,0.0005673789985776657,0.03503810059630122,0.0363122559089706,0.004408200567958471,0.004568504125439821,0.7885491732300666,0.6630254984687746,0.0014561894955592708,1.6107930022639108,1.6127280655463552,0.12419360539004504,6.033710605671368e-05,0.02565802114924983,0.025695250142841936,1.001450969011817,1.6372828955424383,1.588645672032026,0.9702939402574662
2,2000,layer_017.wq,wq,wqwk,momentum_proxy,0,0.0005585101238955359,0.0005611202799077513,0.025275282941943825,0.025393405118980132,0.004513413682080203,0.004534506789176862,0.798659528787878,0.6360697156176313,0.0017297558099831079,1.6376777445842354,1.6204501186787237,0.12374450099998861,8.185943412725243e-05,,,,,,
2,2000,layer_017.wq,wq,wqwk,momentum_proxy,1,0.000539686051620807,0.0005664289351464911,0.024423402676023404,0.025633647430550972,0.004453751684407553,0.004674446961209179,0.7727605179028045,0.6924269464037206,0.0013571356119855722,1.621154972282003,1.6379477187230187,0.12117560426869581,6.08299746058265e-05,,,,,,
2,2000,layer_017.wq,wq,wqwk,momentum_proxy,head_ratio,0.0005491787472252833,0.0005637808559604259,0.03514743982241813,0.036081974781467255,0.004484307571939564,0.004603540785347991,0.7856834916449468,0.6638801929172488,0.0017297558099831079,1.6296412695047027,1.6291393612503389,0.12246678855432552,7.211536856377937e-05,0.025393405118980132,0.025633647430550972,1.0094608151386233,1.6204501186787237,1.6379477187230187,1.0107979874496613
2,2000,layer_018.wq,wq,wqwk,momentum_proxy,0,0.0005554971071112573,0.0005712949277168542,0.025138929367544322,0.02585385711654823,0.004869519549006636,0.005008004151871086,0.777830904449847,0.676597026496925,0.0015946185604940669,1.636045741622712,1.6315059170599555,0.11407636862749158,7.888971504834781e-05,,,,,,
2,2000,layer_018.wq,wq,wqwk,momentum_proxy,1,0.0005481887472562863,0.000570163267440123,0.024808190755525015,0.025802644018584963,0.004535352083684799,0.004717154768257499,0.8010524087365307,0.644555617864356,0.001214624541671025,1.6633581183319952,1.659367484160061,0.12087016336136444,7.539463684039539e-05,,,,,,
2,2000,layer_018.wq,wq,wqwk,momentum_proxy,head_ratio,0.0005518550256305509,0.0005707293780650349,0.035318721640355266,0.03652668019616223,0.004695744579773177,0.004856346792355528,0.7893407511314293,0.6609826309332533,0.0015946185604940669,1.6499489769890008,1.6457848696730037,0.11752236865856276,7.716196733075375e-05,0.02585385711654823,0.025802644018584963,0.9980191312370761,1.6315059170599555,1.659367484160061,1.017077208736278
2,2000,layer_000.wk,wk,wqwk,momentum_proxy,0,0.0005608400835983009,0.0005624525694510901,0.02538072488150968,0.025453697661098458,0.004497534150715685,0.0045104651276600145,0.8340902079832863,0.5768724932462648,0.001061524482931394,1.6516470885449364,1.6249523176242948,0.12469946081655779,0.00013239995483414887,,,,,,
2,2000,layer_000.wk,wk,wqwk,momentum_proxy,1,0.0005566160911441109,0.0005473706743749314,0.025189568804195216,0.024771169003082724,0.004630108638138206,0.004553202338217597,0.8018068876488893,0.6245623477927078,0.0012684001490086277,1.670321044168924,1.643220617643511,0.12021663737201847,0.00010458036951514264,,,,,,
2,2000,layer_000.wk,wk,wqwk,momentum_proxy,head_ratio,0.0005587320790374838,0.0005549628582381891,0.035758853058398966,0.0355176229272441,0.0045618766093973515,0.004531102073899805,0.8181895451244782,0.6010103349486927,0.0012684001490086277,1.6607644379734237,1.6337918874719644,0.12247856022377063,0.00011930381747456457,0.025453697661098458,0.024771169003082724,0.9731854810604252,1.6249523176242948,1.643220617643511,1.01124236066565
2,2000,layer_001.wk,wk,wqwk,momentum_proxy,0,0.0005419620351487845,0.0005788447619058917,0.024526401932759522,0.026195523609469987,0.004466636069881139,0.004770608870565671,0.7646044852767093,0.7123634160875911,0.0013794604566813896,1.6178556960494186,1.6017865831719942,0.12133561514072642,4.726164974652658e-05,,,,,,
2,2000,layer_001.wk,wk,wqwk,momentum_proxy,1,0.0005394577127830379,0.0005672943727721614,0.024413069239825343,0.02567281266663452,0.00450558243327451,0.004738075848932602,0.7327774343058667,0.7514557997858863,0.00132504646498606,1.5892536876971597,1.6020189358950059,0.11973096059658099,3.3608236203228696e-05,,,,,,
2,2000,layer_001.wk,wk,wqwk,momentum_proxy,head_ratio,0.00054071132382433,0.00057309866679519,0.03460552472475712,0.036678314674892167,0.004485892276506052,0.004754586726368795,0.7488656212748456,0.7320800573128322,0.0013794604566813896,1.603679337106033,1.6019006332811856,0.12053595817630212,4.1007176673451736e-05,0.026195523609469987,0.02567281266663452,0.9800457913867964,1.6017865831719942,1.6020189358950059,1.0001450584774856
2,2000,layer_002.wk,wk,wqwk,momentum_proxy,0,0.0005048107831104668,0.0005816470595214297,0.022845128189024164,0.026322341122868374,0.004060630199225054,0.004678690896082404,0.7540078483606042,0.7681377372129481,0.0014383560004452758,1.6638924810216857,1.657936049827306,0.12431833443163745,3.316291045563823e-05,,,,,,
2,2000,layer_002.wk,wk,wqwk,momentum_proxy,1,0.0005157551961434525,0.0005665515689572125,0.023340415784014922,0.025639197203297465,0.004464391500149616,0.004904086333519955,0.7860415365390727,0.692648766164513,0.0013745527407254404,1.6275225282630505,1.6016368714767966,0.11552642641806121,4.641084958978942e-05,,,,,,
2,2000,layer_002.wk,wk,wqwk,momentum_proxy,head_ratio,0.0005103123303887405,0.000574148927604069,0.03265998914487939,0.036745531366660415,0.00425249913846336,0.004784457820421572,0.7697665282181223,0.7305590520167881,0.0014383560004452758,1.6460821656045086,1.631147534970145,0.12000292387434601,4.033451121269933e-05,0.026322341122868374,0.025639197203297465,0.9740469923863495,1.657936049827306,1.6016368714767966,0.9660426116216162
2,2000,layer_003.wk,wk,wqwk,momentum_proxy,0,0.0005082603336554987,0.00058212101141898,0.023001237026300185,0.02634378973731408,0.0037012270814001545,0.004239091484121895,0.7156433278430224,0.8200470435291833,0.0014602073328150653,1.6257484022585702,1.5972608017823113,0.13732211574093062,2.0706120484341425e-05,,,,,,
2,2000,layer_003.wk,wk,wqwk,momentum_proxy,1,0.0005380727839054659,0.0005708560532675315,0.024350394513374642,0.025833995926199074,0.004255974136170426,0.004515278733387468,0.8201335739904765,0.6207757181563145,0.0011926922308051827,1.6439639811212987,1.6515944513900915,0.12642764422192426,3.926062606329568e-05,,,,,,
2,2000,layer_003.wk,wk,wqwk,momentum_proxy,head_ratio,0.0005233788721124388,0.000576516047256119,0.033496247815196084,0.03689702702439161,0.003965371949596147,0.004367964937244032,0.7683043385901432,0.7216272569257749,0.0014602073328150653,1.634580928268984,1.6229950647600129,0.13198733404207957,3.138582629463494e-05,0.02634378973731408,0.025833995926199074,0.9806484254468172,1.5972608017823113,1.6515944513900915,1.0340167676732264
2,2000,layer_004.wk,wk,wqwk,momentum_proxy,0,0.0005312847931541536,0.0005830398770180639,0.024043205118758033,0.026385372847465196,0.004160818496170084,0.004566144439970078,0.7482084905107834,0.7497527653193962,0.0015318917513215888,1.6481742420298187,1.6017080834913442,0.127687567636797,1.6501830551522726e-05,,,,,,
2,2000,layer_004.wk,wk,wqwk,momentum_proxy,1,0.0005413975346184355,0.0005609566842033645,0.02450085555496796,0.025386001622535657,0.004390258872727609,0.004548866410659528,0.8055205214768344,0.6358585584024562,0.0012745270220668528,1.6014870588724057,1.5968588255525666,0.12331790682813941,3.435331932910109e-05,,,,,,
2,2000,layer_004.wk,wk,wqwk,momentum_proxy,head_ratio,0.0005363649978921871,0.0005721048416792468,0.03432735986509998,0.0366147098674718,0.004273084019641119,0.0045578142983712985,0.776261004653669,0.6940713238943336,0.0015318917513215888,1.6249827025306736,1.5993723030078855,0.12552175324117187,2.694866379320466e-05,0.026385372847465196,0.025386001622535657,0.962124043851609,1.6017080834913442,1.5968588255525666,0.9969724458602923
2,2000,layer_005.wk,wk,wqwk,momentum_proxy,0,0.0005033362513422332,0.0005721576185669293,0.022778398498631017,0.025892898047758198,0.0037995211841278854,0.004319031237285339,0.6990088181743479,0.8384431141914973,0.0014671531364212967,1.6096427566275413,1.6110149889532204,0.1324736004749413,1.8438552594630653e-05,,,,,,
2,2000,layer_005.wk,wk,wqwk,momentum_proxy,1,0.00054906787814638,0.0005766161909072212,0.02484797567801691,0.02609466999887699,0.00452438290761031,0.004751384195337115,0.8619988676785828,0.5407100963468326,0.0009785414268402431,1.6412899803810996,1.6236174612286296,0.12135751755732516,3.990919958945384e-05,,,,,,
2,2000,layer_005.wk,wk,wqwk,momentum_proxy,head_ratio,0.0005266986409358864,0.0005743912308263997,0.03370871301989673,0.03676103877288959,0.004146018870939677,0.004521441099747221,0.7837475629102513,0.6927247112689463,0.0014671531364212967,1.6252463040877543,1.6170112207268503,0.12703720299674195,3.1086367057408164e-05,0.025892898047758198,0.02609466999887699,1.0077925595947828,1.6110149889532204,1.6236174612286296,1.0078226908885546
2,2000,layer_006.wk,wk,wqwk,momentum_proxy,0,0.0005371110096452074,0.0005965791883067255,0.024306869578885077,0.02699809213225292,0.0039267737537803694,0.004361540643603431,0.7676086025274982,0.7269810886243087,0.0014672520801294123,1.614057758997295,1.5950562594996947,0.13678175604798265,2.508639253748026e-05,,,,,,
2,2000,layer_006.wk,wk,wqwk,momentum_proxy,1,0.0005429285139078822,0.0005692392342539645,0.024570139768563093,0.025760827050138616,0.004444068768456202,0.004659431652464625,0.7820687979231369,0.6777411488623983,0.0013080293765359505,1.6046176988783116,1.5996056157156147,0.12216924224070613,3.701851549237796e-05,,,,,,
2,2000,layer_006.wk,wk,wqwk,momentum_proxy,head_ratio,0.0005400275955431887,0.0005830694785935683,0.034561766114764074,0.03731644662998838,0.00416426150691965,0.00449616613225967,0.7743860639613778,0.7025273854399011,0.0014672520801294123,1.609504331274767,1.5971351219730185,0.12968148005254676,3.16203856697224e-05,0.02699809213225292,0.025760827050138616,0.954172129050696,1.5950562594996947,1.5996056157156147,1.0028521603478406
2,2000,layer_007.wk,wk,wqwk,momentum_proxy,0,0.0005234350422550244,0.0005607127229421153,0.023687965944908466,0.02537496119615639,0.004196445012566201,0.004495304898838702,0.8639711956664671,0.5445225069851126,0.0010071868783119269,1.6277991499918898,1.6189716276608175,0.12473296818797933,7.801844320604922e-05,,,,,,
2,2000,layer_007.wk,wk,wqwk,momentum_proxy,1,0.0004890722821065786,0.0005588464360224756,0.022132884938748282,0.025290502691419303,0.003840087173123111,0.004387938366639665,0.7204649803505869,0.8119015966551434,0.0013018112897468063,1.655947553453718,1.643652629921014,0.12735968223055213,1.3693452882980432e-05,,,,,,
2,2000,layer_007.wk,wk,wqwk,momentum_proxy,head_ratio,0.0005065451315457765,0.0005597803572492449,0.03241888841892969,0.035825942863951674,0.004018503795595694,0.004440827381839558,0.7943592489733345,0.6823121903019947,0.0013018112897468063,1.6414655357149814,1.6314110939745528,0.1260531673756171,5.6010660289599934e-05,0.02537496119615639,0.025290502691419303,0.9966715809303432,1.6189716276608175,1.643652629921014,1.0152448639855765
2,2000,layer_008.wk,wk,wqwk,momentum_proxy,0,0.0005422237349394215,0.0005644607089843235,0.02453824511334157,0.025544575682315624,0.004138821340832234,0.004308557294465574,0.8300439177736829,0.5962667834818897,0.0012673560246671128,1.6199053622695903,1.6045240406144168,0.1310092150125019,4.3783834247723404e-05,,,,,,
2,2000,layer_008.wk,wk,wqwk,momentum_proxy,1,0.0005142516469553416,0.0005785955901093309,0.023272372915102233,0.02618424738118016,0.003755428959954477,0.004225313906261981,0.7414535936462365,0.7729473716588272,0.0014689724936565937,1.6293020578901254,1.6087970003990755,0.13693552785553834,3.322502068165642e-05,,,,,,
2,2000,layer_008.wk,wk,wqwk,momentum_proxy,head_ratio,0.0005284228113584505,0.000571571845388246,0.033819059926940835,0.03658059810484775,0.00394330266159866,0.004265298035526006,0.7857810672399362,0.6856312770285213,0.0014689724936565937,1.6245190938117933,1.6067323834157212,0.13400513648227608,3.8864676383115647e-05,0.025544575682315624,0.02618424738118016,1.0250413906584237,1.6045240406144168,1.6087970003990755,1.0026630699674792
2,2000,layer_009.wk,wk,wqwk,momentum_proxy,0,0.0005256578865623089,0.0005873561447739498,0.023788560395033447,0.026580704828239834,0.004063177398139204,0.004540086381488738,0.7809573142397899,0.7094233307938467,0.0013380213155294654,1.646608740210906,1.6236096369856268,0.12937113865691474,4.2219172119278326e-05,,,,,,
2,2000,layer_009.wk,wk,wqwk,momentum_proxy,1,0.0005341353350425491,0.0005625027417611474,0.024172205918715845,0.025455968200661292,0.003937181006398473,0.004146280849838616,0.7760268468300712,0.6888808796224687,0.0013174546960565137,1.6625561420432569,1.6337689904916521,0.13566440917359507,3.18531863659535e-05,,,,,,
2,2000,layer_009.wk,wk,wqwk,momentum_proxy,head_ratio,0.0005299135636338108,0.0005750637248568741,0.03391446807256389,0.03680407839083994,0.003997684399549708,0.00433829861957621,0.7781843905434378,0.6990632350123112,0.0013380213155294654,1.6548224052998393,1.628639792170971,0.1325551270864452,3.739708528817062e-05,0.026580704828239834,0.025455968200661292,0.9576859742867465,1.6236096369856268,1.6337689904916521,1.006257263614724
2,2000,layer_010.wk,wk,wqwk,momentum_proxy,0,0.0005355861820241098,0.0005835204608069474,0.024237863758019874,0.02640712158705226,0.003879661762685283,0.004226886532026514,0.8026647126003367,0.6618180324403763,0.0011417035875833717,1.6398215701619847,1.6465119531275256,0.1380497102029346,6.740987157420404e-05,,,,,,
2,2000,layer_010.wk,wk,wqwk,momentum_proxy,1,0.0005331924206671685,0.0005632588391424807,0.024129534485185605,0.025490185262138296,0.004094519772627327,0.004325407422502794,0.7562775836738082,0.7197995128901343,0.0013033148355041102,1.6450463659816053,1.6555169058376755,0.13022099056198608,3.767005938173092e-05,,,,,,
2,2000,layer_010.wk,wk,wqwk,momentum_proxy,head_ratio,0.0005343906416808203,0.0005734791400096813,0.0342010010675725,0.0367026649606196,0.003982270461861071,0.004273557322356846,0.7798400633936331,0.6912870637894263,0.0013033148355041102,1.6423256447678054,1.6507974742717335,0.1341924529734424,5.460368192472837e-05,0.02640712158705226,0.025490185262138296,0.965276930244319,1.6465119531275256,1.6555169058376755,1.0054691086165788
2,2000,layer_011.wk,wk,wqwk,momentum_proxy,0,0.0005360418592930989,0.000580117837950887,0.024258485357183706,0.02625313645455046,0.003930112794429232,0.004253265855420402,0.7392285279645955,0.7557695960831717,0.0015633771219094733,1.6488451714215144,1.671469966474494,0.13639350505484615,3.129020718845914e-05,,,,,,
2,2000,layer_011.wk,wk,wqwk,momentum_proxy,1,0.0005567253741039667,0.0005784375544759063,0.02519451438640207,0.026177095504824086,0.0042696776029539545,0.004436194191845868,0.825950552280739,0.6026571734981566,0.0014336595363842047,1.6333872868889974,1.6282778113680545,0.1303904945232397,6.567617622635252e-05,,,,,,
2,2000,layer_011.wk,wk,wqwk,momentum_proxy,head_ratio,0.0005464814805121964,0.0005792783054529483,0.03497481475278057,0.037073811548988686,0.004095771775558626,0.004341577561684018,0.7831847898860124,0.6806293305323075,0.0015633771219094733,1.6410813155564594,1.650354964197676,0.13342576453436822,5.1441409339225985e-05,0.02625313645455046,0.026177095504824086,0.9971035479948076,1.671469966474494,1.6282778113680545,0.9741591796605585
2,2000,layer_012.wk,wk,wqwk,momentum_proxy,0,0.0005520029494553085,0.0005904689045418295,0.024980801842868713,0.02672157225480447,0.00418419035250872,0.004475762849235182,0.7765479536617403,0.6949116563669642,0.0015170791406092232,1.703223131919355,1.6812766235141805,0.13192586927225797,4.34313666840087e-05,,,,,,
2,2000,layer_012.wk,wk,wqwk,momentum_proxy,1,0.0005442014204433355,0.0005656508793526879,0.02462774494251738,0.02559843664476283,0.0040968022695430754,0.004258275923670472,0.7664474118366302,0.6979035952297243,0.0012963005610637235,1.6124332715987604,1.6297185693332201,0.13283565684609708,4.144941028691401e-05,,,,,,
2,2000,layer_012.wk,wk,wqwk,momentum_proxy,head_ratio,0.0005481160653638534,0.0005781930666063444,0.03507942818328661,0.03700435626280604,0.004140426574786036,0.0043676259274479864,0.7715626047036716,0.6963879401628876,0.0015170791406092232,1.6579004817978258,1.6559077283050183,0.1323815446219279,4.245195652248406e-05,0.02672157225480447,0.02559843664476283,0.957968954845473,1.6812766235141805,1.6297185693332201,0.9693339849850559
2,2000,layer_013.wk,wk,wqwk,momentum_proxy,0,0.0005435598591585412,0.0005691186323570674,0.024598711193075787,0.025755369231314943,0.00414295318167937,0.004337759326685325,0.7616410817147972,0.7080569240680414,0.0015808440391530676,1.6112951377746025,1.6051214449600328,0.13120106246004115,4.5478332453101114e-05,,,,,,
2,2000,layer_013.wk,wk,wqwk,momentum_proxy,1,0.0005403278782531,0.0005690514792953247,0.024452448433721997,0.02575233023065346,0.00392291813783101,0.004131458803688683,0.7691302258469004,0.6993649745141947,0.0018232246453339304,1.6555763399628736,1.6399338467521072,0.13773621046088116,4.482479994669566e-05,,,,,,
2,2000,layer_013.wk,wk,wqwk,momentum_proxy,head_ratio,0.0005419462780137667,0.0005690850568167189,0.03468456179288107,0.03642144363627,0.004029090779305763,0.004230853588411752,0.7653709978592721,0.7037502858981854,0.0018232246453339304,1.6338688605789404,1.622926250462632,0.13450833145714017,4.515274860391157e-05,0.025755369231314943,0.02575233023065346,0.9998820051603924,1.6051214449600328,1.6399338467521072,1.0216883288808973
2,2000,layer_014.wk,wk,wqwk,momentum_proxy,0,0.0005408757904494487,0.0005603353309708796,0.024477244109212114,0.02535788238514672,0.004171638333572015,0.004321724853668325,0.8041013784697808,0.6381125799816681,0.00140541690054349,1.6425155104640001,1.6546287208049753,0.12965548477600589,3.531778342572926e-05,,,,,,
2,2000,layer_014.wk,wk,wqwk,momentum_proxy,1,0.0005471377219042134,0.0005703127202888703,0.024760626777691443,0.025809407482445246,0.004205148040279587,0.004383264618865232,0.7625871879081092,0.704792034509472,0.0013263435924125398,1.6384139379191613,1.6378223573611799,0.13011140551138273,5.633699223836317e-05,,,,,,
2,2000,layer_014.wk,wk,wqwk,momentum_proxy,head_ratio,0.000544015766051338,0.0005653460365375954,0.034817009027285635,0.03618214633840611,0.004188485511380179,0.004352711503457545,0.783037975362302,0.6726626805933369,0.00140541690054349,1.6404486170239243,1.6461320853196133,0.12988364519185733,4.701703159798643e-05,0.02535788238514672,0.025809407482445246,1.0178061042495807,1.6546287208049753,1.6378223573611799,0.9898428189765622
2,2000,layer_015.wk,wk,wqwk,momentum_proxy,0,0.0005546100053065401,0.0005678589794165676,0.025098783722634344,0.025698363846600132,0.004215485291200108,0.004316188226505868,0.7936392141751984,0.65050109530161,0.0013850251275667885,1.602066944507429,1.5927498076648878,0.1315649247939015,5.07667407724986e-05,,,,,,
2,2000,layer_015.wk,wk,wqwk,momentum_proxy,1,0.0005510230858476917,0.0005618582524383846,0.024936458277967356,0.025426801943347507,0.004438374045816712,0.004525649013805121,0.7834886925258627,0.6647737320224728,0.0011701149231914815,1.6451695240552395,1.6355381020049544,0.12414976298967999,3.83236583383494e-05,,,,,,
2,2000,layer_015.wk,wk,wqwk,momentum_proxy,head_ratio,0.0005528194547604277,0.0005648665843972102,0.035380445104667375,0.036151461401421454,0.004321904078435637,0.0044160877007056185,0.7886056907899096,0.6576298301949304,0.0013850251275667885,1.622893945504683,1.6133882375677366,0.12791108842946078,4.49775763970037e-05,0.025698363846600132,0.025426801943347507,0.9894327162276305,1.5927498076648878,1.6355381020049544,1.0268644165795242
2,2000,layer_016.wk,wk,wqwk,momentum_proxy,0,0.0005554804674493775,0.0005820770151016166,0.025138176342408197,0.026341798691275363,0.004518403334915617,0.004734745648734368,0.8186664905049316,0.6183236435458856,0.001289044142759349,1.6469363180356067,1.6387395227472492,0.12293733566389363,7.695811523331946e-05,,,,,,
2,2000,layer_016.wk,wk,wqwk,momentum_proxy,1,0.0005420277531111543,0.0005683262556232586,0.02452937598823712,0.025719510353764186,0.004402616799094018,0.004616226209841411,0.7408627663308381,0.738765563852605,0.0014426371505267058,1.6051391665293007,1.5933383465231195,0.12311490594018863,5.085626487846173e-05,,,,,,
2,2000,layer_016.wk,wk,wqwk,momentum_proxy,head_ratio,0.000548795332915881,0.0005752427245695338,0.03512290130661638,0.036815534372450165,0.004460802197346207,0.0046757759329569895,0.7807062876855035,0.679739766002641,0.0014426371505267058,1.626262058982444,1.6162785533716966,0.12302615283913894,6.522618790659599e-05,0.026341798691275363,0.025719510353764186,0.9763763915743049,1.6387395227472492,1.5933383465231195,0.9722950623977035
2,2000,layer_017.wk,wk,wqwk,momentum_proxy,0,0.0005536327399823896,0.0005680826879285751,0.025054557742619925,0.025708487738174513,0.004456363912565207,0.0045726760847244535,0.8004763819748224,0.6404246151326031,0.0012844400565823894,1.613959739754781,1.6212229654143329,0.12423418527857685,9.106326443659176e-05,,,,,,
2,2000,layer_017.wk,wk,wqwk,momentum_proxy,1,0.0005496857241650259,0.0005683088422059131,0.02487593619702578,0.025718722312452914,0.004453020516311349,0.004603886953382694,0.7633480636377934,0.7003477933952431,0.001435498805295702,1.6585678127602967,1.6401759781755683,0.12344109400608758,6.449434871768633e-05,,,,,,
2,2000,layer_017.wk,wk,wqwk,momentum_proxy,head_ratio,0.0005516627620798947,0.0005681957763190344,0.03530641677311326,0.0363645296844182,0.004454703234008939,0.004588208116088228,0.7819693639360505,0.670841220240435,0.001435498805295702,1.6360962689379708,1.6306679733615275,0.12383827453830967,7.890513020826708e-05,0.025708487738174513,0.025718722312452914,1.0003981009844933,1.6212229654143329,1.6401759781755683,1.011690565187862
2,2000,layer_018.wk,wk,wqwk,momentum_proxy,0,0.0005569235752163283,0.0005735154256172508,0.02520348394483981,0.025954345380419012,0.00472473251632329,0.004865491605332515,0.7669174313192022,0.6934988655965191,0.0014199086426963953,1.6296817614473795,1.6198716295915245,0.11787409621438574,9.809166164082365e-05,,,,,,
2,2000,layer_018.wk,wk,wqwk,momentum_proxy,1,0.0005671425156931059,0.0005520191318144459,0.025665940399730757,0.02498153417284514,0.0047335463060475735,0.004607321881122768,0.7943549940753357,0.6332721786200703,0.0014415104039048306,1.6349825958128434,1.6246671221806375,0.1198134504290209,8.06707504974905e-05,,,,,,
2,2000,layer_018.wk,wk,wqwk,momentum_proxy,head_ratio,0.000562056270198297,0.0005628699073987305,0.03597160129269101,0.03602367407351875,0.004729213373115547,0.004736059420625695,0.7801888553156293,0.6635215035836652,0.0014415104039048306,1.6323776525906235,1.6222238690671804,0.1188477291791175,8.980463259010139e-05,0.025954345380419012,0.02498153417284514,0.9625183685693033,1.6198716295915245,1.6246671221806375,1.002960415196803
2,2000,layer_000.wv,wv,exploratory,momentum_proxy,0,0.0005513351565389828,0.0005662519574042528,0.024950580985296726,0.025625638332205006,0.009403234902214733,0.009657646725698327,0.786412213679225,0.6629216805812846,0.001335306547538044,1.559830178436921,1.5760518530803391,0.05863249852549438,0.0006628860857750334,,,,,,
2,2000,layer_000.wv,wv,exploratory,momentum_proxy,1,0.0005469485659699057,0.0005535918625014127,0.024752066557284996,0.025052707839004144,0.00976005510336541,0.009878601789927293,0.7773314508849893,0.671486216399558,0.0015181498635228746,1.5858769355008098,1.5811713276142305,0.056039495697243535,0.0005967740817133231,,,,,,
2,2000,layer_000.wv,wv,exploratory,momentum_proxy,head_ratio,0.0005491462412929733,0.0005599576901391438,0.03514535944275029,0.0358372921689052,0.00957523944006321,0.009763754272018234,0.7819203976526728,0.6671834839009145,0.0015181498635228746,1.5725066223055952,1.578524273211779,0.057350653707449045,0.0006306969428017409,0.025625638332205006,0.025052707839004144,0.9776422937928991,1.5760518530803391,1.5811713276142305,1.003248290672598
2,2000,layer_001.wv,wv,exploratory,momentum_proxy,0,0.0005302430606824757,0.0005796477852109927,0.023996061688684067,0.0262318642958372,0.00601159931578377,0.006571722455895868,0.7726844868869474,0.7111062083766885,0.0012664000406920894,1.6122047746304902,1.5879020250605365,0.08820332707309597,0.0001684943231284772,,,,,,
2,2000,layer_001.wv,wv,exploratory,momentum_proxy,1,0.000534471340078505,0.0005728445022708252,0.024187411770839825,0.02592398285575252,0.006349905281469229,0.006805806144621029,0.7141213918561455,0.7861056596479762,0.0017362183689426242,1.6171623387519451,1.5896162567038303,0.08416997047786517,0.00013757986081621283,,,,,,
2,2000,layer_001.wv,wv,exploratory,momentum_proxy,head_ratio,0.0005323613982846767,0.0005762561837767637,0.03407112949021931,0.03688039576171288,0.006175152748882678,0.0066843125154744144,0.7434232635157346,0.7498419848028238,0.0017362183689426242,1.6146188355240656,1.588731278177514,0.08621023963836384,0.0001538157258357093,0.0262318642958372,0.02592398285575252,0.9882630743811244,1.5879020250605365,1.5896162567038303,1.0010795575647864
2,2000,layer_002.wv,wv,exploratory,momentum_proxy,0,0.0005325571300772105,0.0005677460894218336,0.024100784514997878,0.025693255028628643,0.005347720497968209,0.00570107360989092,0.751738925836782,0.7305450338279526,0.0014427359079703106,1.5684124073114174,1.5605372490139007,0.0995858198422203,0.00012497456011538235,,,,,,
2,2000,layer_002.wv,wv,exploratory,momentum_proxy,1,0.0005345173446198311,0.0005713897772311286,0.024189493698720595,0.025858149515571312,0.005319670203826483,0.00568663524823384,0.7429906445923096,0.7444700809838111,0.0016706943697327135,1.5658509780065208,1.5521810045832427,0.10047941397482656,0.00013343150523599664,,,,,,
2,2000,layer_002.wv,wv,exploratory,momentum_proxy,head_ratio,0.000533538137575708,0.0005695708470322298,0.034146440804845316,0.036452534210062705,0.005333588505118687,0.0056937945174551806,0.7473420659384175,0.7375660005449886,0.0016706943697327135,1.567123635428696,1.5563272390357104,0.1000336147161836,0.0001292722075033476,0.025693255028628643,0.025858149515571312,1.0064178122530187,1.5605372490139007,1.5521810045832427,0.9946452771723724
2,2000,layer_003.wv,wv,exploratory,momentum_proxy,0,0.0005182257007104025,0.0005630753284927143,0.023452218058078456,0.025481880518146628,0.00524447361755602,0.0056983544060601465,0.7496769584228864,0.742606393250737,0.0013715424827141498,1.5952610198451158,1.570665628617957,0.0988136729252728,0.00010426529641716343,,,,,,
2,2000,layer_003.wv,wv,exploratory,momentum_proxy,1,0.0005307366313074937,0.0005772638348961761,0.02401839814538453,0.02612397902008561,0.004930464415147638,0.005362695220594756,0.7732743454790876,0.7077347523903096,0.001897096684639974,1.6059330372042013,1.6123343904762226,0.10764434881163244,0.0001436530818491434,,,,,,
2,2000,layer_003.wv,wv,exploratory,momentum_proxy,head_ratio,0.0005245184690210699,0.0005702137146001566,0.03356918201734847,0.03649367773441002,0.005076473440523898,0.005518728030669003,0.7617630342269106,0.7249643012730252,0.001897096684639974,1.6008740359168723,1.592635163305485,0.10332339470822469,0.0001255138636998233,0.025481880518146628,0.02612397902008561,1.0251982384691631,1.570665628617957,1.6123343904762226,1.0265293650660263
2,2000,layer_004.wv,wv,exploratory,momentum_proxy,0,0.000545455231392308,0.0005740423780747368,0.02468448594887542,0.02597819252640629,0.005106112672108606,0.005373722520788545,0.7449296516624866,0.7345909038713796,0.001450617467225697,1.5986217538745933,1.578778607595949,0.10682397087940843,9.027552637048513e-05,,,,,,
2,2000,layer_004.wv,wv,exploratory,momentum_proxy,1,0.0005374849205031032,0.0005634412912363841,0.02432379085268843,0.025498442101360107,0.004789847303432718,0.005021159936812889,0.7983903432781488,0.6519385218732693,0.0014614302338340074,1.5861992930098576,1.6002230292809714,0.11221337267221577,0.00010585799057181263,,,,,,
2,2000,layer_004.wv,wv,exploratory,momentum_proxy,head_ratio,0.0005414847408844794,0.0005687665340435489,0.03465502341660668,0.03640105817878713,0.004942727099981801,0.005191758048043548,0.7712126942161474,0.6951023036815048,0.0014614302338340074,1.5922919903313295,1.589652814716706,0.10955181824351042,9.837577148203243e-05,0.02597819252640629,0.025498442101360107,0.9815325710378608,1.578778607595949,1.6002230292809714,1.0135829188347545
2,2000,layer_005.wv,wv,exploratory,momentum_proxy,0,0.0005401667560107028,0.0005553683697295071,0.024445156873389263,0.025133103378704145,0.004868054380552309,0.005005053337692544,0.7975330636269351,0.645849595202642,0.001360923319438323,1.5997855406797976,1.5853479295140585,0.11096152873078996,0.00012654840383104985,,,,,,
2,2000,layer_005.wv,wv,exploratory,momentum_proxy,1,0.0005409824007970817,0.0005531673904368619,0.024482068742796494,0.025033498426186983,0.004638394500510764,0.004742868858365405,0.7416287016261942,0.7272475065954305,0.0014616363727680652,1.5905494974041443,1.585320108074991,0.11663139061102083,9.764263768286235e-05,,,,,,
2,2000,layer_005.wv,wv,exploratory,momentum_proxy,head_ratio,0.0005405747322393549,0.0005542689725840416,0.034596782863318715,0.035473214245378665,0.004748891709292979,0.00486919415881471,0.7696124046952941,0.6878151187382973,0.0014616363727680652,1.5950416575683763,1.5853284429854895,0.11383176651123017,0.00011302341174697657,0.025133103378704145,0.025033498426186983,0.9960369019688369,1.5853479295140585,1.585320108074991,0.9999824508938704
2,2000,layer_006.wv,wv,exploratory,momentum_proxy,0,0.0005495132939994464,0.0005535215870247173,0.02486813289850659,0.02504952753397231,0.004591573215373994,0.004625065345764971,0.7619607320027466,0.6925347522044999,0.001481229443522629,1.5982881709131993,1.5707507531822889,0.11967865222305672,8.774471124460769e-05,,,,,,
2,2000,layer_006.wv,wv,exploratory,momentum_proxy,1,0.0005440414439125134,0.0005777793700578245,0.024620505231171774,0.026147309478245086,0.00462595375752884,0.004912825443444428,0.7852001126178431,0.6782967247854682,0.0014142463598941328,1.5708276179551348,1.5682585488749625,0.11760632994376005,0.00011871273209415557,,,,,,
2,2000,layer_006.wv,wv,exploratory,momentum_proxy,head_ratio,0.0005467842138250402,0.0005657804997376537,0.03499418968480257,0.03620995198320984,0.004608495299047798,0.004768602873689043,0.7735009521458905,0.6855239419047585,0.001481229443522629,1.5847451018401333,1.5694894075928911,0.11864701564044482,0.00010438354063897798,0.02504952753397231,0.026147309478245086,1.0438244570794384,1.5707507531822889,1.5682585488749625,0.9984133674281058
2,2000,layer_007.wv,wv,exploratory,momentum_proxy,0,0.0005578554059715048,0.0005689341845983054,0.025245653790977634,0.02574702207861125,0.004482892141206874,0.004571920532988367,0.825568804256321,0.5968124145463286,0.0011433804897208397,1.6017405323966942,1.5893276459361707,0.12444096096885357,0.00012264860717333228,,,,,,
2,2000,layer_007.wv,wv,exploratory,momentum_proxy,1,0.000533845943159528,0.000568340393879314,0.024159109537089954,0.025720150178194966,0.00448188460936017,0.004771481542277468,0.7445640929740467,0.7403086441948515,0.0014908940756866162,1.5881993585390917,1.5781455167831613,0.11911193386028285,0.00010192307863751987,,,,,,
2,2000,layer_007.wv,wv,exploratory,momentum_proxy,head_ratio,0.0005459826668491952,0.0005686373667459045,0.03494289067834849,0.036392791471737886,0.004482410438156886,0.004668401073860289,0.7857972456297037,0.6692557309354523,0.0014908940756866162,1.5952662935038593,1.583858651741818,0.12180559419580887,0.00011276301432763414,0.02574702207861125,0.025720150178194966,0.9989563103517666,1.5893276459361707,1.5781455167831613,0.9929642391978762
2,2000,layer_008.wv,wv,exploratory,momentum_proxy,0,0.0005472875487527852,0.0005651034959989927,0.02476740716685169,0.025573664901959215,0.004332270609582165,0.004473299772062665,0.7499701840424468,0.7193037395417917,0.0014303421654475734,1.6292457095229647,1.6162154550399959,0.12632810783848278,0.00011323606248435772,,,,,,
2,2000,layer_008.wv,wv,exploratory,momentum_proxy,1,0.0005465490814625176,0.0005712699246322258,0.024733987952219202,0.025852725606103986,0.004385196832342297,0.00458354272082234,0.7995635182042182,0.6488841079802808,0.0014475911159606766,1.6168320323669871,1.6078802786758026,0.12463501693505183,0.00016131504953425507,,,,,,
2,2000,layer_008.wv,wv,exploratory,momentum_proxy,head_ratio,0.0005469184397455228,0.0005681950756472606,0.03500278014371346,0.036364484841424675,0.00435845700091252,0.0045280130004230566,0.7748702441554634,0.6850469131945569,0.0014475911159606766,1.6230829627424217,1.6120499513994415,0.12548441791005763,0.0001393645418555246,0.025573664901959215,0.025852725606103986,1.0109120341263012,1.6162154550399959,1.6078802786758026,0.9948427814260773
2,2000,layer_009.wv,wv,exploratory,momentum_proxy,0,0.0005529118049375686,0.0005642712774363506,0.025021931946844697,0.025536002989058504,0.004482233731878179,0.004574320408913645,0.7736994335271805,0.6799425199832917,0.0014155044835320596,1.6225239833311573,1.6139268497742196,0.12335630804016182,0.0001195098310398791,,,,,,
2,2000,layer_009.wv,wv,exploratory,momentum_proxy,1,0.000559340615524496,0.0005671449029361013,0.025312866702747433,0.025666048434016226,0.004303214036517505,0.004363255303327971,0.775140392312687,0.6754174040380855,0.0014511351754635153,1.605638739809239,1.5978440754947034,0.12998205777771588,0.00012783554873410102,,,,,,
2,2000,layer_009.wv,wv,exploratory,momentum_proxy,head_ratio,0.0005561354997726014,0.0005657099148265171,0.03559267198544648,0.036205434548897096,0.004388955394830247,0.0044645155427086155,0.7744218420888229,0.6776575843599426,0.0014511351754635153,1.6138013316045399,1.605643892967633,0.12671249756324107,0.0001237427315750892,0.025536002989058504,0.025666048434016226,1.0050926311769874,1.6139268497742196,1.5978440754947034,0.9900350041999945
2,2000,layer_010.wv,wv,exploratory,momentum_proxy,0,0.0005530764654735265,0.0005744065011032316,0.02502938363206515,0.025994670853614923,0.004118807556946818,0.004277654149463381,0.7769244572086156,0.681795254157385,0.001370346385158306,1.6026670425753553,1.6280490221579733,0.13428072514354372,0.00018195151838958586,,,,,,
2,2000,layer_010.wv,wv,exploratory,momentum_proxy,1,0.0005519764303891912,0.0005730391208939538,0.02497960172693385,0.025932790289234724,0.004167840670968633,0.004326879958323489,0.7776618970818816,0.6805149126582088,0.0014185207020076945,1.5967886928038841,1.5911727300055483,0.13243702769974372,0.00015122706640495834,,,,,,
2,2000,layer_010.wv,wv,exploratory,momentum_proxy,head_ratio,0.0005525267216913054,0.0005737232183660394,0.03536171018824355,0.03671828597542652,0.004143057711907193,0.004301997190426633,0.7772923557440604,0.6811566587586497,0.0014185207020076945,1.5997504784994685,1.6097530547410868,0.13336206254219868,0.0001672961157016586,0.025994670853614923,0.025932790289234724,0.9976194903667498,1.6280490221579733,1.5911727300055483,0.9773493969465701
2,2000,layer_011.wv,wv,exploratory,momentum_proxy,0,0.0005607390156198897,0.000561798733474794,0.025376151066924375,0.025424108422530605,0.00425934477511591,0.004267394337537376,0.7806274880112182,0.6630066077488197,0.0014690633534849423,1.6081705967635316,1.6037741529794947,0.13164912568145656,0.00018838609778878336,,,,,,
2,2000,layer_011.wv,wv,exploratory,momentum_proxy,1,0.0005500448711838406,0.0005603382607935222,0.024892189335742384,0.025358014973784045,0.004115458773586037,0.0041924743459482135,0.7653139965161824,0.6917412162031128,0.001409023121170182,1.6123764841309232,1.6121558136275935,0.13365335469137865,0.00016755756584774635,,,,,,
2,2000,layer_011.wv,wv,exploratory,momentum_proxy,head_ratio,0.0005554176824489884,0.0005610689723389594,0.03554673167673526,0.0359084142296934,0.004186932842468503,0.00422953424316266,0.7730276291305993,0.6772496493178772,0.0014690633534849423,1.6102632640387498,1.6079894030102424,0.1326550253721121,0.00017827627395829612,0.025424108422530605,0.025358014973784045,0.9974003631652235,1.6037741529794947,1.6121558136275935,1.0052262100823408
2,2000,layer_012.wv,wv,exploratory,momentum_proxy,0,0.0005429474595526482,0.0005643162573689786,0.02457099715057192,0.025538038548442738,0.0039240666790281995,0.004078506277200445,0.7905276318131619,0.6610462398658631,0.0012443844695899375,1.6463831260697892,1.6333611441059617,0.13836346422306717,0.0002138698737686589,,,,,,
2,2000,layer_012.wv,wv,exploratory,momentum_proxy,1,0.0005374072409409147,0.0005591687343329762,0.024320275476996712,0.025305088247958178,0.003907900445003645,0.004066144962814544,0.7757796811675943,0.6842801221350273,0.0014164002668172054,1.6114425829596066,1.594635756521692,0.13751815034797124,0.0002260918789135818,,,,,,
2,2000,layer_012.wv,wv,exploratory,momentum_proxy,head_ratio,0.0005401844529650964,0.0005617483919809979,0.03457180498976617,0.03595189708678387,0.003916041437523661,0.0040723681853206024,0.7832251384143853,0.6726443497883361,0.0014164002668172054,1.62904696247394,1.614138329260631,0.13794145480408565,0.00022006574087814738,0.025538038548442738,0.025305088247958178,0.9908783010080168,1.6333611441059617,1.594635756521692,0.9762909827235626
2,2000,layer_013.wv,wv,exploratory,momentum_proxy,0,0.0005481435296081861,0.0005517467369897249,0.02480614443836656,0.02496920699027104,0.004062377919730757,0.004089081856412153,0.7853738537281355,0.657356206331658,0.001734250149110328,1.6072494839403717,1.5801814110594794,0.13493169282598788,0.00022544774699029702,,,,,,
2,2000,layer_013.wv,wv,exploratory,momentum_proxy,1,0.0005642035761718304,0.0005643750921817758,0.025532939179571335,0.025540701108129057,0.003984572342254373,0.003985783638989,0.781652309861064,0.6609298197497874,0.0013563949870378893,1.6211704364773416,1.628803348925332,0.14159702163987267,0.00021827074824425592,,,,,,
2,2000,layer_013.wv,wv,exploratory,momentum_proxy,head_ratio,0.0005562315185318083,0.0005580966343089683,0.03559881718603573,0.03571818459577397,0.004021788548969067,0.004035274122916554,0.7834613496049103,0.6591970176787305,0.001734250149110328,1.6144750413563937,1.6053403348537727,0.1383045159533291,0.0002218882671099447,0.02496920699027104,0.025540701108129057,1.022887956276733,1.5801814110594794,1.628803348925332,1.0307698454908747
2,2000,layer_014.wv,wv,exploratory,momentum_proxy,0,0.0005524141330988832,0.0005706309248267542,0.024999409890400538,0.02582380777598393,0.0040000973075358165,0.004132007291688147,0.7758560700113216,0.681291695100755,0.001459000357411793,1.6400476972200964,1.6120517382966462,0.13810017372782055,0.00025719311627513553,,,,,,
2,2000,layer_014.wv,wv,exploratory,momentum_proxy,1,0.0005551562682310451,0.0005557574241673532,0.025123504760600955,0.02515070997270425,0.004108680140872668,0.004113129261955182,0.7996649627794747,0.6333286004931027,0.0013821610499435422,1.5959045783444545,1.5799019458678016,0.1351179087192541,0.0002451801378306059,,,,,,
2,2000,layer_014.wv,wv,exploratory,momentum_proxy,head_ratio,0.0005537868979145367,0.0005632432719907838,0.03544236146653034,0.03604756940741016,0.004053567067027306,0.004122785112223604,0.787535973878661,0.6576287995575539,0.001459000357411793,1.618146653028798,1.5963611756692437,0.1366171790814005,0.00025125843174503645,0.02582380777598393,0.02515070997270425,0.9739349901796567,1.6120517382966462,1.5799019458678016,0.9800566001294628
2,2000,layer_015.wv,wv,exploratory,momentum_proxy,0,0.0005510871168212572,0.0005598270683173349,0.024939355989046664,0.025334881043134222,0.004068792567946533,0.004133321475638252,0.7630878975834423,0.6939670958526107,0.0014115215708720326,1.5927892402373336,1.597034090003029,0.13544242121425815,0.0002652574242279832,,,,,,
2,2000,layer_015.wv,wv,exploratory,momentum_proxy,1,0.0005539795839189875,0.0005575730860206672,0.02507025410739316,0.025232877448468728,0.00403720454765953,0.004063392702328143,0.8003946899777435,0.6339102924587645,0.0013184981125928877,1.6009586073202087,1.5907964291652639,0.1372186069294269,0.0002830730365932836,,,,,,
2,2000,layer_015.wv,wv,exploratory,momentum_proxy,head_ratio,0.0005525352430955968,0.0005587012138323096,0.03536225555811819,0.035756877685267814,0.004052823563682641,0.004098050708569766,0.7817440954562791,0.6644603514176554,0.0014115215708720326,1.5969108073442482,1.5939002803125801,0.13633340667648758,0.00027430990244084035,0.025334881043134222,0.025232877448468728,0.9959737882924405,1.597034090003029,1.5907964291652639,0.996094221859877
2,2000,layer_016.wv,wv,exploratory,momentum_proxy,0,0.0005412550568855034,0.000553997723289014,0.024494407748815998,0.025071075001572504,0.004000170941081981,0.004094346216140904,0.8039539828546267,0.6339378894070261,0.0014398167519312326,1.5899430690329985,1.5871891735679464,0.13530798179817355,0.0004487847034183069,,,,,,
2,2000,layer_016.wv,wv,exploratory,momentum_proxy,1,0.0005432960658399274,0.0005426130402176063,0.024586773270232683,0.024555863059079572,0.003922442096919734,0.003917510847417449,0.7606402925167352,0.6914616076810961,0.0012774845485951473,1.6060981439463715,1.604067802742065,0.13850964588274586,0.00031424731066035814,,,,,,
2,2000,layer_016.wv,wv,exploratory,momentum_proxy,head_ratio,0.0005422765216018818,0.0005483349290459276,0.03470569738252044,0.035093435458939365,0.003960588368660409,0.0040048367495134326,0.7824223837094807,0.6634317446806224,0.0014398167519312326,1.5981280482695517,1.5956326156671983,0.1369181725353843,0.0003874010081811387,0.025071075001572504,0.024555863059079572,0.9794499461047994,1.5871891735679464,1.604067802742065,1.0106342895070133
2,2000,layer_017.wv,wv,exploratory,momentum_proxy,0,0.0005696462440109613,0.0005616598886609436,0.02577924620912624,0.025417825023528608,0.004647260853317943,0.004582106949524083,0.8232623922330579,0.5905218894900844,0.0011514017473592958,1.5705546808350586,1.5700770101589638,0.1225767741451954,0.0004363033508394908,,,,,,
2,2000,layer_017.wv,wv,exploratory,momentum_proxy,1,0.0005552922666129165,0.0005720309643968696,0.02512965934479626,0.02588716633431725,0.004529008806079967,0.004665530984082278,0.7523509554058501,0.7149384471455407,0.0013064274272376122,1.605999990396147,1.6138129967239325,0.12260790172619326,0.0003281470570291847,,,,,,
2,2000,layer_017.wv,wv,exploratory,momentum_proxy,head_ratio,0.0005625150418770621,0.0005668691448471315,0.036000962680131976,0.036279625270216415,0.004588500772690165,0.004624017698203603,0.7877456827906436,0.6541058200865169,0.0013064274272376122,1.588049281880361,1.5921418875439166,0.12259233892364994,0.0003860318024403448,0.025417825023528608,0.02588716633431725,1.0184650460987195,1.5700770101589638,1.6138129967239325,1.0278559499196416
2,2000,layer_018.wv,wv,exploratory,momentum_proxy,0,0.0005490495002115881,0.0005557370885831506,0.024847143987628717,0.025149789689216953,0.0048540606338655715,0.004913184555183028,0.7709001027303841,0.6811234586026015,0.0016061311228693018,1.5917062530838422,1.5909224845994545,0.11311138068218736,0.0003615807657372666,,,,,,
2,2000,layer_018.wv,wv,exploratory,momentum_proxy,1,0.0005480514641197113,0.000557469364170086,0.02480197802996888,0.025228183533338933,0.004252588119826209,0.004325666019421394,0.8109081791562327,0.6204657746546054,0.0011821126301114412,1.6123504016464671,1.600147116774103,0.1288748048663854,0.00038866813608192643,,,,,,
2,2000,layer_018.wv,wv,exploratory,momentum_proxy,head_ratio,0.0005485507091447216,0.000556603900280566,0.035107245385262185,0.03562264961795623,0.004524146887694021,0.00459056521330341,0.7909146672978439,0.6515560558750741,0.0016061311228693018,1.6026203291395142,1.5957916592051693,0.12124953560566659,0.00037536886535549733,0.025149789689216953,0.025228183533338933,1.003117077521948,1.5909224845994545,1.600147116774103,1.005798291408881
2,8000,layer_000.wq,wq,wqwk,momentum_proxy,0,0.0005609493154119813,0.0005782476682342285,0.02538566814910486,0.026168502234478846,0.002178227836602914,0.0022453992415936205,0.8465547421070168,0.5632985486616652,0.001076339460949276,1.6305801820546308,1.6396606411983876,0.25752554713781356,5.819088237035584e-05,,,,,,
2,8000,layer_000.wq,wq,wqwk,momentum_proxy,1,0.0005588657434131849,0.0005571485845459038,0.025291376444180745,0.025213666704697282,0.0024428671500419962,0.0024353612489598055,0.7945804137763843,0.639989279267927,0.001519130704496859,1.5932071850573744,1.605197710613369,0.22877451334329715,4.2344244780817306e-05,,,,,,
2,8000,layer_000.wq,wq,wqwk,momentum_proxy,head_ratio,0.0005599084986057732,0.000567796139067459,0.035834143910769486,0.03633895290031738,0.002298714504385207,0.002331097355475701,0.8209840590079607,0.6027222122508776,0.001519130704496859,1.6129568029088837,1.6237155740853404,0.2435746142192292,5.0888180637051484e-05,0.026168502234478846,0.025213666704697282,0.9635120297972767,1.6396606411983876,1.605197710613369,0.9789816686946694
2,8000,layer_001.wq,wq,wqwk,momentum_proxy,0,0.000524744158948048,0.0005717489704856286,0.02374720980353256,0.025874404746676172,0.0028531776038808808,0.0031087556284605587,0.6733771959513066,0.8484015075229774,0.0015116740797830944,1.5592720510405553,1.5708273805394914,0.18391570094840684,1.7200116886112048e-05,,,,,,
2,8000,layer_001.wq,wq,wqwk,momentum_proxy,1,0.0005643220295413915,0.0005815646725553399,0.025538299767147075,0.026318612714394556,0.0031820411943130787,0.0032792672416708394,0.8670439536736716,0.5243763144449171,0.0012261100956921997,1.5805646271961369,1.5753874727876327,0.1773459220295274,4.647762144816746e-05,,,,,,
2,8000,layer_001.wq,wq,wqwk,momentum_proxy,head_ratio,0.0005448925515070881,0.000576677706182481,0.034873123296453645,0.036907373195678786,0.003016110410330336,0.0031920488327684066,0.7742528057314793,0.6937103750058141,0.0015116740797830944,1.5701128178925756,1.5730845427870739,0.18066067795157725,3.504292593645023e-05,0.025874404746676172,0.026318612714394556,1.0171678526353518,1.5708273805394914,1.5753874727876327,1.002902987498585
2,8000,layer_002.wq,wq,wqwk,momentum_proxy,0,0.000550517639455498,0.000564486406710633,0.024913584385394788,0.025545738628653822,0.002888117181183604,0.002961399913321692,0.8244118740455643,0.6006086819597363,0.0012100788401049629,1.500667161750972,1.5134103043522895,0.19061471710434058,4.776095761528066e-05,,,,,,
2,8000,layer_002.wq,wq,wqwk,momentum_proxy,1,0.0005275091800503551,0.0005699162098576577,0.023872340374512736,0.025791463468703056,0.002803175671512665,0.003028525975834565,0.7187575216291062,0.7836877258726271,0.0016278629386157623,1.5797434517129891,1.594747356414236,0.18818270485548905,3.951026043184304e-05,,,,,,
2,8000,layer_002.wq,wq,wqwk,momentum_proxy,head_ratio,0.0005391361638719163,0.0005672078056671997,0.034504714487802644,0.036301299562700784,0.002846508561683008,0.0029947200415750457,0.772195807822043,0.6942924272448224,0.0016278629386157623,1.5391354495440113,1.5540272771300117,0.1894026145325031,4.383018224762873e-05,0.025545738628653822,0.025791463468703056,1.0096190148823339,1.5134103043522895,1.594747356414236,1.0537442171683622
2,8000,layer_003.wq,wq,wqwk,momentum_proxy,0,0.0005453066731909626,0.0005757111416547396,0.0246777629721348,0.02605371214519779,0.0026000954865155273,0.0027450680773697124,0.7767212119489321,0.688886732073765,0.0014631630153247033,1.5676431247667544,1.5684677105815645,0.20972563354653792,2.767871827707399e-05,,,,,,
2,8000,layer_003.wq,wq,wqwk,momentum_proxy,1,0.0005475271094206634,0.0005568452202177782,0.024778248445108474,0.02519993800238767,0.0027870064503405507,0.0028344372249080882,0.7610789635388158,0.6973262342127353,0.0013154911980295652,1.5964320017746247,1.5896180009086052,0.19645706573580407,3.250809305356244e-05,,,,,,
2,8000,layer_003.wq,wq,wqwk,momentum_proxy,head_ratio,0.0005464180191836386,0.0005663567417735881,0.034970753227752865,0.03624683147350964,0.0026890692875159903,0.0027871930767516366,0.7688802001703658,0.6931364752157027,0.0014631630153247033,1.5815889204262088,1.5785200886477082,0.20319968017201548,3.0190127189535854e-05,0.02605371214519779,0.02519993800238767,0.9672302304542238,1.5684677105815645,1.5896180009086052,1.0134846832895261
2,8000,layer_004.wq,wq,wqwk,momentum_proxy,0,0.000550283286738753,0.0005530743470586133,0.02490297879210199,0.02502928776354992,0.0028607038801293947,0.0028752134923220873,0.778090415585758,0.6679041579558865,0.001632351578048953,1.596763986825115,1.5787632374615654,0.1923594016707045,4.4176518663652797e-05,,,,,,
2,8000,layer_004.wq,wq,wqwk,momentum_proxy,1,0.0005483153137793783,0.0005696994299363516,0.02481391850251699,0.025781653129350695,0.002871343994628538,0.002983325462161415,0.7669051856169201,0.6970594268570144,0.0015214104237837242,1.5575931186743588,1.5741148344691036,0.19096120660050456,3.9703715182907676e-05,,,,,,
2,8000,layer_004.wq,wq,wqwk,momentum_proxy,head_ratio,0.0005493001815897127,0.0005614484276601526,0.035155211621741615,0.03593269937024977,0.002865990064635747,0.002929373900482786,0.7723186171258963,0.6825852447354246,0.001632351578048953,1.5772838339510855,1.5764121259289643,0.191661579140724,4.199970119277945e-05,0.02502928776354992,0.025781653129350695,1.0300593997283631,1.5787632374615654,1.5741148344691036,0.9970556680810887
2,8000,layer_005.wq,wq,wqwk,momentum_proxy,0,0.0005387387467955744,0.0005749052106720018,0.02438053255341395,0.026017239872361805,0.0025681250486844034,0.002740527725038842,0.6863271593328628,0.8209550237988368,0.001506574380995905,1.5623466757729436,1.569577679305326,0.20977901643518448,1.5269925554191976e-05,,,,,,
2,8000,layer_005.wq,wq,wqwk,momentum_proxy,1,0.0005610662243780798,0.000571726096677143,0.025390958844958293,0.0258733695962703,0.0030338843250595614,0.0030915260401906276,0.8721877320139764,0.5107271288742977,0.0011170232232580353,1.614626639052692,1.6110383084284834,0.18493329483386453,4.7395496654760086e-05,,,,,,
2,8000,layer_005.wq,wq,wqwk,momentum_proxy,head_ratio,0.0005500157931535875,0.0005733178572482723,0.035201010761829604,0.03669234286388943,0.0027814149944783598,0.002899252902556671,0.780678674130974,0.6775109996730255,0.001506574380995905,1.587307318232823,1.588909024410566,0.19774675632563796,3.521011026382863e-05,0.026017239872361805,0.0258733695962703,0.9944701945019027,1.569577679305326,1.6110383084284834,1.026415149546155
2,8000,layer_006.wq,wq,wqwk,momentum_proxy,0,0.0005682344072718422,0.0005643289596367197,0.025715353771868035,0.025538613387460735,0.002809069989681745,0.002789763387322399,0.8086134749632622,0.6165950914932319,0.001422821214285018,1.5750329013337196,1.5895506941230917,0.20228559963228993,5.002042382362309e-05,,,,,,
2,8000,layer_006.wq,wq,wqwk,momentum_proxy,1,0.0005401921698998493,0.0005816053090576563,0.02444630697472378,0.02632045171256106,0.0026882674296477413,0.0028943600007008212,0.7448787964368915,0.7451421418366595,0.0014979902599456096,1.57871566805343,1.5599566427819787,0.2009443569275523,3.341007821436732e-05,,,,,,
2,8000,layer_006.wq,wq,wqwk,momentum_proxy,head_ratio,0.000554390621326105,0.0005730322461296198,0.03548099976487072,0.03667406375229567,0.002749733969239678,0.0028421949651371782,0.7764389491245555,0.6806522209417193,0.0014979902599456096,1.5768201147893504,1.5745787278975054,0.2016160936031926,4.2533963639572917e-05,0.025538613387460735,0.02632045171256106,1.030613969256616,1.5895506941230917,1.5599566427819787,0.981382128012319
2,8000,layer_007.wq,wq,wqwk,momentum_proxy,0,0.00055316130136014,0.0005698346686971841,0.025033222866030748,0.025787773337021983,0.0028273011679301263,0.0029125215744000665,0.7872443423520122,0.6627560632893967,0.0015751274695591441,1.5855120404181346,1.577536694417672,0.19564993911317585,4.102802364285767e-05,,,,,,
2,8000,layer_007.wq,wq,wqwk,momentum_proxy,1,0.0005560106232419446,0.0005628993915340591,0.025162168454792813,0.02547391852028894,0.002821387718439094,0.002856343680505464,0.7946766775503459,0.6448937196908888,0.0012906219382072546,1.5932600220126167,1.603878619845121,0.19706990982067238,5.8827855158700096e-05,,,,,,
2,8000,layer_007.wq,wq,wqwk,momentum_proxy,head_ratio,0.0005545877921845825,0.0005663776454975265,0.03549361869981328,0.03624816931184169,0.0028243246095860795,0.0028843662717438264,0.7909174295015199,0.6538400049077412,0.0015751274695591441,1.5894098403393262,1.5906719696864093,0.19636120802199877,5.071496458941821e-05,0.025787773337021983,0.02547391852028894,0.9878293169157625,1.577536694417672,1.603878619845121,1.0166981380025348
2,8000,layer_008.wq,wq,wqwk,momentum_proxy,0,0.0005558310574465065,0.0005659904366503312,0.025154042234528915,0.02561380325389979,0.0026935786500124747,0.0027428113917856997,0.8081802678440291,0.6252884418199902,0.0011821350121207154,1.6064238056848823,1.6136838234909057,0.2063541220316446,4.783859149515461e-05,,,,,,
2,8000,layer_008.wq,wq,wqwk,momentum_proxy,1,0.0005507950024229255,0.0005477309706634859,0.024926136400442337,0.024787474151810603,0.002458315629150688,0.0024446402015790678,0.7887656647199851,0.6481893664770884,0.0012944138878342379,1.6300895441997754,1.6213601957447856,0.2240538179441251,3.344872558376884e-05,,,,,,
2,8000,layer_008.wq,wq,wqwk,momentum_proxy,head_ratio,0.0005533187594489149,0.0005569355396289578,0.035412400604730554,0.0356438745362533,0.0025689651146348093,0.0025857572113262115,0.7986202717469552,0.6367376450516552,0.0012944138878342379,1.6186362494689694,1.6175392228130172,0.21538585958088105,4.127558648534598e-05,0.02561380325389979,0.024787474151810603,0.9677389142917159,1.6136838234909057,1.6213601957447856,1.0047570485259458
2,8000,layer_009.wq,wq,wqwk,momentum_proxy,0,0.0005506030519517372,0.0005693275935027407,0.024917449713733268,0.025764825733273992,0.0025235131964140094,0.0026093311509881177,0.8017538241174387,0.641196146339455,0.001447048192164714,1.5947717764625549,1.594644384388125,0.21818909159427471,6.86127930829569e-05,,,,,,
2,8000,layer_009.wq,wq,wqwk,momentum_proxy,1,0.0005494138888019324,0.0005672084953149461,0.024863634332794766,0.02566892629656425,0.0025259348709079405,0.0026077457206542427,0.8128897596170808,0.6224065131749622,0.0015440870848874647,1.5853410977006053,1.594752823133601,0.21750912706804956,6.818784194074475e-05,,,,,,
2,8000,layer_009.wq,wq,wqwk,momentum_proxy,head_ratio,0.0005500087917601998,0.0005682690321850501,0.035200562672652785,0.036369218059843215,0.002524720544679253,0.002608541030537055,0.8073051433146724,0.6318914856071826,0.0015440870848874647,1.590068677037351,1.5946984169126073,0.21784937462457832,6.840064752318009e-05,0.025764825733273992,0.02566892629656425,0.9962778930584463,1.594644384388125,1.594752823133601,1.0000680018357306
2,8000,layer_010.wq,wq,wqwk,momentum_proxy,0,0.0005542335899822983,0.0005657473017280011,0.025081749109622256,0.025602800223351128,0.0024266609730547195,0.002477072704594107,0.8394496326392168,0.5728899386266058,0.0011014842647727365,1.53787886428058,1.5333624341854526,0.22839349877730156,6.680374030187033e-05,,,,,,
2,8000,layer_010.wq,wq,wqwk,momentum_proxy,1,0.0005562104329056009,0.0005590566907949521,0.02517121080795236,0.02530001773624458,0.0025685710483806475,0.0025817150226362566,0.7550960837677382,0.7016697790976602,0.0013667694080598033,1.630241932127807,1.629895702982178,0.21654469447370872,4.0697380839263554e-05,,,,,,
2,8000,layer_010.wq,wq,wqwk,momentum_proxy,head_ratio,0.0005552228912507582,0.0005624119455235266,0.03553426504004852,0.035994364513505704,0.002494845940032321,0.0025271493323234507,0.7974248386830624,0.6407525900595541,0.0013667694080598033,1.5828941245728263,1.5800428945823926,0.2225479667267813,5.531282186571117e-05,0.025602800223351128,0.02530001773624458,0.988173852685442,1.5333624341854526,1.629895702982178,1.0629552848332333
2,8000,layer_011.wq,wq,wqwk,momentum_proxy,0,0.0005557405094314795,0.0005625846740164553,0.025149944499140195,0.02545967603127416,0.002355476107795336,0.0023844847294166418,0.7752222017814052,0.67471751179867,0.0013102355120278401,1.5688916767540777,1.5494797203420874,0.23593553235045892,6.346762656367754e-05,,,,,,
2,8000,layer_011.wq,wq,wqwk,momentum_proxy,1,0.0005499160021787921,0.0005753292839092942,0.024886357390311684,0.02603643123631759,0.0024950333889566844,0.002610336428310594,0.8300528234592993,0.5981116474535689,0.0015920653583392785,1.5754082525908717,1.5765616573157788,0.22040426577567493,8.850274455632947e-05,,,,,,
2,8000,layer_011.wq,wq,wqwk,momentum_proxy,head_ratio,0.0005528359265077955,0.0005689926626775526,0.03538149929649891,0.03641553041136337,0.002421511426136454,0.0024922805628155398,0.8026913044553824,0.6379688644578801,0.0015920653583392785,1.572021415702177,1.562720356787971,0.2283020102820043,7.700933519914755e-05,0.02545967603127416,0.02603643123631759,1.0226536741604628,1.5494797203420874,1.5765616573157788,1.0174780841711903
2,8000,layer_012.wq,wq,wqwk,momentum_proxy,0,0.0005601986577932432,0.0005687684604521013,0.025351697263181084,0.025739522259885662,0.002394898625044054,0.0024315352865552516,0.8318465824713975,0.5845388007500806,0.0011528802777928046,1.53875393084793,1.5496566282652067,0.23391330720019032,0.00010546356705324944,,,,,,
2,8000,layer_012.wq,wq,wqwk,momentum_proxy,1,0.0005486839489837887,0.0005718435138022883,0.024830601027497644,0.025878683288777033,0.0024377610734459304,0.002540657259304931,0.7712053212835686,0.6918710200043591,0.0012606513218436088,1.5933268884983722,1.5744965175217465,0.22507699994084696,9.328937173193013e-05,,,,,,
2,8000,layer_012.wq,wq,wqwk,momentum_proxy,head_ratio,0.0005544711949532617,0.0005703080596847643,0.03548615647700875,0.03649971581982492,0.002415599913402622,0.0024845945328205187,0.8016904859270244,0.6393458348286436,0.0012606513218436088,1.5652340055062672,1.5618737685795836,0.22953767793948626,9.956272107002069e-05,0.025739522259885662,0.025878683288777033,1.005406511724899,1.5496566282652067,1.5744965175217465,1.0160292859743691
2,8000,layer_013.wq,wq,wqwk,momentum_proxy,0,0.0005443002450882388,0.0005558801470234391,0.024632217235417184,0.02515626377518393,0.002421703424372863,0.002473224783077801,0.8153414504944562,0.6145135319985526,0.0012683650567748006,1.5734783908230048,1.5892772899687,0.2247592498776739,8.736810843722042e-05,,,,,,
2,8000,layer_013.wq,wq,wqwk,momentum_proxy,1,0.0005549533541538916,0.0005661894200249236,0.025114321917723937,0.02562280821348492,0.002345264362955085,0.0023927486148654525,0.8099853196238311,0.6230037717628697,0.0013027346215530936,1.5620668912233486,1.568574031283136,0.23662720626285316,7.750114194595604e-05,,,,,,
2,8000,layer_013.wq,wq,wqwk,momentum_proxy,head_ratio,0.0005496526094224294,0.0005610584627304715,0.03517776700303548,0.035907741614750174,0.0023818248499899003,0.002431250149494947,0.8126127275126285,0.6188554796187581,0.0013027346215530936,1.5675710947126964,1.5785628798168672,0.23076953346286583,8.258212087015304e-05,0.02515626377518393,0.02562280821348492,1.0185458557149185,1.5892772899687,1.568574031283136,0.9869731614386992
2,8000,layer_014.wq,wq,wqwk,momentum_proxy,0,0.000560086644626188,0.0005547235336376468,0.025346628125900647,0.025103921428412414,0.0024732659786286387,0.0024495832144084324,0.8559389968591362,0.5342796866581377,0.0012478453759585603,1.628360838005876,1.6141199152198864,0.22645629279902263,8.230161144165892e-05,,,,,,
2,8000,layer_014.wq,wq,wqwk,momentum_proxy,1,0.0005567476888450814,0.0005540947846087267,0.02519552423630688,0.025075467495483523,0.0025429185922956686,0.002530801578356732,0.7578319383470445,0.6942989022207747,0.001318425394927887,1.5502942589531419,1.5525033702828734,0.21894042952529863,7.482064624753117e-05,,,,,,
2,8000,layer_014.wq,wq,wqwk,momentum_proxy,head_ratio,0.000558419662316327,0.0005544092482553067,0.03573885838824493,0.03548219188833963,0.0025071588824582863,0.0024891531675561365,0.8070575679120107,0.6190033311402743,0.001318425394927887,1.5900867065700783,1.5838412255887762,0.2227300655827575,7.865012508188402e-05,0.025103921428412414,0.025075467495483523,0.9988665542548788,1.6141199152198864,1.5525033702828734,0.9618265381921026
2,8000,layer_015.wq,wq,wqwk,momentum_proxy,0,0.00055332444288595,0.0005592626971860913,0.025040605808699126,0.025309340521277687,0.0024719898004231405,0.002498519089434314,0.8117327820195116,0.61700126609394,0.0014291033946923146,1.5724975182944276,1.5767432622845163,0.22383767230400198,9.637988471480782e-05,,,,,,
2,8000,layer_015.wq,wq,wqwk,momentum_proxy,1,0.0005497915203105167,0.0005563078980939949,0.02488072398402738,0.025175621578873517,0.0024993648316394513,0.0025289884341506428,0.8206052987239317,0.602646179334883,0.0012127159264821719,1.5312531198891277,1.5646300858834379,0.21997249595205456,8.646678254507435e-05,,,,,,
2,8000,layer_015.wq,wq,wqwk,momentum_proxy,head_ratio,0.000551560810292209,0.0005577872542222619,0.035299891858701374,0.03569838427022476,0.0024854766003098087,0.002513534577603534,0.8161429571930726,0.6099119299107708,0.0014291033946923146,1.5521252474779208,1.5707554641390744,0.2219134994968202,9.155759570165881e-05,0.025309340521277687,0.025175621578873517,0.99471661688333,1.5767432622845163,1.5646300858834379,0.9923175974866524
2,8000,layer_016.wq,wq,wqwk,momentum_proxy,0,0.0005571148814208661,0.00056734494474383,0.025212141475368557,0.025675101292817238,0.002645289782962833,0.0026938641127640436,0.8212657729989497,0.6036304160050244,0.001282719903825523,1.5960483832919448,1.6128045787268244,0.21060637099534504,9.3137757596829e-05,,,,,,
2,8000,layer_016.wq,wq,wqwk,momentum_proxy,1,0.0005499641239107999,0.0005575420161287248,0.0248885351313053,0.02523147138566661,0.0025835412179384737,0.002619139534335708,0.7938774611451974,0.6466182898274935,0.0012221341679513262,1.5723594800264542,1.5987921091231678,0.21287220815065674,7.480879208416293e-05,,,,,,
2,8000,layer_016.wq,wq,wqwk,momentum_proxy,head_ratio,0.0005535510494478172,0.0005624648371566275,0.0354272671646603,0.03599774957802416,0.0026142674188664996,0.0026563647553435616,0.8077773421395406,0.6252162118004501,0.001282719903825523,1.5842151860298739,1.605817589112986,0.21174232041182206,8.447188071558841e-05,0.025675101292817238,0.02523147138566661,0.9827213960291274,1.6128045787268244,1.5987921091231678,0.9913117374612626
2,8000,layer_017.wq,wq,wqwk,momentum_proxy,0,0.0005574121845486661,0.0005360165703790088,0.02522559587906362,0.02425734091157462,0.0027303221559855846,0.0026255219362780907,0.7885163317473416,0.6389096562078534,0.0014303213410752705,1.5639615908824225,1.545067417816108,0.20415619575392305,7.137241058269463e-05,,,,,,
2,8000,layer_017.wq,wq,wqwk,momentum_proxy,1,0.0005518769759610861,0.0005597413338934316,0.02497510093329979,0.025331001146012732,0.002635328458583405,0.002672882419285432,0.8443842034182272,0.5620229303260817,0.0010991210361207785,1.5679761572561473,1.5718032409182274,0.209414873566744,8.705063615773885e-05,,,,,,
2,8000,layer_017.wq,wq,wqwk,momentum_proxy,head_ratio,0.0005546514852045694,0.0005480073560590556,0.03549769505309244,0.03507247078777956,0.0026820379572707765,0.0026499100228171172,0.8166259260903073,0.6020783948408917,0.0014303213410752705,1.5659851460116119,1.558896179140116,0.20680225039356984,7.959847438189934e-05,0.02425734091157462,0.025331001146012732,1.0442612501655448,1.545067417816108,1.5718032409182274,1.0173039847930452
2,8000,layer_018.wq,wq,wqwk,momentum_proxy,0,0.0005577365996645055,0.0005531299065478531,0.025240277231276708,0.02503180209901237,0.0029326890953991036,0.00290846619398438,0.8157790080835732,0.6045386785871206,0.0013189558390016287,1.6035686448341535,1.6106573162472044,0.19017924557345697,8.589023735998089e-05,,,,,,
2,8000,layer_018.wq,wq,wqwk,momentum_proxy,1,0.0005608013532788331,0.0005686802825525014,0.02537897214733156,0.02573553178367716,0.002864586561050472,0.002904832317914035,0.8275781579213147,0.5915115562157293,0.0012967748952819051,1.5734491190776443,1.574423970547996,0.19577043364791252,8.184609394103982e-05,,,,,,
2,8000,layer_018.wq,wq,wqwk,momentum_proxy,head_ratio,0.0005592710757962974,0.0005609589812462358,0.03579334885096303,0.03590137479975909,0.0028978513443862677,0.002906597191058808,0.8217257060906905,0.5980248959793051,0.0013189558390016287,1.5882462585253125,1.5920236205035352,0.19299508819861322,8.389253830692981e-05,0.02503180209901237,0.02573553178367716,1.0281134247498926,1.6106573162472044,1.574423970547996,0.9775040007991078
2,8000,layer_000.wk,wk,wqwk,momentum_proxy,0,0.000565359763882826,0.00056889521762055,0.02558526226250058,0.025745258634501604,0.002218055465957183,0.0022319259834374877,0.8617291447054157,0.5275510955352916,0.0010636709229758915,1.6126225969138663,1.6220643874774918,0.25488982244132014,7.464482972335067e-05,,,,,,
2,8000,layer_000.wk,wk,wqwk,momentum_proxy,1,0.0005541172580966042,0.0005612756473642197,0.025076484529446733,0.02540043624743098,0.002391969886714712,0.0024228706596383606,0.7942377466359338,0.6457613288305526,0.0012423599419960386,1.6023545103701393,1.6053269434290205,0.23165728848604578,4.973020293408854e-05,,,,,,
2,8000,layer_000.wk,wk,wqwk,momentum_proxy,head_ratio,0.0005597667363903216,0.0005650982750618058,0.03582507112898058,0.03616628960395558,0.0022983578215557176,0.002320248696468278,0.8285453028604278,0.5884438605532512,0.0012423599419960386,1.6077583825446913,1.6141136349749132,0.24355073485094922,6.342295991316411e-05,0.025745258634501604,0.02540043624743098,0.9866063731591913,1.6220643874774918,1.6053269434290205,0.9896813935515223
2,8000,layer_001.wk,wk,wqwk,momentum_proxy,0,0.000520633159133653,0.0005841694391561384,0.023561167189374784,0.026436490994511855,0.002875500463396316,0.003226416649662957,0.6831949391648473,0.8519546019095576,0.0014989972338304534,1.606848427365335,1.5881587679202498,0.1810582769020743,2.313850003321951e-05,,,,,,
2,8000,layer_001.wk,wk,wqwk,momentum_proxy,1,0.0005528676870679904,0.0005594765751808344,0.025019935399980677,0.025319019534425172,0.0031319334870222905,0.0031693720975194428,0.8497178787346995,0.5516339651252887,0.0010941741370966845,1.5884409265107116,1.593026597728889,0.17652599883072026,5.119247206052728e-05,,,,,,
2,8000,layer_001.wk,wk,wqwk,momentum_proxy,head_ratio,0.000536992349011323,0.0005719562797190329,0.034367510336724666,0.0366052019020181,0.0030032037602317698,0.003198744364054532,0.7661379363873978,0.708814049554597,0.0014989972338304534,1.5974594477605688,1.5905084631841433,0.17880649862062015,3.972442182999751e-05,0.026436490994511855,0.025319019534425172,0.9577299627125754,1.5881587679202498,1.593026597728889,1.0030650775646404
2,8000,layer_002.wk,wk,wqwk,momentum_proxy,0,0.0005638848291093825,0.00057341277606137,0.025518514334173563,0.025949699991807868,0.003032927038549458,0.0030841743260109585,0.8102393470875452,0.6214656667425387,0.0015440828753095215,1.5094312124923952,1.5013112837856917,0.18592100038749,5.316955678347696e-05,,,,,,
2,8000,layer_002.wk,wk,wqwk,momentum_proxy,1,0.0005269274677735704,0.0005587833215041467,0.023846015081993445,0.025287646454369598,0.002847250761904418,0.0030193837580997796,0.7444874651934794,0.7386301112847197,0.001457552430237402,1.602485878772983,1.5803434157566005,0.18506535315531134,5.0043733507471466e-05,,,,,,
2,8000,layer_002.wk,wk,wqwk,momentum_proxy,head_ratio,0.0005457190929379255,0.0005661453047326338,0.034926021948027235,0.03623329950288856,0.0029419822925911684,0.0030521003994751143,0.7787305127957711,0.6786045697321614,0.0015440828753095215,1.5542998575595959,1.5402509034590428,0.18549367013942167,5.1630306177274423e-05,0.025949699991807868,0.025287646454369598,0.9744870446422396,1.5013112837856917,1.5803434157566005,1.0526420688530511
2,8000,layer_003.wk,wk,wqwk,momentum_proxy,0,0.0005462810256277454,0.0005860547946682567,0.02472185712991494,0.0265218124452361,0.0026412620363744136,0.0028335677202291796,0.7884965439941923,0.6775738704989649,0.0013530112500560743,1.5743119857011838,1.5648912129072963,0.20682575908962453,3.5052158835463766e-05,,,,,,
2,8000,layer_003.wk,wk,wqwk,momentum_proxy,1,0.0005574504186023412,0.0005849400046686955,0.025227326154815682,0.026471362808865622,0.0028822137737605346,0.0030243445551743726,0.7949483895787184,0.6578437835690472,0.0013523599948206538,1.6154971951930708,1.6079752862830323,0.19341050399430107,3.998367879769307e-05,,,,,,
2,8000,layer_003.wk,wk,wqwk,momentum_proxy,head_ratio,0.000551893979021708,0.0005854976649891381,0.03532121465738931,0.03747185055930484,0.002756293070877772,0.0029241180704404814,0.7917035175625049,0.6675820489540237,0.0013530112500560743,1.594395033829703,1.5856792550810963,0.2002305142558558,3.759885908657117e-05,0.0265218124452361,0.026471362808865622,0.9980978058541569,1.5648912129072963,1.6079752862830323,1.0275316731414788
2,8000,layer_004.wk,wk,wqwk,momentum_proxy,0,0.0005454868932325672,0.000581038906658932,0.02468591880020035,0.026294819266031888,0.002859888156231368,0.0030462808695845933,0.7898406725206765,0.6722801560210014,0.0013254900352919832,1.6119421464737982,1.604668531332951,0.1907371419557139,4.083744597656197e-05,,,,,,
2,8000,layer_004.wk,wk,wqwk,momentum_proxy,1,0.0005503321129804286,0.0005761928674303142,0.024905188415563665,0.02607551256520298,0.002892759635920954,0.0030286938197757723,0.7831973884848566,0.6754176590969123,0.0019099980538338848,1.5783614382793623,1.5910612639583002,0.19024467368344697,5.370948157046535e-05,,,,,,
2,8000,layer_004.wk,wk,wqwk,momentum_proxy,head_ratio,0.000547914858927015,0.0005786209603570263,0.03506655097132896,0.03703174146284968,0.002876328363627934,0.0030375228065976628,0.7864891065047391,0.6738646057983178,0.0019099980538338848,1.5950954283975738,1.597901442483686,0.19049106696424817,4.7709566150075056e-05,0.026294819266031888,0.02607551256520298,0.9916596992506348,1.604668531332951,1.5910612639583002,0.9915202005218189
2,8000,layer_005.wk,wk,wqwk,momentum_proxy,0,0.0005135828033709231,0.0005886694254624399,0.023242104509720127,0.026640137127787525,0.0025166316244200557,0.0028845671676004463,0.7085084787063204,0.8304161575168496,0.0014546949836307388,1.5798236881480567,1.5964480836564203,0.20407547866258563,2.1766824401471877e-05,,,,,,
2,8000,layer_005.wk,wk,wqwk,momentum_proxy,1,0.0005437030204933482,0.000566240919220794,0.024605189935517115,0.025625138801044958,0.00297406648924801,0.0030973492499038924,0.8618484606492106,0.5380286928958357,0.0010395585140684574,1.5773145356114198,1.577699285884577,0.18281468234115475,6.956474487663279e-05,,,,,,
2,8000,layer_005.wk,wk,wqwk,momentum_proxy,head_ratio,0.0005288573864530619,0.0005775640531898989,0.033846872732995956,0.03696409940415353,0.0027297704197826785,0.002981176605098824,0.7849727873116757,0.6914792636181122,0.0014546949836307388,1.5785752415162897,1.587758740786008,0.19373694674849806,5.154148025753393e-05,0.026640137127787525,0.025625138801044958,0.9618996583285657,1.5964480836564203,1.577699285884577,0.9882559301716207
2,8000,layer_006.wk,wk,wqwk,momentum_proxy,0,0.0005425390537381068,0.0005716387821242677,0.024552514813231875,0.025869418190674502,0.002696826114717325,0.002841473595672423,0.8226566257511866,0.6136673657071738,0.0011871943357468911,1.5872587921628845,1.5876584479839837,0.20117687632039807,5.6071887651474736e-05,,,,,,
2,8000,layer_006.wk,wk,wqwk,momentum_proxy,1,0.0005334229367547054,0.0005653953080990456,0.02413996645246048,0.025586870810105116,0.002743081244207209,0.002907496394221311,0.7589484245085725,0.7173507437153455,0.001306367524570952,1.5560454421377465,1.5710572835394045,0.19446122417306405,4.646699568966981e-05,,,,,,
2,8000,layer_006.wk,wk,wqwk,momentum_proxy,head_ratio,0.0005380003040366495,0.0005685256158032507,0.03443201945834557,0.03638563941140804,0.002719266999711881,0.0028735540369496525,0.7912437840806706,0.6666488581642341,0.001306367524570952,1.57204903379218,1.5795434494719913,0.19784754645044175,5.149387474847565e-05,0.025869418190674502,0.025586870810105116,0.9890779383406759,1.5876584479839837,1.5710572835394045,0.9895436172272069
2,8000,layer_007.wk,wk,wqwk,momentum_proxy,0,0.0005446305345955426,0.0005643805475200758,0.024647164432240815,0.025540947988558212,0.002821184186004421,0.0029234891810364268,0.7881675078037857,0.6635837716467947,0.001293065519040848,1.5788049320728335,1.5775271696269333,0.19305032875818384,6.054464563177209e-05,,,,,,
2,8000,layer_007.wk,wk,wqwk,momentum_proxy,1,0.0005500674646467384,0.0005637100874827134,0.024893211799155213,0.02551060643086647,0.002770538461867998,0.0028392525991640504,0.7759379547826482,0.6781249643099291,0.0014671597301849776,1.5826840067105006,1.602218434205902,0.19854171750998284,6.138951359909648e-05,,,,,,
2,8000,layer_007.wk,wk,wqwk,momentum_proxy,head_ratio,0.0005473557503473939,0.0005640454171203011,0.03503076802223321,0.03609890669569927,0.0027952658610419195,0.0028804975512778655,0.7820139042806596,0.670965975933233,0.0014671597301849776,1.580780870176772,1.5900350781858477,0.19581527395156983,6.096854309646292e-05,0.025540947988558212,0.02551060643086647,0.9988120426185694,1.5775271696269333,1.602218434205902,1.0156518791272595
2,8000,layer_008.wk,wk,wqwk,momentum_proxy,0,0.0005639062081961171,0.0005927500368538586,0.025519481841194718,0.02682480451890812,0.002784981496501965,0.0029274334289909687,0.8157501903537787,0.6244715518876623,0.00123542093704445,1.6295164685561636,1.6126986066422955,0.20248113278468932,6.695575831215774e-05,,,,,,
2,8000,layer_008.wk,wk,wqwk,momentum_proxy,1,0.0005544630920394722,0.0005826928359755503,0.025092135187121386,0.02636966756269647,0.0025552538835964546,0.002685351204520499,0.785534888650235,0.6733207479665866,0.0016618547962191366,1.6296730566234854,1.6195594605652412,0.21698943326096415,4.0972197229528757e-05,,,,,,
2,8000,layer_008.wk,wk,wqwk,momentum_proxy,head_ratio,0.0005592045833485696,0.0005877429486125206,0.03578909333430846,0.037615548711201326,0.0026646465705510813,0.0028006337555529616,0.8008993420605934,0.6489433859205881,0.0016618547962191366,1.6295423519634094,1.6161758230560874,0.20986069579686117,5.550583085123348e-05,0.02682480451890812,0.02636966756269647,0.9830329814373545,1.6126986066422955,1.6195594605652412,1.0042542691453242
2,8000,layer_009.wk,wk,wqwk,momentum_proxy,0,0.0005627826732790366,0.0005562503209737545,0.0254686364550336,0.02517301593585507,0.002671211065057218,0.0026402056830737005,0.7845269987648651,0.6527469936503251,0.0013507928211064744,1.5968576340492,1.5735654757606932,0.2106844646763178,6.049289935406715e-05,,,,,,
2,8000,layer_009.wk,wk,wqwk,momentum_proxy,1,0.0005609205721226375,0.0005609301699824115,0.025384367376317114,0.0253848017258679,0.002632982095426803,0.002633027148138711,0.8056952032920442,0.6233909232346323,0.001321554154420923,1.573154780856987,1.5794666293075448,0.21303622728650312,8.186697353339941e-05,,,,,,
2,8000,layer_009.wk,wk,wqwk,momentum_proxy,head_ratio,0.000561852394127446,0.0005585951464074415,0.03595855322415655,0.03575008937007625,0.0026519532839693093,0.002636579016852084,0.7951243113181103,0.6382863931073404,0.0013507928211064744,1.5849587028265402,1.576544758002203,0.21186360918337677,7.197774735214911e-05,0.02517301593585507,0.0253848017258679,1.0084132068462712,1.5735654757606932,1.5794666293075448,1.0037501798544473
2,8000,layer_010.wk,wk,wqwk,momentum_proxy,0,0.0005500214666967568,0.000574145177522215,0.024891130169564644,0.025982844698336793,0.0024894070203980282,0.0025985913681428716,0.8278176276300704,0.6011589646744485,0.001156605605260902,1.5437204288081412,1.5170720094324037,0.2209447720641579,8.07858589464183e-05,,,,,,
2,8000,layer_010.wk,wk,wqwk,momentum_proxy,1,0.0005463132267154772,0.0005640907306678014,0.02472331438479473,0.02552783237501931,0.0025798980317616803,0.0026638501405765796,0.7504406984816521,0.7186231703564638,0.0013393533675517127,1.6294769319372946,1.6244544831064098,0.21175768188885666,5.231478381109119e-05,,,,,,
2,8000,layer_010.wk,wk,wqwk,momentum_proxy,head_ratio,0.0005481704823827747,0.0005691401572975455,0.03508291087249758,0.036424970067042914,0.0025331354763692606,0.0026300378619622243,0.7895900280731254,0.6621037104372238,0.0013393533675517127,1.5855267989097594,1.569150257338989,0.216399986300167,6.805582859282445e-05,0.025982844698336793,0.02552783237501931,0.9824879712517927,1.5170720094324037,1.6244544831064098,1.0707827136789518
2,8000,layer_011.wk,wk,wqwk,momentum_proxy,0,0.0005585536760166118,0.0005713795201574145,0.025277253885953286,0.025857685333403102,0.0024535640112195813,0.0025099042179868346,0.7774021193973681,0.6752376573848311,0.0012520014959871428,1.5667696335731296,1.5604818964868792,0.22764993024941474,5.819575686763046e-05,,,,,,
2,8000,layer_011.wk,wk,wqwk,momentum_proxy,1,0.0005432125019669571,0.0005709161680371288,0.024582991601033357,0.025836716410117904,0.0025447089849985807,0.0026744883396910735,0.8330979313209036,0.5944989577364648,0.0012953591057205394,1.5840947425135998,1.5866108424455436,0.2134674358322589,8.864630212881297e-05,,,,,,
2,8000,layer_011.wk,wk,wqwk,momentum_proxy,head_ratio,0.0005509364896632241,0.0005711478910849257,0.03525993533844634,0.03655346502943525,0.002496623345480713,0.002588213315615289,0.8047774401232717,0.6372712433812481,0.0012953591057205394,1.5750323638963875,1.573119643187608,0.22067264998563255,7.498304141107224e-05,0.025857685333403102,0.025836716410117904,0.9991890641789924,1.5604818964868792,1.5866108424455436,1.016744151929919
2,8000,layer_012.wk,wk,wqwk,momentum_proxy,0,0.0005518737166226045,0.0005535366632626973,0.02497495343247787,0.02505020980661938,0.002440932120305199,0.002448287317238653,0.8166920303916785,0.6064072338449178,0.001368505700636527,1.5241434761635844,1.5340836280467738,0.22609138207153495,9.310036231034126e-05,,,,,,
2,8000,layer_012.wk,wk,wqwk,momentum_proxy,1,0.0005461212725584255,0.0005866010123933024,0.024714627531282524,0.02654653143770868,0.002469400096265882,0.002652437598132043,0.7797261888109774,0.691878684343386,0.001541149134759251,1.617639297287633,1.5901517235764722,0.22115544313140914,8.506807277148971e-05,,,,,,
2,8000,layer_012.wk,wk,wqwk,momentum_proxy,head_ratio,0.0005490050288657112,0.0005703085065632671,0.03513632184740552,0.03649974442004909,0.002454893212214633,0.002550152381159492,0.7973025079091035,0.6501012088588022,0.001541149134759251,1.5701307779156926,1.562631330496821,0.22363703078165156,8.91747006369303e-05,0.02505020980661938,0.02654653143770868,1.059732898152969,1.5340836280467738,1.5901517235764722,1.0365482653648324
2,8000,layer_013.wk,wk,wqwk,momentum_proxy,0,0.0005484261200308101,0.0005748189975954767,0.024818933021031254,0.026013338313895382,0.0025350318959204664,0.0026570297074904087,0.8109750332753272,0.6313156818566357,0.0011674830242808971,1.5658055872146508,1.5841320204284774,0.21633894268287995,8.468913924735264e-05,,,,,,
2,8000,layer_013.wk,wk,wqwk,momentum_proxy,1,0.0005606543278723434,0.0005506311970977044,0.025372318536967677,0.024918723417641803,0.00247249539613402,0.0024282932140351305,0.8059605932156464,0.6176249014005333,0.0013629921593593317,1.5750008591129785,1.5711024799163904,0.22675646990040077,8.066021147180982e-05,,,,,,
2,8000,layer_013.wk,wk,wqwk,momentum_proxy,head_ratio,0.0005545739285677058,0.0005628550413800695,0.03549273142833317,0.03602272264832445,0.0025024890975550366,0.0025398572345355936,0.8080667586065138,0.6243568707580633,0.0013629921593593317,1.5705619893613882,1.5775970546110765,0.221608928929813,8.269921408675709e-05,0.026013338313895382,0.024918723417641803,0.9579210140949547,1.5841320204284774,1.5711024799163904,0.9917749655053606
2,8000,layer_014.wk,wk,wqwk,momentum_proxy,0,0.0005532927119915118,0.0005709907269034003,0.025039169832338778,0.025840090559233943,0.002567882167404572,0.0026500202760507525,0.8633273485200417,0.5320825785144351,0.001083858771237907,1.6105088727915249,1.5985773953299103,0.2154665502236576,9.161008139767335e-05,,,,,,
2,8000,layer_014.wk,wk,wqwk,momentum_proxy,1,0.000548722297347963,0.000564474373583708,0.024832336476352364,0.025545194071492385,0.002630415173441551,0.00270592604760134,0.7640710746402342,0.6973001322914527,0.0014475916235314685,1.5415925933438108,1.549133194052433,0.20860672599832683,7.751904193333716e-05,,,,,,
2,8000,layer_014.wk,wk,wqwk,momentum_proxy,head_ratio,0.0005510122433983424,0.0005677418993884426,0.03526478357749392,0.036335481560860326,0.002598325328990222,0.0026772148444686376,0.8141888050665309,0.6195379733697641,0.0014475916235314685,1.5767473044253182,1.5743958428747773,0.21206437748597118,8.485755380621935e-05,0.025840090559233943,0.025545194071492385,0.9885876372195539,1.5985773953299103,1.549133194052433,0.9690698733624511
2,8000,layer_015.wk,wk,wqwk,momentum_proxy,0,0.0005520938101744764,0.000542780278277341,0.024984913729631412,0.024563431389710667,0.002591147548851409,0.002547436253956099,0.8026774900563435,0.6231148732943406,0.0012587509395461313,1.556333985550186,1.5616582337178522,0.21306922889019034,8.686757807652681e-05,,,,,,
2,8000,layer_015.wk,wk,wqwk,momentum_proxy,1,0.0005465398337757287,0.0005653839281757782,0.024733569449688717,0.025586355813566764,0.0025954422515452754,0.002684930255484739,0.8174154602239488,0.6155879335744255,0.0012769085255956228,1.545451851846954,1.554632598926294,0.2105767652700921,8.6845223215286e-05,,,,,,
2,8000,layer_015.wk,wk,wqwk,momentum_proxy,head_ratio,0.0005493238412523946,0.0005541973550669027,0.035156725840153245,0.035468630724281774,0.0025932705227049917,0.0026162776066290137,0.8098971878692008,0.6194008860965429,0.0012769085255956228,1.5509527363311963,1.5580988887018072,0.21182666306614448,8.685640136511048e-05,0.024563431389710667,0.025586355813566764,1.0416441989568521,1.5616582337178522,1.554632598926294,0.9955011700768661
2,8000,layer_016.wk,wk,wqwk,momentum_proxy,0,0.0005555448704372258,0.0005811056592196232,0.025141090888932117,0.02629784014208477,0.00273330671522023,0.0028590669901198376,0.8208988599625877,0.6138405528142742,0.001252859877358528,1.6068728972819892,1.6127495223216315,0.20325010264809018,8.59223032757447e-05,,,,,,
2,8000,layer_016.wk,wk,wqwk,momentum_proxy,1,0.0005558570237419841,0.0005771467560483283,0.025155217334920234,0.026118680636261823,0.0026787266101972822,0.002781323806989119,0.8078875115230173,0.6327780195806451,0.0012907466097009188,1.5725159269785935,1.5906730701725866,0.2075079336674251,8.074351014119046e-05,,,,,,
2,8000,layer_016.wk,wk,wqwk,momentum_proxy,head_ratio,0.0005557009690077976,0.0005791295905037927,0.03556486201649905,0.037064293792242735,0.0027055885332453416,0.0028196574537701505,0.8144080237399354,0.6233865203571337,0.0012907466097009188,1.5895077883172022,1.6016297898628633,0.20539005180556297,8.33731270558133e-05,0.02629784014208477,0.026118680636261823,0.9931872920036412,1.6127495223216315,1.5906730701725866,0.98631129518658
2,8000,layer_017.wk,wk,wqwk,momentum_proxy,0,0.0005485958189634645,0.0005640684325796111,0.02482661271805781,0.02552682327873983,0.0027266406602806732,0.002803542918643323,0.8027127762919047,0.6375723526281413,0.0012224109756407663,1.548725122946136,1.5439349231516097,0.20119842961154755,8.360424410059386e-05,,,,,,
2,8000,layer_017.wk,wk,wqwk,momentum_proxy,1,0.000562129148988907,0.0005515616931832174,0.02543906132177147,0.024960832863525566,0.002714521794312319,0.002663491547710497,0.8463990286029532,0.549345301882483,0.001087703922665776,1.6134389157823876,1.6092137790996015,0.20708220142742065,8.865756329492229e-05,,,,,,
2,8000,layer_017.wk,wk,wqwk,momentum_proxy,head_ratio,0.0005554037057524855,0.0005578501133906656,0.035545837168159074,0.0357024072570026,0.0027204133601829543,0.002732396067454131,0.8243515557612267,0.5940232830775266,0.0012224109756407663,1.5819368525821667,1.5766738090551484,0.2041615123207355,8.616795564774889e-05,0.02552682327873983,0.024960832863525566,0.9778276204197467,1.5439349231516097,1.6092137790996015,1.0422808338415839
2,8000,layer_018.wk,wk,wqwk,momentum_proxy,0,0.0005609872564762286,0.0005522704429304063,0.025387385165669,0.024992907215679264,0.002906948924432258,0.002861779749074033,0.8119673342704755,0.6086569959780077,0.0013008073426602623,1.5809549957046645,1.5979457118336282,0.19298146305951772,9.037307656828792e-05,,,,,,
2,8000,layer_018.wk,wk,wqwk,momentum_proxy,1,0.0005618176589563987,0.0005490989037128549,0.02542496489205892,0.024849379734877365,0.0028384456240501286,0.002774187239521131,0.8248389118500711,0.5855799555353213,0.0010668553546028872,1.602730883930569,1.5884464764020272,0.19793145029664194,8.110956873911552e-05,,,,,,
2,8000,layer_018.wk,wk,wqwk,momentum_proxy,head_ratio,0.0005614026112532672,0.0005506869565339306,0.0359297671202091,0.03524396521817155,0.0028720340985978685,0.002817214749478646,0.8183839902099075,0.5972128842945912,0.0013008073426602623,1.5919861043459598,1.5931466744253127,0.1954721260194456,8.586633539828906e-05,0.024992907215679264,0.024849379734877365,0.9942572714905348,1.5979457118336282,1.5884464764020272,0.9940553453341661
2,8000,layer_000.wv,wv,exploratory,momentum_proxy,0,0.0005490037961193848,0.0005655561296609707,0.02484507565652312,0.025594148763193006,0.0067635528482146165,0.006967472353801145,0.7855134018819419,0.6654439449977729,0.0014846554439219353,1.5985452133107645,1.5798039442498306,0.08117091836789685,0.0005186530001184363,,,,,,
2,8000,layer_000.wv,wv,exploratory,momentum_proxy,1,0.0005384225143893063,0.0005562407933678793,0.02436622150836416,0.02517258476563281,0.007050301191185413,0.007283620248524599,0.750328728009004,0.7190011887158652,0.0015949877740072949,1.581368750920779,1.606050124401922,0.07636872522020269,0.00044588315017300023,,,,,,
2,8000,layer_000.wv,wv,exploratory,momentum_proxy,head_ratio,0.0005437388951301891,0.0005609177996835297,0.03479928928833211,0.0358987391797459,0.006899678623031858,0.007117667296594392,0.7682375269196543,0.6922194388239712,0.0015949877740072949,1.590297332035823,1.5924109640261455,0.0788064089412993,0.00048363866581366965,0.025594148763193006,0.02517258476563281,0.9835288916439194,1.5798039442498306,1.606050124401922,1.0166135679352
2,8000,layer_001.wv,wv,exploratory,momentum_proxy,0,0.0005401733051807709,0.0005777546457237976,0.024445453254993504,0.02614619058261303,0.004786225910370796,0.005119216793349191,0.7771001521407133,0.6940141008072769,0.0016834606226505192,1.5707215768876734,1.5736718125675533,0.11285996843782975,0.00025660801224647057,,,,,,
2,8000,layer_001.wv,wv,exploratory,momentum_proxy,1,0.0005275333361164684,0.0005818168844928011,0.023873433553274696,0.026330026523756152,0.004374142705488206,0.004824245041970556,0.7422230663554255,0.7610474844339361,0.0013719334798619112,1.615370750331118,1.606331030439091,0.12060268071605809,0.00014392945687260694,,,,,,
2,8000,layer_001.wv,wv,exploratory,momentum_proxy,head_ratio,0.0005338907286814827,0.0005797893228304314,0.03416900663561489,0.03710651666114761,0.004571158261045856,0.004964140806992125,0.7597175609892024,0.7275093755492335,0.0016834606226505192,1.5934938730990547,1.59058883641535,0.11679550306344713,0.00020804249626546066,0.02614619058261303,0.026330026523756152,1.0070310793674613,1.5736718125675533,1.606331030439091,1.0207535126515686
2,8000,layer_002.wv,wv,exploratory,momentum_proxy,0,0.0005399962614671639,0.0005678391379804374,0.0244374411711242,0.02569746592570182,0.003865927443855445,0.004065259454295831,0.7732128792545022,0.692545776791203,0.0013651547648350568,1.57864713493658,1.586141986387557,0.1396809095125262,0.00020259893676727146,,,,,,
2,8000,layer_002.wv,wv,exploratory,momentum_proxy,1,0.000519611460717612,0.0005743080560592865,0.023514930397162927,0.025990215739493467,0.004141383021737278,0.004577323274059676,0.7668400084920628,0.7255945692091442,0.0012622781933334867,1.590220220275652,1.5927128120329996,0.12546810038827053,0.0001869629701226161,,,,,,
2,8000,layer_002.wv,wv,exploratory,momentum_proxy,head_ratio,0.0005299018930460638,0.0005710827566460762,0.03391372115494808,0.036549296425348876,0.003991282096938322,0.004301461105128618,0.769830999415488,0.7086270198570352,0.0013651547648350568,1.5840046072285554,1.5892373683710026,0.13276483099316563,0.0001949377867119393,0.02569746592570182,0.025990215739493467,1.011392166629895,1.586141986387557,1.5927128120329996,1.0041426465611742
2,8000,layer_003.wv,wv,exploratory,momentum_proxy,0,0.0005474198671423163,0.00057312427447306,0.02477339521360453,0.025936643900321334,0.003951655950415814,0.00413720817509245,0.8006707027200283,0.6477520031258932,0.0011588315406702854,1.5643231227633774,1.5749516417019713,0.13852923281054214,0.00021010277763503863,,,,,,
2,8000,layer_003.wv,wv,exploratory,momentum_proxy,1,0.0005212772253682461,0.0005558278663831765,0.023590314299903683,0.025153897823487644,0.003690732580771419,0.0039353570728356164,0.7460441768570937,0.7388975189430469,0.0014248205402906111,1.5932268348904361,1.5976279028306049,0.14123950027809692,0.00015853310144897802,,,,,,
2,8000,layer_003.wv,wv,exploratory,momentum_proxy,head_ratio,0.0005345083987318293,0.0005645423150829112,0.034208537518837075,0.03613070816530631,0.003820893873811936,0.004035589110153776,0.7744113022068257,0.692593858593453,0.0014248205402906111,1.5785560561254603,1.5862200737209091,0.139890930338396,0.00018611276343253631,0.025936643900321334,0.025153897823487644,0.9698208419006751,1.5749516417019713,1.5976279028306049,1.014398068187115
2,8000,layer_004.wv,wv,exploratory,momentum_proxy,0,0.0005137627697251321,0.0005723646678921989,0.02325024885720471,0.025902268030602242,0.003691926718592212,0.004113043090490793,0.7415334450449299,0.7674029277955599,0.0015333528101439883,1.5871947803355504,1.580975505120866,0.13915844188831514,0.0001550567869488193,,,,,,
2,8000,layer_004.wv,wv,exploratory,momentum_proxy,1,0.0005330037542394483,0.0005611011209292007,0.024120996417318526,0.025392538082586298,0.003736950652124155,0.003933944523066145,0.8277639152938734,0.6044914832558871,0.001341149739746382,1.5663131289609726,1.5626522117844655,0.14263066437242858,0.00019356407475592253,,,,,,
2,8000,layer_004.wv,wv,exploratory,momentum_proxy,head_ratio,0.0005234716733448838,0.0005667608759253556,0.033502187094072565,0.036272696059222766,0.003715061555294676,0.004022283627576929,0.7846981217835135,0.6877876186504244,0.0015333528101439883,1.5764330362241132,1.5717917180728642,0.14090524895848264,0.00017537054800480025,0.025902268030602242,0.025392538082586298,0.9803210302891731,1.580975505120866,1.5626522117844655,0.9884101345801687
2,8000,layer_005.wv,wv,exploratory,momentum_proxy,0,0.0005480324179465994,0.000573619726822391,0.024801116098566438,0.02595906551414321,0.00389068430717165,0.004072338052179663,0.7895072720347031,0.6654479079525554,0.0016122667131066304,1.5618556623081192,1.549268873228504,0.14085759076788065,0.00019938858097460672,,,,,,
2,8000,layer_005.wv,wv,exploratory,momentum_proxy,1,0.000538256028036884,0.0005686048593526571,0.024358687196122695,0.025732118519288763,0.0036230381619165417,0.0038273182225182583,0.8062677581496858,0.6422540415775785,0.0012304102354405017,1.6004978828449667,1.5834750142042369,0.14856482432195894,0.00017780928627834878,,,,,,
2,8000,layer_005.wv,wv,exploratory,momentum_proxy,head_ratio,0.0005431662189599234,0.0005711177974285381,0.0347626380134351,0.03655153903542645,0.003752119409213188,0.003945205165339662,0.7977668318986417,0.6541624677222693,0.0016122667131066304,1.5815087243759216,1.56675492057361,0.14476250879068492,0.00018890731657334383,0.02595906551414321,0.025732118519288763,0.9912575052160179,1.549268873228504,1.5834750142042369,1.022078892545263
2,8000,layer_006.wv,wv,exploratory,momentum_proxy,0,0.0005230135417539472,0.0005631318714940548,0.02366889100970301,0.025484439362285928,0.003453737928630363,0.0037186607002130043,0.781909270846873,0.6895818032961487,0.0013163283731864005,1.5592981383234832,1.5688801988930625,0.15143405567004237,0.00016478949401142564,,,,,,
2,8000,layer_006.wv,wv,exploratory,momentum_proxy,1,0.0005290765604265591,0.0005550815609452632,0.023943271913246342,0.02512012389478461,0.00354925762684421,0.0037237095934039917,0.7903343611189956,0.6650999931890461,0.0012855558322245808,1.5616674416052028,1.5736158714765782,0.1490668235590953,0.00017673435501909776,,,,,,
2,8000,layer_006.wv,wv,exploratory,momentum_proxy,head_ratio,0.0005260537860574745,0.0005591212051039679,0.03366744230767836,0.035783757126653944,0.003501071048634638,0.00372114623209525,0.7860497275922347,0.6773104265010733,0.0013163283731864005,1.5604812514982005,1.5712123362916202,0.15025510158173655,0.00017086633603574194,0.025484439362285928,0.02512012389478461,0.9857043954421668,1.5688801988930625,1.5736158714765782,1.0030185049099714
2,8000,layer_007.wv,wv,exploratory,momentum_proxy,0,0.0005223237431984762,0.0005608143964954972,0.02363767429058453,0.025379562415936467,0.003179975067743328,0.0034143111847962527,0.7955941002314347,0.6666093412127619,0.001207508697192921,1.5998680155105436,1.5827515810561334,0.1642540372397145,0.00019629100713854832,,,,,,
2,8000,layer_007.wv,wv,exploratory,momentum_proxy,1,0.0005194514507634443,0.0005706667519886578,0.023507689173249382,0.025825429128248426,0.0033325230555353593,0.0036610930727686676,0.7477689281225564,0.7509464316265181,0.0017701637349241128,1.5950917792796142,1.5714306854014144,0.15587332543750287,0.00018131276859700252,,,,,,
2,8000,layer_007.wv,wv,exploratory,momentum_proxy,head_ratio,0.0005208895767862487,0.00056576202114577,0.03333693291431992,0.03620876935332928,0.0032531500383568713,0.0035333952200515815,0.7714885201355606,0.7097990286673734,0.0017701637349241128,1.5975415839858573,1.5771860636783421,0.16011852224600875,0.00018895036324359873,0.025379562415936467,0.025825429128248426,1.0175679432531108,1.5827515810561334,1.5714306854014144,0.9928473325882481
2,8000,layer_008.wv,wv,exploratory,momentum_proxy,0,0.000537265795468929,0.0005687692251464777,0.024313874385642517,0.025739556866002725,0.003252033891136193,0.0034427220418847345,0.7834455371441098,0.6796640356079254,0.0014966632091254761,1.5859524247759482,1.5811778909201353,0.165209162467006,0.00024417758026566,,,,,,
2,8000,layer_008.wv,wv,exploratory,momentum_proxy,1,0.0005407749248397054,0.0005629753371637863,0.02447267945278728,0.025477355427154964,0.0031851458441613345,0.0033159055147834048,0.7930177967331921,0.6577569590411283,0.0013834948528521906,1.6200688455886445,1.5909661335124168,0.1697802710764393,0.0002406775284865796,,,,,,
2,8000,layer_008.wv,wv,exploratory,momentum_proxy,head_ratio,0.0005390232157877107,0.00056587969645871,0.03449748581041349,0.03621630057335744,0.0032178509864925968,0.003378178316169117,0.788195104274255,0.6687288980945729,0.0014966632091254761,1.6032924612137516,1.5861108631300787,0.16751030984664614,0.00024243387080067954,0.025739556866002725,0.025477355427154964,0.9898132885421163,1.5811778909201353,1.5909661335124168,1.006190475245379
2,8000,layer_009.wv,wv,exploratory,momentum_proxy,0,0.0005336709882414062,0.0005634045016673367,0.024151191981313574,0.02549677719552008,0.0032130995244427666,0.0033921175710555115,0.7911931778469123,0.6663221321119475,0.0014763475717675476,1.5570079714109308,1.5584613798825466,0.16609226828538978,0.00022905807817238277,,,,,,
2,8000,layer_009.wv,wv,exploratory,momentum_proxy,1,0.0005440142342465273,0.0005751520376144327,0.02461927386225449,0.02602840998466724,0.0031723490653199457,0.0033539251623996543,0.7962123119242385,0.6589232886453407,0.0012238995829843072,1.5976980195370187,1.5660622094584031,0.17148624664091344,0.00020164789909351836,,,,,,
2,8000,layer_009.wv,wv,exploratory,momentum_proxy,head_ratio,0.0005388674283872587,0.000569308571370155,0.03448751541678456,0.03643574856768992,0.003192138293503622,0.003372465277646165,0.7937525135429015,0.6625620295612095,0.0014763475717675476,1.5778717259635358,1.5623619117126035,0.1688108029291581,0.00021578864472540622,0.02549677719552008,0.02602840998466724,1.0208509799128875,1.5584613798825466,1.5660622094584031,1.0048771369467169
2,8000,layer_010.wv,wv,exploratory,momentum_proxy,0,0.0005413164383886288,0.0005833938440047686,0.02449718555855036,0.02640139156468856,0.0029571676336413214,0.003187033074945939,0.7779657922316703,0.6961528422335431,0.0014161048885560426,1.5688888544901305,1.5673110929741914,0.18305233434537377,0.0002663416084693686,,,,,,
2,8000,layer_010.wv,wv,exploratory,momentum_proxy,1,0.0005336125233515702,0.0005441458445947521,0.024148546162429455,0.024625229866715545,0.003082406389035537,0.003143251993808489,0.7624178783067269,0.6963716464188604,0.001442723018466166,1.5743586863374535,1.5837732215953302,0.17311556492021607,0.0003154503965218539,,,,,,
2,8000,layer_010.wv,wv,exploratory,momentum_proxy,head_ratio,0.0005374782840019586,0.0005641112822007712,0.034398610176125353,0.03610312206084936,0.003016943588495949,0.003166438471452074,0.7702240235599792,0.696260684850977,0.001442723018466166,1.5715277268855847,1.5750262522723741,0.17815324292155904,0.0002919304755141584,0.02640139156468856,0.024625229866715545,0.9327246939381558,1.5673110929741914,1.5837732215953302,1.0105034212384087
2,8000,layer_011.wv,wv,exploratory,momentum_proxy,0,0.0005615777624995089,0.0005815416954912585,0.025414108417726157,0.026317572891173834,0.0032002336528058925,0.003314001067523662,0.7854017070711945,0.6676212905486134,0.001349326416492616,1.590254511238553,1.5707221476334507,0.17548023782798808,0.0002813062716157203,,,,,,
2,8000,layer_011.wv,wv,exploratory,momentum_proxy,1,0.0005569040603880059,0.0005630447436758374,0.02520260080452362,0.025480496407336073,0.0030488966133648517,0.0030825151660235834,0.7998845678730421,0.6362118978142697,0.0013327319622174205,1.5902285939355012,1.589485453664314,0.1826575745293608,0.00027580125920668113,,,,,,
2,8000,layer_011.wv,wv,exploratory,momentum_proxy,head_ratio,0.0005592457938199457,0.000572367944147747,0.03579173080447653,0.03663154842545581,0.0031224489755839508,0.0031957141575509576,0.7924389913793297,0.6522369242469799,0.001349326416492616,1.5902356448637407,1.5801336857014645,0.17910486230294845,0.00027856736441149053,0.026317572891173834,0.025480496407336073,0.9681932491533635,1.5707221476334507,1.589485453664314,1.0119456557349327
2,8000,layer_012.wv,wv,exploratory,momentum_proxy,0,0.0005733238261535912,0.000566411232054562,0.025945674578497384,0.025632846280064507,0.002940904309928331,0.002905445679305898,0.8411400870517409,0.5603877536966749,0.0012905071014797584,1.563414458418309,1.5726012356784769,0.194948140345159,0.000355557418555593,,,,,,
2,8000,layer_012.wv,wv,exploratory,momentum_proxy,1,0.0005528769803207296,0.0005690511032047739,0.02502035596459068,0.025752313210738023,0.0032155258508765033,0.0033095943545402426,0.7193141954076329,0.7606905165248157,0.0016993132226322608,1.6095958771543402,1.5657863644273922,0.1719398337817822,0.0003201626408990363,,,,,,
2,8000,layer_012.wv,wv,exploratory,momentum_proxy,head_ratio,0.0005631932017540525,0.0005677327020069115,0.03604436491225937,0.03633489292844233,0.003064090583107332,0.0030887880402738557,0.7810276759044605,0.664484444595315,0.0016993132226322608,1.5846223165072173,1.5694025496985873,0.18380435776246262,0.0003383232141882688,0.025632846280064507,0.025752313210738023,1.004660697035679,1.5726012356784769,1.5657863644273922,0.9956664975859919
2,8000,layer_013.wv,wv,exploratory,momentum_proxy,0,0.0005654686326882324,0.0005491236666992045,0.025590189102216585,0.024850500379713862,0.00310060998460321,0.003010986331205054,0.782324263882862,0.6508479649034387,0.001356089680878303,1.5692321077097122,1.5659361796883302,0.18237335088779194,0.00038034645235285824,,,,,,
2,8000,layer_013.wv,wv,exploratory,momentum_proxy,1,0.0005643959711933658,0.0005708687723489164,0.025541645984332565,0.025834571526115725,0.0030666462285249933,0.003101816201850087,0.7990038697286569,0.6377570499963051,0.0012434585487069508,1.5641094504085407,1.576629285023334,0.18404339109726106,0.0003676616923764183,,,,,,
2,8000,layer_013.wv,wv,exploratory,momentum_proxy,head_ratio,0.0005649325565293621,0.000560101757081844,0.03615568361787917,0.03584651245323802,0.003083520069710985,0.0030571525557891773,0.7906541320092555,0.6443481815556901,0.001356089680878303,1.566661612989291,1.571410819440661,0.1832102738939892,0.00037405784569936315,0.024850500379713862,0.025834571526115725,1.0395996511686012,1.5659361796883302,1.576629285023334,1.0068285703298152
2,8000,layer_014.wv,wv,exploratory,momentum_proxy,0,0.000556727690034315,0.000581200654068349,0.025194619193445532,0.026302139118194328,0.0030662370518408466,0.0032010245079576753,0.806003894267018,0.637949966257457,0.0014863031770370183,1.5979425304474613,1.5754411896171974,0.181567074111272,0.0003955207613159209,,,,,,
2,8000,layer_014.wv,wv,exploratory,momentum_proxy,1,0.0005593717273859732,0.0005677938996372687,0.025314274664873883,0.025695418671991467,0.0031710673894904166,0.0032188125193695423,0.7805386687119187,0.6676511012449103,0.0013671537369380794,1.5283315916556306,1.518838600261945,0.17639856196050852,0.00042419410090874596,,,,,,
2,8000,layer_014.wv,wv,exploratory,momentum_proxy,head_ratio,0.0005580512746377845,0.0005745363838586611,0.0357152815768182,0.03677032856695431,0.003117579222024185,0.0032096740461300213,0.7933115292933535,0.6530397693230467,0.0014863031770370183,1.5635627377288435,1.5478880851088743,0.17900147354569948,0.0004101081003087509,0.026302139118194328,0.025695418671991467,0.9769326577022336,1.5754411896171974,1.518838600261945,0.9640719122184397
2,8000,layer_015.wv,wv,exploratory,momentum_proxy,0,0.0005596054202262977,0.0005737046959227389,0.025324850395568806,0.025962910776674234,0.00328886227390733,0.0033717252595958755,0.7802627550767198,0.6717007165708377,0.0013034802383896649,1.5784338184971158,1.5719720637483825,0.17015167362464803,0.00045328354154561317,,,,,,
2,8000,layer_015.wv,wv,exploratory,momentum_proxy,1,0.0005524701618145512,0.0005668033806519745,0.025001945460627093,0.025650592899742152,0.0031444732833697847,0.003226053116660581,0.8178968455221044,0.6118237639054941,0.001284265414977101,1.5536983090716983,1.5457939473454558,0.17569561323239957,0.0005549719346473287,,,,,,
2,8000,layer_015.wv,wv,exploratory,momentum_proxy,head_ratio,0.0005560492361482243,0.0005702644783091041,0.03558715111348636,0.036496926611782665,0.0032151636250450856,0.0032973583778577393,0.7988451593382718,0.6428438145312374,0.0013034802383896649,1.5659487357672979,1.5587563377685778,0.17294585936988732,0.0005066852165212305,0.025962910776674234,0.025650592899742152,0.9879706139416126,1.5719720637483825,1.5457939473454558,0.9833469582528682
2,8000,layer_016.wv,wv,exploratory,momentum_proxy,0,0.0005480141612840214,0.0005600469576166534,0.024800289896332154,0.025344832096872362,0.0031139791303738157,0.003182353050806932,0.7836492075626122,0.6653454489067615,0.0014028966858335573,1.574236662032788,1.5736441820070388,0.17598517470418487,0.0005474341792387067,,,,,,
2,8000,layer_016.wv,wv,exploratory,momentum_proxy,1,0.0005485739822281624,0.0005648158242940825,0.0248256245002267,0.025560646366708177,0.003167036307070841,0.003260803975941227,0.8117784378574237,0.6232697801239938,0.0014242896119291415,1.5592023832342436,1.5703787029710765,0.17321367014435426,0.0005094040914944464,,,,,,
2,8000,layer_016.wv,wv,exploratory,momentum_proxy,head_ratio,0.0005482941432048558,0.0005624364453467937,0.03509082516511077,0.03599593250219479,0.0031401986749307158,0.003221194685916721,0.7977750831283789,0.6446295160794899,0.0014242896119291415,1.5667756050466275,1.5720173871823426,0.17460492152362092,0.000528761150724048,0.025344832096872362,0.025560646366708177,1.0085151193352133,1.5736441820070388,1.5703787029710765,0.9979248936492127
2,8000,layer_017.wv,wv,exploratory,momentum_proxy,0,0.0005649608129537554,0.0005613065826251087,0.025567207804432966,0.025401836217527132,0.0037281405461913283,0.003704026512189354,0.7959616436285302,0.6367723792479367,0.001373375586270341,1.4917524011067134,1.524604794963143,0.1515395693788744,0.00045280658550242854,,,,,,
2,8000,layer_017.wv,wv,exploratory,momentum_proxy,1,0.0005605466244089207,0.0005663678760634182,0.0253674444346097,0.025630884211882567,0.003573079986484868,0.0036101862625326627,0.8073123791693136,0.6240874887611919,0.0013351921438755354,1.558515937362512,1.5370860099511172,0.15688051387855342,0.0004481277521462919,,,,,,
2,8000,layer_017.wv,wv,exploratory,momentum_proxy,head_ratio,0.0005627580467259458,0.0005638429084128244,0.03601651499046054,0.03608594613842076,0.003648748675303735,0.0036557825820882138,0.8016118752693387,0.6305115816206661,0.001373375586270341,1.5256169197759835,1.530985524831959,0.15423316232628714,0.0004504732434440788,0.025401836217527132,0.025630884211882567,1.009016985716859,1.524604794963143,1.5370860099511172,1.008186524815617
2,8000,layer_018.wv,wv,exploratory,momentum_proxy,0,0.000561091303916298,0.0005734880167498518,0.025392093815297046,0.025953104996674848,0.004097994614119441,0.004188535426408108,0.7904342830364548,0.6548891791185389,0.0017546832914348692,1.57961888136654,1.5774665520278721,0.13691850691630617,0.00037858791926055597,,,,,,
2,8000,layer_018.wv,wv,exploratory,momentum_proxy,1,0.0005715032281387132,0.0005748831538875766,0.025863283717560744,0.02601624169624416,0.0037509850597266326,0.0037731687506714104,0.8301550548119604,0.5845800424385482,0.0013827269960330346,1.542120793877863,1.5403896976625049,0.15236083829679764,0.00040575213140412575,,,,,,
2,8000,layer_018.wv,wv,exploratory,momentum_proxy,head_ratio,0.0005663211946870175,0.0005741860090508151,0.036244556459969116,0.03674790457925216,0.003909826381313425,0.003964124293827017,0.8104755784547134,0.6200852902822211,0.0017546832914348692,1.5597098056740957,1.5579356264030315,0.1448456119160907,0.00039240515080018264,0.025953104996674848,0.02601624169624416,1.002432722388223,1.5774665520278721,1.5403896976625049,0.9764959489520053
