"configuration_id","step","loss","accuracy","mean_target_margin","mean_target_rank","mean_target_nll","critical_token_share","critical_loss_share","easy_token_share","grad_norm_total","grad_norm_embedding","grad_norm_output_projection","grad_norm_layer_mean","grad_norm_first_layer","grad_norm_last_layer","grad_norm_attn_share","grad_norm_ffn_share","grad_norm_norm_share","grad_norm_depth_ratio","grad_norm_output_share","loss_parity","gradient_parity"
"L19_SEED_1","1","3.2502093315124512","0.5","-0.093925904482603073","5.625","3.2502094126516026","0.5","0.51884983899877468","0","2.2787449035018454","0.4232540258344486","0.91971454479001069","0.52277993434067838","0","0","0.44024327534947583","0.35882367795565501","0.0035361065978953333","0","0.16289760106234502","true","true"
"L19_SEED_1","2","3.4783031940460205","0","-0.73011372164182831","15.625","3.4783032182179143","1","1","0","2.2620983174679647","0.44378671193588876","1.7902806993774638","0.51896094558927608","0","0","0.16493838636730276","0.16855019147261072","0.0016701886727536375","0","0.62635320768406288","true","true"
"L19_SEED_1","3","3.3695108890533447","0.125","-0.25805971398949623","12.25","3.3695108916628795","0.875","0.88302171732691292","0","4.3734022467964975","0.77540582137728287","1.3791203734587349","1.0033272859599822","0","0","0.52707616253132472","0.33766581375522237","0.0043815996056784804","0","0.099441004133090413","true","true"
"L19_SEED_1","4","3.4782116413116455","0","-0.3550567515194416","15.875","3.4782116340454809","1","1","0","2.4503439043300346","0.60453878606415001","1.1431108572922264","0.56214744504713243","0","0","0.41300685124296715","0.30472688498757983","0.003765600243447732","0","0.21763193135503867","true","true"
"L19_SEED_1","5","2.5891218185424805","0.5","-0.35377303138375282","2.625","2.5891218928960789","0.5","0.58767405888329549","0","2.5696022150651308","0.27366808439216356","2.2001403504715937","0.58950717792458807","0","0","0.14347540811499718","0.11051161066022762","0.0015605621646164135","0","0.73310971741848752","true","true"
"L19_SEED_1","6","3.3381025791168213","0","-0.41909126006066799","11.375","3.3381025154092563","1","1","0","7.3754034935903281","4.0237222826660197","1.5092093210988549","1.6920336050735303","0","0","0.49621823983864977","0.15822293336797902","0.0060511793350803171","0","0.041872355088361665","true","true"
"L19_SEED_1","7","2.7905151844024658","0.375","-0.23219753801822662","3.125","2.7905150635039484","0.625","0.66002262771299547","0","4.4626612931055956","0.39382582821345308","3.7122822621612315","1.0238047155735703","0","0","0.18356756884666126","0.11533782614778158","0.0013257682002823944","0","0.69198093372825409","true","true"
"L19_SEED_1","8","3.0817005634307861","0","-0.55121159553527832","7","3.0817005815604808","1","1","0","3.526038935031409","0.28892925112001455","3.0165884615190066","0.80892880993640481","0","0","0.16002160995819428","0.10033813912165984","0.0010154164035113197","0","0.73191040967647691","true","true"
"L19_SEED_1","9","2.1474761962890625","0.25","-0.72466087341308594","2.625","2.1474762899601916","0.75","0.86008737568781368","0","2.912266019619604","0.26566274615278068","2.7493221951624314","0.66811964611733121","0","0","0.053038734503901161","0.046844414099321365","0.0005666418303490354","0","0.89122875532324142","true","true"
"L19_SEED_1","10","3.3081140518188477","0","-1.9132068231701851","5.625","3.3081140648442471","1","1","0","6.4502799305296366","2.5837689028416224","4.8919477974471741","1.4797957039330127","0","0","0.17057544693626212","0.089136684252154708","0.0046503836784170796","0","0.57518361060358647","true","true"
"L19_SEED_1","11","2.1906416416168213","0.5","0.01457628607749939","2","2.1906416653984513","0.5","0.55874723341500188","0","4.9669619473129289","0.29858475791991917","4.4970938924010895","1.1394992202499501","0","0","0.10749188686020068","0.068192111832908853","0.00095074255065109696","0","0.81975154621619573","true","true"
"L19_SEED_1","12","2.7142043113708496","0.375","-0.57901421003043652","4.75","2.7142043433280914","0.625","0.71033896365348248","0","4.1709852330508577","0.37669974472700291","3.7202969257766672","0.95688963820363859","0","0","0.11772038338049724","0.077612396982425932","0.00094144949228476104","0","0.79556909159654898","true","true"
"L19_SEED_1","13","1.8783353567123413","0.25","-0.39300952851772308","2.5","1.878335422422833","0.75","0.83725742361123101","0","2.9351599157938177","0.29414105588919476","2.7972875464693914","0.673371866109295","0","0","0.041279419297896872","0.039788640698694422","0.00062825766417784349","0","0.90826104548887721","true","true"
"L19_SEED_1","14","2.8117721080780029","0","-1.0433310531079769","5","2.8117722065227393","1","1","0","5.8510563498004409","2.4365259685997707","4.4907670513920426","1.3423243864074785","0","0","0.14829695311581542","0.084595510388267764","0.0046202006627102171","0","0.58907757967190733","true","true"
"L19_SEED_1","15","1.7041999101638794","0.5","0.037621021270751953","2","1.7041998751569281","0.5","0.57377870517874785","0","5.677786361119268","0.31040158494620673","5.2849726183804719","1.3025735247964432","0","0","0.07783852575035155","0.052052418774889642","0.00070245912091282208","0","0.86641784513781017","true","true"
"L19_SEED_1","16","2.398021936416626","0.375","-0.75229985266923904","3.625","2.398021920151109","0.625","0.75912016483124534","0","5.3393631056447903","0.54196697096202084","4.9654810177255584","1.2249339052829014","0","0","0.076301756356626421","0.047864082310753932","0.00067521539016095406","0","0.86485587410613596","true","true"
"L19_SEED_1","17","1.7236621379852295","1","0.15578421950340271","1","1.7236620974166434","0","0","0","2.9483013441617572","0.3125597049669207","2.6941185879841347","0.67638671654243332","0","0","0.083850217850363937","0.068735863727200724","0.0011689060937866735","0","0.83500615299296355","true","true"
"L19_SEED_1","18","2.6680645942687988","0","-0.69750064355321229","4.25","2.6680645677207981","1","1","0","6.0788481656690765","3.0723106532787856","3.5912477575080985","1.3945834130146895","0","0","0.22617912961888473","0.16138150273139523","0.0079818434971572934","0","0.34901825574194617","true","true"
"L19_SEED_1","19","1.3425371646881104","0.5","0.18216055631637573","1.875","1.342537130063133","0.5","0.56918261465545328","0","6.2137322047289771","0.3393932378948083","5.8602748469091779","1.425527933823042","0","0","0.063003140426010726","0.044019598534268206","0.00052474972325247205","0","0.88946918124673213","true","true"
"L19_SEED_1","20","2.1530354022979736","0.375","-0.76314979791641235","3.125","2.1530354541915639","0.625","0.77738645049136368","0","6.3153933556169557","0.87847933138643841","5.8845820440030536","1.4488506013601337","0","0","0.070322504768696559","0.041258098891625912","0.0008489355644500365","0","0.86822129327161379","true","true"
"L19_SEED_1","21","1.5221319198608398","0.75","0.18280678987503052","1.25","1.5221319743687376","0.25","0.27362321732453299","0","2.8413776471830201","0.38513735651340919","2.6463111170733664","0.6518567381319027","0","0","0.056477518515420447","0.056906450956053421","0.00083439526157342138","0","0.86740891887323723","true","true"
"L19_SEED_1","22","2.1667172908782959","0.25","-0.53423204272985458","3.25","2.1667173476336723","0.75","0.78881192472909301","0","5.1025686381876749","0.69313909295854459","4.8953918128224974","1.1706095287547384","0","0","0.019012429271117293","0.041687253086183353","0.00040383867621151767","0","0.92044364489636421","true","true"
"L19_SEED_1","23","1.0909671783447266","1","0.38001012802124023","1","1.0909672451901038","0","0","0","6.0532147722717795","0.42577467162166727","5.6663011041642806","1.3887027092568558","0","0","0.06639810793911656","0.051727522394415706","0.00067866553255346168","0","0.87624818504144564","true","true"
"L19_SEED_1","24","1.8306846618652344","0.25","-0.43577362596988678","2.625","1.8306847147598893","0.75","0.83551194261887074","0","5.9890033426109168","1.0536528000544287","5.5404527524728566","1.373971596998331","0","0","0.069437248990030787","0.042787960398435007","0.0010050202873044145","0","0.85581796819831601","true","true"
"L19_SEED_1","25","1.3563379049301147","0.625","0.25387218594551086","1.375","1.3563378856198125","0.375","0.44198491512338739","0","2.9245569626432859","0.49645621290200875","2.7347837959531431","0.6709393818310706","0","0","0.043466263589528722","0.052480804719983946","0.00080483296612399874","0","0.87443156557140245","true","true"
"L19_SEED_1","26","1.923362135887146","0.125","-0.64473721385002136","2.75","1.9233621678162018","0.875","0.90394370313195549","0","7.5056588946110336","2.0029944365768468","6.6902507154749422","1.7219162434892996","0","0","0.068743730845745366","0.062920720867844823","0.0025946313791305876","0","0.79452421796556694","true","true"
"L19_SEED_1","27","0.82106900215148926","1","0.58317956328392029","1","0.8210689654428911","0","0","0.25","4.902010915588777","0.53997349688162288","4.6290310396537508","1.1245984316413038","0","0","0.049703759898016363","0.045962221585621979","0.00047380444836055531","0","0.89172642780924261","true","true"
"L19_SEED_1","28","1.8064199686050415","0.5","-0.032171875238418579","2.125","1.806420033988521","0.5","0.63109322049730643","0","19.044389486068273","11.936076060783025","4.3224757939095326","4.3690825900631634","0","0","0.36179078514687035","0.18396397581299226","0.009914667902970152","0","0.051514682802893737","true","true"
"L19_SEED_1","29","1.2635923624038696","1","0.4187813401222229","1","1.2635923435983518","0","0","0","3.2903525635073181","0.50309131372378879","3.0958598971153433","0.75485864804991554","0","0","0.035641259988451579","0.054918130883766819","0.00078849886254553814","0","0.88527403421358053","true","true"
"L19_SEED_1","30","1.4461133480072021","0.75","0.29314109683036804","1.625","1.4461132786952295","0.25","0.34778832703400075","0","5.7740462867549116","2.209656510252838","4.4184027520229909","1.3246570662784702","0","0","0.11176122307858218","0.1508013743849429","0.00542930794327697","0","0.58555821659773732","true","true"
"L19_SEED_1","31","0.57308351993560791","1","0.82211649417877197","1","0.57308354939566752","0","0","1","3.5254132850722408","0.65057517412404164","3.2705652900583071","0.80878527599187622","0","0","0.046529104123465163","0.058106266835295142","0.00066207990689175146","0","0.86064801843234073","true","true"
"L19_SEED_1","32","1.9313509464263916","0","-1.0273864567279816","3.375","1.9313509280087344","1","1","0","12.426084537791496","2.9415573175471144","10.951006777658783","2.8507393033750765","0","0","0.10691646525521692","0.058399008189713435","0.0019707993885424309","0","0.77667528900258798","true","true"
"L19_SEED_1","33","1.1863163709640503","1","0.55394899845123291","1","1.1863163911954724","0","0","0","4.256682345290872","0.73646860643030887","3.8255201030542105","0.97654990409876929","0","0","0.081552150868661202","0.079109847458356183","0.0017254714391290455","0","0.8076784448367843","true","true"
"L19_SEED_1","34","1.1211609840393066","0.75","0.68499423563480377","1.375","1.1211609768920798","0.25","0.34911899195951357","0.125","5.7139656205258582","2.2339608548749235","4.1240531419999042","1.3108736161440995","0","0","0.13736328089165106","0.1826692753932837","0.0061911010567243128","0","0.5209226722892506","true","true"
"L19_SEED_1","35","0.55778771638870239","1","1.1011678278446198","1","0.55778770409551048","0","0","0.625","5.4525331054153225","0.83499415076527583","4.7769632571871528","1.2508968838323893","0","0","0.10675360029035967","0.10070526979212914","0.0015387607644232768","0","0.76755088978008901","true","true"
"L19_SEED_1","36","1.3042130470275879","0.5","0.020806968212127686","2.25","1.3042130121870006","0.5","0.68141497217900793","0.125","7.8797315318913403","1.2598328172810143","7.327702138558327","1.8077343920918576","0","0","0.065510342677189193","0.043186606534995398","0.00094636089287079709","0","0.86479420951060404","true","true"
"L19_SEED_1","37","1.0685763359069824","0.75","0.57135096192359924","1.75","1.0685762861544372","0.25","0.40500115226383065","0.25","5.6164133198804214","1.0986872938415184","4.9653745561228639","1.2884935835007651","0","0","0.10218936198746775","0.076199044178104608","0.0017416524926986698","0","0.78160244206297391","true","true"
"L19_SEED_1","38","0.87651455402374268","0.75","0.60373106598854065","1.25","0.87651458065111953","0.25","0.35818503156587056","0.375","6.0279528118534946","1.6876666652653356","5.113768394106045","1.3829072180684858","0","0","0.09050218003800356","0.10800099977275995","0.0034267438134640837","0","0.71968495109352104","true","true"
"L19_SEED_1","39","0.45698177814483643","1","1.6417362987995148","1","0.45698178324008054","0","0","1","4.6827454507005832","0.58387695561191322","4.2743651160507463","1.0742954841015089","0","0","0.084004579618793554","0.065958765881709347","0.001303511261537703","0","0.83318632330172648","true","true"
"L19_SEED_1","40","0.86596494913101196","0.75","0.51885789632797241","1.5","0.86596492500387601","0.25","0.50036517971464511","0.75","3.7461571485487384","0.7738234024174625","3.471122577515477","0.8594273914287599","0","0","0.045784411277912766","0.052117000706707495","0.00087506386253064232","0","0.8585545957499332","true","true"
"L19_SEED_1","41","0.88249063491821289","0.875","0.81712198257446289","1.125","0.88249065144571415","0.125","0.1902708850090587","0.375","4.8583196548710141","0.82622247149065886","4.4037506698453273","1.114574969000008","0","0","0.06580008588110195","0.081868708109034308","0.0017853432518325481","0","0.82162429484868738","true","true"
"L19_SEED_1","42","0.56072551012039185","1","1.3798649907112122","1","0.56072549202206168","0","0","0.625","4.1223388822703599","0.55605013394142599","3.8747167879890996","0.94572939993920602","0","0","0.043621824863955945","0.053546184953267649","0.0011659668202420078","0","0.88347150690774157","true","true"
"L19_SEED_1","43","0.31810566782951355","1","1.8691110908985138","1","0.31810566439628812","0","0","1","4.2125060440027609","0.35797538251285632","3.964527247015242","0.96641516551907025","0","0","0.058335424669232326","0.047647276828885074","0.0010650486728927165","0","0.88573078584425935","true","true"
"L19_SEED_1","44","0.66689294576644897","0.75","0.90531539916992188","1.25","0.66689297628725597","0.25","0.45773710044383781","0.75","2.2707599338127982","0.75223361977860947","1.8697890931042815","0.52094805665953137","0","0","0.086723662943216304","0.12253824504393267","0.0029781187573562433","0","0.67802045898075913","true","true"
"L19_SEED_1","45","0.77577853202819824","0.875","0.7271675169467926","1.125","0.77577852421968974","0.125","0.18490352638396593","0.5","5.9536199721160425","1.570698446820092","4.7008443803742601","1.3658540950894353","0","0","0.15994128543429703","0.14263757955441483","0.0043862337992138581","0","0.6234326303207246","true","true"
"L19_SEED_1","46","0.40535286068916321","1","1.8881899118423462","1","0.40535286765939549","0","0","0.75","3.236560783602731","0.58442123394278345","3.0471040144018553","0.74251796738690101","0","0","0.022291549636935363","0.057460300334560434","0.0012895110818800762","0","0.88635362137766793","true","true"
"L19_SEED_1","47","0.16443522274494171","1","2.6540336310863495","1","0.16443522341684169","0","0","1","2.6304743403232753","0.15186847446918877","2.5391901446951515","0.60347220121294609","0","0","0.033024671891626514","0.031177826624596637","0.00066511116596938127","0","0.93179914619931292","true","true"
"L19_SEED_1","48","0.54563522338867188","1","1.0430237054824829","1","0.54563525935830715","0","0","0.5","2.2743089105583207","0.2863413842577075","2.164505673361683","0.52176224776409497","0","0","0.030569059613126028","0.047067204811805506","0.0007409825235535788","0","0.90577129066598527","true","true"
"L19_SEED_1","49","0.75650596618652344","0.75","0.84551522135734558","1.375","0.75650593959445089","0.25","0.56664770590474089","0.5","13.312704964447061","6.0847032248172432","5.2282193438087647","3.0541439792208931","0","0","0.41770801062706037","0.20830709177527207","0.010848995618879666","0","0.15423217553765453","true","true"
"L19_SEED_1","50","0.30905169248580933","1","1.968499481678009","1","0.30905168710363751","0","0","1","2.8173002769931594","0.26135093968406864","2.7121697249986458","0.6463330105801226","0","0","0.016261608874244875","0.04761162612651873","0.00076078676586376212","0","0.92676036435633369","true","true"
"L19_SEED_1","51","0.08596523106098175","1","3.2632823586463928","1","0.085965240177984931","0","0","1","1.584872553844803","0.10917980073950991","1.5225702648846546","0.36359470003161687","0","0","0.038267905282316834","0.033288969703715747","0.00077334705891514248","0","0.92292412576371352","true","true"
"L19_SEED_1","52","0.48358795046806335","0.875","1.2619447112083435","1.125","0.48358795670956856","0.125","0.22188786954009246","0.75","2.1994760138460845","0.39577965356038619","1.9490393334233382","0.50459440384719734","0","0","0.087864337575254872","0.092662928250330623","0.0018527573720276856","0","0.78524060134832563","true","true"
"L19_SEED_1","53","1.3308444023132324","0.375","-0.4157063364982605","2.125","1.330844456536864","0.625","0.7543566069945411","0","17.469844660222613","7.4671881722142048","9.047128350657287","4.0078572333296858","0","0","0.33327456995052468","0.20857286228477004","0.0072630788519027992","0","0.26819051650924225","true","true"
"L19_SEED_1","54","0.27012202143669128","1","1.9114216268062592","1","0.2701220510351654","0","0","1","3.0672075942524653","1.0860299488752629","2.5048344005651053","0.70366568116878958","0","0","0.065931520136746691","0.13758319156291826","0.0041973789757200298","0","0.66691685971517045","true","true"
"L19_SEED_1","55","0.053639229387044907","1","3.7543320059776306","1","0.053639236442320617","0","0","1","1.0286981108808251","0.076644515650457212","0.98474056684619449","0.23599953203898502","0","0","0.03982113574395732","0.03723954608018068","0.001024643453194802","0","0.91636348227587217","true","true"
"L19_SEED_1","56","0.41811239719390869","1","1.2282205820083618","1","0.418112381321538","0","0","0.875","2.2774744986101094","0.76534266988593325","1.832811050399944","0.522488483470128","0","0","0.12451560915108781","0.11126330146457206","0.0036601985649760793","0","0.64763206603629098","true","true"
"L19_SEED_1","57","0.38055530190467834","1","2.1392885148525238","1","0.38055530008411187","0","0","0.75","4.2339998559490146","0.71127204168027713","3.8718608505409309","0.97134618416039609","0","0","0.06238118494132093","0.071544591609410707","0.0016001703783431989","0","0.83625322205718977","true","true"
"L19_SEED_1","58","0.34073266386985779","0.875","2.3251075148582458","1.125","0.34073267973078641","0.125","0.48969025231806057","0.875","4.453122628877745","0.95180594870841051","3.9642323768813235","1.0216163959195932","0","0","0.074344588254589436","0.084983107541674791","0.0025068735322242128","0","0.79248107332143813","true","true"
"L19_SEED_1","59","0.044898241758346558","1","3.8506160974502563","1","0.044898217974396165","0","0","1","0.9058857916783134","0.11058105291930259","0.83457713066687","0.20782445370079511","0","0","0.071842674948890142","0.062599133885804653","0.0018949548626792231","0","0.84876226612248018","true","true"
"L19_SEED_1","60","0.35713785886764526","1","1.5007810592651367","1","0.35713789322545458","0","0","0.875","1.4024654076294059","0.43046494840283195","1.1917541284087831","0.32174763071937673","0","0","0.065648470258489092","0.11615792266857888","0.0018987021602875761","0","0.72208614837358642","true","true"
"L19_SEED_1","61","0.27699384093284607","1","2.2309214174747467","1","0.27699383602337158","0","0","0.875","3.4276377213775895","0.52982861345366528","3.1595339826529338","0.7863540232922599","0","0","0.057993579492611011","0.06701671188745395","0.0014145009555997295","0","0.84968164060626705","true","true"
"L19_SEED_1","62","0.31458163261413574","0.875","2.5435329377651215","1.125","0.31458162616637053","0.125","0.59334102900304253","0.875","4.3106031425071212","0.52685747929935223","3.9960980799618246","0.9889201833630209","0","0","0.061212964694935826","0.062996428314200423","0.00145032148131257","0","0.85940167455783323","true","true"
"L19_SEED_1","63","0.031927730888128281","1","4.2164853811264038","1","0.031927716984171572","0","0","1","0.6273638648100569","0.06897345189437426","0.58479280212650242","0.1439271414492711","0","0","0.061960415160797817","0.055389485558726997","0.0016724464974640382","0","0.86889047465560176","true","true"
"L19_SEED_1","64","0.31228229403495789","0.875","1.968841016292572","1.125","0.31228229332829233","0.125","0.31450074506893294","0.75","1.8278337120354364","0.59522803160275684","1.513134437481199","0.41933381243996271","0","0","0.086438922517600492","0.11942369727059021","0.0027901292597099273","0","0.68530147234020877","true","true"
"L19_SEED_1","65","0.23038932681083679","1","2.1773555278778076","1","0.23038933171994622","0","0","1","3.0082512312391456","0.61875762031480086","2.5612653831033092","0.69014016388174959","0","0","0.10053623994463701","0.12883209552251165","0.0034198347399381226","0","0.72490476312926799","true","true"
"L19_SEED_1","66","0.22928541898727417","0.875","2.4830337762832642","1.125","0.22928540659113203","0.125","0.41992005020545287","0.875","3.083234338650386","0.42917198997919137","2.8563010762197938","0.70734246849639437","0","0","0.035830840759075708","0.08499702983093517","0.001584150029416174","0","0.85821262425062039","true","true"
"L19_SEED_1","67","0.025453509762883186","1","4.3087920546531677","1","0.025453504887570363","0","0","1","0.50455389149426577","0.049878606759812094","0.47162111891222941","0.11575260129440479","0","0","0.060192843694838724","0.054985513086584434","0.0013307952618328194","0","0.87371817179514666","true","true"
"L19_SEED_1","68","0.24497893452644348","1","2.2556135058403015","1","0.24497894909636719","0","0","1","1.1993671622768578","0.47763321062040531","0.90115423353484325","0.2751536977139985","0","0","0.092730170318456193","0.18102377242252674","0.0031138018487139483","0","0.56453899604450464","true","true"
"L19_SEED_1","69","0.15631000697612762","1","2.7748819291591644","1","0.15630999877851848","0","0","1","2.4082179398942127","0.46857919102233436","2.1226013536358703","0.55248308600108331","0","0","0.095187766868257487","0.087667011014502014","0.0024212205706986376","0","0.77686454096754831","true","true"
"L19_SEED_1","70","0.14665143191814423","1","2.7825344800949097","1","0.146651436477922","0","0","1","2.0760139291039099","0.22216104895118485","1.9682716041020702","0.47627025907088183","0","0","0.026372398976736041","0.06253494311434718","0.00074465136040180447","0","0.89889616557876917","true","true"
"L19_SEED_1","71","0.024372506886720657","1","4.3429747223854065","1","0.024372511665534384","0","0","1","0.48768516731556255","0.048934603616798404","0.45262002711237587","0.11188265055748749","0","0","0.065447192769200774","0.061796522703364686","0.0013206411068397133","0","0.86136741510013537","true","true"
"L19_SEED_1","72","0.19824233651161194","1","2.4749322533607483","1","0.19824232695819075","0","0","1","1.9207242445709602","0.55088156082450734","1.6634234560753094","0.44064436213122721","0","0","0.067855389623227805","0.0974600891156569","0.002400182488731804","0","0.75002476876143098","true","true"
"L19_SEED_1","73","0.10245225578546524","1","3.4430050551891327","1","0.10245227742775947","0","0","1","1.6813398432616693","0.21547918720551443","1.6066542894138207","0.38572581402769113","0","0","0.031946430723875006","0.037685766083865431","0.00081038139001625236","0","0.91313263851886295","true","true"
"L19_SEED_1","74","0.1170307844877243","1","3.0479589402675629","1","0.1170307692076949","0","0","1","2.3428940438054022","0.8201495093866743","1.7205279507413094","0.53749675644058437","0","0","0.13377908402356276","0.19859609050622234","0.00579922548931509","0","0.53928478558631388","true","true"
"L19_SEED_1","75","0.022983644157648087","1","4.5158286690711975","1","0.022983646761494787","0","0","1","0.44647684315609859","0.039072277512014419","0.41549006822521262","0.10242881262886806","0","0","0.0610358384977399","0.064011462898321117","0.0012832558709268205","0","0.86601101574920503","true","true"
"L19_SEED_1","76","0.13554096221923828","1","2.8664399981498718","1","0.13554096384278178","0","0","1","1.4583574970150477","0.44968462651701013","1.1722677053035573","0.33457015542334273","0","0","0.13009573758808274","0.12615743864312232","0.0025285840366568511","0","0.64613847819570469","true","true"
"L19_SEED_1","77","0.080843806266784668","1","3.6302632391452789","1","0.080843820829760507","0","0","1","1.3288357480548378","0.14129355375623717","1.2822982089081467","0.3048558283334375","0","0","0.021240122291181607","0.035585957987315835","0.00068418405239373693","0","0.93118391503528475","true","true"
"L19_SEED_1","78","0.064724668860435486","1","3.6251415908336639","1","0.06472465429915579","0","0","1","0.91759380619598774","0.1523108857578771","0.84760512884845329","0.21051045644353455","0","0","0.027562101428033479","0.089576020810638146","0.0020399155978858639","0","0.85326946662608238","true","true"
"L19_SEED_1","79","0.021387368440628052","1","4.6589048504829407","1","0.021387363510453582","0","0","1","0.38652887755164622","0.035275977901921295","0.36202062931865497","0.088675806105675423","0","0","0.047522628883095837","0.065684348489800204","0.0012556668954793947","0","0.8772083294478944","true","true"
"L19_SEED_1","80","0.084394633769989014","1","3.3982925415039062","1","0.084394635128316506","0","0","1","0.94131193757600073","0.22331732894197853","0.83457593569044475","0.21595176896011861","0","0","0.058187659743367315","0.097520517408960811","0.0019326767759398906","0","0.7860760840659774","true","true"
"L19_SEED_1","81","0.067728251218795776","1","3.5029747784137726","1","0.067728236697431402","0","0","1","1.0632291256002377","0.21390370182844978","0.96027876892885189","0.24392149012213424","0","0","0.085197266623352252","0.057239493727202287","0.0013689612868940768","0","0.81571964986522927","true","true"
"L19_SEED_1","82","0.050768271088600159","1","3.9073375165462494","1","0.050768245899934332","0","0","1","0.83954515356172199","0.26696471313817099","0.65107589501007934","0.19260486752183592","0","0","0.10044060009716439","0.1910022811722776","0.0060249927443958616","0","0.60141619050378214","true","true"
"L19_SEED_1","83","0.020099224522709846","1","4.7081502676010132","1","0.0200992438155407","0","0","1","0.34485475842235241","0.049163178012680227","0.31646129232571335","0.079115107482219268","0","0","0.057345296467279358","0.078580590138505865","0.0016403416963097985","0","0.8421098528622345","true","true"
"L19_SEED_1","84","0.056454852223396301","1","3.8159551620483398","1","0.056454866127016647","0","0","1","0.67691242652833505","0.17983109001869169","0.59234888574623779","0.15529436109810071","0","0","0.066546364754326875","0.094798192858213379","0.002322623172735436","0","0.76575559400342386","true","true"
"L19_SEED_1","85","0.053924757987260818","1","3.594614565372467","1","0.053924752444077871","0","0","1","0.6529396906470829","0.15438918363419513","0.56760124213862317","0.14979463830301809","0","0","0.094600392142132436","0.091794386204369013","0.0020109270356137212","0","0.75568453779568545","true","true"
"L19_SEED_1","86","0.034854397177696228","1","4.3488271236419678","1","0.034854358515488848","0","0","1","0.52749938306489652","0.051100040284706764","0.50591432881069898","0.12101665808210182","0","0","0.017222783454008603","0.052636533563375262","0.00092120629310681078","0","0.91983524821314866","true","true"
"L19_SEED_1","87","0.018380047753453255","1","4.7894356846809387","1","0.018380031643051294","0","0","1","0.31974019672553988","0.046971826873319189","0.28942187423562632","0.073353431879707512","0","0","0.073055998167055686","0.084164803531281793","0.0018500794167438618","0","0.81934767847861911","true","true"
"L19_SEED_1","88","0.040381506085395813","1","4.1339635252952576","1","0.040381482082539562","0","0","1","0.56598893704578324","0.11385347250211758","0.50629750585407485","0.12984676735497755","0","0","0.081018776616812366","0.076253459801865139","0.0020682930779169443","0","0.80019473768623706","true","true"
"L19_SEED_1","89","0.042751196771860123","1","3.8424164056777954","1","0.042751196120130168","0","0","1","0.48930422370819165","0.13205112999244353","0.41099515461950126","0.11225408756798032","0","0","0.084247414750097879","0.13323736271417938","0.0041525561136699831","0","0.70552998244318543","true","true"
"L19_SEED_1","90","0.027809541672468185","1","4.4582244157791138","1","0.027809558445617347","0","0","1","0.47438842707592177","0.086357085098133932","0.43428011138332778","0.10883216913732406","0","0","0.055307008272749709","0.071289574603634331","0.0022118703133196986","0","0.8380534335406199","true","true"
"L19_SEED_1","91","0.016213007271289825","1","4.9231897592544556","1","0.016213012877383082","0","0","1","0.29508855472186551","0.037358050886892188","0.26748814953417188","0.067697957338320194","0","0","0.079212313886232788","0.081261828348749801","0.0018153212972487872","0","0.82168311387597148","true","true"
"L19_SEED_1","92","0.030683543533086777","1","4.4276272654533386","1","0.030683536020697465","0","0","1","0.49466113935387584","0.11141221717737516","0.42611636374561401","0.11348304830211765","0","0","0.10481131468620111","0.099693293366562422","0.0027040200740631637","0","0.74206310240085205","true","true"
"L19_SEED_1","93","0.034033786505460739","1","4.1494845747947693","1","0.034033772974600834","0","0","1","0.39620171100085677","0.089613987201360906","0.3492041953069242","0.090894906290033786","0","0","0.064986782157383099","0.10385001697029013","0.0031741719925205739","0","0.77683039858780234","true","true"
"L19_SEED_1","94","0.022804981097579002","1","4.6205722987651825","1","0.022804970461964141","0","0","1","0.38972145205447939","0.081181942976643828","0.35534214075378745","0.089408232928179343","0","0","0.050801517673819435","0.072016351092387298","0.0024383422989151722","0","0.83135172990492223","true","true"
"L19_SEED_1","95","0.013776969164609909","1","5.0803441405296326","1","0.013776974997022394","0","0","1","0.26001463829146776","0.027997802639322888","0.23915331651187671","0.059651449060725746","0","0","0.069668336487400603","0.071154326832232842","0.0016084338866770487","0","0.84597439548922504","true","true"
"L19_SEED_1","96","0.022564321756362915","1","4.8184314966201782","1","0.022564342095356116","0","0","1","0.36051011844908498","0.068332984428654056","0.32632150317057806","0.082706693391759983","0","0","0.069025483605791374","0.073679453512618717","0.0020421629269388379","0","0.81932549405640887","true","true"
"L19_SEED_1","97","0.027673747390508652","1","4.4459559917449951","1","0.027673740473335026","0","0","1","0.31211921162697387","0.039755296469556445","0.29473725433647463","0.071605057990503387","0","0","0.030018430367683948","0.060663034234909902","0.0013737258624652656","0","0.89172114377355438","true","true"
"L19_SEED_1","98","0.019134854897856712","1","4.8739441633224487","1","0.019134875880900022","0","0","1","0.30196908625187774","0.040708560216346404","0.28872047676517576","0.069276459528697501","0","0","0.018002217861244615","0.048349902657083728","0.0012972320424531579","0","0.91417681517781813","true","true"
"L19_SEED_1","99","0.011569865047931671","1","5.2408708333969116","1","0.011569889452114925","0","0","1","0.22297781157400803","0.019111503426692222","0.2093503364492976","0.051154618279102892","0","0","0.051635196880859817","0.058215734836789775","0.0012993309494316303","0","0.88150347542339558","true","true"
"L19_SEED_1","100","0.01714615523815155","1","5.1418460607528687","1","0.017146160053276977","0","0","1","0.26112183467826583","0.030094646230331486","0.24881728704180855","0.059905457332341858","0","0","0.030251406012293824","0.047271478654989769","0.0012174979896856987","0","0.90797674166310804","true","true"
"L19_SEED_1","101","0.023396085947751999","1","4.6611509919166565","1","0.023396099292646567","0","0","1","0.28146946397155159","0.029992031785627822","0.26958332758254094","0.064573523639187155","0","0","0.024914469450516275","0.045366247790666045","0.0010397302038690397","0","0.91732554436235381","true","true"
"L19_SEED_1","102","0.017036926001310349","1","5.047791063785553","1","0.017036941109251014","0","0","1","0.27186495035440095","0.031863074724536429","0.25375259903369973","0.062370097099238728","0","0","0.033223195503594337","0.079839487547685481","0.0020076829826239763","0","0.87119336067372732","true","true"
"L19_SEED_1","103","0.0098635442554950714","1","5.3911874294281006","1","0.0098635503625657227","0","0","1","0.1940431871804614","0.013110169095791777","0.18467566340206829","0.044516560189588335","0","0","0.039142535437713052","0.049427869715288758","0.0010852121168620477","0","0.90577960339901109","true","true"
"L19_SEED_1","104","0.01381427887827158","1","5.2955356240272522","1","0.013814285552899874","0","0","1","0.20573724941249635","0.016729876753326121","0.19878810568876165","0.047199362058478654","0","0","0.017004089659036287","0.041871211992123535","0.00092499771987359118","0","0.93358729290323839","true","true"
"L19_SEED_1","105","0.020296692848205566","1","4.8428758680820465","1","0.020296699611963984","0","0","1","0.26769828917689426","0.033110948317144347","0.25571211002161359","0.061414199467411057","0","0","0.027348106013004862","0.043673713071830884","0.0012246838851847036","0","0.91245488442710043","true","true"
"L19_SEED_1","106","0.015226013027131557","1","5.1785784065723419","1","0.015226026128419683","0","0","1","0.25167679340776922","0.035022210093468037","0.22956452961776935","0.057738616257833136","0","0","0.0474527902279787","0.098544488178845993","0.0026386590546062382","0","0.83199980928266593","true","true"
"L19_SEED_1","107","0.0085901627317070961","1","5.5201192498207092","1","0.0085901786730451044","0","0","1","0.17263321957483374","0.0098020917472317962","0.16545638479190655","0.03960477675919831","0","0","0.032927985660015674","0.044293918070641008","0.00097131694355349863","0","0.91858282570035343","true","true"
"L19_SEED_1","108","0.011580394580960274","1","5.4298653602600098","1","0.011580384292959933","0","0","1","0.17231168313703868","0.015176129111457135","0.1663337511713546","0.039531011241355433","0","0","0.015953173524533494","0.043538586356829265","0.00093279197024809604","0","0.93181846985618988","true","true"
"L19_SEED_1","109","0.017802178859710693","1","4.9776184558868408","1","0.017802190842221885","0","0","1","0.24756391615961845","0.021300797266058318","0.24006754881481535","0.05679505750562909","0","0","0.015179962660764039","0.036251523433602731","0.00080951112641232999","0","0.94035584458536181","true","true"
"L19_SEED_1","110","0.013320877216756344","1","5.3221401572227478","1","0.013320886129710798","0","0","1","0.21771429689676303","0.022464529446421012","0.2052142505004434","0.049947085196684261","0","0","0.028163283133607931","0.070928966216596986","0.0017942549558813822","0","0.8884666550570588","true","true"
"L19_SEED_1","111","0.0076141119934618473","1","5.6306357383728027","1","0.0076141042855763525","0","0","1","0.1563047459549608","0.0078805673585619924","0.15030711271763073","0.035858768000709057","0","0","0.030548136243790113","0.041260135609139069","0.00092020861828207164","0","0.92472954823878162","true","true"
"L19_SEED_1","112","0.0099734850227832794","1","5.5740827322006226","1","0.0099734938615092059","0","0","1","0.14973326053776403","0.01249378693566503","0.14472847877773309","0.034351165851103163","0","0","0.015490129393581744","0.042342376084999168","0.00093730415324071777","0","0.93426790809008675","true","true"
"L19_SEED_1","113","0.015743125230073929","1","5.0932507812976837","1","0.015743129386467866","0","0","1","0.22775067522669162","0.017794165970814554","0.22158507490575313","0.052249588296647435","0","0","0.012603975253529331","0.034011608555228522","0.00069065864712821064","0","0.94658945672280292","true","true"
"L19_SEED_1","114","0.011787049472332001","1","5.4105303585529327","1","0.011787039526715483","0","0","1","0.19252238441137212","0.013873286823633894","0.18650465676580918","0.044167664106245341","0","0","0.011605694052174194","0.043743708737576999","0.00099541917686599645","0","0.93846244175553184","true","true"
"L19_SEED_1","115","0.0068244254216551781","1","5.7340313196182251","1","0.0068244154521265692","0","0","1","0.14294359922885014","0.0069227249661046536","0.13755596001015397","0.032793510719186118","0","0","0.030818894708717466","0.039872360348036706","0.00092404528313334139","0","0.92603925749017624","true","true"
"L19_SEED_1","116","0.0087792063131928444","1","5.7172646522521973","1","0.0087792152844326822","0","0","1","0.1343095971439324","0.01133079462835236","0.12973200425309747","0.030812734794634759","0","0","0.017542263955649166","0.041343166023300494","0.0010005939231043381","0","0.93299681751033936","true","true"
"L19_SEED_1","117","0.014050324447453022","1","5.1985560655593872","1","0.014050333005806116","0","0","1","0.20888139059095312","0.019799393371383506","0.20245155609003396","0.047920677514326965","0","0","0.014534237428880077","0.036376237855549262","0.00072172009836579882","0","0.93938309038850676","true","true"
"L19_SEED_1","118","0.010691194795072079","1","5.4629977941513062","1","0.010691188397718734","0","0","1","0.17893500549880431","0.015401298032695097","0.17339648104843364","0.041050505601641196","0","0","0.013054473576623836","0.039551028116546275","0.00093346687912548539","0","0.93905263816519724","true","true"
"L19_SEED_1","119","0.0061515076085925102","1","5.8372142314910889","1","0.0061515019989813388","0","0","1","0.13072076834723317","0.0058568009136686422","0.12597526354137922","0.029989401002504201","0","0","0.030177752630855807","0.038190467569995383","0.0009117264572521519","0","0.92871266342006242","true","true"
"L19_SEED_1","120","0.0078558707609772682","1","5.8352799415588379","1","0.0078558905658202734","0","0","1","0.12291185597387025","0.011568091210549204","0.11830528991865356","0.028197913639638233","0","0","0.021508159345105027","0.042076410056031875","0.001110009203352604","0","0.92644741773759987","true","true"
"L19_SEED_1","121","0.012657379731535912","1","5.2956362962722778","1","0.012657388258149606","0","0","1","0.18879879099031899","0.016599729408178925","0.18323506496960476","0.043313413188918841","0","0","0.014120115341509603","0.035503129264055154","0.00071605291726349217","0","0.94193027340897051","true","true"
"L19_SEED_1","122","0.0098386853933334351","1","5.5245715379714966","1","0.0098386727840955313","0","0","1","0.16786159306908086","0.014755511557383411","0.16221565042214905","0.038510090562624791","0","0","0.016395655999926297","0.041024106160211536","0.00099106994900560134","0","0.93386225777325871","true","true"
"L19_SEED_1","123","0.0055645559914410114","1","5.9415330290794373","1","0.0055645528631987351","0","0","1","0.11927518154211059","0.0049792281392310308","0.11512982130391426","0.027363603306027783","0","0","0.028731397584171564","0.036936574559600366","0.00089062466914270535","0","0.93169869818342754","true","true"
"L19_SEED_1","124","0.0071068969555199146","1","5.9288826584815979","1","0.0071068822346390115","0","0","1","0.11326467014131841","0.011579046969999214","0.10870667506193159","0.025984697422077669","0","0","0.024335415294068661","0.042887240593119588","0.0011909230098912434","0","0.9211354486696387","true","true"
"L19_SEED_1","125","0.011511130258440971","1","5.3874894380569458","1","0.011511133684330535","0","0","1","0.17101380285770174","0.014262529343147338","0.16601739381737593","0.03923325708459522","0","0","0.014351489850629609","0.035527434872722967","0.0007447540851535894","0","0.94242078246913341","true","true"
"L19_SEED_1","126","0.0091079911217093468","1","5.6071565747261047","1","0.0091080019923388596","0","0","1","0.1559945229013821","0.011372462713918558","0.15125424962657877","0.035787597951208734","0","0","0.014622703525379368","0.039013023932375365","0.00090090265793312495","0","0.94014852807329952","true","true"
"L19_SEED_1","127","0.0050505688413977623","1","6.0462363958358765","1","0.0050505561500258159","0","0","1","0.10873524354557354","0.0042027739285296559","0.1051340878124203","0.024945575695602018","0","0","0.026908511733690254","0.035874438847928007","0.00086341505149745319","0","0.93485970042005029","true","true"
"L19_SEED_1","128","0.0064771291799843311","1","6.0164209008216858","1","0.0064771179876395545","0","0","1","0.10441615298145063","0.010576170788909923","0.10020619104777641","0.02395470836418034","0","0","0.024962505229721346","0.042586263440516955","0.0012043495019796726","0","0.92098749195545915","true","true"
"L19_SEED_1","129","0.010556589812040329","1","5.4752771258354187","1","0.010556578354913674","0","0","1","0.15614761409369229","0.013805236831504451","0.15122828269050806","0.035822719479441691","0","0","0.016017464468275566","0.037350455157620893","0.00083170072125361152","0","0.93798379532544773","true","true"
"L19_SEED_1","130","0.0084773274138569832","1","5.6985610723495483","1","0.0084773264855604585","0","0","1","0.14461215102421146","0.0073368500808806778","0.14101658844133549","0.033176302753819976","0","0","0.010170624019132372","0.035585056177779954","0.00077909716777331398","0","0.95089121567029744","true","true"
"L19_SEED_1","131","0.0046104681678116322","1","6.1470566987991333","1","0.0046104525273284258","0","0","1","0.099562477500025073","0.0036902206579393234","0.096371755271533951","0.022841198841639546","0","0","0.025472055785724711","0.035375636165494814","0.0008463762556314467","0","0.93693216415516967","true","true"
"L19_SEED_1","132","0.005940150935202837","1","6.1003891825675964","1","0.0059401519865952875","0","0","1","0.096460283844728434","0.009360802796883342","0.092669429754884527","0.022129506807601066","0","0","0.024497313376606621","0.041951031148316824","0.0011891081246281153","0","0.92294518846769014","true","true"
"L19_SEED_1","133","0.0097441133111715317","1","5.5581726431846619","1","0.0097441147577196647","0","0","1","0.14209325778768031","0.0085087568259390699","0.13839421558777598","0.03259842901341959","0","0","0.013637997094264349","0.033402595740898461","0.00076091525081546879","0","0.94861269836928275","true","true"
"L19_SEED_1","134","0.0079369721934199333","1","5.7845145463943481","1","0.0079369634661442083","0","0","1","0.13526418463778775","0.0068347912865458563","0.13207211058794135","0.031031732185081245","0","0","0.008001151297255189","0.035296532238304125","0.00078983610002849171","0","0.95335928012637761","true","true"
"L19_SEED_1","135","0.0042392462491989136","1","6.2409217357635498","1","0.0042392495823903847","0","0","1","0.09189671191096907","0.0034681475467782177","0.08896740909537143","0.021082551603346562","0","0","0.024948427589060879","0.035516741392422876","0.00084654025132217456","0","0.93726401138948723","true","true"
"L19_SEED_1","136","0.0054786116816103458","1","6.1816330552101135","1","0.0054786036797877654","0","0","1","0.089529724679090497","0.0082275280390223891","0.086101827669045977","0.020539527490482892","0","0","0.023985186695232374","0.041508712052226393","0.0011706739271223259","0","0.92489033806647025","true","true"
"L19_SEED_1","137","0.0090446257963776588","1","5.6348800659179688","1","0.0090446487193088249","0","0","1","0.13155910082707453","0.0080134202532118805","0.12802584918930757","0.030181727663594528","0","0","0.014307253011041205","0.034170898661384924","0.0008039172769910652","0","0.94700775903297163","true","true"
"L19_SEED_1","138","0.0074604721739888191","1","5.8582717776298523","1","0.0074604671948832564","0","0","1","0.12744787056452397","0.0074503720048974638","0.12428259567619267","0.029238546755800635","0","0","0.0079300321718606438","0.036842301520355121","0.00086516671275063044","0","0.95094513945885761","true","true"
"L19_SEED_1","139","0.0039256815798580647","1","6.3269338011741638","1","0.0039256922761819147","0","0","1","0.085475566167671074","0.0033026241347976991","0.082761559009069424","0.019609439740358017","0","0","0.024578543439360539","0.035579086190690445","0.00084497351739913943","0","0.93750448444200418","true","true"
"L19_SEED_1","140","0.0050798854790627956","1","6.259712815284729","1","0.0050798719793537428","0","0","1","0.083505126485059339","0.0070907437519647605","0.080424784405347963","0.019157389874523971","0","0","0.023279723900401304","0.040783049783793428","0.0011422505831618569","0","0.9275846098096785","true","true"
"L19_SEED_1","141","0.008428771048784256","1","5.7079509496688843","1","0.0084287738532242452","0","0","1","0.12235645839280535","0.0068939828990773186","0.11912927841459225","0.028070496695988292","0","0","0.014592845666380859","0.033473781909770274","0.00081360115611282173","0","0.947945188840702","true","true"
"L19_SEED_1","142","0.007027030922472477","1","5.9172782301902771","1","0.0070270411986410207","0","0","1","0.12041587606367314","0.0072687276291476966","0.11735714383921492","0.027625296576814187","0","0","0.0080553574313273063","0.037562255997072497","0.00089620572943228255","0","0.94984242480547665","true","true"
"L19_SEED_1","143","0.0036576744168996811","1","6.4056002497673035","1","0.0036576640043212362","0","0","1","0.080088849800728251","0.0032388108970319608","0.077513783409880035","0.018373642251883263","0","0","0.024897892549892324","0.035880089705314706","0.00085805607834341373","0","0.93672855007936429","true","true"
"L19_SEED_1","144","0.0047337063588202","1","6.333973228931427","1","0.004733685164355148","0","0","1","0.078349268218126822","0.0061348417484887452","0.075538338573490182","0.017974554866483045","0","0","0.023095695807595119","0.040117962326505573","0.0011219312227148427","0","0.92953333266600358","true","true"
"L19_SEED_1","145","0.0078825075179338455","1","5.777519702911377","1","0.0078825070712855716","0","0","1","0.1146770689090847","0.0063560511943723799","0.11165843533350538","0.026308723921902651","0","0","0.014454746658882271","0.033600472933275061","0.00082569204136069823","0","0.94804708558223738","true","true"
"L19_SEED_1","146","0.0066283475607633591","1","5.9671984314918518","1","0.0066283445318741346","0","0","1","0.11388521861908464","0.0062457860214012503","0.11107444938548798","0.026127061006506667","0","0","0.0078088746629838253","0.037062189690196666","0.00087350400367297674","0","0.95124769724225766","true","true"
"L19_SEED_1","147","0.0034251941833645105","1","6.478261411190033","1","0.0034252003164775974","0","0","1","0.075428244061830144","0.0031020873569624092","0.072992650992925401","0.017304425966012605","0","0","0.025072434748400031","0.035908017954619245","0.0008659142669982156","0","0.9364622574650886","true","true"
"L19_SEED_1","148","0.0044303345493972301","1","6.4021980762481689","1","0.0044303450487755223","0","0","1","0.073938239137899972","0.0057214702149198928","0.071272035040627152","0.016962595392918414","0","0","0.023678031758080646","0.040022443074315517","0.0011310369784293744","0","0.92918055321040682","true","true"
"L19_SEED_1","149","0.0073945699259638786","1","5.8435488939285278","1","0.0073945666451299685","0","0","1","0.10788122348634258","0.0057649451960664145","0.10507614386844701","0.024749650056973369","0","0","0.014450433271597349","0.03319255339609245","0.00082843508018156774","0","0.9486729699243972","true","true"
"L19_SEED_1","150","0.0062632965855300426","1","6.0101065635681152","1","0.0062632925496974535","0","0","1","0.10790509054153932","0.0049801312949656392","0.10535941631374532","0.024755125534956655","0","0","0.0075690579708103277","0.036097884846752318","0.00082997563336527456","0","0.95337299270367681","true","true"
"L19_SEED_1","151","0.003220120444893837","1","6.546494722366333","1","0.0032201160697174014","0","0","1","0.071296943159802104","0.0029260029978801527","0.069003320268387125","0.016356640537733728","0","0","0.025067545582897744","0.035685805915283787","0.00086749135611253851","0","0.93669490265664135","true","true"
"L19_SEED_1","152","0.0041611040942370892","1","6.4629567265510559","1","0.0041610975147576938","0","0","1","0.070021884666416359","0.0054666990196894465","0.06745960107996804","0.016064122057745746","0","0","0.024556146156784666","0.040043532314025646","0.0011513976627420164","0","0.92815379719731839","true","true"
"L19_SEED_1","153","0.0069580585695803165","1","5.9062172174453735","1","0.0069580748199178748","0","0","1","0.10194229887369227","0.0054486998318539629","0.09929420974724941","0.023387167308560254","0","0","0.015225139269833687","0.032363288044106424","0.00083272667446582021","0","0.948722065196693","true","true"
"L19_SEED_1","154","0.0059301438741385937","1","6.0523115396499634","1","0.005930116180072856","0","0","1","0.10250583610207152","0.0044951396736883633","0.10012486345483372","0.023516451615372261","0","0","0.0075976049789814541","0.03558578219079972","0.00080940168809085172","0","0.95408416725025613","true","true"
"L19_SEED_1","155","0.0030364347621798515","1","6.6117820739746094","1","0.0030364568419386367","0","0","1","0.067541037707054954","0.0027235151685103959","0.065399328624590983","0.015494976731943296","0","0","0.024679668805943644","0.035248607522482177","0.00085969226601451273","0","0.93758601793548091","true","true"
"L19_SEED_1","156","0.0039190012030303478","1","6.5213568806648254","1","0.0039189971216271394","0","0","1","0.066433896988282864","0.0052200032586483345","0.063982996844148252","0.015240981231448215","0","0","0.025010706422546023","0.040072319236137702","0.0011666227005592805","0","0.92757641610225483","true","true"
"L19_SEED_1","157","0.0065664178691804409","1","5.9660636186599731","1","0.0065664392104536765","0","0","1","0.096895739564469008","0.0049482031249556855","0.094426638446421865","0.022229407201113483","0","0","0.014352791316660007","0.032524282492080371","0.00082980354554452714","0","0.94968525422908501","true","true"
"L19_SEED_1","158","0.0056253098882734776","1","6.0968135595321655","1","0.0056252931983989648","0","0","1","0.097590950863423911","0.004519405285641204","0.0952836211709428","0.022388899611458332","0","0","0.0079403122843772888","0.035821444800391573","0.00082040210653504958","0","0.95327325474535052","true","true"
"L19_SEED_1","159","0.0028703645803034306","1","6.6746330261230469","1","0.0028703385982422757","0","0","1","0.06412570054931338","0.0025605022154696088","0.062101444666547809","0.014711444651484613","0","0","0.024612807560089781","0.035068652649573921","0.00086170227287896367","0","0.93786247870498118","true","true"
"L19_SEED_1","160","0.003699649590998888","1","6.5778177976608276","1","0.0036996536604994054","0","0","1","0.063084199222552012","0.0049177476323409557","0.060768186103232369","0.014472507860278492","0","0","0.02492809464674145","0.039903088381459673","0.0011700328819719509","0","0.9279217553987833","true","true"
"L19_SEED_1","161","0.006212510634213686","1","6.0192552208900452","1","0.0062125227927522387","0","0","1","0.092426336156332362","0.0051896961646859105","0.090006056320530187","0.021204055738272224","0","0","0.014673776772919754","0.033005298098350587","0.00085452782087865498","0","0.94831362658030915","true","true"
"L19_SEED_1","162","0.0053448067046701908","1","6.1436906456947327","1","0.0053448139067601048","0","0","1","0.093019267634410985","0.0044337210852640613","0.090803417992685376","0.02134008354845059","0","0","0.0081370700394287013","0.035839746159065898","0.00082662548433136776","0","0.95292464944945232","true","true"
"L19_SEED_1","163","0.0027191443368792534","1","6.7329200506210327","1","0.0027191075361290354","0","0","1","0.060974902889746566","0.0024444542345932146","0.059058566029659636","0.013988602094137445","0","0","0.024467464065534232","0.034932130338612699","0.0008620767909508721","0","0.93813115965696348","true","true"
"L19_SEED_1","164","0.003500060411170125","1","6.6323810219764709","1","0.0035000672475939219","0","0","1","0.05996879144206034","0.0046177141017646941","0.057787843159073725","0.013757784298010936","0","0","0.024780795769445814","0.039530301634107798","0.0011730755772501834","0","0.92858652614635429","true","true"
"L19_SEED_1","165","0.0058902949094772339","1","6.0697188377380371","1","0.0058903238471120197","0","0","1","0.088011030210667168","0.0041214476707758302","0.085839485099358639","0.020191115084484391","0","0","0.014306417959680405","0.03141843592621521","0.00082054134698135092","0","0.95126167172763698","true","true"
"L19_SEED_1","166","0.0050856568850576878","1","6.1923713684082031","1","0.0050856521176163598","0","0","1","0.088746077009724741","0.0041916856164280055","0.086635670416279342","0.020359746385319392","0","0","0.0080687732072817347","0.035864931889751206","0.00083045919507989763","0","0.95300494098531185","true","true"
"L19_SEED_1","167","0.0025808787904679775","1","6.7894831895828247","1","0.0025808670290843956","0","0","1","0.058064265881363049","0.0023379746499284449","0.056249636412530196","0.013320856168828325","0","0","0.02425122405638002","0.034794393380338587","0.00086056917061593885","0","0.93847251961197575","true","true"
"L19_SEED_1","168","0.0033177726436406374","1","6.6851669549942017","1","0.0033177663450526104","0","0","1","0.057082386900413375","0.0043694538713652826","0.055036016229469208","0.013095597681841676","0","0","0.024234881596501775","0.039149950035615416","0.0011694760296558891","0","0.92958633387610334","true","true"
"L19_SEED_1","169","0.0055958428420126438","1","6.1185767650604248","1","0.0055958242344678099","0","0","1","0.084145205581740143","0.0038316658940477631","0.082093553389154153","0.019304234090224203","0","0","0.014201740491274879","0.031073199295581451","0.00082157039251028088","0","0.95182993025766438","true","true"
"L19_SEED_1","170","0.0048455893993377686","1","6.2419390082359314","1","0.0048456123523488255","0","0","1","0.084754173701535152","0.0039309409744606449","0.08274974061820968","0.019443940958330755","0","0","0.007964853604204989","0.035791328573410518","0.0008332725269241029","0","0.95325939449212083","true","true"
"L19_SEED_1","171","0.0024542033206671476","1","6.8442009687423706","1","0.0024542077696593644","0","0","1","0.055339495909102414","0.00211274701894447","0.053659390441564182","0.012695751066013681","0","0","0.02329706543556857","0.034200920804258822","0.00084267328858892668","0","0.94020178665972121","true","true"
"L19_SEED_1","172","0.0031508894171565771","1","6.7362050414085388","1","0.0031509018816443658","0","0","1","0.054440530941163683","0.0041590738405877549","0.052504488240449912","0.012489514358170091","0","0","0.023916797321636245","0.03893695496481131","0.001170155888995955","0","0.93013964466873877","true","true"
"L19_SEED_1","173","0.0053251050412654877","1","6.1659718155860901","1","0.0053251105042079194","0","0","1","0.080705594423148119","0.0042733333276239417","0.078645657220569987","0.018515133172046443","0","0","0.014613915020192412","0.032116693096296028","0.00086243519907447126","0","0.9496032907902181","true","true"
"L19_SEED_1","174","0.0046230209991335869","1","6.2906498908996582","1","0.0046230064723454863","0","0","1","0.081013558840808755","0.0035396422385085436","0.079137626277328163","0.018585785054930075","0","0","0.0075968141664678182","0.035440664890143643","0.00082891235632484431","0","0.95422462006840647","true","true"
"L19_SEED_1","175","0.0023382732179015875","1","6.8966705203056335","1","0.002338274192554285","0","0","1","0.052862518994894248","0.0019989345821289149","0.051285667926725287","0.012127493589460176","0","0","0.022689358758897004","0.033817658430243751","0.00083187761680283306","0","0.94123121906066654","true","true"
"L19_SEED_1","176","0.0029977334197610617","1","6.7852029204368591","1","0.0029977230611909168","0","0","1","0.052007739122097663","0.0039516688702121916","0.050174437837747526","0.01193139363764476","0","0","0.023579812145444537","0.038736372430333121","0.0011689960312205709","0","0.93074150587425863","true","true"
"L19_SEED_1","177","0.0050746053457260132","1","6.2122849225997925","1","0.0050746104635927408","0","0","1","0.077153883773836474","0.0033469792068230061","0.075303756292995919","0.017700314866938724","0","0","0.014169814310088","0.030508371071088499","0.00082432753447700489","0","0.95261561351082691","true","true"
"L19_SEED_1","178","0.0044160797260701656","1","6.3368432521820068","1","0.0044160444948194294","0","0","1","0.077578519795879472","0.0033696134586876677","0.075784282331934127","0.017797733051563593","0","0","0.0075478835802154538","0.035452771676610213","0.00083388854750522298","0","0.95427886766292946","true","true"
"L19_SEED_1","179","0.0022317804396152496","1","6.946956992149353","1","0.0022317857269195675","0","0","1","0.050602192303218579","0.0019117019373459741","0.04910844026123138","0.011608939082702184","0","0","0.022336600726496094","0.033576657925694482","0.00082710908962457168","0","0.94183237685739751","true","true"
"L19_SEED_1","180","0.0028565498068928719","1","6.8328351974487305","1","0.0028565557664066033","0","0","1","0.049791341152317051","0.0037983442697093381","0.048032259312039853","0.011422917070858319","0","0","0.023700571480165387","0.038713612453588252","0.0011763779196541828","0","0.9305900007337744","true","true"
"L19_SEED_1","181","0.0048421337269246578","1","6.2573208212852478","1","0.004842149857692375","0","0","1","0.07401276485195564","0.0032402262751727289","0.07223278583694627","0.016979692764300721","0","0","0.014265660594280348","0.03051109124306706","0.00082748156093384606","0","0.95247914039363768","true","true"
"L19_SEED_1","182","0.0042233671993017197","1","6.3811790347099304","1","0.0042233509232775211","0","0","1","0.074373525329037321","0.0031997341993148624","0.072656228363394082","0.017062456893901911","0","0","0.0075065410197058388","0.035450124833379747","0.00083957368640625695","0","0.9543528258730386","true","true"
"L19_SEED_1","183","0.002133459784090519","1","6.9950448870658875","1","0.0021334401448818196","0","0","1","0.048523478251141595","0.0018058591119153073","0.047102011953932876","0.011132049372937892","0","0","0.022137329688199005","0.033382818935002341","0.00082544915252711476","0","0.94226935723309313","true","true"
"L19_SEED_1","184","0.0027258489280939102","1","6.8793152570724487","1","0.0027258537910615174","0","0","1","0.047732755956978422","0.003637741342777777","0.046048852369033486","0.010950645237534633","0","0","0.023675863947746009","0.038649900118101869","0.0011771367311146084","0","0.93068904565716004","true","true"
"L19_SEED_1","185","0.004626009613275528","1","6.3010819554328918","1","0.0046260081147014307","0","0","1","0.071132869421219103","0.0033934767837048379","0.069387825820646634","0.01631899944058782","0","0","0.014237928876450806","0.031108268352147819","0.00084043549544971126","0","0.95153748858969167","true","true"
"L19_SEED_1","186","0.0040435860864818096","1","6.4236188530921936","1","0.0040435833437061624","0","0","1","0.071373801396474673","0.0030355314760885693","0.06973566309566695","0.016374273026503964","0","0","0.0074328098517185996","0.035295215033985437","0.00083946684200857525","0","0.9546237029595821","true","true"
"L19_SEED_1","187","0.002042367123067379","1","7.0401355028152466","1","0.0020423390621229771","0","0","1","0.046603803861178662","0.0017386981041308432","0.045242223995045627","0.010691645863972024","0","0","0.02203957563459457","0.033321015307435316","0.00082607261542801634","0","0.94242144415142159","true","true"
"L19_SEED_1","188","0.0026045301929116249","1","6.9246594309806824","1","0.002604543459551834","0","0","1","0.045825713241981599","0.0035094840565526209","0.044204813763794107","0.010513139633551129","0","0","0.0237701877920223","0.038675736520095434","0.0011798903439535224","0","0.93050918446888542","true","true"
"L19_SEED_1","189","0.0044244108721613884","1","6.3437860012054443","1","0.0044243900947908083","0","0","1","0.068304482991203397","0.0030748289731128342","0.066656897757754505","0.015670123092076233","0","0","0.014188853601263729","0.030611646292690576","0.00083355763964728822","0","0.95233945691136135","true","true"
"L19_SEED_1","190","0.0038758143782615662","1","6.4642159342765808","1","0.0038758205268339453","0","0","1","0.068578458437487944","0.0029023020905207348","0.067010161484585301","0.015732977370148116","0","0","0.0073915520151851951","0.035189998803736237","0.00084172083657745348","0","0.95478566975678836","true","true"
"L19_SEED_1","191","0.001957630505785346","1","7.0838581919670105","1","0.0019576369249970633","0","0","1","0.044808377881360918","0.001664750370130654","0.043508261009172156","0.010279746895201863","0","0","0.021929857472765664","0.03305438746258637","0.00082364228072435758","0","0.94281179273577009","true","true"
"L19_SEED_1","192","0.0024916164111346006","1","6.9685359001159668","1","0.0024916343245478968","0","0","1","0.044022203470322603","0.0032804373088283403","0.042484377759755575","0.01009938611574325","0","0","0.023535989542509291","0.03838363461945081","0.001173076013941745","0","0.93135439881356097","true","true"
"L19_SEED_1","193","0.0042362883687019348","1","6.3854818940162659","1","0.0042362821717940825","0","0","1","0.065666522428861257","0.002893422371827453","0.064080193127902779","0.015064933433744909","0","0","0.014306457610528378","0.030633302412798442","0.00084987430751358819","0","0.95226887353591783","true","true"
"L19_SEED_1","194","0.0037189943250268698","1","6.5035349130630493","1","0.003718992722153903","0","0","1","0.065965133966198755","0.0027883758292195264","0.064458661067006207","0.01513343961872541","0","0","0.007454164552181038","0.035070119287017879","0.00084220064881594117","0","0.95484672465572895","true","true"
"L19_SEED_1","195","0.001878598122857511","1","7.1261913180351257","1","0.0018786005463760666","0","0","1","0.043130738492746491","0.0015847373355496555","0.041882885503850067","0.0098948700236927232","0","0","0.021878150929664344","0.032974324142403977","0.00082419314058413719","0","0.94297330995775552","true","true"
"L19_SEED_1","196","0.0023863089736551046","1","7.0112448930740356","1","0.0023863305442612887","0","0","1","0.042382459955447302","0.003284285944934229","0.040874714257617885","0.0097232031539186397","0","0","0.024130789904234669","0.038575709529471258","0.0011724976310059881","0","0.93011605007050724","true","true"
"L19_SEED_1","197","0.0040602013468742371","1","6.4262411594390869","1","0.0040601906336046566","0","0","1","0.063141171272066671","0.002673330553414613","0.061642623135951979","0.014485578144828008","0","0","0.01457032713871707","0.029702623508894997","0.0008377866644329984","0","0.95309667645684248","true","true"
"L19_SEED_1","198","0.0035721738822758198","1","6.542238175868988","1","0.0035721732259276755","0","0","1","0.063548382009004756","0.0028787929525383362","0.062059008154737236","0.01457899869488263","0","0","0.0078580804096001541","0.035554228432728194","0.00085994084633306256","0","0.95367558724783263","true","true"
"L19_SEED_1","199","0.0018044515745714307","1","7.1667544841766357","1","0.0018044523025448351","0","0","1","0.041542772845380979","0.0015294617953500033","0.040347372774914417","0.0095305657193411226","0","0","0.021701384301763455","0.03284252449495656","0.00082294893547834181","0","0.94327768352085617","true","true"
"L19_SEED_1","200","0.0022876400034874678","1","7.0530380606651306","1","0.0022876355181053803","0","0","1","0.040803791106725731","0.0031534365409517017","0.039357152589037228","0.009361031681450584","0","0","0.024010629842039378","0.038496822182830355","0.0011700079273878022","0","0.93034988874382596","true","true"
"L19_SEED_1","201","0.0038959167432039976","1","6.4658359885215759","1","0.0038959449113220093","0","0","1","0.060938378835421775","0.0028681663806532877","0.059446308725628554","0.013980222901410596","0","0","0.014462317010667025","0.030823242526913937","0.00086945892837767425","0","0.95162971039697963","true","true"
"L19_SEED_1","202","0.0034341297578066587","1","6.5815953016281128","1","0.0034341304138017312","0","0","1","0.061210135119191718","0.0026902574413995737","0.059788890135986178","0.014042568068685615","0","0","0.007697200370101475","0.035412210974622042","0.00085797960378613137","0","0.95410090315128437","true","true"
"L19_SEED_1","203","0.001734892139211297","1","7.2065024971961975","1","0.0017349000883457705","0","0","1","0.040049618256143039","0.0014908357398105553","0.038901026540347654","0.0091880125634689041","0","0","0.0215791384287113","0.032749175762884386","0.00082194381980004718","0","0.94346406236917313","true","true"
"L19_SEED_1","204","0.0021952148526906967","1","7.0933712720870972","1","0.0021952109996259141","0","0","1","0.03930691025998808","0.0029607425075409565","0.037925986694232666","0.0090176236634794803","0","0","0.023792313958236708","0.03838601457621784","0.0011774178844479286","0","0.93097059153361383","true","true"
"L19_SEED_1","205","0.0037414892576634884","1","6.5046239495277405","1","0.0037414784052146434","0","0","1","0.058727103015873798","0.0027168321195881321","0.057297410726861613","0.013472921436478769","0","0","0.014388319950215528","0.030698353864141395","0.0008698438466002487","0","0.95190331145980023","true","true"
"L19_SEED_1","206","0.0033043499570339918","1","6.6192957162857056","1","0.0033043515767500922","0","0","1","0.059008553892387378","0.0025048810173218111","0.057654267479749541","0.013537490695862645","0","0","0.0074899947764180737","0.035230490538318837","0.00085218382237171072","0","0.95462537454065166","true","true"
"L19_SEED_1","207","0.0016697398386895657","1","7.2452834844589233","1","0.0016697713240471043","0","0","1","0.038635593334336568","0.0014048458335015181","0.037544017259565236","0.0088636129983214081","0","0","0.021159761208272201","0.032413609012310801","0.00081247763181250621","0","0.9442919977824068","true","true"
"L19_SEED_1","208","0.0021085382904857397","1","7.13275545835495","1","0.0021085322905571267","0","0","1","0.037902226450735904","0.0028474027586050184","0.036575748473060388","0.0086953670965237949","0","0","0.023646011205469237","0.038303729007974456","0.0011764126904050328","0","0.93123008941334295","true","true"
"L19_SEED_1","209","0.0035963892005383968","1","6.5426298379898071","1","0.0035964053426996655","0","0","1","0.056558893016465328","0.0023129202504561567","0.05523211133700201","0.012975499948278983","0","0","0.014362023915892648","0.029486894938994146","0.00084528287577519253","0","0.95363347776160656","true","true"
"L19_SEED_1","210","0.0031821525190025568","1","6.6561525464057922","1","0.0031821593237423016","0","0","1","0.056948976523420063","0.0024188605813547839","0.055640284595315961","0.013064991242297807","0","0","0.0075093452081816088","0.035261709197284163","0.00085696257760876915","0","0.9545679277935708","true","true"
"L19_SEED_1","211","0.001608434715308249","1","7.283190131187439","1","0.001608430731268033","0","0","1","0.037317462193834958","0.0013495076782742183","0.036266454851155365","0.0085612129753855903","0","0","0.021091513627468687","0.032322339435553932","0.00081309406325144563","0","0.94446529748943508","true","true"
"L19_SEED_1","212","0.0020269884262233973","1","7.1713294982910156","1","0.0020269632652029808","0","0","1","0.03657933755553857","0.0026852556265213648","0.035304195311636838","0.008391875569802882","0","0","0.023655152329498951","0.038279283880044888","0.0011807402709053763","0","0.93149593005336517","true","true"
"L19_SEED_1","213","0.0034600337967276573","1","6.5795415043830872","1","0.00346004109561054","0","0","1","0.054638925828314179","0.0022214543804453587","0.053358668850683154","0.012535029266801889","0","0","0.014039141878581806","0.029778293600038024","0.0008430016599550032","0","0.95368657184782435","true","true"
"L19_SEED_1","214","0.0030669085681438446","1","6.6924924254417419","1","0.003066929770475024","0","0","1","0.054994531705705639","0.0023286399512554589","0.053732096568296452","0.012616610850132336","0","0","0.0075029451286268336","0.035228188039986841","0.00086026231660196858","0","0.95461566486375848","true","true"
"L19_SEED_1","215","0.0015506419586017728","1","7.3202494978904724","1","0.0015506387425793168","0","0","1","0.036075888365315119","0.0013276346346153913","0.035060884447596398","0.0082763764043612287","0","0","0.021061975580405515","0.032250783700267328","0.00081181098059518941","0","0.94452110416809443","true","true"
"L19_SEED_1","216","0.0019501906353980303","1","7.2089530229568481","1","0.0019501886588701646","0","0","1","0.035342622324933709","0.0026148853688309805","0.034104155526977056","0.0081081536375847661","0","0","0.023882445693230361","0.038310200515005728","0.0011888626481012154","0","0.93114445361548437","true","true"
"L19_SEED_1","217","0.0033315597102046013","1","6.6156796216964722","1","0.0033315771260932431","0","0","1","0.052845146165691928","0.0023350824391520212","0.05158812713954683","0.012123507989099317","0","0","0.01408549465089614","0.030111671747377024","0.00085818513363231119","0","0.95299213414419059","true","true"
"L19_SEED_1","218","0.0029582078568637371","1","6.7280867099761963","1","0.0029581893973580132","0","0","1","0.053168525798673157","0.0023384357100866399","0.051929043971821166","0.012197696364918497","0","0","0.0076866111938628835","0.035585641481433124","0.00087454890755106376","0","0.95391881913846155","true","true"
"L19_SEED_1","219","0.0014961067354306579","1","7.3566033244132996","1","0.0014960962857413552","0","0","1","0.03490318285835791","0.001283016149136717","0.03392170903730491","0.0080073393098685913","0","0","0.021057710426881159","0.03222807558503684","0.00081202934647918673","0","0.94455093939085411","true","true"
"L19_SEED_1","220","0.0018777959048748016","1","7.2457383275032043","1","0.0018777964152935863","0","0","1","0.034154909326527691","0.002514074276252888","0.032965077062944492","0.0078356735884278442","0","0","0.023705441946752167","0.038148483927647234","0.0011870601017420236","0","0.93154087760747661","true","true"
"L19_SEED_1","221","0.0032103529665619135","1","6.6512483358383179","1","0.003210342423530381","0","0","1","0.051205459437843756","0.0029062191459774825","0.049878656816220557","0.011747338055112208","0","0","0.015188638583960887","0.031818681400318613","0.00092273531768333682","0","0.948848696528661","true","true"
"L19_SEED_1","222","0.0028553332667797804","1","6.7628810405731201","1","0.002855337913790701","0","0","1","0.051403759239036263","0.002168948175267024","0.050224845399451039","0.011792831149529174","0","0","0.0074744490957431332","0.035219331579902383","0.00086864911599911796","0","0.95465720709123325","true","true"
"L19_SEED_1","223","0.0014446558197960258","1","7.3922269344329834","1","0.0014446834352398901","0","0","1","0.033796078435640149","0.0012494319846763906","0.032846757167832134","0.0077533521362594523","0","0","0.021022687644134411","0.032187823744107343","0.00081307111978965547","0","0.94460965635911653","true","true"
"L19_SEED_1","224","0.0018095985287800431","1","7.2817582488059998","1","0.0018095987234079591","0","0","1","0.033033045216113867","0.0024284621013600945","0.03188507137429699","0.0075783003102342121","0","0","0.023496163280002837","0.038211641408189959","0.0011844229443617601","0","0.93170314897222739","true","true"
"L19_SEED_1","225","0.0030954207759350538","1","6.6865489482879639","1","0.0030954043306995775","0","0","1","0.049317646394494943","0.0019521080972077702","0.048171357547078172","0.011314244040361921","0","0","0.014281337479866514","0.029239867431604168","0.00085774815972816752","0","0.95405428488823374","true","true"
"L19_SEED_1","226","0.0027580736204981804","1","6.796760082244873","1","0.002758066549323411","0","0","1","0.049782665972419697","0.0022593221222174942","0.048614833633884379","0.011420926848095708","0","0","0.0078645172979428055","0.035557202879729771","0.00088551978183017642","0","0.95363307882198944","true","true"
"L19_SEED_1","227","0.0013959873467683792","1","7.4272189140319824","1","0.0013959967579656855","0","0","1","0.032738453905437087","0.0011934478419522829","0.031827593118796224","0.0075107164285034087","0","0","0.020826393144791171","0.031905806596374937","0.00080952622024343013","0","0.9451293793808021","true","true"
"L19_SEED_1","228","0.0017451236490160227","1","7.3170689940452576","1","0.0017451019400176264","0","0","1","0.031966852429504193","0.0023382133910994948","0.030859972050963393","0.0073336989096466545","0","0","0.023408688613981682","0.03810849771152202","0.0011854393062643736","0","0.9319471926324665","true","true"
"L19_SEED_1","229","0.0029869999270886183","1","6.7208120226860046","1","0.0029869880297879849","0","0","1","0.047739424852934538","0.001893389214807897","0.046625412990281202","0.010952175187194513","0","0","0.014403106329196719","0.029285525353439205","0.00086436470545543426","0","0.95387401552703843","true","true"
"L19_SEED_1","230","0.0026658126153051853","1","6.8304086327552795","1","0.0026658127761290196","0","0","1","0.048180871648858571","0.002027234496215329","0.047077898472916914","0.011053450027846232","0","0","0.0074763191609139414","0.0351402769253919","0.00087368796259311963","0","0.9547393678471261","true","true"
"L19_SEED_1","231","0.0013498192420229316","1","7.461605966091156","1","0.0013498268896728186","0","0","1","0.031735518426249998","0.0011474614153143402","0.030858741653453203","0.0072806272495208784","0","0","0.020656864260784634","0.031720065447544639","0.00080769129007727072","0","0.9455080497246523","true","true"
"L19_SEED_1","232","0.0016840993193909526","1","7.3517735600471497","1","0.0016841036517452335","0","0","1","0.030960882952471045","0.002268723143759665","0.029888927882130281","0.00710291368382171","0","0","0.023538916142423649","0.037951159027721851","0.0011874187657733978","0","0.93195297538931643","true","true"
"L19_SEED_1","233","0.0028844538610428572","1","6.7542067170143127","1","0.0028844463957469688","0","0","1","0.046312806573101786","0.0020330796149205274","0.045200676290914579","0.010624886507573523","0","0","0.014432640751982846","0.030198620473582998","0.00089188342374737811","0","0.95254974505662315","true","true"
"L19_SEED_1","234","0.0025783209130167961","1","6.8634726405143738","1","0.0025782984439532038","0","0","1","0.046682518362116544","0.0019508280635888893","0.045617396944156764","0.010709704208970943","0","0","0.007382027763057135","0.035106282424927138","0.00087732496081965471","0","0.95488802230211223","true","true"
"L19_SEED_1","235","0.0013060643104836345","1","7.4952841997146606","1","0.0013060391815641992","0","0","1","0.030792077221088447","0.0011250013684629189","0.029938083818300439","0.0070641869930750147","0","0","0.020752194770200787","0.031801272280092975","0.0008108962094665412","0","0.94530080007597628","true","true"
"L19_SEED_1","236","0.0016264152945950627","1","7.3858879804611206","1","0.0016264314066102112","0","0","1","0.029997185933540879","0.0021560803796582158","0.028968804100339741","0.006881826424994973","0","0","0.023259422544096783","0.037780043803917168","0.0011842846936673903","0","0.93261007691418019","true","true"
"L19_SEED_1","237","0.0027869688346982002","1","6.7871361374855042","1","0.0027869673137188846","0","0","1","0.044933217874950991","0.00229352649096607","0.043806482126782155","0.010308387153947727","0","0","0.014896817131621087","0.031102599462279064","0.00091797161554358101","0","0.95047722337135376","true","true"
"L19_SEED_1","238","0.0024952511303126812","1","6.8957005143165588","1","0.002495230878575362","0","0","1","0.045271076633279624","0.0019039453040219445","0.044234079328666971","0.010385897268934286","0","0","0.0074543661144421793","0.035185024260694857","0.00087994937787128872","0","0.95471190683786578","true","true"
"L19_SEED_1","239","0.0012646093964576721","1","7.5282912254333496","1","0.0012646184115129373","0","0","1","0.029881801918075615","0.0010756317435300566","0.029065437420236772","0.0068553555164100775","0","0","0.020451538681102433","0.031341305501779437","0.00080463384668201564","0","0.94610679453128244","true","true"
"L19_SEED_1","240","0.0015718616778030992","1","7.419353723526001","1","0.0015718531456896693","0","0","1","0.029097108792396093","0.0021009770268951957","0.02809587811826068","0.0066753345671191249","0","0","0.023452657483396325","0.037778671740843761","0.0011909042555976149","0","0.93236410381184565","true","true"
"L19_SEED_1","241","0.0026943061966449022","1","6.8198128342628479","1","0.002694309031655543","0","0","1","0.043439407328759075","0.0017243576162423581","0.042429787928678332","0.0099656835112295217","0","0","0.014422865473599531","0.029074404137633403","0.0008708225979870693","0","0.95405615931155752","true","true"
"L19_SEED_1","242","0.0024162670597434044","1","6.927311897277832","1","0.0024162726138778489","0","0","1","0.043923122798486425","0.0018464925698217709","0.042919865217111365","0.010076655450701565","0","0","0.0074742369521272577","0.035039356095633925","0.00087982623637201625","0","0.95483928709538968","true","true"
"L19_SEED_1","243","0.0012252265587449074","1","7.5606585741043091","1","0.0012252061512634167","0","0","1","0.029023170124722109","0.0010283513486399733","0.028232628324210932","0.0066583718734132859","0","0","0.020439293745054821","0.031234317661315496","0.00080563020158752239","0","0.94626532594527013","true","true"
"L19_SEED_1","244","0.0015200709458440542","1","7.4522326588630676","1","0.0015200697302612009","0","0","1","0.028236487347496887","0.0020391028925832409","0.027264431157897211","0.0064778944667528305","0","0","0.023523795365468971","0.037733543183274043","0.0011935828219664935","0","0.93233404704001632","true","true"
"L19_SEED_1","245","0.0026064489502459764","1","6.851649284362793","1","0.0026064493555673965","0","0","1","0.042144434753902539","0.0016141046088338678","0.04117036885022661","0.009668596427626559","0","0","0.014420355344196905","0.028931246174325406","0.00087249344217054541","0","0.95430906455327102","true","true"
"L19_SEED_1","246","0.0023410888388752937","1","6.9587162137031555","1","0.002341078714832362","0","0","1","0.042671012383689762","0.0019655819287160963","0.041662402501827102","0.009789401621004017","0","0","0.0079028155056913296","0.035788044417594908","0.00090235247018429551","0","0.95328492916044805","true","true"
"L19_SEED_1","247","0.0011876816861331463","1","7.5925573110580444","1","0.0011876753351411969","0","0","1","0.028207487413831826","0.0010103802892931588","0.027435802490005601","0.0064712414256888635","0","0","0.020514074320353251","0.03136007421848324","0.00080927905078139221","0","0.94603353025831116","true","true"
"L19_SEED_1","248","0.0014709198148921132","1","7.4843922853469849","1","0.0014709536822952369","0","0","1","0.02740322570831067","0.0019705582387885535","0.02647140550667778","0.0062867311362927369","0","0","0.022812245772385456","0.037693674562963506","0.0011748645601032527","0","0.93314820753119698","true","true"
"L19_SEED_1","249","0.0025230657774955034","1","6.8826908469200134","1","0.0025230566592780229","0","0","1","0.041014705032542516","0.0020008097099037774","0.040002629191198291","0.0094094186545253637","0","0","0.014726679037790565","0.030719640031452396","0.00091687655752162311","0","0.95125704860821325","true","true"
"L19_SEED_1","250","0.0022693262435495853","1","6.9898295402526855","1","0.0022693347137963038","0","0","1","0.041418519887549313","0.0017950072452008268","0.040458948446791425","0.0095020601358345828","0","0","0.0076543733023512871","0.035374910220668812","0.00089114900686307504","0","0.95420136130597011","true","true"
"L19_SEED_1","251","0.001151916803792119","1","7.6239761710166931","1","0.0011519138828247186","0","0","1","0.02740974834356422","0.0009320856446119847","0.026673744600600326","0.0062882275314462008","0","0","0.020230440507667903","0.03079548865917113","0.00080045813561058373","0","0.94701723011356376","true","true"
"L19_SEED_1","252","0.0014242784818634391","1","7.5159214735031128","1","0.0014242882198859659","0","0","1","0.026617773892852806","0.001892228889032677","0.025714720466498527","0.0061065361316295069","0","0","0.02296092343753639","0.03750922380261245","0.0011786110456210705","0","0.9332976066857408","true","true"
"L19_SEED_1","253","0.0024437143001705408","1","6.913576066493988","1","0.0024437171752449685","0","0","1","0.039754825968049329","0.0014916165480425363","0.038841403419763748","0.0091203825743565031","0","0","0.014286978448761142","0.028854885126694572","0.000875230297068588","0","0.95457512651204823","true","true"
"L19_SEED_1","254","0.0022008519154042006","1","7.0204392671585083","1","0.0022008678935350858","0","0","1","0.040232032011526621","0.0016970727544711791","0.039310047246131199","0.0092298611490283147","0","0","0.0074357582105554028","0.035204909497983217","0.00088819395330775447","0","0.9546918063516705","true","true"
"L19_SEED_1","255","0.0011178801069036126","1","7.6547279357910156","1","0.0011178618734477553","0","0","1","0.026657764162474149","0.00091066103243913265","0.025943886423770813","0.0061157105286823677","0","0","0.020190584836967864","0.030683500163739382","0.00080050465719904362","0","0.9471584232196959","true","true"
"L19_SEED_1","256","0.0013798415893688798","1","7.5469530820846558","1","0.0013798416349679555","0","0","1","0.025871381148211615","0.0018371176624973411","0.024992723508912625","0.0059353018923619843","0","0","0.02305068695745565","0.037494899476915193","0.0011836560885555431","0","0.93322838740153558","true","true"
"L19_SEED_1","257","0.0023682264145463705","1","6.9436793923377991","1","0.0023682140390713169","0","0","1","0.038665002716710382","0.0015541098257317776","0.037762142992558589","0.0088703599733613771","0","0","0.014119304403296715","0.029542784066201849","0.00087872537533883793","0","0.95384361041744381","true","true"
"L19_SEED_1","258","0.0021354886703193188","1","7.0506946444511414","1","0.0021355055348995728","0","0","1","0.039104368985293285","0.001640458554510319","0.038209841423718791","0.0089711575083062933","0","0","0.0074222522948641243","0.035154606183303204","0.000890764115924011","0","0.9547725099478378","true","true"
"L19_SEED_1","259","0.0010854126885533333","1","7.6849539875984192","1","0.0010854072766900431","0","0","1","0.025943522322270752","0.00090760020269215998","0.025245758595669441","0.0059518522127510456","0","0","0.020236620264349765","0.030804255975149193","0.00080287625564826189","0","0.94693238877631614","true","true"
"L19_SEED_1","260","0.0013375038979575038","1","7.5774659514427185","1","0.0013375165376267443","0","0","1","0.025163927912601629","0.0018110166809547105","0.024302869330378653","0.0057730009891354163","0","0","0.023187256429985929","0.037708784234058455","0.0011895314710567678","0","0.93273492549268833","true","true"
"L19_SEED_1","261","0.0022962985094636679","1","6.9734598994255066","1","0.0022962761501165397","0","0","1","0.037675187352518819","0.0019858440706121572","0.036720204655542099","0.0086432807551890135","0","0","0.015111350228605899","0.031221720506966928","0.00094169474917585381","0","0.94994693254018003","true","true"
"L19_SEED_1","262","0.0020731273107230663","1","7.0803413391113281","1","0.0020730977656851154","0","0","1","0.038038967804747421","0.0016375493178092369","0.03716024534785263","0.0087267377146048025","0","0","0.0076284106998847105","0.035289686741247092","0.00089619942093669075","0","0.95433246457172638","true","true"
"L19_SEED_1","263","0.0010544328251853585","1","7.7147149443626404","1","0.0010544380699989159","0","0","1","0.025255463274840836","0.00087904054002625254","0.024578145808344921","0.0057940006414386319","0","0","0.020193770698851615","0.030710085879072608","0.0008027516713871286","0","0.94708193718719969","true","true"
"L19_SEED_1","264","0.0012971688993275166","1","7.6074308156967163","1","0.0012971707909407188","0","0","1","0.02447135138929055","0.0017438677481766834","0.023640286252784533","0.005614113037778483","0","0","0.023029104366662646","0.037475598336704039","0.0011852240838102232","0","0.93323185703071987","true","true"
"L19_SEED_1","265","0.0022275508381426334","1","7.0030817985534668","1","0.0022275506550030947","0","0","1","0.036519150611446019","0.0014164687475667541","0.035675453143791225","0.0083780677378544645","0","0","0.014494348737843164","0.028790510895385528","0.00088272033724056884","0","0.95432798769869143","true","true"
"L19_SEED_1","266","0.0020135340746492147","1","7.1094592213630676","1","0.0020135244273343867","0","0","1","0.037031175836997041","0.0016883193792273593","0.036157307919122056","0.0084955343807344916","0","0","0.0079326634918600036","0.035715160822306774","0.00091302292427482019","0","0.95336053704590484","true","true"
"L19_SEED_1","267","0.0010248110629618168","1","7.7440799474716187","1","0.0010248273175627724","0","0","1","0.024597572954804497","0.00085476275094754483","0.023938506203135604","0.0056430702508611565","0","0","0.020177691245334514","0.030681695360036898","0.00080309176960480992","0","0.94712996734499222","true","true"
"L19_SEED_1","268","0.0012586364755406976","1","7.6368923783302307","1","0.0012586474732815863","0","0","1","0.023819958747151402","0.0017180036746414164","0.023005513509052146","0.005464673316744246","0","0","0.023213676274856706","0.037605347976746695","0.0011933822359051491","0","0.93278564359319327","true","true"
"L19_SEED_1","269","0.002162071643397212","1","7.0319531559944153","1","0.002162067946695679","0","0","1","0.03553512459835572","0.0013366673958126604","0.034719601739537455","0.0081523166879136286","0","0","0.014339215236605833","0.028731199912140799","0.00088751144388353183","0","0.95462715621227257","true","true"
"L19_SEED_1","270","0.0019564733374863863","1","7.1384134888648987","1","0.0019564563847812274","0","0","1","0.036015275231954719","0.001497077557891147","0.035191144024692665","0.0082624707978891584","0","0","0.0074676283159732706","0.035148758688758198","0.00089775136184415871","0","0.95475797548132413","true","true"
"L19_SEED_1","271","0.00099641911219805479","1","7.7730991840362549","1","0.00099642571219129097","0","0","1","0.023961187344337279","0.00080435966359882708","0.023323663296967494","0.0054970733790111539","0","0","0.020104579246477246","0.030470845140288541","0.00080283181033758355","0","0.94749484764524883","true","true"
"L19_SEED_1","272","0.0012217730982229114","1","7.6659716367721558","1","0.0012217971407702743","0","0","1","0.023188644211388547","0.0016759365067948511","0.022396381979864724","0.005319839829219057","0","0","0.023070683847035482","0.037678974491925352","0.0011914101307735929","0","0.93283539774228308","true","true"
"L19_SEED_1","273","0.0020996225066483021","1","7.0601004362106323","1","0.0020996027843445883","0","0","1","0.034652345658720426","0.001507801708458562","0.033829502981930097","0.0079497933096317214","0","0","0.014431675092781636","0.029684697287367934","0.00091776692758755482","0","0.95307254433746869","true","true"
"L19_SEED_1","274","0.0019018935272470117","1","7.1668503284454346","1","0.0019019154964452843","0","0","1","0.035065556642733545","0.0014499846482777512","0.034266409341277101","0.0080445904107724672","0","0","0.0073975579691765393","0.03505402455653403","0.00089933656198119881","0","0.95493920208970895","true","true"
"L19_SEED_1","275","0.00096925138495862484","1","7.8016236424446106","1","0.0009692331556553622","0","0","1","0.023354668188143878","0.00079071455014313751","0.02273279003612632","0.0053579283416864904","0","0","0.020114325843743848","0.030480833082994367","0.00080467754731750767","0","0.9474538799811757","true","true"
"L19_SEED_1","276","0.0011865919223055243","1","7.6946237087249756","1","0.0011865598973716403","0","0","1","0.022583528794635856","0.0016345255565091356","0.021811142476390655","0.005181016831808348","0","0","0.023141129596524652","0.037657119002218228","0.0011962319310318964","0","0.93276710541075625","true","true"
"L19_SEED_1","277","0.002039747778326273","1","7.0879864692687988","1","0.0020397275543685704","0","0","1","0.033746981744842967","0.0014459434688774628","0.032947152896084651","0.0077420885829096002","0","0","0.014495934574348977","0.029588629656162952","0.00091938310148634772","0","0.95316022143271473","true","true"
"L19_SEED_1","278","0.001849618274718523","1","7.1946877837181091","1","0.0018496325724189997","0","0","1","0.034156695843759181","0.001399873692181785","0.033380951313903819","0.0078360834435895789","0","0","0.0073901350287074357","0.034938257373519625","0.00089881605742074251","0","0.95509311367598226","true","true"
"L19_SEED_1","279","0.00094325514510273933","1","7.8296834230422974","1","0.0009432793727672203","0","0","1","0.022774101096393558","0.00079106785579124896","0.022166978603655258","0.0052247371162714934","0","0","0.020061978100874844","0.030534249958053986","0.00080347191946989664","0","0.94739375095736178","true","true"
"L19_SEED_1","280","0.001152978278696537","1","7.7228550314903259","1","0.0011529951689958405","0","0","1","0.021997858977328921","0.0015717544420605018","0.021251014181475378","0.0050466549608650406","0","0","0.023083673577440549","0.037363938033632298","0.0011961708038906757","0","0.9332510668961046","true","true"
"L19_SEED_1","281","0.0019824283663183451","1","7.1155471801757812","1","0.0019824418733917042","0","0","1","0.032832375072654144","0.0012105318557101806","0.03208312510346243","0.0075322634220064888","0","0","0.014306046084558682","0.0285626849581741","0.00089201774784601552","0","0.95487984939800652","true","true"
"L19_SEED_1","282","0.00179955770727247","1","7.2220590710639954","1","0.0017995624256852071","0","0","1","0.033288501553428711","0.0013635670104994357","0.03253193155217516","0.007636906013331184","0","0","0.007391470210655224","0.034969226729162702","0.00090019772864490628","0","0.95506121149573964","true","true"
"L19_SEED_1","283","0.00091829785378649831","1","7.8574402928352356","1","0.00091829580154175448","0","0","1","0.022213590361716759","0.00076682137465587414","0.021622620072714347","0.0050961471347332876","0","0","0.02002200229403988","0.030483541143678888","0.00080302170510931242","0","0.94749977886144665","true","true"
"L19_SEED_1","284","0.0011207781499251723","1","7.7507255673408508","1","0.0011207820462916826","0","0","1","0.021433283112788474","0.001513702692324234","0.02071277436804168","0.0049171323745758862","0","0","0.022779733158558056","0.037148559227902972","0.0011866089150775871","0","0.9338973591696399","true","true"
"L19_SEED_1","285","0.0019276052480563521","1","7.1425237655639648","1","0.0019275813751754665","0","0","1","0.032007817969524711","0.0011835511756387986","0.03127822613619969","0.0073430970490738663","0","0","0.014201200193646072","0.028609218145554095","0.00089106491007149766","0","0.95493122263343666","true","true"
"L19_SEED_1","286","0.0017515402287244797","1","7.2491856217384338","1","0.0017515329582068549","0","0","1","0.032468608485570455","0.0014142439238244385","0.031714666244232553","0.0074488096434730958","0","0","0.0077314054123229182","0.035357545761395499","0.00091591740083304333","0","0.95409789571597969","true","true"
"L19_SEED_1","287","0.00089430809020996094","1","7.8848925828933716","1","0.00089432710848484902","0","0","1","0.021672710686286671","0.00071910507123085817","0.021100328897760472","0.0049720608270588228","0","0","0.019983005813353896","0.030235662545732865","0.00080341135185042127","0","0.94787699401652326","true","true"
"L19_SEED_1","288","0.0010899411281570792","1","7.778137743473053","1","0.0010899427207594196","0","0","1","0.020899773318299279","0.00146718139914352","0.020197974916920877","0.0047947368335460143","0","0","0.02277723515241659","0.03713701037115022","0.0011885033081290544","0","0.93396909486814006","true","true"
"L19_SEED_1","289","0.0018751928582787514","1","7.1689493060112","1","0.0018751826148722176","0","0","1","0.031317188407295332","0.0016852539017030664","0.030524319659113657","0.0071846557612223073","0","0","0.015165986381421796","0.030968745646847956","0.00096325538870517795","0","0.9500062353291352","true","true"
"L19_SEED_1","290","0.0017054354539141059","1","7.2760238647460938","1","0.0017054095376936892","0","0","1","0.031646879243855883","0.0012955129579496514","0.030928649016136213","0.0072602920264422457","0","0","0.0074037210217339491","0.034890427849810203","0.00090525559844753186","0","0.9551247972409973","true","true"
"L19_SEED_1","291","0.00087128591258078814","1","7.9119100570678711","1","0.00087128371075664206","0","0","1","0.021156159415258589","0.00072178111858527008","0.020596004287666402","0.0048535558381341435","0","0","0.019977494346333266","0.030308138540670878","0.00080369904576778524","0","0.9477467098994059","true","true"
"L19_SEED_1","292","0.0010604350827634335","1","7.805031955242157","1","0.0010604248212057893","0","0","1","0.020390622737691509","0.0014376185079814276","0.019703973811723476","0.0046779296794452604","0","0","0.022945433559860479","0.037105566276343475","0.0011936922187369633","0","0.93378450746593533","true","true"
"L19_SEED_1","293","0.00182481633964926","1","7.1954734325408936","1","0.0018248483312554025","0","0","1","0.030443079838117691","0.0011442863362934508","0.029750391012337729","0.0069841215023418723","0","0","0.014028978619465888","0.028654735085596763","0.00089286871177883553","0","0.9550105799613543","true","true"
"L19_SEED_1","294","0.0016612098552286625","1","7.3023096323013306","1","0.0016612067443508649","0","0","1","0.030885885003103738","0.0012983199291486931","0.030176155968383377","0.0070857079742288227","0","0","0.0075898601991089675","0.035160683190614855","0.00091253896508599881","0","0.95456988998876735","true","true"
"L19_SEED_1","295","0.00084917392814531922","1","7.9385877847671509","1","0.00084919538766912712","0","0","1","0.02065488769932481","0.00068361873163248158","0.020111647774177958","0.0047385562195546406","0","0","0.019923958779262178","0.030087499664948864","0.00080297182935950141","0","0.94809014577572415","true","true"
"L19_SEED_1","296","0.0010321357985958457","1","7.8314968943595886","1","0.0010321312158061817","0","0","1","0.019898042471384984","0.0014113618565326496","0.01922847344473938","0.0045649240161603931","0","0","0.022751451701602105","0.037195745351502149","0.0011894504754387783","0","0.9338323324574439","true","true"
"L19_SEED_1","297","0.0017765818629413843","1","7.2215503454208374","1","0.0017765715930404152","0","0","1","0.029686019298653374","0.0010559276971452084","0.029019086445077225","0.0068104399030962234","0","0","0.014128125114736458","0.028139596013200648","0.00089478657253282546","0","0.95557227700747438","true","true"
"L19_SEED_1","298","0.0016187070868909359","1","7.3283827900886536","1","0.0016187153271688408","0","0","1","0.030137555134962808","0.0012386902668680482","0.029450262618981069","0.00691402932835201","0","0","0.0075000416160865731","0.034993927004766272","0.00090701439706395446","0","0.95490970674295317","true","true"
"L19_SEED_1","299","0.00082791474414989352","1","7.964873194694519","1","0.00082792782108824633","0","0","1","0.020176201990306151","0.00069506535684874839","0.019643143782895334","0.0046287381863267746","0","0","0.019944975888020727","0.030206929516027232","0.00080357687101531138","0","0.94785773162233289","true","true"
"L19_SEED_1","300","0.0010049681877717376","1","7.8576105833053589","1","0.001004964899311011","0","0","1","0.019425047374517498","0.0013843165324999073","0.018771081205240948","0.0044564114988953603","0","0","0.02286457744837293","0.037063711880146614","0.0011919315240620228","0","0.93380114839773776","true","true"
"L19_SEED_1","301","0.0017303237691521645","1","7.2470112442970276","1","0.001730322002126825","0","0","1","0.028987320923774002","0.0010285210923120342","0.028335218884125626","0.0066501475026691029","0","0","0.014177508530632359","0.0281528282475807","0.00089685850418819515","0","0.95551384960054719","true","true"
"L19_SEED_1","302","0.0015778428642079234","1","7.3542800545692444","1","0.0015778603339714561","0","0","1","0.029418883570250173","0.0012033418963537344","0.028749330260504673","0.0067491547639215556","0","0","0.0074085349927410201","0.035007276436489668","0.00091169569151071514","0","0.95499937823549408","true","true"
"L19_SEED_1","303","0.0008074416546151042","1","7.9905988574028015","1","0.0008074586263845672","0","0","1","0.019711713921242362","0.00067588959726932877","0.019192933496687523","0.0045221773150883856","0","0","0.019876403670679183","0.030089413449734901","0.00080257354068473017","0","0.94805589247031252","true","true"
"L19_SEED_1","304","0.00097888568416237831","1","7.8834329843521118","1","0.00097887351151048382","0","0","1","0.018978030196717836","0.0013707901545859456","0.01833164011010583","0.0043538587249977037","0","0","0.023354510651853799","0.037184190271134752","0.0012038239372381243","0","0.93304024870109281","true","true"
"L19_SEED_1","305","0.0016860023606568575","1","7.2719584107398987","1","0.0016860020590053681","0","0","1","0.028408299465547068","0.001556825770279494","0.027685999531526589","0.0065173108699031678","0","0","0.015410833713857987","0.030806528554085309","0.00098426864633634702","0","0.94979513247909064","true","true"
"L19_SEED_1","306","0.0015385509468615055","1","7.3797541260719299","1","0.0015385445970363914","0","0","1","0.028748794602443992","0.0012800030059571734","0.028075059817229485","0.0065954258116137331","0","0","0.0078712127154562245","0.035534480086770813","0.00093320805278721464","0","0.9536787383549451","true","true"
"L19_SEED_1","307","0.00078778975876048207","1","8.0159355998039246","1","0.00078781755361808574","0","0","1","0.019264174527811293","0.0006402219898000354","0.018760457443948629","0.0044195047367084107","0","0","0.019826389663754881","0.029878602317533969","0.00080254574454068561","0","0.94838797589264157","true","true"
"L19_SEED_1","308","0.00095387606415897608","1","7.9087624549865723","1","0.00095389418158512123","0","0","1","0.018539620068601537","0.0013389213829612908","0.017906891642866789","0.0042532805437196161","0","0","0.023313574923780084","0.037357199415216494","0.0012057165252317506","0","0.93290785847596935","true","true"
"L19_SEED_1","309","0.0016432725824415684","1","7.2969484329223633","1","0.0016432671169303074","0","0","1","0.027640076460051136","0.0010053603400839459","0.027013920905856005","0.0063410684253210701","0","0","0.014267794157268306","0.02829737364243377","0.00090641909864961029","0","0.95520539734107368","true","true"
"L19_SEED_1","310","0.0015007131733000278","1","7.404795229434967","1","0.0015006709253840202","0","0","1","0.028064216819819944","0.0011467933051053075","0.027425835035861969","0.0064383728972215561","0","0","0.0074746466470259672","0.034918669470910588","0.00091380920429061103","0","0.95502307472735126","true","true"
"L19_SEED_1","311","0.00076889822958037257","1","8.0409004688262939","1","0.00076890761757325392","0","0","1","0.018833431226455963","0.0006218161064472221","0.018342697913344919","0.0043206854461181488","0","0","0.019770954436529129","0.029771434828652944","0.00080157410020969243","0","0.94856593991400584","true","true"
"L19_SEED_1","312","0.0009298240183852613","1","7.9336952567100525","1","0.00092982551171487339","0","0","1","0.018108408017550696","0.0012971284015794078","0.017495742324299571","0.0041543537145739568","0","0","0.023102017227839774","0.037090415276458864","0.0011982744878173796","0","0.93347825307743248","true","true"
"L19_SEED_1","313","0.0016022708732634783","1","7.3213851451873779","1","0.0016022895946500629","0","0","1","0.027019628358812262","0.0010967083375082135","0.026388851520858098","0.0061987278688467578","0","0","0.0144079368194979","0.029149122196802546","0.0009407203316016548","0","0.9538547277667403","true","true"
"L19_SEED_1","314","0.0014642849564552307","1","7.4295971393585205","1","0.0014642987436580069","0","0","1","0.027421170878949831","0.0011075499563854864","0.026800236883374712","0.0062908480407843524","0","0","0.0074079966869258114","0.034822192189303422","0.00091432389263243637","0","0.95522410901686261","true","true"
"L19_SEED_1","315","0.00075071939500048757","1","8.0655177235603333","1","0.00075072131839525914","0","0","1","0.018419182508982734","0.00060855736015744946","0.017939978397335705","0.0042256502725940889","0","0","0.01978220883146321","0.029680523762402003","0.00080196546467194466","0","0.94864370493421302","true","true"
"L19_SEED_1","316","0.00090670597273856401","1","7.9583756923675537","1","0.00090671215576237267","0","0","1","0.017697719791231966","0.0012625735112890078","0.017100019174886672","0.0040601353737410471","0","0","0.023099748273381973","0.037017289632071744","0.001198315841039427","0","0.93359510407313562","true","true"
"L19_SEED_1","317","0.0015628333203494549","1","7.3455305695533752","1","0.0015628300763196072","0","0","1","0.026368979697708149","0.00093489612772580709","0.025776038276650124","0.0060494588287676584","0","0","0.014169924077738257","0.0281319894505868","0.00090808583512563834","0","0.95553298676511012","true","true"
"L19_SEED_1","318","0.0014291789848357439","1","7.4541100859642029","1","0.00142918912766999","0","0","1","0.026804572011841062","0.0010883150019695856","0.026196009019463503","0.0061493905591828374","0","0","0.007456092335604252","0.034869963243079831","0.00091737908628551374","0","0.95510805574831004","true","true"
"L19_SEED_1","319","0.00073320907540619373","1","8.0898168683052063","1","0.00073321387832463094","0","0","1","0.018021973107985038","0.00061210822131848458","0.017551467644689595","0.0041345241863639162","0","0","0.01975029345211142","0.029826973836960438","0.00080219463316959119","0","0.94846694736604908","true","true"
"L19_SEED_1","320","0.00088445283472537994","1","7.9827840924263","1","0.00088445711632878835","0","0","1","0.017302800428774551","0.0012294427529773136","0.016719137245946036","0.0039695346583831842","0","0","0.023091013830278784","0.036987395968668131","0.0011995645622223119","0","0.93367327611329087","true","true"
"L19_SEED_2","1","3.4219481945037842","0","-0.18139697122387588","12.875","3.4219482035715174","1","1","0","2.019042602116746","0.4443444021403074","0.62044289404834141","0.46320014028054196","0","0","0.4390008506424723","0.41407350553974043","0.0040612714890832825","0","0.09443058158029452","true","true"
"L19_SEED_2","2","3.5986990928649902","0","-0.39440764026949182","22.25","3.5986989809529764","1","1","0","2.7235420805705242","0.65371116651539729","0.91682115219352989","0.62482340514144352","0","0","0.46902829955781017","0.35584222306358582","0.0042001485336376288","0","0.11331856579668394","true","true"
"L19_SEED_2","3","3.5269885063171387","0","-0.45494753774255514","16.75","3.5269884529897797","1","1","0","7.8874370860458001","2.8625579906475078","1.4499529685076118","1.8095021674530825","0","0","0.50626572677451032","0.32343320651257979","0.0047918802672902759","0","0.033793721031231662","true","true"
"L19_SEED_2","4","3.4547405242919922","0","-0.39093135949224234","14.375","3.4547406057519203","1","1","0","3.0351104051887563","0.77798059728001667","1.2421352814276367","0.69630208098455659","0","0","0.45731115580669535","0.30533064346629762","0.0041647234809407546","0","0.16748997123955375","true","true"
"L19_SEED_2","5","3.0640442371368408","0.5","-0.12695429194718599","4.625","3.064044238417329","0.5","0.54782399719685004","0","3.9986039565666713","1.3684840057996017","1.1513415594221643","0.91734266115347485","0","0","0.49986396432079366","0.29496998343506503","0.0051304561336277567","0","0.082907072491562803","true","true"
"L19_SEED_2","6","3.2567222118377686","0","-0.25881398096680641","9","3.2567221333071319","1","1","0","1.5207776402946591","0.1957246092649402","1.1515936520036385","0.34889031840214041","0","0","0.16434038303499357","0.24370041841387516","0.0019830100588732482","0","0.57341240930141879","true","true"
"L19_SEED_2","7","2.6220669746398926","0","-0.45198629051446915","3","2.6220669561477918","1","1","0","4.2160341784266846","0.27639803726947021","3.7975296267060634","0.96722457506712878","0","0","0.10481277539574849","0.078555887499497212","0.0010098092528612506","0","0.81132357483589101","true","true"
"L19_SEED_2","8","2.9712285995483398","0.25","-0.32106900215148926","4.375","2.9712285400839775","0.75","0.7859422791530567","0","2.6109886833056013","0.36429624682369605","2.1874745539475882","0.59900188490828632","0","0","0.15132797181793267","0.12570471339275113","0.0015990075983985765","0","0.70190128988809819","true","true"
"L19_SEED_2","9","2.5689222812652588","0.25","-0.54415791481733322","3.75","2.5689222203132167","0.75","0.81933019162146592","0","3.2289363692059729","0.39512811014237431","2.9016943299329712","0.74076880676273549","0","0","0.090800746842297136","0.085582677916745245","0.0010641612384636996","0","0.80757775708313884","true","true"
"L19_SEED_2","10","3.0573732852935791","0","-0.4685399706941098","5.625","3.0573732572043384","1","1","0","2.1398079658071625","0.27056920959394198","1.8602375253142793","0.4909056148177241","0","0","0.074537759784370036","0.15226438875482307","0.0014436307868130665","0","0.75576574184988699","true","true"
"L19_SEED_2","11","2.0545709133148193","0","-0.3687734454870224","3","2.0545709796761842","1","1","0","5.6757628312192256","0.23129072259409245","5.4524145205876513","1.302109295199416","0","0","0.043746112622361367","0.031281888339918559","0.00046534959605564553","0","0.92284603830316148","true","true"
"L19_SEED_2","12","2.5393979549407959","0.25","-0.46489415317773819","3.25","2.5393979735322154","0.75","0.81674589950988263","0","3.6711927073641926","0.25890431576685141","3.4891606683189997","0.84222936914021074","0","0","0.045624510186659216","0.045687218743003993","0.00042397720541054271","0","0.90329076988962298","true","true"
"L19_SEED_2","13","2.287614107131958","0.25","-0.71584764122962952","4","2.2876141437434674","0.75","0.83214463990045384","0","4.5527222603205351","0.48558635103079828","4.3183132953129855","1.0444661184602784","0","0","0.047151849384363814","0.041223801364613545","0.00057264158107041079","0","0.89967568030218992","true","true"
"L19_SEED_2","14","2.7711727619171143","0","-0.64160322397947311","4.375","2.77117269471379","1","1","0","3.1151531397892596","0.55504859142263752","2.7439587097943678","0.71466514368393774","0","0","0.084639061486689135","0.10617013735075843","0.0015605758975410287","0","0.77588318760600461","true","true"
"L19_SEED_2","15","1.5873186588287354","0.5","-0.018103450536727905","1.875","1.5873187327203333","0.5","0.56376076620071025","0","6.4151449199149466","0.2217461801611072","6.2834559224709894","1.4717351796882938","0","0","0.022593027610069968","0.016587141428407851","0.00025928566815306109","0","0.959365733910722","true","true"
"L19_SEED_2","16","2.1502158641815186","0.25","-0.54921507835388184","2.5","2.1502159805629244","0.75","0.84774971807190025","0","4.7159917987793003","0.36073169540584549","4.5559097796899755","1.0819227194445038","0","0","0.027173312834884653","0.033436320473782644","0.00027625419240618021","0","0.93326321454610373","true","true"
"L19_SEED_2","17","2.1124436855316162","0","-0.71711152791976929","3.875","2.1124437243695411","1","1","0","6.2133397045264243","0.73645062651781268","5.9333542079908907","1.425437888101029","0","0","0.041504059660479882","0.031924952481252336","0.00061566843550147124","0","0.91190658914016143","true","true"
"L19_SEED_2","18","2.4719176292419434","0.25","-0.37084545567631721","3.5","2.4719177533695529","0.75","0.77299247204478394","0","5.9749958683617557","2.4129212303840246","3.1705408463960754","1.3707580620137867","0","0","0.3435571035507361","0.20487789373102136","0.0069077991877538013","0","0.28157331029363974","true","true"
"L19_SEED_2","19","1.3066116571426392","1","0.12872812151908875","1","1.3066116366369473","0","0","0","6.5462102311341797","0.19644061117623599","6.4544132557022023","1.5018036242466275","0","0","0.014816993855066189","0.01194541442582958","0.00018628954223894162","0","0.97215080437662671","true","true"
"L19_SEED_2","20","1.7667571306228638","0.25","-0.37605828046798706","1.75","1.7667571701955","0.75","0.84786902799929009","0","5.723449864141565","0.42713972341978407","5.5813351626442147","1.3130494508534041","0","0","0.018668392979264179","0.024596512113173138","0.00020945521715833943","0","0.95095603773424076","true","true"
"L19_SEED_2","21","1.8596899509429932","0.125","-0.42565509676933289","3.25","1.859689914670315","0.875","0.90037008778639249","0","6.9846912408104895","1.8728101932034749","6.0372797477244795","1.602398066869823","0","0","0.1191483996176686","0.05917100306222986","0.0026702856212992123","0","0.74711623622846057","true","true"
"L19_SEED_2","22","2.8141818046569824","0","-1.5881768018007278","5.5","2.8141818644631491","1","1","0","8.4051237731445472","1.8141578509525136","7.3553465574670964","1.9282676386888613","0","0","0.11838654967057302","0.067304368141215015","0.0019176394164103919","0","0.76580474590762804","true","true"
"L19_SEED_2","23","1.1847562789916992","0.5","0.16496819257736206","1.5","1.1847563378731678","0.5","0.55684784702626522","0","6.8130619328831141","0.22411762866207996","6.7069859101761446","1.5630236032379676","0","0","0.016117553250569901","0.013514490288229344","0.00018246309177407191","0","0.96910339345265728","true","true"
"L19_SEED_2","24","1.443447470664978","0.625","0.22811561822891235","1.375","1.4434474943914828","0.375","0.42438708296340583","0","5.6298710554785156","0.35762935649019784","5.4964348792526234","1.2915809997892376","0","0","0.017259190005497974","0.025310835452141037","0.00023589918142915295","0","0.95315883483633779","true","true"
"L19_SEED_2","25","3.1404545307159424","0","-1.5397252794355154","7.75","3.1404546878727286","1","1","0","33.020836236984778","19.700299704984182","4.6676569394783112","7.5754993783275024","0","0","0.42280219516623369","0.19075333541581665","0.010529215925397644","0","0.019981207199931246","true","true"
"L19_SEED_2","26","2.2802987098693848","0","-0.74286302551627159","3.625","2.2802986262914322","1","1","0","7.2336060090129077","1.9395691246913986","5.9929251697409258","1.6595030310882015","0","0","0.14734660831544721","0.091600399046635361","0.0027722836744991509","0","0.68638535548106694","true","true"
"L19_SEED_2","27","0.97895115613937378","1","0.21979480981826782","1","0.97895113589280114","0","0","0","5.6022812468840435","0.24241318358100908","5.5157240756506658","1.2852514636031886","0","0","0.01427892613710606","0.014322633666961378","0.00018808352170699943","0","0.9693380255570252","true","true"
"L19_SEED_2","28","1.5021907091140747","0.375","0.09946306049823761","2.625","1.5021907149232567","0.625","0.75729313468625292","0","6.1999400326221066","0.67100269263098289","5.6798277716317758","1.4223637925374752","0","0","0.080723080182345197","0.067046595809758219","0.0012594368079021001","0","0.83925774143209053","true","true"
"L19_SEED_2","29","2.0366888046264648","0","-1.0269606709480286","3.125","2.0366887287515434","1","1","0","11.788511067672061","2.3705765231577396","10.870782756063196","2.7044699178312257","0","0","0.06885040924668108","0.038615911009782899","0.0017338837769943938","0","0.85036176066785329","true","true"
"L19_SEED_2","30","1.9479913711547852","0.5","-0.27535295486450195","2.375","1.9479913699423361","0.5","0.62445799705581528","0","8.0115256548101943","2.6886089743513479","4.1903265799543901","1.8379700375211134","0","0","0.37094896964389251","0.23555849762029518","0.0073021232948796942","0","0.2735679953312849","true","true"
"L19_SEED_2","31","0.85507231950759888","1","0.29007512331008911","1","0.85507230425617997","0","0","0","4.8026614653955528","0.28069243615566358","4.7269518470503096","1.1018061046155883","0","0","0.01235581336235818","0.015328190210381133","0.00017984289475053716","0","0.96872031392375746","true","true"
"L19_SEED_2","32","1.3499199151992798","0.75","0.41621452569961548","1.875","1.3499199408408729","0.25","0.44016777966471388","0.375","5.598499257261853","1.1638674514996254","4.9506285885378416","1.284383815678523","0","0","0.098644671221261901","0.073648442181545273","0.0025417511891315226","0","0.78194722189447463","true","true"
"L19_SEED_2","33","1.9680007696151733","0","-0.96427804231643677","3","1.9680007972720486","1","1","0","12.345276704896012","1.8813031390105861","11.755852603954386","2.8322007150888693","0","0","0.041623646323219174","0.02728202037809109","0.0010817024800693676","0","0.90678976017331103","true","true"
"L19_SEED_2","34","1.656537652015686","0.25","-0.18557949364185333","2.25","1.6565376284045228","0.75","0.75074735105957247","0","5.4653617278189595","1.0412858840376258","4.9634005390931613","1.2538399716556679","0","0","0.071822463020042929","0.065705562251060015","0.0014251975308789931","0","0.82474715211112182","true","true"
"L19_SEED_2","35","0.90451353788375854","1","0.37548178434371948","1","0.90451356322069165","0","0","0","6.3894583499515116","0.34251267461381801","6.279933278497662","1.4658422763895147","0","0","0.015520984400654232","0.015415202939275464","0.00017944162149711049","0","0.9660107783685169","true","true"
"L19_SEED_2","36","1.0626767873764038","0.75","0.94663430750370026","1.75","1.0626768009113754","0.25","0.48864486707382521","0.375","5.2133387976233836","1.082288675642608","4.7376060784587661","1.1960219461726407","0","0","0.07175431482860177","0.057858804464174553","0.0014680172047618779","0","0.82582114003767992","true","true"
"L19_SEED_2","37","1.4930709600448608","0.375","-0.19627183675765991","2","1.4930710242849821","0.625","0.69594791440168224","0","9.1465801417766048","1.4817980369462844","8.6700980144214501","2.0983693956315865","0","0","0.04360916106942541","0.030468606491960402","0.0011506412672425078","0","0.89852574722696754","true","true"
"L19_SEED_2","38","1.5457026958465576","0.375","-0.17001241445541382","1.75","1.5457026877963107","0.625","0.65772877895052806","0","6.4032600125437549","1.4141688200933062","5.7514257140847231","1.4690085949417482","0","0","0.075686328385598717","0.066339791467497453","0.0024303780157532515","0","0.80676816940556362","true","true"
"L19_SEED_2","39","1.0239475965499878","0.5","0.36789786815643311","1.5","1.0239476166821939","0.5","0.6190472112269767","0","8.896001356732091","0.35914466329452233","8.7509628266292783","2.0408826797682056","0","0","0.015439345737676743","0.015103336344302885","0.0001692269185876544","0","0.96765823530599049","true","true"
"L19_SEED_2","40","0.92913806438446045","0.75","0.93349042534828186","1.5","0.92913806307535196","0.25","0.52942630514755529","0.375","4.8971310748056762","1.2391252571010267","4.2638238263810635","1.1234789193868773","0","0","0.10285446085909912","0.072613956574622981","0.0024269547389779563","0","0.75808001484505749","true","true"
"L19_SEED_2","41","1.1133761405944824","0.5","0.16066843271255493","1.5","1.1133761333901484","0.5","0.57997408597946776","0","6.5718652403291591","1.4425134576702499","6.0484378776682144","1.5076892870085497","0","0","0.06128632632032701","0.0419185745090093","0.0015653800037225979","0","0.84705020146363841","true","true"
"L19_SEED_2","42","1.32703697681427","0.5","0.08662298321723938","1.625","1.3270369728377815","0.5","0.5911475309577191","0","5.700011134515278","0.72549153041458103","5.4612657158534015","1.3076722374951959","0","0","0.029017766328558504","0.035953621276756186","0.00084447572170117584","0","0.91798420117322455","true","true"
"L19_SEED_2","43","1.0024912357330322","1","0.37072271108627319","1","1.0024912238860577","0","0","0","9.8057364409514012","0.32742207219520719","9.6583365126644853","2.2495902217421762","0","0","0.014073743630222266","0.014489465708227699","0.00015989913761629184","0","0.97016194131476208","true","true"
"L19_SEED_2","44","0.74692457914352417","0.75","1.2833780646324158","1.25","0.74692456388717743","0.25","0.49188236453745554","0.375","4.6110815175418391","1.2577863975360966","3.9930576201832908","1.0578546502838446","0","0","0.10016684551981167","0.072903572469260339","0.002619742768166369","0","0.74990379992670209","true","true"
"L19_SEED_2","45","0.89641654491424561","0.625","0.41843479871749878","1.375","0.89641658503565358","0.375","0.46689414256758888","0.25","5.3952602977226523","0.84944344918360581","5.1331729260470969","1.2377576006247477","0","0","0.0291323737758644","0.040127955358436142","0.00074643377856180337","0","0.90520508578954095","true","true"
"L19_SEED_2","46","1.2766605615615845","0.5","0.018905758857727051","2","1.2766606323513987","0.5","0.61023592475149868","0.25","9.455930090493224","5.0352577252734099","5.1716613876083732","2.1693391411392304","0","0","0.26592316781282477","0.14414933011323899","0.0072497986273276534","0","0.29912427452946877","true","true"
"L19_SEED_2","47","0.7973097562789917","1","0.79571783542633057","1","0.79730979730538931","0","0","0","8.7590144419112583","0.41898030262159258","8.6157486481512908","2.0094557261739201","0","0","0.014601856791659585","0.015363408914222261","0.00019185967494622137","0","0.96755476552413711","true","true"
"L19_SEED_2","48","0.6409415602684021","1","1.4963799715042114","1","0.64094156787866874","0","0","0.375","4.4903298872309865","0.76801584523511912","4.184815198752486","1.0301523264000136","0","0","0.05336346191099911","0.047541803040377459","0.0012883333827187942","0","0.86855249548748792","true","true"
"L19_SEED_2","49","0.78901803493499756","0.625","0.52572998404502869","1.375","0.7890180200336292","0.375","0.50111503398445745","0.5","4.7965055243005255","0.46921621734683727","4.6412477278144308","1.1003938348716087","0","0","0.020717400783694905","0.032891610124116906","0.00051146791591214782","0","0.9363098695031441","true","true"
"L19_SEED_2","50","1.1226420402526855","0.75","0.30430141091346741","1.375","1.1226420748906034","0.25","0.44158510923209582","0.25","7.5548714200389604","2.7469180765452048","5.888291883915362","1.7332063711259711","0","0","0.15628681899750832","0.099371874556178269","0.0046700006753008436","0","0.60746953872720266","true","true"
"L19_SEED_2","51","0.54880577325820923","1","1.153431236743927","1","0.54880576888686661","0","0","0.75","6.7284062818479171","0.3513922782982164","6.6183575137999302","1.5436022649294376","0","0","0.013321653688547874","0.016167003196660316","0.00022804861886546439","0","0.96755582430743392","true","true"
"L19_SEED_2","52","0.60487455129623413","1","1.2352329194545746","1","0.60487454397016016","0","0","0.75","5.3261499422236547","1.7766831366502864","4.2587648297509029","1.2219025976998901","0","0","0.13775196906772758","0.106945529523423","0.004675879252009814","0","0.63935275453136242","true","true"
"L19_SEED_2","53","0.74660658836364746","0.625","0.58168414235115051","1.375","0.74660662634425301","0.375","0.52240575391989785","0.5","4.590802439830945","0.26737576140367553","4.4813588428712361","1.0532023107885817","0","0","0.014955400249747111","0.028388096493180071","0.00037558968939121318","0","0.9528888275159122","true","true"
"L19_SEED_2","54","0.85929155349731445","0.75","0.82394176721572876","1.375","0.85929152999932334","0.25","0.50222245386030884","0.5","5.8778361894498499","0.95681253616673401","5.5818905634279945","1.3484681029735837","0","0","0.034291123700247721","0.036397761612922463","0.0009765397107596173","0","0.90183622957847243","true","true"
"L19_SEED_2","55","0.37168911099433899","1","1.6654056906700134","1","0.37168908548206742","0","0","1","5.3923413718435258","0.70654008763820808","5.2041351472342763","1.2370879531020742","0","0","0.024536379156507335","0.026285127381202228","0.00059735306532681038","0","0.93141317381121247","true","true"
"L19_SEED_2","56","0.61866068840026855","0.75","1.4800240993499756","1.25","0.61866070368518733","0.25","0.46759318544953588","0.375","7.8501672396236035","3.2721265737056826","5.2788429296806649","1.800951878284891","0","0","0.21998419087841234","0.14750627973741509","0.0065798528332264945","0","0.4521886546145325","true","true"
"L19_SEED_2","57","0.73894333839416504","0.875","0.65912017226219177","1.125","0.73894332395924889","0.125","0.25077845530035459","0.25","4.6858949324149064","0.24789479670138559","4.5898379011055273","1.0750180247603121","0","0","0.012214486200109695","0.025322449376732722","0.0002425622462731828","0","0.95942184483011395","true","true"
"L19_SEED_2","58","0.67863267660140991","0.75","1.2481848299503326","1.375","0.67863270191150171","0.25","0.55917828195800201","0.5","5.1045042026610457","0.77987728223088015","4.8904537759124906","1.1710535776988504","0","0","0.027939305453646566","0.030172318609979293","0.00065482552796431478","0","0.91789115574342961","true","true"
"L19_SEED_2","59","0.25149756669998169","1","1.9756770730018616","1","0.25149758418372681","0","0","1","3.9259056604863809","0.34295021858813957","3.8114454810514613","0.90066452820707554","0","0","0.025037646615595172","0.024265682749176485","0.00052583689763199121","0","0.94253981623918059","true","true"
"L19_SEED_2","60","0.52292412519454956","1","1.2145160436630249","1","0.52292412942699207","0","0","0.625","5.8094963590993229","1.7825436798191601","4.8316021104535318","1.3327898706411279","0","0","0.1145783929681814","0.095760480737809212","0.0038345757355727076","0","0.69168022086300474","true","true"
"L19_SEED_2","61","0.73014748096466064","0.875","0.64619871973991394","1.125","0.73014748007768393","0.125","0.26927403510895964","0.375","4.9674206383105126","0.36858154585203357","4.8359676222220758","1.1396044511817807","0","0","0.015842247490247777","0.030523071616299309","0.000354846535902566","0","0.94777422618927076","true","true"
"L19_SEED_2","62","0.56445872783660889","0.75","1.697467714548111","1.375","0.56445873632980581","0.25","0.62327037006052122","0.75","5.0180980898174044","1.7821763504407746","4.1079529357448799","1.1512306559099241","0","0","0.12078335607053266","0.079014017861016486","0.0039203393510853978","0","0.6701509321151714","true","true"
"L19_SEED_2","63","0.19074603915214539","1","2.4012545347213745","1","0.19074602813485977","0","0","1","3.5378325482405177","0.13073134688988505","3.4754495452287713","0.81163445036575799","0","0","0.015178386135114021","0.018136019669124183","0.00027541590026599363","0","0.96504469961138506","true","true"
"L19_SEED_2","64","0.39856997132301331","1","1.6528546810150146","1","0.39856997242696829","0","0","0.875","4.9665396662114318","0.88815864572719583","4.6637164219111886","1.1394023423211506","0","0","0.043167111654458711","0.041839527486034978","0.0012414386173679366","0","0.88177230372643323","true","true"
"L19_SEED_2","65","0.66527307033538818","0.875","0.8428511917591095","1.125","0.66527308580151701","0.125","0.28848739648038341","0.625","5.2327940494212184","0.27189371828651482","5.1300913604331226","1.2004852870414775","0","0","0.012292042821142039","0.023614214571692577","0.00026221724123524687","0","0.96113172865827756","true","true"
"L19_SEED_2","66","0.52986031770706177","0.875","1.5918700695037842","1.125","0.52986027912741762","0.125","0.32295150888326574","0.625","4.9592832424134325","1.2188496688253432","4.4122330011014972","1.1377376045302567","0","0","0.075091011982699254","0.07107143971248471","0.0018827269627146881","0","0.79155127167002837","true","true"
"L19_SEED_2","67","0.17617230117321014","1","2.5779851078987122","1","0.17617230520331983","0","0","1","3.9648000741019156","0.27847923314107426","3.8860693192742626","0.90958751865014875","0","0","0.015084624864804164","0.019026170099987479","0.00027639220417814084","0","0.96067945016318079","true","true"
"L19_SEED_2","68","0.29487958550453186","1","2.2576165795326233","1","0.29487957332313625","0","0","1","4.2777933039356508","0.13034460197710035","4.2094741788331724","0.98139309016897247","0","0","0.014605234934950044","0.015971850131553819","0.00018072226966404825","0","0.96831376834478189","true","true"
"L19_SEED_2","69","0.57636243104934692","0.875","1.0517795383930206","1.125","0.57636244924417745","0.125","0.28467079661887684","0.625","4.8840559355261526","0.26579529677565544","4.7769223851405993","1.1204792767136056","0","0","0.014360234882683686","0.025735902296570995","0.00033178566931866486","0","0.95661042993354517","true","true"
"L19_SEED_2","70","0.4449215829372406","0.875","1.7995710074901581","1.125","0.44492157288149897","0.125","0.37352970092773891","0.75","4.1921211384422516","0.60194341162279508","3.9960001612693263","0.96173854745002396","0","0","0.035955205644934173","0.034097933987251791","0.00070678960550268758","0","0.90862220616829903","true","true"
"L19_SEED_2","71","0.18564251065254211","1","2.5741658806800842","1","0.18564251813096697","0","0","1","4.6823595233023614","0.28215337387127104","4.589187277194906","1.074206946284225","0","0","0.015770714764776782","0.019746125015165452","0.00025321866481166268","0","0.96059881837631111","true","true"
"L19_SEED_2","72","0.23244950175285339","1","2.4824079275131226","1","0.23244948585858219","0","0","1","3.7347244207929298","0.30408408615748628","3.6358167217502824","0.85680454380051863","0","0","0.020978321102600575","0.024185498235565917","0.00047200911909545855","0","0.94773483201921771","true","true"
"L19_SEED_2","73","0.49258714914321899","0.875","1.2231922745704651","1.125","0.49258714025081307","0.125","0.27207119972412674","0.875","4.2342195501964799","0.23195671195739317","4.1384920112263988","0.97139658547740537","0","0","0.015047672910054731","0.026351315662804815","0.00030502190140630734","0","0.95529498160492787","true","true"
"L19_SEED_2","74","0.39534455537796021","0.875","2.1247645914554596","1.125","0.39534456419465641","0.125","0.44687310060058621","0.75","4.0268768207744312","0.66594643899015382","3.8019298507897434","0.92382890104432092","0","0","0.036393056837814033","0.043738845978381541","0.0011213689576061777","0","0.89139769922267131","true","true"
"L19_SEED_2","75","0.18358215689659119","1","2.5048959851264954","1","0.183582157084732","0","0","1","4.883298876421879","0.29304542201540379","4.7693145601339628","1.1203055954436152","0","0","0.020305662386323392","0.021911625853979207","0.00032003728400760179","0","0.95386150739712605","true","true"
"L19_SEED_2","76","0.17344652116298676","1","2.6902120113372803","1","0.17344653245314823","0","0","1","3.0673730617248878","0.20945283665366182","3.0041251220229883","0.70370364201040703","0","0","0.017643974014935584","0.018217503670620958","0.00028979279044344684","0","0.95918600997481096","true","true"
"L19_SEED_2","77","0.44352060556411743","0.875","1.3377299904823303","1.125","0.44352062618594668","0.125","0.27701916562194678","0.875","3.9323275266910462","0.24682369624182271","3.8342290007414395","0.90213780535523747","0","0","0.016911358768709899","0.028100055524741169","0.00031981210988130235","0","0.95072897213873042","true","true"
"L19_SEED_2","78","0.33310034871101379","0.875","2.2174637019634247","1.125","0.33310037322706187","0.125","0.3888261973007246","0.75","3.5849239884639661","0.2866831967251437","3.4976170311587444","0.82243796768364219","0","0","0.019725600876376034","0.021703159529067872","0.00029090978555755786","0","0.95188527054320993","true","true"
"L19_SEED_2","79","0.14860659837722778","1","2.6856299042701721","1","0.14860660320529545","0","0","1","4.1342782674579164","0.2902268009634531","4.0301403422424453","0.94846848275397244","0","0","0.021927623188042086","0.022541448395842555","0.00034619347409713071","0","0.9502566790966902","true","true"
"L19_SEED_2","80","0.13463890552520752","1","2.7973105907440186","1","0.13463889914549243","0","0","1","2.6099076454750234","0.20597195093684015","2.5536274313582705","0.59875387782104239","0","0","0.018532784023293704","0.017590126412902172","0.00031195983130711662","0","0.95733688189416977","true","true"
"L19_SEED_2","81","0.41239598393440247","0.875","1.4409489333629608","1.125","0.4123959731292221","0.125","0.29628353975218585","0.875","3.8946450464462523","0.26570011077032679","3.7871530878056454","0.89349285149581514","0","0","0.019171407471962981","0.030259870521800625","0.00035261129788147428","0","0.94556188216220682","true","true"
"L19_SEED_2","82","0.27849426865577698","1","2.3655631840229034","1","0.27849429267578485","0","0","0.875","3.0816696971488859","0.45521423683967788","2.9255173516808552","0.70698351511808344","0","0","0.043237653330840675","0.032877170181788769","0.00084004080478851091","0","0.90122489701070452","true","true"
"L19_SEED_2","83","0.11319220811128616","1","3.0540369153022766","1","0.11319219997677937","0","0","1","3.2005021036064467","0.24020401126658475","3.1226247291699569","0.73424553885314969","0","0","0.021459739234785891","0.020653943954284205","0.00032715237529391269","0","0.95192636513720885","true","true"
"L19_SEED_2","84","0.10886800289154053","1","2.9551512598991394","1","0.10886801291614344","0","0","1","2.2830523201540958","0.18107132605455922","2.2319653578934555","0.52376812349304058","0","0","0.020001562968450657","0.017644342069486611","0.00031634839894542725","0","0.95574750048309065","true","true"
"L19_SEED_2","85","0.36760815978050232","0.875","1.5983393788337708","1.125","0.36760816641758953","0.125","0.29154891178928177","0.875","3.5666140234793948","0.28538766368375346","3.4462943129829595","0.81823737362956239","0","0","0.023407257679274755","0.036080873693362096","0.0004411845585103537","0","0.93366805758622862","true","true"
"L19_SEED_2","86","0.21959002315998077","1","2.5216616988182068","1","0.21959001748318033","0","0","1","2.2761393993792502","0.15199299411378808","2.2342486893264697","0.52218219070029048","0","0","0.012680558064237568","0.019038579744059158","0.00029158470241919887","0","0.96353015473850634","true","true"
"L19_SEED_2","87","0.092584513127803802","1","3.1678326725959778","1","0.092584516342001003","0","0","1","2.5690920086747555","0.20191327920594695","2.5028936544557014","0.58939012855111472","0","0","0.022350701746183456","0.021990085644692944","0.00035280111199124063","0","0.94912951324324102","true","true"
"L19_SEED_2","88","0.084890782833099365","1","3.1439640522003174","1","0.084890774692400306","0","0","1","1.8407431961095588","0.13315028807417861","1.8005396755753196","0.42229545120271783","0","0","0.020036247133577573","0.017653898406933929","0.00028230168497958964","0","0.95679519041226346","true","true"
"L19_SEED_2","89","0.30268311500549316","1","1.7963271141052246","1","0.30268312138576198","0","0","1","2.7040068248002291","0.26998607649643885","2.587437023171081","0.62034171010255212","0","0","0.028421401529304998","0.045398111412282796","0.00057270520522673628","0","0.9156384243886726","true","true"
"L19_SEED_2","90","0.18394960463047028","1","2.6440935730934143","1","0.18394962194909645","0","0","1","2.6105558496641184","1.0360396381303449","1.8099847936543076","0.59890258606078162","0","0","0.20368835594069448","0.15282182533257765","0.0052767727935422821","0","0.48071079482399198","true","true"
"L19_SEED_2","91","0.078565075993537903","1","3.2127225995063782","1","0.078565082382919468","0","0","1","2.1380578384376427","0.248862056797963","2.0534195671875359","0.49050410806287881","0","0","0.033899011768971185","0.029522186452579497","0.00063664840240044583","0","0.92239405088782767","true","true"
"L19_SEED_2","92","0.063005007803440094","1","3.3757111430168152","1","0.063004992270875609","0","0","1","1.3255986621969571","0.07826346926539858","1.2981243421377309","0.30411318990574981","0","0","0.018168584764153665","0.019084714911321757","0.00028334471208030102","0","0.95897762294471445","true","true"
"L19_SEED_2","93","0.24151143431663513","1","2.0071801543235779","1","0.2415114378951102","0","0","1","1.8445660300551681","0.24620350470870117","1.7383898241790605","0.42317246945781506","0","0","0.032344265148468908","0.060919689970901164","0.00073035828909071281","0","0.88819010317365921","true","true"
"L19_SEED_2","94","0.15978991985321045","1","2.9096583724021912","1","0.15978990814316063","0","0","1","2.2399200146894853","0.62684818938070241","1.8627345428160453","0.51387289398134772","0","0","0.12964602764498487","0.097479396382272696","0.0029856844473769564","0","0.69157122652098979","true","true"
"L19_SEED_2","95","0.062392465770244598","1","3.5647353529930115","1","0.062392477393258407","0","0","1","1.6950690215995126","0.31908429097981789","1.5567989490993563","0.3888755035515073","0","0","0.069249543212412445","0.050428428014236602","0.0013766349796432557","0","0.8435100970885373","true","true"
"L19_SEED_2","96","0.047594171017408371","1","3.6378686428070068","1","0.047594168903247074","0","0","1","0.9434721021426028","0.054838367322156731","0.92406879501375616","0.21644734469944685","0","0","0.017086401039777158","0.019931558847393158","0.00031239008475656874","0","0.95929125128573034","true","true"
"L19_SEED_2","97","0.18904608488082886","1","2.2461397647857666","1","0.18904608909013668","0","0","1","1.2434679824766737","0.21289518625743145","1.14268816359994","0.28527111974443292","0","0","0.035812852964010891","0.089291894185622361","0.0011081817338895363","0","0.84447392255957687","true","true"
"L19_SEED_2","98","0.11223879456520081","1","3.2015283107757568","1","0.1122387993508407","0","0","1","1.399672963766923","0.2400082625905933","1.3051886757994988","0.32110700016137284","0","0","0.053232899620268531","0.046613797329396904","0.0012020171319236316","0","0.86954777173084807","true","true"
"L19_SEED_2","99","0.049402181059122086","1","3.4510001540184021","1","0.049402183675280986","0","0","1","1.347732904166826","0.40795092887235451","1.0636852161631998","0.30919113327093589","0","0","0.17483518609099644","0.10677429190997263","0.0038663833551404589","0","0.62290036189235787","true","true"
"L19_SEED_2","100","0.038290683180093765","1","3.9064461588859558","1","0.038290672374690186","0","0","1","0.72368580498479229","0.047492901196619475","0.70738919191562766","0.16602491004229439","0","0","0.018013892892802516","0.021810387786335088","0.00039960575580723568","0","0.95546928790322405","true","true"
"L19_SEED_2","101","0.14589846134185791","1","2.5145338177680969","1","0.14589844881856004","0","0","1","0.94136113104683705","0.18733014184772923","0.8419466508512663","0.2159630547163322","0","0","0.040438384620364004","0.11833666859878621","0.0016857090756342667","0","0.79993854348076787","true","true"
"L19_SEED_2","102","0.08608594536781311","1","3.4129207730293274","1","0.086085927126981404","0","0","1","1.0625265982884093","0.11934743655687811","1.010582940406149","0.24376031930332701","0","0","0.040471344827003063","0.041156443218928897","0.0011394070550602585","0","0.90461608186342246","true","true"
"L19_SEED_2","103","0.037725448608398438","1","3.8199120759963989","1","0.037725445033314139","0","0","1","0.96951411127970577","0.28326444103232573","0.80529366483880893","0.22242179133709919","0","0","0.1286033093245848","0.09280185718220027","0.0033081387504689977","0","0.68992247987655853","true","true"
"L19_SEED_2","104","0.031701736152172089","1","4.1662482023239136","1","0.031701746251750214","0","0","1","0.58133464932601508","0.043033360162650303","0.56529106608840007","0.13336731519951342","0","0","0.021892348727205697","0.026505693342861694","0.0005562892474215358","0","0.94556595207773875","true","true"
"L19_SEED_2","105","0.11077121645212173","1","2.8060206174850464","1","0.11077120045659219","0","0","1","0.79711531846378847","0.15946556432495396","0.70716172980820879","0.18287079576483656","0","0","0.044157642029021192","0.12674154553040592","0.0020424121404650445","0","0.78703707023840253","true","true"
"L19_SEED_2","106","0.067780762910842896","1","3.647855132818222","1","0.067780763599075255","0","0","1","0.85921658704766224","0.12398312592983052","0.80060789433631763","0.19711780387129885","0","0","0.054792191600867041","0.05459512940788936","0.0015615157076384796","0","0.8682292871405064","true","true"
"L19_SEED_2","107","0.028139343485236168","1","4.2288254499435425","1","0.028139347690039718","0","0","1","0.61511611880141326","0.12778229426249138","0.55717577131072793","0.14111731581043788","0","0","0.07609852573677077","0.058351906073616247","0.0019107473001265354","0","0.82048421572049057","true","true"
"L19_SEED_2","108","0.026043932884931564","1","4.4005234241485596","1","0.026043927367628377","0","0","1","0.46821513454839664","0.031806607638511751","0.45470411120538201","0.10741591870172423","0","0","0.022881673317197239","0.028718334719461291","0.00066548010902701721","0","0.94311980829771125","true","true"
"L19_SEED_2","109","0.082238905131816864","1","3.0979762077331543","1","0.082238898582308803","0","0","1","0.68263694496085736","0.11593334992175978","0.62205316697415292","0.1566076556953534","0","0","0.032847923249574786","0.10613343911003148","0.0017986203790714614","0","0.83037723229423299","true","true"
"L19_SEED_2","110","0.052595239132642746","1","3.8573116362094879","1","0.052595249523436235","0","0","1","0.63970878396349684","0.05382445237321877","0.61987820436185526","0.14675926013643029","0","0","0.018540193948707262","0.034698924548635157","0.00071932180699029065","0","0.93896218969011802","true","true"
"L19_SEED_2","111","0.024241786450147629","1","4.3280093669891357","1","0.024241746275033362","0","0","1","0.6073710845152801","0.23300700550776537","0.41775182285492879","0.13934048308583197","0","0","0.2046385310409424","0.16968264460785093","0.0054319364809669911","0","0.47307334914352855","true","true"
"L19_SEED_2","112","0.02156837098300457","1","4.6060118675231934","1","0.021568345976534325","0","0","1","0.38519954688955538","0.029890142109790466","0.3721272953303939","0.088370836736275216","0","0","0.026434196867321284","0.033413667676547985","0.00085186492927447988","0","0.93327905151096957","true","true"
"L19_SEED_2","113","0.061241816729307175","1","3.3811740279197693","1","0.06124181182319989","0","0","1","0.55883897229470592","0.081930286609825848","0.51664054075562915","0.12820645294446051","0","0","0.027900772185939261","0.094311363083919658","0.0016138438853989705","0","0.85468010334397038","true","true"
"L19_SEED_2","114","0.043770257383584976","1","4.0425670146942139","1","0.043770300743878304","0","0","1","0.58455481082347049","0.10410751902554033","0.54029946684646157","0.13410607091263388","0","0","0.058356349391163291","0.054134992445184611","0.0014739620942400993","0","0.8543161175622298","true","true"
"L19_SEED_2","115","0.018981872126460075","1","4.6749870181083679","1","0.018981880330780437","0","0","1","0.36207752575241298","0.038967497987115317","0.3491015232066505","0.083066281288527055","0","0","0.022941234675575777","0.03514788741788178","0.00071932437152488369","0","0.92960906429218093","true","true"
"L19_SEED_2","116","0.018217472359538078","1","4.7887074947357178","1","0.018217455481085595","0","0","1","0.32376666136582311","0.02576910399159409","0.31238379801777488","0.074277166220061974","0","0","0.02737892296397388","0.034436854224191474","0.00092857173231045121","0","0.93092082957375599","true","true"
"L19_SEED_2","117","0.04657275602221489","1","3.6564341187477112","1","0.046572766813158653","0","0","1","0.46680101843389205","0.051847406842346774","0.44013628376332281","0.10709149821553697","0","0","0.020677299423983456","0.07665331592360658","0.0013145162342909011","0","0.88901841025854855","true","true"
"L19_SEED_2","118","0.036619674414396286","1","4.2567571401596069","1","0.036619668555358621","0","0","1","0.49013040773092592","0.074933759802478725","0.45917979775672113","0.11244362718186804","0","0","0.04724891578523277","0.050353907038011902","0.001331022118414479","0","0.87769222427040638","true","true"
"L19_SEED_2","119","0.016500942409038544","1","4.7338089942932129","1","0.016500925394346465","0","0","1","0.36889008297695042","0.075067723406236672","0.33292636390434183","0.084629189103729505","0","0","0.077502935334159362","0.064600254956150918","0.0019648712039722818","0","0.81452124248028779","true","true"
"L19_SEED_2","120","0.015646535903215408","1","4.9510402083396912","1","0.015646565069417206","0","0","1","0.2765875336631633","0.018435801250442505","0.267997004928477","0.06345353201478332","0","0","0.024470571662366505","0.03138458465263879","0.00085533670880148826","0","0.93884668581672337","true","true"
"L19_SEED_2","121","0.037104476243257523","1","3.8999122977256775","1","0.037104468999574793","0","0","1","0.40299087014693696","0.038303215555869817","0.38336717905072298","0.092452446217895806","0","0","0.019254548774250712","0.065463974306793085","0.0012665137960751307","0","0.90498096377980164","true","true"
"L19_SEED_2","122","0.030746582895517349","1","4.438870906829834","1","0.030746604918137306","0","0","1","0.4002970334059115","0.044817802232659944","0.38318606120309301","0.091834437685025957","0","0","0.026455163477039106","0.043567630012955411","0.0011060419378529209","0","0.91633581733790259","true","true"
"L19_SEED_2","123","0.013793683610856533","1","4.9635949730873108","1","0.013793699966328165","0","0","1","0.29574870711500711","0.041767565254592867","0.2800951668391129","0.067849406684059185","0","0","0.04066968868608211","0.041333715059033597","0.001107266784585061","0","0.89694439516948765","true","true"
"L19_SEED_2","124","0.013640822842717171","1","5.1027854681015015","1","0.013640830701810359","0","0","1","0.24009254011127698","0.012334241551769163","0.23365772006448157","0.055081006286475893","0","0","0.021134891977930278","0.028348792321619229","0.00076166059114379282","0","0.94711548389331113","true","true"
"L19_SEED_2","125","0.030734948813915253","1","4.0714088678359985","1","0.030734960422451107","0","0","1","0.35160856975588967","0.038092770533553581","0.33254739290310736","0.080664538065726044","0","0","0.022918081838047426","0.069350765376055112","0.0014777447081388423","0","0.89451616178183979","true","true"
"L19_SEED_2","126","0.026286358013749123","1","4.5857802629470825","1","0.026286360584239422","0","0","1","0.34443054985535199","0.041309032106611486","0.32942013265103204","0.079017787362506683","0","0","0.023700067522166798","0.046014231743889737","0.0011629946593162935","0","0.9147384730932302","true","true"
"L19_SEED_2","127","0.011815514415502548","1","5.1205812096595764","1","0.011815517340903026","0","0","1","0.24476167193210113","0.025280802898372874","0.23599731844886374","0.056152178589688656","0","0","0.025473872919907888","0.03344195890541414","0.00074909216535709198","0","0.9296667837906466","true","true"
"L19_SEED_2","128","0.012046201154589653","1","5.2429293990135193","1","0.012046209444021972","0","0","1","0.21150199948095069","0.010097791249476018","0.20609603252094827","0.048521886426013475","0","0","0.01961873616145822","0.027836617876025767","0.00073169265907164214","0","0.949533536099472","true","true"
"L19_SEED_2","129","0.025999544188380241","1","4.2216976881027222","1","0.025999546150467762","0","0","1","0.30227469503477294","0.034179618069961233","0.28563128156711654","0.069346570991902681","0","0","0.021719238382401855","0.07096180503647273","0.0016225221020897695","0","0.89291054848606233","true","true"
"L19_SEED_2","130","0.022759227082133293","1","4.7127076387405396","1","0.022759230691029256","0","0","1","0.30064741177010967","0.030011524274551778","0.28959160780677257","0.068973246607524671","0","0","0.01948378083755432","0.041724867857733439","0.0010210875420639345","0","0.92780563396799454","true","true"
"L19_SEED_2","131","0.010391456075012684","1","5.2194759845733643","1","0.010391473883894232","0","0","1","0.22381093360780735","0.033044316938127052","0.21108968492016306","0.051345749581890698","0","0","0.041688110936021837","0.045782980329373689","0.001178015995046611","0","0.88955217438529899","true","true"
"L19_SEED_2","132","0.010745646432042122","1","5.3692871332168579","1","0.010745653210798869","0","0","1","0.18817467881989325","0.0086033594876287409","0.18353228011950615","0.043170232037323064","0","0","0.018356609877977489","0.027572014617410903","0.00071378292168384333","0","0.95126726778224147","true","true"
"L19_SEED_2","133","0.022367207333445549","1","4.3654460906982422","1","0.022367205265639917","0","0","1","0.26184365244357705","0.028281855307465697","0.2487127505893241","0.060071053684691539","0","0","0.01827757285295677","0.066235668591038743","0.0016014315881272604","0","0.90221906588232859","true","true"
"L19_SEED_2","134","0.019961729645729065","1","4.8292441368103027","1","0.019961717741626188","0","0","1","0.26660297411322659","0.020666498235737293","0.25861855199538847","0.061162916958260254","0","0","0.013970501301374873","0.038158328740844211","0.00086269315115733815","0","0.94099945457473244","true","true"
"L19_SEED_2","135","0.0091176675632596016","1","5.3479995131492615","1","0.0091176566060456217","0","0","1","0.19945640112692514","0.01359399631351455","0.19456497369660178","0.045758436639714677","0","0","0.017434592840385787","0.025826305867364757","0.00054013526883532809","0","0.9515538310436189","true","true"
"L19_SEED_2","136","0.0096685020253062248","1","5.4877715110778809","1","0.0096684810819801133","0","0","1","0.16895287656396682","0.006404963047536183","0.16509616217313566","0.03876044816646488","0","0","0.01672491032507414","0.026287830095507621","0.00068335094304895056","0","0.9548667587126094","true","true"
"L19_SEED_2","137","0.01958310604095459","1","4.5011602640151978","1","0.019583095243946174","0","0","1","0.23274463824227357","0.022842101585013923","0.22247247531146233","0.053395281986789604","0","0","0.01542547825373251","0.059834555292887961","0.0014299728148701651","0","0.91367807628498565","true","true"
"L19_SEED_2","138","0.017720501869916916","1","4.9424201250076294","1","0.017720501463227255","0","0","1","0.24110247860715714","0.018989076662959323","0.23390804007271693","0.055312702067672373","0","0","0.014616547534780902","0.037101333303530826","0.00086817868294497406","0","0.94121090385221418","true","true"
"L19_SEED_2","139","0.0081568704918026924","1","5.4632771611213684","1","0.0081568835560086074","0","0","1","0.18747902129938618","0.014440074555643655","0.18269202582629229","0.043010637256733361","0","0","0.017437483166688215","0.026468432515381689","0.00057668127488595818","0","0.94958496084116062","true","true"
"L19_SEED_2","140","0.0087767457589507103","1","5.5967654585838318","1","0.0087767639870115557","0","0","1","0.15344163524711238","0.004773271233345428","0.15016180276884258","0.03520192535651534","0","0","0.015632068807527186","0.025026875854228255","0.00066667700448626061","0","0.95770666708374541","true","true"
"L19_SEED_2","141","0.017416719347238541","1","4.6269726753234863","1","0.01741672008422376","0","0","1","0.21202179923326522","0.018991397513133723","0.20372884347913403","0.048641136667656452","0","0","0.014106476119872468","0.053341625975954286","0.0012261085994966282","0","0.92330249326143399","true","true"
"L19_SEED_2","142","0.015870045870542526","1","5.0527534484863281","1","0.01587003441808146","0","0","1","0.2200531406877978","0.018979841027767862","0.21314492904546722","0.05048365276141311","0","0","0.016417967073650942","0.037041651207450586","0.00090233097526847851","0","0.93819878627516085","true","true"
"L19_SEED_2","143","0.0073722805827856064","1","5.5632546544075012","1","0.0073722587808336872","0","0","1","0.17474092981650211","0.016862435964046803","0.16927511775342791","0.040088318651077155","0","0","0.02161464827780897","0.029952251974109008","0.00070154796692020521","0","0.93841937220703842","true","true"
"L19_SEED_2","144","0.0080322884023189545","1","5.6908174753189087","1","0.0080322867972321427","0","0","1","0.14096706642507678","0.0050233389380460241","0.13788988837229807","0.032340062995489222","0","0","0.016055456783155495","0.025164679273800176","0.00069162730537164192","0","0.95681839477503738","true","true"
"L19_SEED_2","145","0.015703964978456497","1","4.7402338981628418","1","0.0157039775191282","0","0","1","0.1965708083126958","0.015779178092846447","0.18959964322351994","0.04509643624658663","0","0","0.013238154961667728","0.048893204174595799","0.0010950974198098646","0","0.93032991175340518","true","true"
"L19_SEED_2","146","0.01430833525955677","1","5.1630033254623413","1","0.014308341874285289","0","0","1","0.20116530962778439","0.017004305545886191","0.19504141244505668","0.046150487137556942","0","0","0.016017311670796137","0.035902625955992085","0.00089241261207197186","0","0.94004249532470274","true","true"
"L19_SEED_2","147","0.0066788350231945515","1","5.6677088141441345","1","0.006678837981863639","0","0","1","0.15788074467676","0.011727954133970157","0.15404102201219863","0.036220326904049679","0","0","0.016280201677165228","0.025686036842208319","0.00056502013501887722","0","0.9519506843067842","true","true"
"L19_SEED_2","148","0.0073960660956799984","1","5.7722529768943787","1","0.0073960647182511616","0","0","1","0.13040411669995303","0.0054844385641773649","0.12742063724544139","0.029916756132462103","0","0","0.016919652276125508","0.025817464802637344","0.00072807752011376883","0","0.95476599310608179","true","true"
"L19_SEED_2","149","0.014307771809399128","1","4.8418880105018616","1","0.014307747516279563","0","0","1","0.18422773212820909","0.014208454476522886","0.17797643786191847","0.04226474036550236","0","0","0.013450198241993989","0.046287816155129273","0.0010272579830771919","0","0.93328655356250823","true","true"
"L19_SEED_2","150","0.012986771762371063","1","5.2698789834976196","1","0.012986770841478406","0","0","1","0.18456506621088156","0.014206845848816724","0.17934364337551295","0.042342130111638218","0","0","0.014657227470603414","0.034330035511816959","0.00086811607206746966","0","0.94421951212899924","true","true"
"L19_SEED_2","151","0.0060959146358072758","1","5.7645090222358704","1","0.0060958913396920705","0","0","1","0.14227037429833281","0.0054484975580960425","0.13982183464831727","0.03263906232769153","0","0","0.010521896288220601","0.021713914177619968","0.00042228076264731518","0","0.96587526523382738","true","true"
"L19_SEED_2","152","0.006840625312179327","1","5.8504922986030579","1","0.006840636832917777","0","0","1","0.12100910630351926","0.00547513313098783","0.11817667912527623","0.027761392927642691","0","0","0.017268300831696462","0.026203075775524158","0.00074703658767702257","0","0.95373441986033225","true","true"
"L19_SEED_2","153","0.013135585933923721","1","4.9333551526069641","1","0.013135606529133117","0","0","1","0.17333062416137557","0.012150818499960189","0.16769570773258735","0.039764772344224507","0","0","0.013045318960713105","0.045007883431136604","0.00099491712511275143","0","0.93603759405469167","true","true"
"L19_SEED_2","154","0.011868416331708431","1","5.3706532716751099","1","0.01186842324504778","0","0","1","0.1703302035144191","0.011932741269448009","0.16580588169223678","0.039076428639582599","0","0","0.013741818898585527","0.032908116801270711","0.00086073372639235569","0","0.94758141461186851","true","true"
"L19_SEED_2","155","0.0056193964555859566","1","5.8389111757278442","1","0.0056194142029449895","0","0","1","0.13085639387450662","0.0058544579791132648","0.12848562151663781","0.030020515632375216","0","0","0.010972160335669567","0.022484535947047895","0.0004481558430066616","0","0.96409351930749976","true","true"
"L19_SEED_2","156","0.0063496516086161137","1","5.9259161949157715","1","0.0063496487878760659","0","0","1","0.11242122084849843","0.0046821031290129496","0.10988020678374914","0.025791196883582765","0","0","0.016469073704858846","0.025759673110605667","0.00073106939566515428","0","0.95530563964847504","true","true"
"L19_SEED_2","157","0.012125842273235321","1","5.0174660682678223","1","0.012125843152686475","0","0","1","0.16331908616858892","0.010980611579376302","0.15810011024518325","0.037467968008436339","0","0","0.012984903492093348","0.044401604819067637","0.00098330327065715732","0","0.93710976437344717","true","true"
"L19_SEED_2","158","0.010915043763816357","1","5.462791919708252","1","0.010915053564816974","0","0","1","0.15827680156205198","0.010815535146717211","0.15412939460686875","0.036311188585043432","0","0","0.01368574647997399","0.032489476110041084","0.00087575919092438073","0","0.94827961374727854","true","true"
"L19_SEED_2","159","0.0052129398100078106","1","5.9129253029823303","1","0.0052129287482725398","0","0","1","0.1220679090673127","0.0061007386134807598","0.11975053018622685","0.028004298940722542","0","0","0.011668382967454946","0.022972927789539188","0.0004691432204256809","0","0.96239172207494073","true","true"
"L19_SEED_2","160","0.0059142112731933594","1","5.9980978965759277","1","0.0059141869228478043","0","0","1","0.10471040742617067","0.0037752900877501775","0.10244436774914735","0.024022214963560468","0","0","0.015516059361967918","0.025287273137849935","0.00071043435599419573","0","0.95718630018045536","true","true"
"L19_SEED_2","161","0.011240963824093342","1","5.0960290431976318","1","0.011240988247110109","0","0","1","0.15383073821255158","0.0098054225760441857","0.14903963748851295","0.035291191698882791","0","0","0.012724585287895995","0.043562097244834889","0.00097084443271333565","0","0.93867947716027011","true","true"
"L19_SEED_2","162","0.010092764161527157","1","5.5473922491073608","1","0.010092788408849914","0","0","1","0.14797940751724889","0.010454120529515588","0.14399576769780092","0.033948804373300577","0","0","0.014416980390828026","0.032806823446445338","0.0009011330398250825","0","0.94688423702331304","true","true"
"L19_SEED_2","163","0.0048576062545180321","1","5.9870561957359314","1","0.004857620496753901","0","0","1","0.11481518841013837","0.0047100001427708028","0.11279893776660709","0.026340410708598713","0","0","0.01066969221166016","0.022019648715130312","0.00044110597563293757","0","0.96518671182436022","true","true"
"L19_SEED_2","164","0.0055270316079258919","1","6.0659699440002441","1","0.0055270433980041458","0","0","1","0.097886697320351754","0.0031706797604698217","0.095822315335634595","0.022456748501914051","0","0","0.014792485167431531","0.025194782762005274","0.00069777680049985303","0","0.9582657573782295","true","true"
"L19_SEED_2","165","0.010461451485753059","1","5.1697514653205872","1","0.010461456087870167","0","0","1","0.14496810790658482","0.0087902722923376402","0.14059638059787755","0.033257964863215951","0","0","0.012164209497301945","0.042598073159551726","0.00096454398929154788","0","0.94059646048468881","true","true"
"L19_SEED_2","166","0.009374433197081089","1","5.6249319314956665","1","0.0093744407448234455","0","0","1","0.13877378574578214","0.0097123259114594868","0.135068003519136","0.031836889898864712","0","0","0.01453466936071823","0.032359480577339082","0.0009021394481332583","0","0.94730556577925384","true","true"
"L19_SEED_2","167","0.0045460835099220276","1","6.0590785145759583","1","0.0045460788806269345","0","0","1","0.10870293335117082","0.0038912256562120447","0.10684162783501851","0.024938163228641615","0","0","0.010426569574607034","0.021809937126419005","0.00043461183771415716","0","0.96604746497828387","true","true"
"L19_SEED_2","168","0.005180667620152235","1","6.1267416477203369","1","0.0051806525491334809","0","0","1","0.091871791703450875","0.0028453299970782786","0.089944342608089478","0.02107683451565057","0","0","0.014543637213830398","0.025317997808619108","0.00069857323178416138","0","0.95848060998337725","true","true"
"L19_SEED_2","169","0.009770669974386692","1","5.239540696144104","1","0.0097706642687542776","0","0","1","0.13685688870247589","0.0080971628975549641","0.1327860289750824","0.031397123556920307","0","0","0.011774561052774871","0.042359901780116782","0.00097098449309031591","0","0.94139403376635378","true","true"
"L19_SEED_2","170","0.0087421257048845291","1","5.696464478969574","1","0.0087421251578696634","0","0","1","0.13057584685522866","0.0090702070117697903","0.12711474178762655","0.029956153732062368","0","0","0.014550629475791709","0.032033475727530909","0.000901119905813002","0","0.9476896484755063","true","true"
"L19_SEED_2","171","0.0042697261087596416","1","6.1232088804244995","1","0.0042696957890508069","0","0","1","0.10309770955280727","0.0044325529930347024","0.10124067921507834","0.023652236697431307","0","0","0.011088700361611175","0.022307342695962577","0.00045572090626954027","0","0.96429977696423508","true","true"
"L19_SEED_2","172","0.0048685790970921516","1","6.1862137317657471","1","0.0048685717333565425","0","0","1","0.086531084068970116","0.0026681020137279128","0.08471092422672781","0.019851592154298055","0","0","0.014474608916932004","0.025498128866740931","0.00070356687489573819","0","0.95837295795562116","true","true"
"L19_SEED_2","173","0.0091547733172774315","1","5.3062064051628113","1","0.0091547520716910979","0","0","1","0.12936136937893708","0.0074518864794522579","0.12558781136749339","0.029677533490569671","0","0","0.01118661054874534","0.042007753386348851","0.00097769288782007619","0","0.94250958506824767","true","true"
"L19_SEED_2","174","0.0081823207437992096","1","5.7630748152732849","1","0.0081823453916900837","0","0","1","0.1230919785757925","0.0075920473985932246","0.11997978479826779","0.028239236598544902","0","0","0.013594092684929599","0.031650287640090806","0.00087917248049718469","0","0.9500722912086218","true","true"
"L19_SEED_2","175","0.0040192101150751114","1","6.1846701502799988","1","0.004019187734637975","0","0","1","0.097508353099871325","0.0042353092004148362","0.095758681928357764","0.022369950384916844","0","0","0.01104984288603357","0.022172625942480022","0.00045653761665552219","0","0.96443436414294714","true","true"
"L19_SEED_2","176","0.0045858873054385185","1","6.2444743514060974","1","0.0045858720305567077","0","0","1","0.081756155977278255","0.0025241249921748483","0.080026718634648553","0.018756148521963407","0","0","0.014553092811614663","0.025641732811906286","0.00071171440951241683","0","0.95814026709331124","true","true"
"L19_SEED_2","177","0.0086020566523075104","1","5.3703104257583618","1","0.0086020507066852017","0","0","1","0.12252361627681206","0.0071260921794005835","0.11896735557764881","0.028108845344619948","0","0","0.010977770643734182","0.041857387753832444","0.000989894599596393","0","0.94279224875298651","true","true"
"L19_SEED_2","178","0.007685953751206398","1","5.8255788087844849","1","0.0076859627130946018","0","0","1","0.11652990985598369","0.0072779194985871376","0.11357528019206153","0.026733794787480905","0","0","0.013642043945194899","0.031645207036907992","0.00087942966234007248","0","0.94993264518922649","true","true"
"L19_SEED_2","179","0.003791080554947257","1","6.2454808950424194","1","0.0037910878802833287","0","0","1","0.092134601782109374","0.0037433201634143494","0.090515116103099133","0.02113712728271459","0","0","0.010711972051570994","0.022031420034098758","0.00045171907235675449","0","0.96515418781694129","true","true"
"L19_SEED_2","180","0.0043287966400384903","1","6.3013572692871094","1","0.0043287885260487845","0","0","1","0.077457318702502831","0.0024613714759418467","0.075804743044233208","0.017769927613780677","0","0","0.014748850702829086","0.02573598374777078","0.00072079768226767748","0","0.9577845817201327","true","true"
"L19_SEED_2","181","0.0081024765968322754","1","5.4322160482406616","1","0.0081024852579848552","0","0","1","0.11622947489297003","0.0067582270079313183","0.11288079331069827","0.026664870279960753","0","0","0.01076415958644689","0.041644211724868756","0.0010025524761746196","0","0.94320817096349896","true","true"
"L19_SEED_2","182","0.0072407354600727558","1","5.885351300239563","1","0.0072407537214005703","0","0","1","0.11058287810448246","0.0069506910329763145","0.10775553744202454","0.02536945213385872","0","0","0.013768898210813341","0.031875211413728878","0.00088666529731827939","0","0.94951846924481698","true","true"
"L19_SEED_2","183","0.0035832386929541826","1","6.3051890730857849","1","0.003583235329278026","0","0","1","0.087120492204288844","0.0031948463085408225","0.08563224809847271","0.01998681165421148","0","0","0.010316163604239759","0.021766598489836555","0.00044580837870849063","0","0.96612662457154341","true","true"
"L19_SEED_2","184","0.0040943720377981663","1","6.3565746545791626","1","0.0040943737233948502","0","0","1","0.073549056348191671","0.0023564399500735824","0.071969421660214555","0.016873310737607693","0","0","0.014936239279472761","0.02579961634041943","0.00073095869519923821","0","0.95750668665343042","true","true"
"L19_SEED_2","185","0.0076485294848680496","1","5.4922415018081665","1","0.007648537642986738","0","0","1","0.11044029652288326","0.0064198830906895162","0.10727664733601337","0.025336741675679713","0","0","0.010700003178882585","0.041387056057128425","0.0010048482810992468","0","0.94352900752695745","true","true"
"L19_SEED_2","186","0.0068382103927433491","1","5.9430922269821167","1","0.0068382123060965064","0","0","1","0.10511322443684404","0.0065453544660850462","0.10242356184578877","0.024114627523679641","0","0","0.013914713603827745","0.031834056402675941","0.00089545687329867522","0","0.94947827474483548","true","true"
"L19_SEED_2","187","0.0033938286360353231","1","6.3610660433769226","1","0.0033938370294636861","0","0","1","0.082604380337730529","0.0028835234194911088","0.081214186979199451","0.018950744536103452","0","0","0.010090608534416642","0.021622427414725275","0.00044425909263510197","0","0.96662416209418922","true","true"
"L19_SEED_2","188","0.003879595547914505","1","6.4099918007850647","1","0.0038795820129568126","0","0","1","0.069961681743320486","0.0022736893621476224","0.068450432815052656","0.01605031055996255","0","0","0.015070479526390812","0.025869682836339256","0.000739230843166149","0","0.95726441745705704","true","true"
"L19_SEED_2","189","0.0072343978099524975","1","5.5503315925598145","1","0.0072343999730130953","0","0","1","0.10512515722174871","0.0061550504683973552","0.10211675065702727","0.024117365092285667","0","0","0.010692193312923056","0.041290183996338943","0.0010053562402431865","0","0.94358419456840892","true","true"
"L19_SEED_2","190","0.0064718988724052906","1","5.9992063045501709","1","0.0064719126213701565","0","0","1","0.10008412859021856","0.0062022748493241872","0.097517874343801061","0.022960873809320666","0","0","0.013921534673522376","0.031961612278442054","0.00090097886736200045","0","0.94937551724437597","true","true"
"L19_SEED_2","191","0.0032210068311542273","1","6.4156784415245056","1","0.0032209903804245126","0","0","1","0.078570804548192347","0.0027162554965354103","0.077258452200497651","0.018025378786224018","0","0","0.0099913069633610907","0.021495019432371056","0.00044514776294499186","0","0.96687338569322068","true","true"
"L19_SEED_2","192","0.003682244336232543","1","6.4615883827209473","1","0.0036822649383107049","0","0","1","0.066655098063523766","0.0022035643803431852","0.0652047070539888","0.015291728238457565","0","0","0.015224558410840033","0.02598040223071579","0.00074792865866560147","0","0.95695419983400498","true","true"
"L19_SEED_2","193","0.0068558622151613235","1","5.6063193082809448","1","0.0068558566252989468","0","0","1","0.10020638564300662","0.0057569678286690257","0.097364648845577842","0.022988921500806885","0","0","0.010693526795397156","0.040918921214478092","0.0010003772732842036","0","0.94408654496970479","true","true"
"L19_SEED_2","194","0.0061371838673949242","1","6.0538927912712097","1","0.0061371856230875944","0","0","1","0.095421041828604281","0.0057053005648292658","0.092996577853764764","0.021891088337802823","0","0","0.013739609919694884","0.031947383880329826","0.00090862530542626201","0","0.94982944095814104","true","true"
"L19_SEED_2","195","0.0030626791995018721","1","6.469145655632019","1","0.0030626752659950233","0","0","1","0.074949754908501809","0.0025282454977425821","0.073714201737094212","0.017194653025752682","0","0","0.0098201291728126378","0.021295950900764412","0.00044445012962970784","0","0.96730158563888513","true","true"
"L19_SEED_2","196","0.0035003721714019775","1","6.5113674998283386","1","0.0035003667792714022","0","0","1","0.06358281557501716","0.0021319808717558176","0.062193281445106018","0.014586898296699147","0","0","0.015287809775324498","0.026064483929678393","0.00075365105519050216","0","0.95676974259041547","true","true"
"L19_SEED_2","197","0.0065088476985692978","1","5.6603229641914368","1","0.0065088503165994672","0","0","1","0.095681977580487368","0.0054885130873065548","0.092978109315534171","0.021950951104814147","0","0","0.010636325813277154","0.040790126605332995","0.0010023957569654561","0","0.94428074859666311","true","true"
"L19_SEED_2","198","0.005829839501529932","1","6.1071599125862122","1","0.0058298248613673142","0","0","1","0.091154962873880724","0.0054817007743019827","0.088827130973648166","0.020912382703655159","0","0","0.013700400570955902","0.032190366295522188","0.00091491122397275074","0","0.94957797559342971","true","true"
"L19_SEED_2","199","0.0029171262867748737","1","6.5201051235198975","1","0.0029171127860007071","0","0","1","0.071695274060084274","0.0024480163762937361","0.070513764255171515","0.016448023913545284","0","0","0.0097631281710673212","0.021312641996236066","0.00044599951276443642","0","0.96731236716048419","true","true"
"L19_SEED_2","200","0.0033321776427328587","1","6.5595341920852661","1","0.0033321793545890706","0","0","1","0.060722115225487663","0.0020753391317056896","0.059389470623574914","0.013930608626628064","0","0","0.015341420480080425","0.026143139448139955","0.00075889536657436981","0","0.95658843302417906","true","true"
"L19_SEED_2","201","0.0061901300214231014","1","5.7124302983283997","1","0.0061901154197579675","0","0","1","0.091537574960276494","0.0053125238099388733","0.088929744171253239","0.021000159936243389","0","0","0.010680772064522162","0.041108960922377272","0.0010087612679498994","0","0.94383326617669716","true","true"
"L19_SEED_2","202","0.0055463910102844238","1","6.1592124104499817","1","0.0055463950250995613","0","0","1","0.087172470708381244","0.0051366248624914014","0.084970828905117909","0.019998736340873333","0","0","0.013593856435094479","0.031891512737417534","0.0009169376808906976","0","0.95012555506135443","true","true"
"L19_SEED_2","203","0.0027826973237097263","1","6.5679289102554321","1","0.0027826903873299268","0","0","1","0.068682915777286635","0.0024189874982655339","0.067542572216041569","0.015756941527416198","0","0","0.009880349592288229","0.021359280799091541","0.00045031883206069845","0","0.96706962780616967","true","true"
"L19_SEED_2","204","0.0031761794816702604","1","6.6062671542167664","1","0.0031761911908620775","0","0","1","0.058041207963423887","0.0019778055259460723","0.056774821887268644","0.013315566319662785","0","0","0.015139764192466027","0.026103555162253284","0.00075693898971543219","0","0.95683857571923558","true","true"
"L19_SEED_2","205","0.0058961082249879837","1","5.7628087401390076","1","0.0058961221030591742","0","0","1","0.087642072587332351","0.0050021338617162849","0.085169975663780054","0.020106470400559896","0","0","0.01059954522575046","0.040752481438944624","0.0010083211589170373","0","0.94438214530372822","true","true"
"L19_SEED_2","206","0.0052851331420242786","1","6.2096893787384033","1","0.005285138739203706","0","0","1","0.083475532752333451","0.0045733481942953676","0.081411180991576376","0.019150600606612694","0","0","0.013353093363627938","0.031582694406520687","0.00091110074772838027","0","0.95115153000377251","true","true"
"L19_SEED_2","207","0.0026579434052109718","1","6.6141683459281921","1","0.002657916760385624","0","0","1","0.065844388767367049","0.0023846974862115088","0.064741948581994585","0.015105738770324086","0","0","0.0099790926694416134","0.021459845882021246","0.00045527643712077725","0","0.9667941015374566","true","true"
"L19_SEED_2","208","0.0030314421746879816","1","6.6517581939697266","1","0.0030314382344186945","0","0","1","0.055554070936412847","0.001878406544112417","0.054344188681817771","0.0127449779533744","0","0","0.015050162508033954","0.026130152286758856","0.00075904260315597528","0","0.95691737628855722","true","true"
"L19_SEED_2","209","0.0056242626160383224","1","5.8116363286972046","1","0.0056242554797161746","0","0","1","0.08402418606808211","0.0047722250984555108","0.081672897358245705","0.019276470309685687","0","0","0.010505370884359285","0.040443718327635034","0.0010090172877918601","0","0.94481612488221733","true","true"
"L19_SEED_2","210","0.0050433236174285412","1","6.258779764175415","1","0.0050433235906771814","0","0","1","0.080092021057504389","0.0044378102514931158","0.078101937173154695","0.018374369788083857","0","0","0.013453594109911537","0.031639611032874354","0.0009141876124824092","0","0.95092246178449136","true","true"
"L19_SEED_2","211","0.0025416528806090355","1","6.6596989631652832","1","0.0025416675864335832","0","0","1","0.063143413020175537","0.0022667560222801352","0.06208881605030054","0.014486092437115556","0","0","0.0099266782855124205","0.021451855481079894","0.00045704734470583422","0","0.96687571407360573","true","true"
"L19_SEED_2","212","0.002896944060921669","1","6.6961271166801453","1","0.0028969572522596874","0","0","1","0.053239842791012362","0.0017848217175136323","0.052084077540285337","0.012214057605053438","0","0","0.014887235405973278","0.026176527475317297","0.0007584064907504818","0","0.95705396043084445","true","true"
"L19_SEED_2","213","0.0053722108714282513","1","5.859097957611084","1","0.0053721976055576591","0","0","1","0.080656618223590243","0.0045873359860905179","0.078417218960182763","0.018503897261282681","0","0","0.010294836506763376","0.040215356833697598","0.0010133935235219021","0","0.94524166045103397","true","true"
"L19_SEED_2","214","0.0048185833729803562","1","6.3062750697135925","1","0.0048186030420028633","0","0","1","0.076915549431940636","0.0042918204261504734","0.075003083938088938","0.01764563721898613","0","0","0.013464296812950459","0.031619790175271036","0.00091309715388161251","0","0.95088927340708473","true","true"
"L19_SEED_2","215","0.0024331358727067709","1","6.7042407989501953","1","0.0024331256936287993","0","0","1","0.060593151564689987","0.0021277954453465743","0.059591435894544895","0.01390102233374353","0","0","0.009795179894626322","0.021306198624251971","0.00045583893231977587","0","0.96720964175005053","true","true"
"L19_SEED_2","216","0.002771817846223712","1","6.7395907044410706","1","0.002771823949207258","0","0","1","0.05109637889018253","0.0017202280256552913","0.049985975075838247","0.011722313261219504","0","0","0.014881448899782558","0.026213989242389726","0.00076199074600445172","0","0.95700914871399667","true","true"
"L19_SEED_2","217","0.0051376922056078911","1","5.9054353833198547","1","0.0051376940607397604","0","0","1","0.077536539357966949","0.0044680031851244721","0.075383867960390399","0.017788102078591682","0","0","0.010148755413261582","0.040265388586856347","0.0010211038018950026","0","0.94524417087305213","true","true"
"L19_SEED_2","218","0.0046094288118183613","1","6.3525829315185547","1","0.0046094276956608433","0","0","1","0.073931505012801393","0.0041361162415142301","0.072092227444349843","0.016961050478666948","0","0","0.013512969059011523","0.031576776383518475","0.00091772200305405781","0","0.95086266199469494","true","true"
"L19_SEED_2","219","0.0023317879531532526","1","6.7476882934570312","1","0.0023317957145541205","0","0","1","0.058207339842869951","0.0019973065534120726","0.057256464047015961","0.013353679586705199","0","0","0.0096383584916499582","0.021134952500077984","0.00045442061637001728","0","0.9675948415012392","true","true"
"L19_SEED_2","220","0.0026551152113825083","1","6.7822203636169434","1","0.0026551290268464799","0","0","1","0.049099806074712801","0.001661222633061918","0.04803182221552299","0.011264268043532503","0","0","0.014880925088974583","0.026238122078733481","0.00076569207889972605","0","0.95697054904412038","true","true"
"L19_SEED_2","221","0.0049189701676368713","1","5.9507424235343933","1","0.0049189640551721217","0","0","1","0.07462069537399274","0.0043249456095110911","0.07255270292950701","0.01711916159115618","0","0","0.010093620143196549","0.040185440622142111","0.0010204345264207501","0","0.94534125168521577","true","true"
"L19_SEED_2","222","0.0044145574793219566","1","6.3970126509666443","1","0.0044145562400469841","0","0","1","0.071125097957912511","0.0039496824282466642","0.069358467003881943","0.016317216544630093","0","0","0.013467042931200466","0.031587749769818194","0.00092124171073100459","0","0.95094021957788399","true","true"
"L19_SEED_2","223","0.0022371644154191017","1","6.7896656394004822","1","0.0022371525340214148","0","0","1","0.056002188250618153","0.0019298116402811825","0.055087485694520044","0.012847783115872915","0","0","0.0096685860842321506","0.021085207472368195","0.00045863818049125609","0","0.96760010591176893","true","true"
"L19_SEED_2","224","0.0025459674652665854","1","6.8239976763725281","1","0.0025459864579550958","0","0","1","0.047236715424014405","0.0016506934073974788","0.04620273051743308","0.010836845734635149","0","0","0.014964347890897513","0.026343665246318121","0.00077054266221833641","0","0.95670028172567789","true","true"
"L19_SEED_2","225","0.0047144205309450626","1","5.9951077699661255","1","0.004714408070423331","0","0","1","0.071885792683452326","0.0041502062567911916","0.069897339513777912","0.016491731883341274","0","0","0.010118001640036485","0.040091654613918518","0.0010146233599026722","0","0.9454425828880666","true","true"
"L19_SEED_2","226","0.0042326143011450768","1","6.4404076337814331","1","0.0042325857061198914","0","0","1","0.068501335279521069","0.0038354016819815437","0.066788511871535741","0.015715284104264728","0","0","0.013463082356424502","0.031857863100197795","0.00092741099375347376","0","0.95061674396434026","true","true"
"L19_SEED_2","227","0.002148517407476902","1","6.8305090069770813","1","0.0021485222775264254","0","0","1","0.053947709224801216","0.0019011720469161329","0.053061576236140912","0.012376453302443446","0","0","0.009803990329508884","0.021070208743662708","0.00046561769381173358","0","0.96741825407269466","true","true"
"L19_SEED_2","228","0.0024437359534204006","1","6.8647600412368774","1","0.0024437199582960935","0","0","1","0.045471423261312406","0.0015424721906086996","0.044482116642718124","0.010431859937632917","0","0","0.01485261410729127","0.026265211213864003","0.00077146830588787545","0","0.95696001835750411","true","true"
"L19_SEED_2","229","0.0045228642411530018","1","6.0385231375694275","1","0.0045228629902542101","0","0","1","0.069315414337591211","0.0039200412576995943","0.06739858713368628","0.015902046648800548","0","0","0.010112891018467681","0.040212686363659232","0.0010187644208502558","0","0.94545734029759609","true","true"
"L19_SEED_2","230","0.0040621981024742126","1","6.4828205108642578","1","0.0040621972259457682","0","0","1","0.066008863847339658","0.0036423988009433605","0.064370082901931192","0.015143471941499422","0","0","0.013367034275792923","0.031695730131880082","0.00092934966997196625","0","0.95096300387710841","true","true"
"L19_SEED_2","231","0.0020652955863624811","1","6.870763897895813","1","0.002065298438201346","0","0","1","0.051986888619638051","0.0018170784544564284","0.051133635241830323","0.01192661020432142","0","0","0.0097756454105064842","0.021091798533939457","0.00046720221607713958","0","0.96744366753363709","true","true"
"L19_SEED_2","232","0.0023478609509766102","1","6.9047016501426697","1","0.0023478340965658465","0","0","1","0.043822513821896211","0.0014883861483538396","0.042866473491586239","0.010053574168503157","0","0","0.01491357147558604","0.026312739923594456","0.00077657370806985657","0","0.95684356424906347","true","true"
"L19_SEED_2","233","0.0043432107195258141","1","6.08098965883255","1","0.0043432128025689444","0","0","1","0.066872679477581368","0.0037394046125158167","0.065041855147425456","0.015341644838240184","0","0","0.010060244634370427","0.039803035677536805","0.0010158495948028243","0","0.94599401706334574","true","true"
"L19_SEED_2","234","0.0039024136494845152","1","6.5241736769676208","1","0.0039024257300369252","0","0","1","0.063661540937754585","0.0034443667380752163","0.062092774079300549","0.014604959133565781","0","0","0.013359607684512709","0.031457847657177684","0.00093262235251447652","0","0.95132264085939666","true","true"
"L19_SEED_2","235","0.0019869746174663305","1","6.9104236364364624","1","0.0019869793759551115","0","0","1","0.050126902615434496","0.0017375156007567625","0.049304907159804325","0.011499900150178087","0","0","0.0097361818752232324","0.021121336483225138","0.00046867891962299878","0","0.96747232510244119","true","true"
"L19_SEED_2","236","0.0022577608469873667","1","6.9438195824623108","1","0.0022577808506626398","0","0","1","0.042267062206721356","0.0014371460447355504","0.041344913166414782","0.0096967290947076647","0","0","0.014905300958029302","0.026317144298468889","0.00077986265586222183","0","0.95684158601632341","true","true"
"L19_SEED_2","237","0.0041745426133275032","1","6.1225597262382507","1","0.0041745229448267203","0","0","1","0.064592471327690748","0.0037616238684572739","0.06281653675940746","0.014818529212155393","0","0","0.010148099017437929","0.039678866117109815","0.0010145311208925893","0","0.94576704192053029","true","true"
"L19_SEED_2","238","0.0037522688508033752","1","6.5645707249641418","1","0.0037522922154625085","0","0","1","0.061456733576588138","0.0033252414480594928","0.059942609432280351","0.014099141634760563","0","0","0.01337830323304633","0.031425712437918196","0.00093589505120134564","0","0.95133251836983146","true","true"
"L19_SEED_2","239","0.0019132158486172557","1","6.9492635726928711","1","0.0019132204994097299","0","0","1","0.048374591644092566","0.0016842716261333014","0.047578514161529438","0.01109789244271824","0","0","0.0096803756959673911","0.021281777306938154","0.00046782900827612372","0","0.96735777511165644","true","true"
"L19_SEED_2","240","0.0021729380823671818","1","6.9822387099266052","1","0.0021729383005267139","0","0","1","0.040800864201774048","0.0014099486080812746","0.03990843414981339","0.0093603602034031258","0","0","0.014943878126458147","0.026345405042238871","0.00078376642104542311","0","0.95673277577508187","true","true"
"L19_SEED_2","241","0.0040157577022910118","1","6.1632774472236633","1","0.0040157472030938985","0","0","1","0.06242491182837627","0.0035728565491553533","0.060718822003760463","0.014321256958912053","0","0","0.010023571779648528","0.039595284930274102","0.0010189594709505135","0","0.94608639961893881","true","true"
"L19_SEED_2","242","0.0036109520588070154","1","6.604125440120697","1","0.0036109612291524255","0","0","1","0.059372426820613777","0.0032344550673699037","0.057908293868267825","0.013620968870727335","0","0","0.013348341192051753","0.031456699528079342","0.00093934989952032262","0","0.95128782296235526","true","true"
"L19_SEED_2","243","0.0018436285899952054","1","6.9869177937507629","1","0.001843617755558506","0","0","1","0.04674633636495297","0.0016391810159007384","0.045975783307123111","0.010724345062925814","0","0","0.0096849937912345373","0.021311396381648504","0.00046973204180548756","0","0.96730429245856475","true","true"
"L19_SEED_2","244","0.0020929258316755295","1","7.0199677348136902","1","0.0020929236714464878","0","0","1","0.039409893901936492","0.0013660348425510336","0.038547095167284794","0.0090412497312737372","0","0","0.014957693940573481","0.026360071766411967","0.00078735771622612325","0","0.95669340632515931","true","true"
"L19_SEED_2","245","0.0038660822901874781","1","6.2032775282859802","1","0.0038660807294737757","0","0","1","0.060395533594754601","0.0034790684343079434","0.058733609221736316","0.013855685662144793","0","0","0.010207423255477667","0.039726802085073641","0.0010249437736870098","0","0.94572252591325889","true","true"
"L19_SEED_2","246","0.0034778944682329893","1","6.6428308486938477","1","0.0034778820839972938","0","0","1","0.057393615003033853","0.0031005248817308063","0.055984540520714429","0.013166998305405495","0","0","0.01322871053834781","0.031413528335003306","0.00093875038187750056","0","0.95150062106053346","true","true"
"L19_SEED_2","247","0.0017779606860131025","1","7.0235302448272705","1","0.0017779686145036827","0","0","1","0.045222763761341711","0.0015984596476280321","0.044477892195084683","0.010374813535963255","0","0","0.0097487583339096948","0.021199591658298583","0.00047331462732583772","0","0.9673289709037719","true","true"
"L19_SEED_2","248","0.0020173469092696905","1","7.0570148825645447","1","0.0020173544875865864","0","0","1","0.038086306569197641","0.0012967295379687157","0.037254544178206492","0.0087375979719916744","0","0","0.014972428065864145","0.026276872926847921","0.00079232083746233006","0","0.9567991709173066","true","true"
"L19_SEED_2","249","0.0037249070592224598","1","6.2425144910812378","1","0.0037249200617019522","0","0","1","0.058447574543953482","0.0033771778384748524","0.056845813525028696","0.013408793206955453","0","0","0.010092342455131584","0.039606380774180161","0.0010217364835937983","0","0.94594085968123476","true","true"
"L19_SEED_2","250","0.0033524890895932913","1","6.6807951927185059","1","0.0033524972938857667","0","0","1","0.05551345599199","0.0029371014759890534","0.054165428689550953","0.01273566024609352","0","0","0.013046674512739552","0.031196742933511955","0.00093346135345372225","0","0.95202387322550697","true","true"
"L19_SEED_2","251","0.0017158351838588715","1","7.0596409440040588","1","0.0017158242962268578","0","0","1","0.043767089920817279","0.0015581936068394218","0.043043959146863688","0.010040859053563162","0","0","0.0097793498869388033","0.021248088038958876","0.00047657747780423953","0","0.96722848598053079","true","true"
"L19_SEED_2","252","0.0019459576578810811","1","7.0934394001960754","1","0.0019459681785649308","0","0","1","0.036835258047931037","0.0012585399110880524","0.036028783185898305","0.0084505877573776145","0","0","0.015026865808117809","0.026317608826996516","0.00079701112356403143","0","0.95669114955396328","true","true"
"L19_SEED_2","253","0.0035915435291826725","1","6.2810050845146179","1","0.0035915434086273741","0","0","1","0.056596044633864737","0.0031931106206270483","0.055048502753661348","0.012984023113849148","0","0","0.010080186070541525","0.0396519024079173","0.0010243770245221243","0","0.94606039429403888","true","true"
"L19_SEED_2","254","0.0032341741025447845","1","6.7179902791976929","1","0.0032341828536887308","0","0","1","0.053751611264978578","0.0028871356363402473","0.052441115509772748","0.012331465345080216","0","0","0.013025059643627922","0.031319085997468771","0.00093757536021552696","0","0.95183324191312124","true","true"
"L19_SEED_2","255","0.0016569533618167043","1","7.0952417850494385","1","0.0016569378242970415","0","0","1","0.042374351755329276","0.0015123891607298076","0.041673613892122117","0.0097213430052381922","0","0","0.0097856230673598037","0.021262298229145347","0.00047843319662942504","0","0.96719978762837189","true","true"
"L19_SEED_2","256","0.0018784219864755869","1","7.1292178630828857","1","0.0018784123973251904","0","0","1","0.035644709903629029","0.0012200218814716682","0.034864942852152511","0.0081774572811443343","0","0","0.015001905557360379","0.026302273904665899","0.0007979390389449201","0","0.95672637400567939","true","true"
"L19_SEED_2","257","0.0034654203336685896","1","6.3187810182571411","1","0.0034654388574015642","0","0","1","0.054824079922516172","0.0031225740938104784","0.053335860107646141","0.012577506529202379","0","0","0.0098653292792627179","0.039417886031006759","0.0010266347303021345","0","0.94644613535478406","true","true"
"L19_SEED_2","258","0.0031222221441566944","1","6.7543933987617493","1","0.0031222106065147861","0","0","1","0.0520786855944591","0.00282425824398388","0.050805595417427456","0.011947669874667086","0","0","0.013115055521804817","0.031297066806477564","0.00094036252012950168","0","0.95170655743142418","true","true"
"L19_SEED_2","259","0.0016010913532227278","1","7.1302900314331055","1","0.0016010922336152688","0","0","1","0.041047342714391748","0.0014698405401147236","0.040367115313829888","0.0094169062522586385","0","0","0.0097881699031025036","0.021318838512766999","0.00047967830930632267","0","0.96713107024065392","true","true"
"L19_SEED_2","260","0.0018145877402275801","1","7.1643205881118774","1","0.001814588961275856","0","0","1","0.03453016149361611","0.0012472218323614339","0.033761450418547841","0.007921762339726952","0","0","0.015384167182806351","0.026526143495548066","0.00081348928446442037","0","0.95597156153861995","true","true"
"L19_SEED_2","261","0.0033461079001426697","1","6.3558783531188965","1","0.0033460880059129018","0","0","1","0.053152591921221487","0.0030107011233283464","0.051708457653788627","0.012194040882729519","0","0","0.0099700794305427366","0.03939526877460571","0.0010272658162656003","0","0.94639900158770218","true","true"
"L19_SEED_2","262","0.0030162055045366287","1","6.7901022434234619","1","0.0030161894442715612","0","0","1","0.050488064819769592","0.0027361292795193386","0.049249860446290358","0.011582756442331935","0","0","0.013318601558689878","0.031243200755568825","0.00094918159331923739","0","0.9515520713358907","true","true"
"L19_SEED_2","263","0.0015481926966458559","1","7.1645691990852356","1","0.0015482199012354474","0","0","1","0.039788107731489573","0.0014251342749373194","0.039129513075657103","0.0091280179345406519","0","0","0.0097885618415509724","0.021281366626188365","0.00047824924970401623","0","0.96716888625889141","true","true"
"L19_SEED_2","264","0.0017540175467729568","1","7.1985125541687012","1","0.0017540410774107564","0","0","1","0.033445011677441669","0.0012119196840066524","0.032707834038559667","0.0076728118982897879","0","0","0.015041993285607142","0.026437962992652206","0.00080412050955496633","0","0.95640286199282432","true","true"
"L19_SEED_2","265","0.0032329561654478312","1","6.3923671245574951","1","0.0032329722442289441","0","0","1","0.05156743772058342","0.0029015916201612178","0.05015834317282189","0.011830381568492135","0","0","0.01029029762726047","0.039425226144055428","0.0010222835290370142","0","0.94609611571188634","true","true"
"L19_SEED_2","266","0.002915677847340703","1","6.8252474069595337","1","0.0029156760022286707","0","0","1","0.048957873163310177","0.0026284892287575931","0.047766058592808906","0.011231706400502686","0","0","0.013181791766345598","0.031082906491113282","0.00094755119167635495","0","0.95190526381411489","true","true"
"L19_SEED_2","267","0.0014980660052970052","1","7.1979165077209473","1","0.0014980592700346203","0","0","1","0.038608595570580717","0.0013868355177640336","0.037970288360336085","0.008857419286536496","0","0","0.0098345706887553608","0.021183899303408849","0.0004834728029715878","0","0.96720778333134949","true","true"
"L19_SEED_2","268","0.0016965643735602498","1","7.2319086194038391","1","0.001696566472646406","0","0","1","0.032416013982227453","0.0011420912008294028","0.031705079063599331","0.0074367436368911024","0","0","0.014970806414873687","0.026365182493367799","0.00080489196165182367","0","0.95661780314209921","true","true"
"L19_SEED_2","269","0.0031255681533366442","1","6.4281098246574402","1","0.0031255729141009079","0","0","1","0.050045784876753888","0.0028554014043633675","0.048673425501968695","0.011481290464628756","0","0","0.010371593190368247","0.039432967108989816","0.0010322614310038054","0","0.94590781598169549","true","true"
"L19_SEED_2","270","0.0028203490655869246","1","6.85966557264328","1","0.0028203393491502146","0","0","1","0.047508222865948524","0.0025268599900741535","0.046355500860160125","0.010899133813677783","0","0","0.013149778322149435","0.031014104664821726","0.00094570906292661117","0","0.95206146110319223","true","true"
"L19_SEED_2","271","0.0014504385180771351","1","7.2308877110481262","1","0.0014504381710833555","0","0","1","0.037478248683132806","0.001365395094029893","0.036857028038890752","0.0085980999258243283","0","0","0.0098564864283728886","0.021205993821340734","0.00048650264821123001","0","0.96712375070617063","true","true"
"L19_SEED_2","272","0.0016420419560745358","1","7.2647092938423157","1","0.001642075166703722","0","0","1","0.03144171026265926","0.0011063350867869667","0.030752200190096987","0.0072132230340535468","0","0","0.014954287414047158","0.026379404106198111","0.00080685569496547025","0","0.95662133760184642","true","true"
"L19_SEED_2","273","0.0030235159210860729","1","6.4631966948509216","1","0.0030235368467587628","0","0","1","0.048568304258358508","0.0027755304090443188","0.047249783036449833","0.011142333164280047","0","0","0.010111224058213982","0.039153051024059755","0.0010284924643926927","0","0.94644145866726426","true","true"
"L19_SEED_2","274","0.0027297346387058496","1","6.8936160206794739","1","0.0027297293627268704","0","0","1","0.046120468890906659","0.0024275506239760775","0.045008941382382074","0.010580761217061765","0","0","0.013033830097268611","0.030871296938219765","0.00094464480749923373","0","0.95237978551655345","true","true"
"L19_SEED_2","275","0.0014050797326490283","1","7.2635186910629272","1","0.0014050726745066513","0","0","1","0.036386802978157315","0.001324079862417434","0.035783902742173947","0.0083477051084375024","0","0","0.0098316385464060369","0.021220183055941911","0.00048788079554656227","0","0.96713613730335568","true","true"
"L19_SEED_2","276","0.0015902600716799498","1","7.2969364523887634","1","0.0015902604382145623","0","0","1","0.03051790454590899","0.0011030388877665879","0.029845536898787065","0.0070012874675914639","0","0","0.015006500135283809","0.026454896686332437","0.00081062490866099803","0","0.95642159013570793","true","true"
"L19_SEED_2","277","0.0029265165794640779","1","6.4976688623428345","1","0.0029265114863875818","0","0","1","0.04716082011146458","0.0026301373794778869","0.045889216409077074","0.010819434155809195","0","0","0.010103881015474003","0.038961653914999297","0.0010234884087286995","0","0.94680073474771709","true","true"
"L19_SEED_2","278","0.0026435870677232742","1","6.9270657896995544","1","0.0026435830400953161","0","0","1","0.044803648579522133","0.0023421905053034116","0.043724281803811313","0.010278661918949822","0","0","0.013054566644406388","0.030864494387057524","0.0009497914173897513","0","0.95239828576490437","true","true"
"L19_SEED_2","279","0.0013618550729006529","1","7.2957597374916077","1","0.0013618505375049355","0","0","1","0.035342416094109104","0.0012942707747012408","0.034752303188646159","0.0081081063249887932","0","0","0.0099164612842235246","0.0213732130834807","0.00048447864359680963","0","0.96688475731605661","true","true"
"L19_SEED_2","280","0.0015409763436764479","1","7.3285518884658813","1","0.001540949943948246","0","0","1","0.029630992859313466","0.0010471730626025037","0.028982478089856999","0.006797815972132774","0","0","0.014926174072974349","0.02630776168304292","0.00081083574583152066","0","0.95670628003998204","true","true"
"L19_SEED_2","281","0.0028342935256659985","1","6.531523585319519","1","0.0028342934382862843","0","0","1","0.045823784609913917","0.0025266536698406966","0.044588464079489971","0.010512697175009956","0","0","0.010165953746045647","0.038965328112246719","0.0010178578563754517","0","0.9468106086970316","true","true"
"L19_SEED_2","282","0.0025615936610847712","1","6.959977388381958","1","0.0025615999571338972","0","0","1","0.043553145294167962","0.002298208281595875","0.042497101736244984","0.0099917767900327466","0","0","0.013175384277629961","0.030989830051867624","0.00095688471445894141","0","0.95209344904100834","true","true"
"L19_SEED_2","283","0.0013206237927079201","1","7.3271707892417908","1","0.0013206074491697375","0","0","1","0.034356046628084773","0.0012684493297491237","0.03378263234868116","0.0078818176500733087","0","0","0.0099489152272009829","0.021302134020005428","0.00048793544192086714","0","0.96689787713854369","true","true"
"L19_SEED_2","284","0.0014940684195607901","1","7.3596121072769165","1","0.0014940686484416694","0","0","1","0.028782173608823965","0.00099084424734496943","0.02815943957319204","0.0066030834808582647","0","0","0.014625544183134335","0.026189895947814523","0.00080351889762872973","0","0.95719591747744148","true","true"
"L19_SEED_2","285","0.0027466437313705683","1","6.5647064447402954","1","0.0027466645178565907","0","0","1","0.044533251897884582","0.0023552097663918298","0.043348411273303779","0.01021662866579578","0","0","0.0098418770353850254","0.03884258673781725","0.001022186335012385","0","0.94749636340199994","true","true"
"L19_SEED_2","286","0.0024835225194692612","1","6.9923433065414429","1","0.0024835248772933378","0","0","1","0.042350580462194982","0.002246091008551894","0.041323966901842223","0.0097158894965787366","0","0","0.013274733063884533","0.03084880544479298","0.00095773798424964973","0","0.95210594221944367","true","true"
"L19_SEED_2","287","0.0012812751810997725","1","7.3581690788269043","1","0.0012812684832634186","0","0","1","0.033405664258376919","0.0012313091028735867","0.032851429207468849","0.0076637849812691361","0","0","0.0098348032294545851","0.021222889281669578","0.00049053749862178089","0","0.96709316265077472","true","true"
"L19_SEED_2","288","0.0014493872877210379","1","7.3904001116752625","1","0.0014493774626283323","0","0","1","0.027983108414704614","0.00096217850150351575","0.027377390460680825","0.0064197653529389507","0","0","0.014627580600318527","0.026208263947477814","0.00080502031818448368","0","0.95717685773397321","true","true"
"L19_SEED_2","289","0.0026631180662661791","1","6.5973422527313232","1","0.0026631009787123818","0","0","1","0.043318868970855531","0.0022600572287022383","0.042166789707137858","0.0099380301153915284","0","0","0.010125990101191286","0.038615282200315994","0.0010200820339722021","0","0.94751666738768847","true","true"
"L19_SEED_2","290","0.0024091177619993687","1","7.0242288708686829","1","0.0024091176514514506","0","0","1","0.041179089498364421","0.00210929507694602","0.040198641254799924","0.009447131037388817","0","0","0.012938749967728253","0.030537887194414887","0.00095147741122013037","0","0.95294814299740371","true","true"
"L19_SEED_2","291","0.0012436988763511181","1","7.3888316750526428","1","0.0012436692242632995","0","0","1","0.032489581467445197","0.0011852946379807623","0.031950455799986024","0.0074536211755013432","0","0","0.0098325625332487242","0.021256028026884737","0.00049270013041478183","0","0.96708775114105283","true","true"
"L19_SEED_2","292","0.0014067653100937605","1","7.4207288026809692","1","0.0014067638652273185","0","0","1","0.027221091364062037","0.00093857038173651643","0.026630807714891336","0.0062449466520439036","0","0","0.014706767516568471","0.026194993901863209","0.00080875056820986838","0","0.95710065016261348","true","true"
"L19_SEED_2","293","0.0025834825355559587","1","6.6293486952781677","1","0.0025834742419227836","0","0","1","0.042157111912343878","0.0022355915897179059","0.041035108913025559","0.0096715047672337722","0","0","0.01014697356139091","0.038541665173805813","0.0010204281766313351","0","0.94747875232652656","true","true"
"L19_SEED_2","294","0.002338160527870059","1","7.055491030216217","1","0.0023381830779794733","0","0","1","0.040053724969998539","0.0019626939281185375","0.039122969315791012","0.0091889547082418602","0","0","0.012701433323054344","0.029889815397712717","0.00094297178003808851","0","0.95406462925739277","true","true"
"L19_SEED_2","295","0.0012077974388375878","1","7.4190869927406311","1","0.0012077945706036586","0","0","1","0.031608080513757429","0.0011396386616555673","0.03108489254486943","0.0072513909873034646","0","0","0.0097463094944803368","0.021293420197817253","0.00049100308139831859","0","0.96716928294166071","true","true"
"L19_SEED_2","296","0.0013660737313330173","1","7.4505739212036133","1","0.0013660857144123482","0","0","1","0.026499135297829934","0.00096691559132808214","0.025916711715532715","0.0060793185712869615","0","0","0.014912087212762116","0.026413704266840018","0.00081764888378872854","0","0.95652514379111131","true","true"
"L19_SEED_2","297","0.0025073960423469543","1","6.660841166973114","1","0.0025073948460687043","0","0","1","0.041039557990663014","0.0022486054894578426","0.039944927830498377","0.0094151203141514331","0","0","0.010177478814973849","0.038434413769660523","0.0010197335460675632","0","0.94736630131670052","true","true"
"L19_SEED_2","298","0.0022706221789121628","1","7.0861330032348633","1","0.0022706081826777344","0","0","1","0.039005590458425221","0.0019011218450842499","0.038095707790175522","0.0089484961600742041","0","0","0.012895786009568581","0.029882853695259802","0.00095561326457818056","0","0.95389018600590492","true","true"
"L19_SEED_2","299","0.0011735060252249241","1","7.4486681222915649","1","0.0011735026410449982","0","0","1","0.030772834067163107","0.0011196122776735479","0.030262271989902806","0.0070597723107952478","0","0","0.0097871914098198644","0.021304653520065355","0.00049179936285467069","0","0.96709262295488052","true","true"
"L19_SEED_2","300","0.0013271666830405593","1","7.4797974824905396","1","0.0013271634461936163","0","0","1","0.025788580075951563","0.00087434859417989045","0.025230703695949055","0.0059163060236041756","0","0","0.014636284572506422","0.026199804897913462","0.00081180461642905749","0","0.95720259163169952","true","true"
"L19_SEED_2","301","0.0024347240105271339","1","6.6918132901191711","1","0.0024347275755347993","0","0","1","0.039959137667559992","0.0021599967227587118","0.038901364559122117","0.0091672548928380827","0","0","0.0099319248756429817","0.038365493174089688","0.0010226300476995289","0","0.94775799389944859","true","true"
"L19_SEED_2","302","0.0022060589399188757","1","7.1162436008453369","1","0.0022060636111232205","0","0","1","0.037985279401652403","0.0018048612153728299","0.037111597359910001","0.0087144207502084202","0","0","0.012683331912348302","0.029582796083090633","0.00094828061586563108","0","0.95452793951854409","true","true"
"L19_SEED_2","303","0.0011406667763367295","1","7.4777007102966309","1","0.0011406739428300326","0","0","1","0.029973969091124542","0.0010733630787438746","0.029477899487158652","0.006876500116053872","0","0","0.0097467046670518444","0.021302668350758665","0.00049440700811457031","0","0.96717387523426679","true","true"
"L19_SEED_2","304","0.001289921929128468","1","7.5086902379989624","1","0.0012899148799434741","0","0","1","0.025117183453993011","0.0008514638528647608","0.024573674728574694","0.0057622770748593389","0","0","0.014638365517752404","0.02620799817647787","0.00081404699833992052","0","0.95719040270046296","true","true"
"L19_SEED_2","305","0.0023652813397347927","1","6.722331166267395","1","0.0023653001099342092","0","0","1","0.038918682636284424","0.0020262893091810038","0.037903090840622822","0.0089285581382786815","0","0","0.0097639661516280233","0.038014516939478805","0.0010202745404370977","0","0.94849050998884221","true","true"
"L19_SEED_2","306","0.0021443853620439768","1","7.145739734172821","1","0.0021443843712255265","0","0","1","0.037028846043839068","0.0017961311494693749","0.036170586590538227","0.0084949998895273871","0","0","0.012816468923853673","0.029697441887944511","0.00095226781558688028","0","0.95418096328614388","true","true"
"L19_SEED_2","307","0.0011092093773186207","1","7.5061957240104675","1","0.0011091889714257295","0","0","1","0.029210537449472201","0.0010504705109686658","0.028727662667924928","0.0067013568857241922","0","0","0.0097197010177857059","0.021278862064083442","0.00049658402326535319","0","0.96721158458673417","true","true"
"L19_SEED_2","308","0.0012542442418634892","1","7.5372117161750793","1","0.0012542501489283141","0","0","1","0.024473037353815404","0.00084928771046234651","0.023943523452898092","0.0056144998245672316","0","0","0.014574469344713698","0.02621325608995078","0.00081308064019209008","0","0.95719489601343521","true","true"
"L19_SEED_2","309","0.0022987679112702608","1","6.7524513006210327","1","0.0022987607955774324","0","0","1","0.037941342146283412","0.0020224902660934884","0.036944905965361513","0.008704340852523685","0","0","0.0099404810601876475","0.038030719342910767","0.0010226681102237327","0","0.94816463253026351","true","true"
"L19_SEED_2","310","0.0020853995811194181","1","7.1748284697532654","1","0.0020853832064769138","0","0","1","0.036107468027607302","0.0017562553246874631","0.035266664746437082","0.0082836212757613735","0","0","0.012910381373975991","0.029796992110224636","0.0009568298713687459","0","0.95396997915941373","true","true"
"L19_SEED_2","311","0.0010790586238726974","1","7.5342598557472229","1","0.0010790624974148129","0","0","1","0.028479916304147236","0.0010334642014094774","0.028008250998297922","0.0065337408994881156","0","0","0.0097933315320889065","0.021236887986634985","0.00050138305087158255","0","0.96715161671461647","true","true"
"L19_SEED_2","312","0.0012200736673548818","1","7.565316915512085","1","0.0012200869681280322","0","0","1","0.02385643422715842","0.00081836013645835044","0.023339848834170951","0.0054730413657583365","0","0","0.014618007008163479","0.02622828497772663","0.0008159290637224395","0","0.95716104612063091","true","true"
"L19_SEED_2","313","0.0022351297084242105","1","6.7820976972579956","1","0.0022351312076508666","0","0","1","0.03699937310724849","0.0019945113222607645","0.036025763759686059","0.0084882383341501402","0","0","0.0099198252065889458","0.038087214517354112","0.0010230223173101417","0","0.94806401376627603","true","true"
"L19_SEED_2","314","0.0020288845989853144","1","7.2035060524940491","1","0.0020288952904016179","0","0","1","0.03521316549629732","0.0017002499706568752","0.03439699669285462","0.0080784542042385936","0","0","0.012756360223350497","0.029775647266983223","0.00095527222213734233","0","0.95418132767293795","true","true"
"L19_SEED_2","315","0.0010501346550881863","1","7.5621305108070374","1","0.0010501303067832169","0","0","1","0.027771502593068303","0.0010215029469940497","0.0273093074729608","0.006371219648076974","0","0","0.0098812463833641406","0.021272111784955309","0.00050228156115988086","0","0.96699141418168089","true","true"
"L19_SEED_2","316","0.0011873128823935986","1","7.5930314660072327","1","0.0011872982915423806","0","0","1","0.023261690286257235","0.00078767692162561638","0.022758462363488819","0.0053365977480914215","0","0","0.014661763703972633","0.026167898341526264","0.00082240077290254582","0","0.9572013325173746","true","true"
"L19_SEED_2","317","0.0021741506643593311","1","6.8113276362419128","1","0.0021741419159775374","0","0","1","0.036080409525310726","0.0018887446020479628","0.035139718767036462","0.0082774136295995678","0","0","0.0098729362426412705","0.037837290598670484","0.0010138149274294837","0","0.94853562387423762","true","true"
"L19_SEED_2","318","0.0019747351761907339","1","7.2318187355995178","1","0.0019747408569844153","0","0","1","0.034354346952582132","0.0016404908207428627","0.033561769833038421","0.0078814277177705269","0","0","0.012725071043337042","0.029649041693908074","0.00095467346774466891","0","0.95439095460579559","true","true"
"L19_SEED_2","319","0.0010223828721791506","1","7.5897623896598816","1","0.0010223699487429477","0","0","1","0.027079768824659914","0.00096271014676658801","0.026632794975247613","0.0062125250379545145","0","0","0.0096838261548640534","0.021291988621805431","0.00049952098193499364","0","0.96726079776828766","true","true"
"L19_SEED_2","320","0.0011558480327948928","1","7.6203492283821106","1","0.0011558466052831078","0","0","1","0.02268726930194389","0.00075533073633270577","0.022199437996693255","0.0052048165364245247","0","0","0.014555318144791649","0.02605843904460637","0.00082030435053982969","0","0.95745750439898847","true","true"
"L19_SEED_4","1","3.4751482009887695","0","-0.26386126331635751","16.125","3.4751480542460818","1","1","0","2.4425124808279697","0.54860307882306913","0.59631191964977004","0.56035079327715509","0","0","0.46643946157440752","0.41912660115640843","0.0043823354635786757","0","0.059603724398005216","true","true"
"L19_SEED_4","2","3.4322302341461182","0","-0.40747480466961861","14.125","3.4322301989657698","1","1","0","1.9474838041801439","0.37722917985421756","0.93856675557359803","0.4467834261370211","0","0","0.34555969954628019","0.38142347992406322","0.0032324315478199118","0","0.23226438727138043","true","true"
"L19_SEED_4","3","3.6602611541748047","0","-0.81538496538996696","22.75","3.6602612199590165","1","1","0","4.186806400965656","0.57536455368317874","1.8353409377499188","0.96051926305150137","0","0","0.44701022124927653","0.33854675315932098","0.003395771503049658","0","0.19216210372951473","true","true"
"L19_SEED_4","4","3.4985828399658203","0","-0.53004258160945028","17.625","3.4985827558405171","1","1","0","3.2168972536599534","0.72914180043406418","1.2177126812217201","0.73800684423459284","0","0","0.49136434511117233","0.3099506713479076","0.0040204460178749025","0","0.14328980039469719","true","true"
"L19_SEED_4","5","3.2911908626556396","0","-0.36601873766630888","9.5","3.2911909997936668","1","1","0","2.2444881629269751","0.55977624241301427","1.2453708513022208","0.51492089906168104","0","0","0.34614964183521318","0.28077346533340641","0.0030096071619768426","0","0.30786672686400046","true","true"
"L19_SEED_4","6","3.1707384586334229","0.125","-0.41772076021879911","6.75","3.1707385089877009","0.875","0.88702863041949176","0","3.8885025571688852","1.3402106619403837","1.2533722042106108","0.89208366781045589","0","0","0.44109816133980678","0.33092090033290766","0.0052953684690391686","0","0.10389516583517525","true","true"
"L19_SEED_4","7","2.8631911277770996","0.5","0.0099988877773284912","1.625","2.8631910279533379","0.5","0.50568964327280164","0","3.5098192163621413","0.3603651590530399","2.8471638266808923","0.80520775127472055","0","0","0.1976638758969686","0.13213959876068712","0.0016099565690877815","0","0.65804473663180085","true","true"
"L19_SEED_4","8","3.03145432472229","0.25","-0.27600651606917381","6.125","3.0314543850067706","0.75","0.77758835901582812","0","2.8763080433098733","0.34938797200532179","2.4945201912698534","0.65987032059373418","0","0","0.12906233336004816","0.10290044888011599","0.0011341029715901461","0","0.75214791452202701","true","true"
"L19_SEED_4","9","3.0249557495117188","0.125","-0.46454975428059697","6.375","3.0249556854477402","0.875","0.88945506464330859","0","2.4256051585284939","0.43606327272356049","2.0267780046383979","0.55647198752403471","0","0","0.10880301765970246","0.15938075197682586","0.0013095343153579921","0","0.69818762980710414","true","true"
"L19_SEED_4","10","2.7983667850494385","0.25","-0.68187002651393414","5.5","2.7983667981148943","0.75","0.83554957746192382","0","2.8012931651815203","0.44403535583576087","2.3748986871843027","0.64266072727670731","0","0","0.14414850328711495","0.11025496844260319","0.0017287933105395411","0","0.71874204594387547","true","true"
"L19_SEED_4","11","2.2536444664001465","0.5","0.074493750929832458","1.625","2.2536443860999857","0.5","0.53015931901762081","0","4.6859984718153607","0.29809545604973403","4.3370140218332969","1.0750417783278521","0","0","0.082538006415393203","0.056040451733593524","0.00077617760354244244","0","0.85659861376872248","true","true"
"L19_SEED_4","12","2.7079744338989258","0","-0.50778218358755112","5.5","2.7079744739214799","1","1","0","4.0538843116898482","0.29721234378379585","3.835938582521178","0.93002484439268385","0","0","0.053271053065584766","0.045482495628075707","0.00050531761039818168","0","0.89536597880465962","true","true"
"L19_SEED_4","13","2.7768545150756836","0.125","-0.46263338625431061","5.125","2.7768545861918086","0.875","0.90033372958879898","0","3.9841900504062315","1.6323827932921606","2.4236646490721254","0.91403588429373606","0","0","0.29815918207953401","0.16019641114475089","0.0037240688500685946","0","0.37005388126279443","true","true"
"L19_SEED_4","14","2.4815263748168945","0.25","-0.79546479135751724","3.75","2.4815263625369148","0.75","0.88416096689645762","0","3.2719598057446349","0.46422993651826833","3.0987374815426842","0.75063906002988612","0","0","0.041325061713334672","0.041050041195300827","0.00057471050288790859","0","0.89691988106720988","true","true"
"L19_SEED_4","15","1.6499315500259399","0.5","0.16321763396263123","1.5","1.6499315925358975","0.5","0.57265732315733564","0","5.4838419039366206","0.21183758168424663","5.3207235201493521","1.2580796148217583","0","0","0.032755879459797216","0.023974469318685646","0.00038318785551167344","0","0.94139423198704142","true","true"
"L19_SEED_4","16","2.4965226650238037","0","-0.9503067210316658","4.5","2.4965227088990956","1","1","0","6.1370052584278811","0.68536101333461197","5.8324973324741416","1.4079255651297289","0","0","0.052274552869744403","0.031468642011923516","0.00055977415851660725","0","0.9032253267776118","true","true"
"L19_SEED_4","17","2.7121787071228027","0.25","-0.94835670664906502","5","2.7121788469314754","0.75","0.81266921547068838","0","7.7052993838047739","3.4956585890647838","4.7596421532239308","1.7677169128279597","0","0","0.27632271735625119","0.1308643496404534","0.0054310917088515372","0","0.38156591199441453","true","true"
"L19_SEED_4","18","2.1912996768951416","0.25","-0.81120821833610535","2.25","2.1912996152976345","0.75","0.9124140526093687","0","4.0494115400435717","0.4877787335125926","3.9063784149969565","0.92899872020301766","0","0","0.024937900824384254","0.029618793887668398","0.00032975584637859339","0","0.93060373391037055","true","true"
"L19_SEED_4","19","1.3149408102035522","0.5","0.18567109107971191","1.5","1.314940846756687","0.5","0.57656491105955909","0","5.6951160411461768","0.20817857429087652","5.5954516927464457","1.3065492260575586","0","0","0.018430751800479681","0.014691560243845681","0.00023518908671410092","0","0.96530631290643509","true","true"
"L19_SEED_4","20","2.2087345123291016","0","-0.57484391331672668","4.25","2.2087344585759885","1","1","0","6.3909322315070103","0.49695063032662468","6.1917077709285735","1.4661804080082077","0","0","0.030453820557080902","0.024558837216523129","0.00031514851334197978","0","0.93862577711405915","true","true"
"L19_SEED_4","21","2.0984885692596436","0.5","-0.21282514929771423","2.75","2.0984885660232977","0.5","0.62946674699362559","0","4.6020270749576309","1.6718906245607648","3.4253294749286329","1.0557774186935998","0","0","0.18034444209088857","0.13125215685817787","0.0024249237585311826","0","0.55399566260269029","true","true"
"L19_SEED_4","22","1.8341562747955322","0.25","-0.5335259884595871","1.75","1.8341562254334263","0.75","0.89055073845993893","0","3.9427991004632994","0.46570320725570585","3.801878362437995","0.90454014913697867","0","0","0.02109460349255228","0.034826365633917049","0.00033305415562970942","0","0.92979485395903116","true","true"
"L19_SEED_4","23","1.1329360008239746","1","0.21643233299255371","1","1.1329359566242696","0","0","0","5.6394727911243745","0.22771914255686534","5.5520233912525061","1.2937837890188637","0","0","0.015265627132331811","0.013684192626164788","0.00019254342807468994","0","0.96922713206301958","true","true"
"L19_SEED_4","24","2.0840921401977539","0","-0.58487321436405182","3.375","2.0840921986215277","1","1","0","10.600355982362215","4.7114896015818868","5.9086353732232793","2.431888446982827","0","0","0.36405295231598955","0.1217639693785629","0.0059393034056761766","0","0.31069443910143762","true","true"
"L19_SEED_4","25","1.6568293571472168","0.5","0.05995236337184906","2.25","1.6568294044219476","0.5","0.6644176064233609","0","3.9944816166875148","0.36586403556570979","3.76329905479317","0.91639693152483426","0","0","0.024456755724553261","0.07885447920177327","0.00070100166205375744","0","0.88759860128992729","true","true"
"L19_SEED_4","26","1.4998041391372681","0.5","0.017432272434234619","1.5","1.4998041634098378","0.5","0.58494415936527377","0","3.424283362750741","0.41779330086889654","3.2052386767542327","0.78558448064621633","0","0","0.050956739370506578","0.056838161577830525","0.0011630741079888195","0","0.87615583512915274","true","true"
"L19_SEED_4","27","0.97298502922058105","1","0.2524416446685791","1","0.97298503348285603","0","0","0","5.2743182746214643","0.28476530129979977","5.1842691384346482","1.2100115976391983","0","0","0.016099385437747752","0.014647350568459528","0.00019301812549560275","0","0.96614522631774902","true","true"
"L19_SEED_4","28","2.3210029602050781","0","-1.3852795362472534","4","2.3210030833504334","1","1","0","12.663448741200321","2.0943388117087194","11.755793650079875","2.9051943862947134","0","0","0.07231863740825914","0.037471077331673923","0.0010712814625385286","0","0.86178695336887456","true","true"
"L19_SEED_4","29","1.5120816230773926","0.75","0.17247495055198669","2","1.5120816326574107","0.25","0.38556487374525911","0","8.9957761120702173","4.8303933253402063","4.9570416624259872","2.0637725784858576","0","0","0.27078204336509493","0.1319765158697366","0.0052666383828796383","0","0.30364620792038838","true","true"
"L19_SEED_4","30","1.1886469125747681","1","0.3043922483921051","1","1.1886468653310358","0","0","0","2.7944781602765847","0.30386498697123432","2.6347713391403276","0.64109725792511008","0","0","0.039619063688623946","0.058468020905997245","0.001124532112767954","0","0.8889645068548625","true","true"
"L19_SEED_4","31","0.94923913478851318","1","0.32185715436935425","1","0.94923912230256269","0","0","0","5.8233559111112001","0.28357051854572396","5.7515515723045683","1.3359694699370497","0","0","0.011047001102943956","0.010957898227545462","0.00013263258901993042","0","0.97549122822142997","true","true"
"L19_SEED_4","32","1.7947478294372559","0","-0.67371907830238342","3.125","1.7947477957215376","1","1","0","11.256249656778076","1.936026745562105","10.438889333174597","2.5823607756400011","0","0","0.070782788090119925","0.038489829341657004","0.0010998994837802961","0","0.86004495595622776","true","true"
"L19_SEED_4","33","1.2750779390335083","0.375","-0.017947524785995483","1.75","1.2750779880140413","0.625","0.80079772049025755","0.25","7.8058606538229762","4.1704236631985063","3.7601446042153461","1.7907872503881412","0","0","0.29856028725603251","0.17649470415236135","0.0074599410720951652","0","0.23204248376299141","true","true"
"L19_SEED_4","34","0.96756398677825928","0.75","0.39321109652519226","1.25","0.96756401015490168","0.25","0.28378852069356586","0","2.6181992804514067","0.47943707723449236","2.3584822240410199","0.60065610934413616","0","0","0.067699906011738267","0.085860325245600125","0.0014615342474607949","0","0.81144635969626044","true","true"
"L19_SEED_4","35","1.1269903182983398","1","0.41295439004898071","1","1.12699036206077","0","0","0","8.9208294810150708","0.61829141507388807","8.6515258800302473","2.0465786421212151","0","0","0.031156490912967023","0.023156056720908185","0.00034878415657360655","0","0.94053496732871156","true","true"
"L19_SEED_4","36","1.3464429378509521","0.375","0.32825854420661926","2.5","1.346442881070897","0.625","0.85895453720526183","0.375","7.4151622286250625","0.54380123954229986","7.2414493577764087","1.701154884449289","0","0","0.021758397760340428","0.018940233710358717","0.00022775562282681587","0","0.95369538660192377","true","true"
"L19_SEED_4","37","0.77146875858306885","1","0.50073498487472534","1","0.77146873573488395","0","0","0.5","2.4882044316404341","0.2333644330968285","2.3626337512106739","0.57083324570477423","0","0","0.017921469878348341","0.07088142860509497","0.00078677077794400739","0","0.9016140878284834","true","true"
"L19_SEED_4","38","0.96922218799591064","0.75","0.22571223974227905","1.25","0.96922221541120734","0.25","0.36340488030989843","0.25","5.7587707609327978","2.4227759096436454","2.9493986585353289","1.3211526203117312","0","0","0.29073917157570722","0.26273238186069892","0.0072255498218002662","0","0.26230548668641934","true","true"
"L19_SEED_4","39","1.0782051086425781","0.75","0.50374376773834229","1.25","1.0782051139948301","0.25","0.32087872189486033","0","9.214115520251454","0.49889740295901097","9.0308915350566146","2.1138630740466207","0","0","0.020026549420983239","0.016201429805917347","0.00021521304261442803","0","0.96062513706993535","true","true"
"L19_SEED_4","40","1.124443531036377","0.75","0.52541592717170715","1.75","1.1244435069571275","0.25","0.46919026133006986","0.375","6.3686618881290578","0.64104578849027793","6.1659674929400019","1.4610712408386053","0","0","0.02871736284614524","0.023407867871588287","0.00038381937630197507","0","0.9373592640163716","true","true"
"L19_SEED_4","41","0.63499397039413452","0.875","0.61075016856193542","1.125","0.63499396225050975","0.125","0.17483697571694712","0.5","2.5773324989560527","0.5597601178282603","2.24556907854048","0.59128062667645165","0","0","0.071644807616039363","0.11967887875963412","0.0023839945786323894","0","0.75912263094638033","true","true"
"L19_SEED_4","42","1.0434117317199707","0.75","0.025434643030166626","1.5","1.0434116767828492","0.25","0.47260232042435557","0.25","8.2502367180420659","4.3694409963777456","3.6960854804404608","1.8927341112754754","0","0","0.26669868490182941","0.24469881065714635","0.0074097329896565837","0","0.20070176612592777","true","true"
"L19_SEED_4","43","0.9278484582901001","0.75","0.58633816242218018","1.25","0.92784843117791072","0.25","0.34776967073298443","0.5","8.373082438994965","0.45244189623459219","8.2544001804004381","1.9209168525007432","0","0","0.013206206921825718","0.011894550977779236","0.00012704303917719472","0","0.97185238703212085","true","true"
"L19_SEED_4","44","0.98155200481414795","0.75","0.66535830497741699","1.5","0.98155197167159081","0.25","0.4892337485401495","0.375","6.3468926889534778","0.75452052315445139","6.1011420147838358","1.4560770440339652","0","0","0.03331985714342358","0.027859129709077675","0.00062894224273791967","0","0.92405954456890993","true","true"
"L19_SEED_4","45","0.51600927114486694","1","0.74210980534553528","1","0.51600925312257573","0","0","0.875","2.1335394110955632","0.50902669838347758","1.885084963359009","0.48946750973825487","0","0","0.038315998779109968","0.12249322571723607","0.0016113546225473242","0","0.78065746898005317","true","true"
"L19_SEED_4","46","0.75586408376693726","0.75","0.59000480175018311","1.25","0.75586405911763954","0.25","0.39140522310018527","0.5","4.1913229223297197","1.3682037709409633","3.1761560942113136","0.96155542411478023","0","0","0.15749905342251061","0.15799745861584411","0.0036916697551342493","0","0.57425056458144763","true","true"
"L19_SEED_4","47","0.74735194444656372","1","0.76788002252578735","1","0.74735194938526672","0","0","0.5","6.7854931852557225","0.4982815130614428","6.6615755206346368","1.5566988987691375","0","0","0.015220720384359203","0.015375866955274802","0.00020174066698271442","0","0.96380921473178172","true","true"
"L19_SEED_4","48","0.82575887441635132","0.875","0.83069926500320435","1.25","0.82575890098251825","0.125","0.21905107388191081","0.375","5.938752872721647","0.61394069466933787","5.7636980263647919","1.3624433485713436","0","0","0.022537557113251755","0.024422434291135026","0.00043737528069874207","0","0.94191547272038412","true","true"
"L19_SEED_4","49","0.41465690732002258","1","1.0696895718574524","1","0.41465693928562553","0","0","1","2.1191517272825924","0.39380509895457477","1.9411992212845555","0.48616674869760446","0","0","0.040819462144164084","0.084335678471892869","0.001206901704629161","0","0.83910461922383117","true","true"
"L19_SEED_4","50","0.62233829498291016","1","0.74498742818832397","1","0.6223382815757974","0","0","0.5","1.789571446413839","0.65467851686071465","1.2489044955823496","0.41055584669283363","0","0","0.15252015097242644","0.22139658889269531","0.0052166103204442614","0","0.48703522665292287","true","true"
"L19_SEED_4","51","0.57527452707290649","1","1.0752795338630676","1","0.57527454578234349","0","0","0.75","5.857418070165112","0.35126242219696507","5.7495697618326549","1.3437838651536189","0","0","0.013794205950141384","0.018881071482195814","0.00021397375045714785","0","0.96351449001256262","true","true"
"L19_SEED_4","52","0.7179107666015625","0.75","0.89930051565170288","1.25","0.7179107535863698","0.25","0.45443859896791866","0.375","5.6453286028951837","1.452437304665416","4.842734161447785","1.2951272043736717","0","0","0.10777061159499829","0.08782532400437211","0.0023375189890566437","0","0.73587289423471058","true","true"
"L19_SEED_4","53","0.36111915111541748","1","1.4533960521221161","1","0.361119148260376","0","0","1","5.0640682765400031","2.7196828644188398","2.1784014649868144","1.1617769400330555","0","0","0.15672088137778079","0.36116531894600851","0.0086410590191994107","0","0.18504473631947199","true","true"
"L19_SEED_4","54","0.55322104692459106","0.75","0.89582568407058716","1.25","0.5532210235587367","0.25","0.39727356432628214","0.75","2.9677782567442974","0.45834326106626189","2.7661652954246714","0.68085502673608955","0","0","0.047785406707939702","0.058410568873614802","0.0012052709318912092","0","0.86874708286083646","true","true"
"L19_SEED_4","55","0.41676563024520874","1","1.4381555318832397","1","0.4167656337444729","0","0","1","4.8672156733088965","0.29964722546885564","4.7678389380774666","1.1166158555984609","0","0","0.016507171045271069","0.019882191298019724","0.00023873227237035066","0","0.95958172971137368","true","true"
"L19_SEED_4","56","0.57063406705856323","0.875","1.0930098295211792","1.125","0.57063408079340261","0.125","0.28421146364032052","0.75","4.9243762909212823","1.3533514814994154","4.0331628965245212","1.1297294006365008","0","0","0.13515019975189604","0.11563443184955079","0.0028916617353172513","0","0.67079383582064878","true","true"
"L19_SEED_4","57","0.33840698003768921","1","1.4071734547615051","1","0.33840696605415194","0","0","1","3.1463819076195678","0.90605680981648007","2.5503676200016976","0.72182951437360121","0","0","0.067013087222219256","0.18957298702985587","0.0034622302086545318","0","0.65702621718887855","true","true"
"L19_SEED_4","58","0.44947448372840881","1","1.0579797625541687","1","0.44947450627987684","0","0","1","1.7465091248798277","0.34726525791915752","1.5864482793663033","0.40067667259593825","0","0","0.045294309578876195","0.08856343730372436","0.0015006166516713547","0","0.82510670819866361","true","true"
"L19_SEED_4","59","0.29208362102508545","1","1.8918395638465881","1","0.29208363684076","0","0","1","4.2173838021755428","0.21520598715517095","4.1483297975193993","0.96753419998992218","0","0","0.012528458673803311","0.017128641960993795","0.00021823196222679988","0","0.9675207785191059","true","true"
"L19_SEED_4","60","0.40793249011039734","1","1.3104463815689087","1","0.40793250708636308","0","0","0.75","3.1616868143587178","0.45760792187328786","3.0192061804686507","0.72534070078498381","0","0","0.024745136690503509","0.041640117823594669","0.00076509030590956424","0","0.91190132684631742","true","true"
"L19_SEED_4","61","0.25798922777175903","1","1.6781685352325439","1","0.25798925635610037","0","0","1","2.2259534346941043","0.7201135978986325","1.72242561071527","0.51066874078204549","0","0","0.12476943307114742","0.16863176716717285","0.0031869045180626253","0","0.59875451157440274","true","true"
"L19_SEED_4","62","0.36701107025146484","1","1.2619178891181946","1","0.36701109446779684","0","0","1","1.7813680491297548","0.36642444630580723","1.6228956667095282","0.40867385828467362","0","0","0.036321065767317792","0.089803839832567289","0.001571330473403617","0","0.82999195784776458","true","true"
"L19_SEED_4","63","0.19624759256839752","1","2.3894055485725403","1","0.19624759819419393","0","0","1","3.2514742915363812","0.2874662864887777","3.144360034463809","0.74593936075408385","0","0","0.026902789863670243","0.029628613241094382","0.00045339908102971175","0","0.93519868240290838","true","true"
"L19_SEED_4","64","0.31180116534233093","1","1.5536887049674988","1","0.3118011643115523","0","0","1","2.7438940149791478","0.73604382692610204","2.3689713609928451","0.62949245910948337","0","0","0.075089649184041249","0.1053394380855147","0.0022215803172706203","0","0.74539239272936153","true","true"
"L19_SEED_4","65","0.17091350257396698","1","2.1533600687980652","1","0.17091350338300737","0","0","1","1.3701321803783608","0.35336986460851832","1.19643224995808","0.31432987966117454","0","0","0.051206157315432509","0.11714661773612796","0.0026099190104229265","0","0.76252008646543612","true","true"
"L19_SEED_4","66","0.29894337058067322","1","1.6065696477890015","1","0.29894338012754462","0","0","1","2.1307733329960836","0.43449087121042712","1.8780130869703751","0.48883292790111943","0","0","0.068074963287922063","0.11127948685575918","0.0022411696977917158","0","0.77682415787594494","true","true"
"L19_SEED_4","67","0.1209837943315506","1","2.8820587396621704","1","0.12098379133153012","0","0","1","1.8969129754757597","0.093311689434728673","1.8613030160235315","0.43518168235736232","0","0","0.013780374983029704","0.020661507858874145","0.00033108872846035324","0","0.96280724058641132","true","true"
"L19_SEED_4","68","0.2329985648393631","1","1.9465178847312927","1","0.2329985796686187","0","0","1","3.1054937733653669","1.0921526237867512","2.2407949107484137","0.71244913304707569","0","0","0.15694754115941051","0.19428712147770258","0.0044372390193082832","0","0.5206464281527029","true","true"
"L19_SEED_4","69","0.13278961181640625","1","2.568299412727356","1","0.13278962168212832","0","0","1","1.5351400011788146","0.47935671252642992","1.2829223077560152","0.35218526996449279","0","0","0.094366509648005012","0.10636853732200485","0.0033603143439064399","0","0.69840081437538004","true","true"
"L19_SEED_4","70","0.21700850129127502","1","1.8850953578948975","1","0.21700849979957818","0","0","1","1.7593628772588703","0.30498018095770513","1.6052620191253593","0.40362552563096682","0","0","0.056937044227540319","0.078771674964200483","0.0017483082776896452","0","0.83249380898509939","true","true"
"L19_SEED_4","71","0.084800086915493011","1","3.2560185790061951","1","0.084800101365476152","0","0","1","1.4424167361087197","0.12172223602355153","1.3920750403445723","0.33091309406156239","0","0","0.027510464352013327","0.033384377256824728","0.00056767263864867764","0","0.9314162012302234","true","true"
"L19_SEED_4","72","0.19196514785289764","1","2.4489220976829529","1","0.19196515564446076","0","0","1","3.7923311722070836","1.7717269495679551","1.8662775381873034","0.8700204389520958","0","0","0.24481857340880508","0.28672802875291031","0.0080089880217663282","0","0.24218093213434408","true","true"
"L19_SEED_4","73","0.10419332981109619","1","2.8774455785751343","1","0.1041933202654791","0","0","1","1.3338374309695924","0.33339230531963554","1.1804095653424833","0.30600329308991381","0","0","0.064295709874677157","0.087462653685010078","0.0025902847892958019","0","0.78317648427951936","true","true"
"L19_SEED_4","74","0.1520678699016571","1","2.3905666470527649","1","0.15206786883600867","0","0","1","1.158523872008687","0.17512517716276579","1.0757189121881836","0.26578360430343773","0","0","0.034892985882235529","0.078584319298715066","0.0015131108909664272","0","0.86215953148772606","true","true"
"L19_SEED_4","75","0.054112832993268967","1","3.752557098865509","1","0.054112843910692515","0","0","1","0.97090827388592993","0.040016209951404702","0.95253234479901117","0.22274163417454101","0","0","0.012530804453868767","0.022876136884217219","0.00038921888137553206","0","0.96250514441538326","true","true"
"L19_SEED_4","76","0.19266515970230103","1","1.9069606065750122","1","0.19266516841348452","0","0","1","4.3899506326246982","1.6831586796655458","2.9036770555406526","1.007123746039132","0","0","0.17769866752390645","0.23171181279589659","0.0060856548712586037","0","0.43749929036948643","true","true"
"L19_SEED_4","77","0.087981350719928741","1","2.9341993927955627","1","0.087981348825536362","0","0","1","1.2308652969715119","0.31597809153237411","1.0641530809118906","0.2823798654005264","0","0","0.081574089824176355","0.10345444794554906","0.0016117011666326854","0","0.74745862693823473","true","true"
"L19_SEED_4","78","0.11229444295167923","1","2.74726402759552","1","0.1122944245893901","0","0","1","0.92418028235060234","0.15152734844034765","0.84905550781340622","0.21202149770416642","0","0","0.041761672462567796","0.085289350240974213","0.0020348159101136703","0","0.8440317235446978","true","true"
"L19_SEED_4","79","0.043764084577560425","1","3.9554452300071716","1","0.043764084124095111","0","0","1","1.0069942140021071","0.15218380417560684","0.92695667773552115","0.23102031660870295","0","0","0.066168372540708328","0.062382918968381211","0.001255322386276108","0","0.84735407912929728","true","true"
"L19_SEED_4","80","0.072459347546100616","1","3.0324098467826843","1","0.072459345052416996","0","0","1","0.94143594317346235","0.29906609187620348","0.74396176519032242","0.21598021779526436","0","0","0.10521940201552586","0.16617930593806787","0.0032053208390877535","0","0.62448165065534944","true","true"
"L19_SEED_4","81","0.06725088506937027","1","3.1423909664154053","1","0.067250877062295919","0","0","1","0.94499431917303933","0.13221343390904858","0.89167759602131835","0.21679656523659468","0","0","0.018246340068814849","0.070668225136571311","0.0011679107703370748","0","0.89034292950209426","true","true"
"L19_SEED_4","82","0.084753803908824921","1","3.0176172256469727","1","0.084753807701962225","0","0","1","0.66929768675308621","0.12082425731307608","0.61807314613721864","0.15354741998432864","0","0","0.029251759954909855","0.083409292142233665","0.0019620121976675511","0","0.8527880417846434","true","true"
"L19_SEED_4","83","0.034281756728887558","1","4.2871852517127991","1","0.034281760420531188","0","0","1","0.83852158652658648","0.12074386067901764","0.77701971976077","0.19237004513930461","0","0","0.061818869878620543","0.057549646690524987","0.0012082171990250429","0","0.85868838170495387","true","true"
"L19_SEED_4","84","0.07620915025472641","1","3.6190636157989502","1","0.076209145852970936","0","0","1","2.2840080768341315","0.86496743228988804","1.6329501113045102","0.52398738911319276","0","0","0.14013793794558999","0.19985501553117482","0.0054362688997482197","0","0.51115258644857453","true","true"
"L19_SEED_4","85","0.050104349851608276","1","3.463176965713501","1","0.050104323789172019","0","0","1","0.71296575601234724","0.076941314669720443","0.68518240227118876","0.1635655621401525","0","0","0.013975184239462613","0.049930670978309763","0.00086686275219833631","0","0.9235811458716251","true","true"
"L19_SEED_4","86","0.066703550517559052","1","3.2928737998008728","1","0.066703553295667239","0","0","1","0.56244975286142929","0.064668577652766956","0.53515048920429176","0.12903482281802089","0","0","0.017263724737873447","0.063053057866657547","0.0011805333925205268","0","0.90528305834238365","true","true"
"L19_SEED_4","87","0.024928463622927666","1","4.6940498352050781","1","0.024928471653644441","0","0","1","0.55825019366581596","0.019295215179741282","0.54986014790891269","0.12807137786322642","0","0","0.0105849222459322","0.017682555070843514","0.00037036520980403677","0","0.97016750527250584","true","true"
"L19_SEED_4","88","0.032666042447090149","1","4.0094188451766968","1","0.032666033595020134","0","0","1","0.51114077488665177","0.092470959131285502","0.47499580282008691","0.11726373598178881","0","0","0.033072402213825333","0.06925042686586648","0.00137652597224458","0","0.86357187597597551","true","true"
"L19_SEED_4","89","0.038071215152740479","1","3.7803855538368225","1","0.038071225821818204","0","0","1","0.55355929082313748","0.090335596826091324","0.5190520744574062","0.12699521094505781","0","0","0.029422004761707934","0.063363133138221686","0.0013718024147150337","0","0.87921193255450514","true","true"
"L19_SEED_4","90","0.054364487528800964","1","3.5325006246566772","1","0.054364508418204671","0","0","1","0.53333781409107472","0.089277459636047052","0.49363384524907383","0.12235608602062516","0","0","0.027795036764364473","0.085985877177074441","0.0015450676544070047","0","0.85665332392420424","true","true"
"L19_SEED_4","91","0.020414438098669052","1","4.8686105012893677","1","0.020414468107156507","0","0","1","0.4687907778380222","0.0392708941027793","0.45230317294535749","0.10754798032946135","0","0","0.027614312288662766","0.033829793508376539","0.00064240858811128669","0","0.93089596884216452","true","true"
"L19_SEED_4","92","0.027777256444096565","1","4.0524311065673828","1","0.027777252945129519","0","0","1","0.60012845859987685","0.1690182794730771","0.49258530857385852","0.13767891074629979","0","0","0.085896692009723469","0.15768144811072857","0.0033902695126210311","0","0.67371228372622227","true","true"
"L19_SEED_4","93","0.029459303244948387","1","4.0630926489830017","1","0.029459316939559332","0","0","1","0.44411732363374434","0.074641652883095086","0.41693083949561027","0.10188750172606524","0","0","0.029678048208876401","0.059412047126744395","0.0013453034398894659","0","0.88131794346619163","true","true"
"L19_SEED_4","94","0.043596964329481125","1","3.7672695517539978","1","0.043597012303382282","0","0","1","0.43035190240034649","0.062188593816656049","0.4024141319149887","0.098729497511767864","0","0","0.022814838518454183","0.080607147532735374","0.0013183814483370415","0","0.87437753979845512","true","true"
"L19_SEED_4","95","0.017379840835928917","1","4.9414891600608826","1","0.017379855708229908","0","0","1","0.40266486507935312","0.037221144436263197","0.3854267961377329","0.092377655526070537","0","0","0.033780176152544597","0.040714843608988499","0.00074761328226418994","0","0.91621276233860705","true","true"
"L19_SEED_4","96","0.023492665961384773","1","4.2120446562767029","1","0.023492666770825548","0","0","1","0.58836269969866772","0.18360546767872299","0.45401561944729568","0.1349796605334348","0","0","0.10292305658655991","0.20019878997540974","0.0040373851541544532","0","0.59545826007652114","true","true"
"L19_SEED_4","97","0.023499727249145508","1","4.2803945541381836","1","0.023499709684323737","0","0","1","0.36372807689957626","0.024828738744528005","0.35355479663192102","0.083444943691244403","0","0","0.011959487790733253","0.037880516636014737","0.00065696214198954423","0","0.94484335802581265","true","true"
"L19_SEED_4","98","0.034888684749603271","1","3.9942055940628052","1","0.034888695581797531","0","0","1","0.32553748739180272","0.032547648102652732","0.31011353857058127","0.074683421572369166","0","0","0.015967812575019474","0.065404966651769494","0.0011460026276141223","0","0.90748496583372995","true","true"
"L19_SEED_4","99","0.014820130541920662","1","5.1062187552452087","1","0.014820107308987158","0","0","1","0.33647206998898155","0.0183783825814136","0.32831584259127072","0.077191986863469231","0","0","0.01726828473096496","0.027170592476941077","0.0004709481315320073","0","0.95210673996508088","true","true"
"L19_SEED_4","100","0.01636791042983532","1","4.6182959675788879","1","0.016367939331061562","0","0","1","0.30861101789012424","0.061023949400184505","0.2821785450762771","0.070800223149803915","0","0","0.042433002671562463","0.080367000105858385","0.0020636230070642915","0","0.83603628318100442","true","true"
"L19_SEED_4","101","0.019792281091213226","1","4.4488465189933777","1","0.019792305001903026","0","0","1","0.33609254821115542","0.05221856778927924","0.31626079231533033","0.077104918596289374","0","0","0.033345614144066435","0.055680727543023091","0.0013657971583417112","0","0.88546814576679367","true","true"
"L19_SEED_4","102","0.028725339099764824","1","4.1774238348007202","1","0.028725338098684255","0","0","1","0.26893233200110628","0.033777502694502741","0.25459224812185277","0.061697308307555355","0","0","0.019845683377812274","0.066704655881721864","0.0014759584918469127","0","0.89619871419521413","true","true"
"L19_SEED_4","103","0.013097001239657402","1","5.1474618315696716","1","0.013097011875909045","0","0","1","0.30512734483412768","0.014278611795836229","0.29929507884278655","0.070001013739097367","0","0","0.012794722397829734","0.022461305438289076","0.00041719875900100861","0","0.96213694687635731","true","true"
"L19_SEED_4","104","0.013023680076003075","1","4.9493207335472107","1","0.013023679766899471","0","0","1","0.21655187525702194","0.017754395301725574","0.21080463625065979","0.049680407383136033","0","0","0.0145516998067116","0.030233392988616093","0.00086827080354915829","0","0.94762480101521973","true","true"
"L19_SEED_4","105","0.016642125323414803","1","4.6374908685684204","1","0.016642126455028106","0","0","1","0.28803286697475272","0.046763518668372368","0.27040171842168648","0.066079271555854788","0","0","0.034553115688514845","0.056333670642287823","0.0014317495159485011","0","0.88132238289292431","true","true"
"L19_SEED_4","106","0.024256639182567596","1","4.3588261604309082","1","0.024256631272579529","0","0","1","0.23449718171083334","0.024424958593837726","0.2232890216236097","0.053797343032769306","0","0","0.01832042527763271","0.062808307218709378","0.0013308206593712361","0","0.90669137919539777","true","true"
"L19_SEED_4","107","0.011865723878145218","1","5.1949809789657593","1","0.011865733197233745","0","0","1","0.29506261915770854","0.025742983342966916","0.28460719459750677","0.067692007311835778","0","0","0.027261335114396108","0.034053265974280635","0.00068714438392215686","0","0.93038641953747181","true","true"
"L19_SEED_4","108","0.01130138523876667","1","5.0837494134902954","1","0.011301398135384838","0","0","1","0.18995173257444051","0.02007797841687765","0.18176840763050198","0.043577916128549964","0","0","0.024403110219730236","0.047671538597884741","0.0010589438833283091","0","0.91569382794993404","true","true"
"L19_SEED_4","109","0.014011748135089874","1","4.8313649296760559","1","0.014011730372099736","0","0","1","0.23388728246980309","0.026451700436529439","0.22493222420784714","0.053657422550801255","0","0","0.018677842246466101","0.042667030908144873","0.00097431772870996264","0","0.92489011904705465","true","true"
"L19_SEED_4","110","0.020909218117594719","1","4.5263634920120239","1","0.020909218553604801","0","0","1","0.21382361403979225","0.017367591148257953","0.20439281421491784","0.049054501333794694","0","0","0.017594436928957978","0.060864450130890958","0.0012095149686192389","0","0.91373427353029313","true","true"
"L19_SEED_4","111","0.010555913671851158","1","5.31504225730896","1","0.010555935489735923","0","0","1","0.26904205594361041","0.023676143969332132","0.2595380199605215","0.061722480706348115","0","0","0.027307062525805049","0.03366383123513552","0.00068785973950518081","0","0.93059695666799935","true","true"
"L19_SEED_4","112","0.0099839810281991959","1","5.2001539468765259","1","0.0099839779185217255","0","0","1","0.17089313355500435","0.021092983293145531","0.16204061371532386","0.039205573647961248","0","0","0.028966303588990789","0.055513785462875095","0.0012050560767320245","0","0.89908040448145232","true","true"
"L19_SEED_4","113","0.012126789428293705","1","5.0068011283874512","1","0.012126793596283349","0","0","1","0.19789843026814516","0.012445249534054957","0.19294625350064562","0.045401013611798713","0","0","0.010070341053263199","0.034727721451291667","0.00066862459810509902","0","0.9505785311692222","true","true"
"L19_SEED_4","114","0.018273541703820229","1","4.6678040623664856","1","0.018273547744100862","0","0","1","0.19680484331803066","0.015114720389038055","0.18836649112745574","0.045150127559086935","0","0","0.017384106076761018","0.059447914983916675","0.001184739842581263","0","0.9160849144763048","true","true"
"L19_SEED_4","115","0.0092756608501076698","1","5.4984655380249023","1","0.0092756652169689729","0","0","1","0.23394494137853619","0.013440800457093499","0.22913374801266356","0.053670650411662434","0","0","0.014631963766741645","0.022325728743270962","0.00044952817944964523","0","0.95929195089351915","true","true"
"L19_SEED_4","116","0.0088638151064515114","1","5.322378933429718","1","0.0088638428594570856","0","0","1","0.15178042970993944","0.016808458503802057","0.14512744641966593","0.03482081866909497","0","0","0.023952643924944866","0.048457990078137593","0.0010701535192812423","0","0.91425543627712502","true","true"
"L19_SEED_4","117","0.010789968073368073","1","5.147365927696228","1","0.010789964980507631","0","0","1","0.17670795717614576","0.011563646906290217","0.17208488935138519","0.040539585676333284","0","0","0.011549869596917938","0.035141260893756132","0.00066649337918270432","0","0.94836007275008249","true","true"
"L19_SEED_4","118","0.016093624755740166","1","4.7868419289588928","1","0.016093634548944524","0","0","1","0.17873055409467634","0.015120741930936654","0.17099512081910356","0.041003601232722314","0","0","0.017068051877382352","0.05931648883220806","0.0011447423694071843","0","0.91531342717412634","true","true"
"L19_SEED_4","119","0.0082709062844514847","1","5.6713759899139404","1","0.0082709144355989396","0","0","1","0.20895562785368341","0.0062175270386972204","0.20620403155629063","0.047937708710436781","0","0","0.0084386722521283299","0.016515411865947585","0.00032379258520825788","0","0.97383674836766587","true","true"
"L19_SEED_4","120","0.0079660313203930855","1","5.4247511029243469","1","0.0079660299579186397","0","0","1","0.13619148808851531","0.012227625698543713","0.13179757121770239","0.031244470186750611","0","0","0.016839113817382442","0.037713709698836237","0.0008709466299258999","0","0.93651531485467476","true","true"
"L19_SEED_4","121","0.0097584584727883339","1","5.2660120129585266","1","0.009758462712821693","0","0","1","0.16141390882557061","0.011555766584904417","0.15694276313212391","0.037030890350134224","0","0","0.012870878557887181","0.035955056460473082","0.00068128249353642555","0","0.94536752589824014","true","true"
"L19_SEED_4","122","0.014251544140279293","1","4.8952226638793945","1","0.014251554769696754","0","0","1","0.1596760531568841","0.013614967390485174","0.15295669561526745","0.036632198916541396","0","0","0.016141001228457987","0.057854997878412737","0.0011252230934018725","0","0.91760845602719554","true","true"
"L19_SEED_4","123","0.0074981660582125187","1","5.7788765430450439","1","0.0074981621608148745","0","0","1","0.19319061624595746","0.0065373795423653291","0.19038891877402628","0.044320967002972403","0","0","0.0099247198982153218","0.017378739859236839","0.0003456346116452467","0","0.97120582691145296","true","true"
"L19_SEED_4","124","0.0072687002830207348","1","5.518750011920929","1","0.0072687093798408826","0","0","1","0.12505207373915286","0.0089543155321130871","0.12206257975819838","0.028688913268903358","0","0","0.0119594717650751","0.029414400274268549","0.00073938490150125792","0","0.9527595107899508","true","true"
"L19_SEED_4","125","0.0089105702936649323","1","5.3733447194099426","1","0.0089105702737011273","0","0","1","0.1486192313415228","0.0095349542720400415","0.14481101890691864","0.034095590025494248","0","0","0.011288321132438694","0.034542701994800445","0.00064418676908582306","0","0.94940867787527783","true","true"
"L19_SEED_4","126","0.012705376371741295","1","5.0023156404495239","1","0.012705368132956535","0","0","1","0.14269048805491852","0.012914844737555222","0.13667750473733817","0.032735443033467759","0","0","0.015811429930765564","0.05731138815575007","0.0011895152926507482","0","0.91749569701923128","true","true"
"L19_SEED_4","127","0.0068401917815208435","1","5.8766745328903198","1","0.0068402005894810875","0","0","1","0.17986016104721606","0.0069728501895779636","0.17704168280530491","0.041262750840724498","0","0","0.01113924865612482","0.018081946359966891","0.00037104560779449851","0","0.96890478798734792","true","true"
"L19_SEED_4","128","0.0067161163315176964","1","5.6050060391426086","1","0.0067161050021285387","0","0","1","0.11718482556414976","0.007342872227565681","0.11484867236471437","0.026884042755293186","0","0","0.0097545698979843044","0.025107579252238266","0.00068532783064982996","0","0.96052617142809349","true","true"
"L19_SEED_4","129","0.0082017360255122185","1","5.4626444578170776","1","0.0082017246252582224","0","0","1","0.13801760241068303","0.0080279801812271259","0.1347818053256411","0.031663409544102267","0","0","0.0093884372058738886","0.032944112627948462","0.00062409553860936628","0","0.95366003034408053","true","true"
"L19_SEED_4","130","0.011411518789827824","1","5.1088239550590515","1","0.011411520788130309","0","0","1","0.12802975691602017","0.010745035493783552","0.12300213111984371","0.029372040640158397","0","0","0.014329534866564908","0.054439394099584898","0.0011838092139407695","0","0.92300367508294112","true","true"
"L19_SEED_4","131","0.0062531721778213978","1","5.9790055751800537","1","0.0062531954762142464","0","0","1","0.16668892755197623","0.0053207547130688987","0.16441964623610272","0.038241062642433529","0","0","0.0094668774762867933","0.016210437168574812","0.00034618371256180341","0","0.97295759833523021","true","true"
"L19_SEED_4","132","0.0062579093500971794","1","5.6851558089256287","1","0.006257920320468768","0","0","1","0.11109407982044479","0.0063543521226952808","0.10909770730072732","0.025486729850682108","0","0","0.0087217953462555512","0.022968224913468328","0.00065566537837217218","0","0.96438271042245827","true","true"
"L19_SEED_4","133","0.007598459254950285","1","5.5444086790084839","1","0.0075984676638315369","0","0","1","0.12925103707341049","0.0082691726388497699","0.12619054013971784","0.029652221523727654","0","0","0.0091432960345709177","0.032897295281578094","0.00066299914926431396","0","0.95320327475837674","true","true"
"L19_SEED_4","134","0.010337235406041145","1","5.211945116519928","1","0.010337230814386193","0","0","1","0.11637080168113005","0.0083282162028571124","0.11209192253387348","0.026697292868782054","0","0","0.013217411963437529","0.052687731024258173","0.0011598575586812771","0","0.92781327830441784","true","true"
"L19_SEED_4","135","0.0057432386092841625","1","6.0779980421066284","1","0.0057432418868444291","0","0","1","0.15480931667115164","0.0034360591820448106","0.15303867546792504","0.035515692994112447","0","0","0.0076051591317297775","0.014328066594096691","0.00031844396804513186","0","0.97725569324184047","true","true"
"L19_SEED_4","136","0.0058615719899535179","1","5.752142071723938","1","0.005861576215574071","0","0","1","0.10589761844638436","0.0058473121207862754","0.10405532625565421","0.024294579851022007","0","0","0.0085006019862577872","0.022297175715552831","0.00064452681677133695","0","0.96550881664041277","true","true"
"L19_SEED_4","137","0.0070686121471226215","1","5.6212419867515564","1","0.0070686091717783572","0","0","1","0.12137002688986744","0.0087179164927484818","0.11836367322188013","0.027844193788828752","0","0","0.0098201713359345449","0.033235899730674055","0.00071122757101271252","0","0.95107326199556996","true","true"
"L19_SEED_4","138","0.0094418264925479889","1","5.3082414269447327","1","0.0094418277909603509","0","0","1","0.10719653109093384","0.0069738743885275371","0.10336922473418016","0.02459257084860508","0","0","0.01303069230768851","0.051707738772623191","0.0011616983313258566","0","0.92986746988344693","true","true"
"L19_SEED_4","139","0.0053106737323105335","1","6.1677250862121582","1","0.005310686441524045","0","0","1","0.14482315191358019","0.002923371656415364","0.14325224095589731","0.033224709677701851","0","0","0.0071063508102699692","0.013747131684411613","0.00031558781041861458","0","0.97842346304042327","true","true"
"L19_SEED_4","140","0.0055085299536585808","1","5.8170242309570312","1","0.0055085134625616197","0","0","1","0.10106575088089659","0.0052587466777712305","0.099359273570037973","0.023186073407520266","0","0","0.0083596700796863127","0.021795718570434091","0.00062173469441679423","0","0.96651545132804018","true","true"
"L19_SEED_4","141","0.0065911710262298584","1","5.6945031881332397","1","0.0065911698098114228","0","0","1","0.11381383716498086","0.0083714601883235797","0.11095546795689025","0.026110684977828702","0","0","0.010270720324475326","0.033184705054505444","0.00073250520692959417","0","0.95040188210491117","true","true"
"L19_SEED_4","142","0.0086828377097845078","1","5.3966962099075317","1","0.0086828243792776028","0","0","1","0.099734866297847738","0.006399459867020332","0.096183462170192219","0.022880747544203099","0","0","0.013170694656430027","0.051482513737062204","0.0011786209500527509","0","0.93005105923924736","true","true"
"L19_SEED_4","143","0.0049401023425161839","1","6.2457913160324097","1","0.0049401046435512928","0","0","1","0.13621742438874088","0.0033523084874707114","0.13468965242067832","0.031250420382100748","0","0","0.0074433231642634908","0.01393377996438918","0.0003228275731988363","0","0.97769441803887747","true","true"
"L19_SEED_4","144","0.0051894770003855228","1","5.8807148337364197","1","0.0051894954035013909","0","0","1","0.096492030283524599","0.0047143107292045338","0.094896551893291853","0.022136789940155267","0","0","0.0084018108866547245","0.021401235176143667","0.00060618839095279457","0","0.96720375949660053","true","true"
"L19_SEED_4","145","0.006157824769616127","1","5.7650494575500488","1","0.0061578283089774311","0","0","1","0.1065721954957667","0.0073126027874251551","0.10397491025091198","0.024449338439858297","0","0","0.01007645246229048","0.03264320532944251","0.00072044438192982218","0","0.95185168439667578","true","true"
"L19_SEED_4","146","0.0080279801040887833","1","5.4777207374572754","1","0.008027976995576145","0","0","1","0.093354234916609255","0.0059229085576274418","0.090044951583041127","0.021416930313318733","0","0","0.013265466246983505","0.051167460200603761","0.0011824678020979935","0","0.93035927095505133","true","true"
"L19_SEED_4","147","0.004615644458681345","1","6.310931921005249","1","0.0046156571097778478","0","0","1","0.12843265877731894","0.0034936481174014087","0.12695688503845998","0.029464472666346067","0","0","0.0076713905738477663","0.01411018036064904","0.0003277202435198397","0","0.97715075030340159","true","true"
"L19_SEED_4","148","0.0048993900418281555","1","5.9424757957458496","1","0.0048994279753773358","0","0","1","0.092147173926908854","0.0043400860426117656","0.090630134299175061","0.021140011530540088","0","0","0.0085685302891636509","0.021270341012348554","0.00059817715676062052","0","0.96734458841224258","true","true"
"L19_SEED_4","149","0.0057669659145176411","1","5.8333547115325928","1","0.0057669316467044611","0","0","1","0.099901986899439826","0.0060870701014996169","0.097575255839442487","0.022919087639662234","0","0","0.0096244450355767574","0.032005954454689171","0.00069492977495168881","0","0.95396215455474553","true","true"
"L19_SEED_4","150","0.0074553778395056725","1","5.5527660250663757","1","0.0074553694023387143","0","0","1","0.087753714896270166","0.0056145926684039267","0.08466885258325102","0.020132082902795868","0","0","0.01315584163949351","0.050646652446987135","0.0011754025648970056","0","0.9309285025636872","true","true"
"L19_SEED_4","151","0.0043274564668536186","1","6.3714924454689026","1","0.0043274598965639599","0","0","1","0.12125949369507943","0.0033068578756575233","0.1198822735436702","0.027818835734829406","0","0","0.007555781863642419","0.013961639138791192","0.00032513510794957142","0","0.97741374084621835","true","true"
"L19_SEED_4","152","0.0046339156106114388","1","6.0019932389259338","1","0.0046339105044108488","0","0","1","0.087936641943815369","0.0039277916180015839","0.08651733448296399","0.020174049245653226","0","0","0.0085799136315771081","0.020856162363655593","0.00058858417000270664","0","0.96798027449449298","true","true"
"L19_SEED_4","153","0.0054160980507731438","1","5.8997825980186462","1","0.005416097498621303","0","0","1","0.093951252505136723","0.0051240831846135872","0.09183035203383752","0.021553895541524395","0","0","0.0093790491458024955","0.031606169125025153","0.0006795398798791776","0","0.95536065129522296","true","true"
"L19_SEED_4","154","0.0069485963322222233","1","5.6237205862998962","1","0.006948617903814556","0","0","1","0.082767652866307856","0.0054000487972801535","0.079892127724057835","0.018988201823067923","0","0","0.012941702466476109","0.049914209359008394","0.001164636006784742","0","0.93172274191538296","true","true"
"L19_SEED_4","155","0.0040699099190533161","1","6.4295297861099243","1","0.0040699048854663028","0","0","1","0.11470179535291201","0.002940483901025576","0.11343757902032529","0.026314396557159302","0","0","0.0072789030051744717","0.01366515066217767","0.00032079930447819117","0","0.97807794759430411","true","true"
"L19_SEED_4","156","0.0043900832533836365","1","6.0589415431022644","1","0.0043901077737658941","0","0","1","0.083893768505278854","0.0035873147832812618","0.082565470595012208","0.019246550468805568","0","0","0.0085128128794004655","0.020491746230598431","0.00058250655504197906","0","0.96858449915869527","true","true"
"L19_SEED_4","157","0.0051005138084292412","1","5.964521050453186","1","0.0051004987896662909","0","0","1","0.088667690804390839","0.0045906486699437117","0.086691511033547955","0.020341763356497386","0","0","0.0093225072832041466","0.031400528366109036","0.00067469179245894248","0","0.95592176326550149","true","true"
"L19_SEED_4","158","0.0064959218725562096","1","5.6921079754829407","1","0.0064959295985185577","0","0","1","0.078310581792342404","0.0051465828005541293","0.075603378176236358","0.017965679591720886","0","0","0.012904900760905318","0.049560884121608438","0.0011601604928394278","0","0.93205491714882804","true","true"
"L19_SEED_4","159","0.0038387090899050236","1","6.4819909334182739","1","0.0038387088364850658","0","0","1","0.10873846490996054","0.002489732682346825","0.10759353685940182","0.024946314727276927","0","0","0.0068246391708922799","0.013287834939180137","0.00031079301266139485","0","0.9790524821456561","true","true"
"L19_SEED_4","160","0.0041657802648842335","1","6.1132410168647766","1","0.0041657855978031967","0","0","1","0.080035514301548913","0.0032827848199906474","0.07880063424303721","0.018361406249197684","0","0","0.0082976371807810673","0.020062903980184291","0.00057734108084961681","0","0.96937975613493887","true","true"
"L19_SEED_4","161","0.0048151961527764797","1","6.027309238910675","1","0.0048152123803920565","0","0","1","0.083920023496136462","0.0042120997998592166","0.082081084286285813","0.019252573776800935","0","0","0.0092299161359489981","0.030926279289490783","0.00067039873380476966","0","0.95665418574661509","true","true"
"L19_SEED_4","162","0.0060886070132255554","1","5.7584978938102722","1","0.0060885955320418173","0","0","1","0.074184001770087493","0.0048106345302717348","0.071657502141347543","0.017018977207539674","0","0","0.012751327681438798","0.048844339798697151","0.001153669633438848","0","0.93304548652660424","true","true"
"L19_SEED_4","163","0.0036302767693996429","1","6.5331258773803711","1","0.0036302759568261882","0","0","1","0.10337180878289488","0.0021177266847203077","0.10232439766492644","0.023715119373455211","0","0","0.0065211784394677078","0.012916539654274334","0.00030484609647662964","0","0.97983773907834659","true","true"
"L19_SEED_4","164","0.0039587817154824734","1","6.1653422713279724","1","0.0039587432791303549","0","0","1","0.076410651382507702","0.0030991186239911058","0.075244340872077681","0.01752980566244566","0","0","0.0082149296653779898","0.019859300154275141","0.00057521168218060308","0","0.96970554829534972","true","true"
"L19_SEED_4","165","0.0045563406310975552","1","6.0879196524620056","1","0.0045563343972369183","0","0","1","0.079644176965617874","0.0039012265243491568","0.07792503261479114","0.018271627307084117","0","0","0.0091109273661696185","0.030527030712638261","0.00066738507427625251","0","0.95729530311817779","true","true"
"L19_SEED_4","166","0.0057197916321456432","1","5.8230656385421753","1","0.0057197868622451114","0","0","1","0.07043836882896648","0.0047564062825082498","0.068006626202684842","0.016159670077542647","0","0","0.013183554752793121","0.048939913844552478","0.0011709296086349727","0","0.93214586989874426","true","true"
"L19_SEED_4","167","0.0034411929082125425","1","6.5834768414497375","1","0.003441185751784846","0","0","1","0.098522468226116822","0.001868722338777581","0.09754714007294471","0.022602604350833694","0","0","0.0063389934201945764","0.012701489924293052","0.00030085156353656549","0","0.98029890002808695","true","true"
"L19_SEED_4","168","0.0037670114543288946","1","6.2156078219413757","1","0.0037670055775006397","0","0","1","0.073003948235972352","0.0029214360202904875","0.071901352082239425","0.0167482543600041","0","0","0.0080777286306000576","0.019723693129515392","0.00057554957267374974","0","0.97002162778895251","true","true"
"L19_SEED_4","169","0.0043207611888647079","1","6.1462471485137939","1","0.0043207486441497502","0","0","1","0.075787030871731151","0.0036897928222918309","0.074163806896024614","0.017386737305309121","0","0","0.0090444934845158118","0.030293902490499725","0.00066896203938437732","0","0.95762228270740579","true","true"
"L19_SEED_4","170","0.0053837583400309086","1","5.8859955668449402","1","0.0053837534804746729","0","0","1","0.066881017860243058","0.0043216392403425943","0.064609275548170225","0.015343557794417808","0","0","0.01298202614817826","0.048456771264913295","0.0011659601706465956","0","0.9332199079307425","true","true"
"L19_SEED_4","171","0.003268515458330512","1","6.6333668231964111","1","0.0032685159476746502","0","0","1","0.094108075813082392","0.0017278056975309531","0.093185816494441007","0.021589873275804763","0","0","0.0062835794852189944","0.012583020887058203","0.00030028097206914305","0","0.98049603630315285","true","true"
"L19_SEED_4","172","0.0035887910053133965","1","6.2642949223518372","1","0.003588769709290395","0","0","1","0.069813914056855719","0.0027917635092936173","0.068767736038264748","0.016016410327729883","0","0","0.0079762131310781702","0.019593628758072065","0.00057698258496423609","0","0.97025408415893666","true","true"
"L19_SEED_4","173","0.0041056117042899132","1","6.2024953365325928","1","0.0041056082311468206","0","0","1","0.072268769452514842","0.0034952223039726588","0.070734933587836793","0.016579592779871127","0","0","0.0089296193052649867","0.030061374709700231","0.00066754537007040647","0","0.95800236332188182","true","true"
"L19_SEED_4","174","0.0050768186338245869","1","5.9455682039260864","1","0.0050768265175835138","0","0","1","0.063600829765448161","0.0040450512301714574","0.061443370378533542","0.014591031035416958","0","0","0.013113506269131821","0.048360139866723009","0.0011743730346313824","0","0.9333069439159738","true","true"
"L19_SEED_4","175","0.0031099463813006878","1","6.6824778914451599","1","0.0031099529717674474","0","0","1","0.090040174949963359","0.0016104277026144339","0.089165178935493708","0.020656632813979614","0","0","0.00622869974956525","0.012492946370920575","0.00029970074822102184","0","0.98065875639812261","true","true"
"L19_SEED_4","176","0.0034228768199682236","1","6.3116869926452637","1","0.0034228626114288074","0","0","1","0.066851285806082988","0.0026799772559832802","0.06585071643828172","0.015336736793393197","0","0","0.0079793609624551794","0.019543984289085142","0.00057972637022697757","0","0.97028982917034701","true","true"
"L19_SEED_4","177","0.0039082053117454052","1","6.2566324472427368","1","0.0039082303236333401","0","0","1","0.069047918684574702","0.0033614803911397777","0.067589048215918185","0.015840678937256578","0","0","0.0088194044913546717","0.029952346092880382","0.00066853194127083763","0","0.95818965398508893","true","true"
"L19_SEED_4","178","0.004795529879629612","1","6.002629280090332","1","0.0047955020349963132","0","0","1","0.060520466210113574","0.0038473878641379035","0.058474602803439663","0.013884347169781742","0","0","0.013090143142758024","0.048156389628304257","0.0011783420521246882","0","0.93353376635783025","true","true"
"L19_SEED_4","179","0.0029637552797794342","1","6.7305155992507935","1","0.0029637694843564753","0","0","1","0.08627029774273938","0.0015059445263413335","0.085436728563918513","0.019791763667882423","0","0","0.0061994882156413394","0.012426392769769578","0.00030063558065862833","0","0.98076876736654484","true","true"
"L19_SEED_4","180","0.0032679862342774868","1","6.3580127358436584","1","0.0032679905128183873","0","0","1","0.06409182925335756","0.0025830235758441721","0.063130702317591589","0.014703674043265764","0","0","0.0080085588256408428","0.019551334997510186","0.00058316190794948514","0","0.97023269976395732","true","true"
"L19_SEED_4","181","0.003726468188688159","1","6.3087835907936096","1","0.0037264699867079185","0","0","1","0.066096333428256174","0.0033919394177054666","0.064689631709084483","0.015163538839596733","0","0","0.0089746627900794042","0.029825447854021504","0.00067858793157857646","0","0.95788775222114297","true","true"
"L19_SEED_4","182","0.0045374715700745583","1","6.0582470893859863","1","0.004537481044801105","0","0","1","0.057622590968796898","0.0036451421904040234","0.055708292598113836","0.013219528994629746","0","0","0.012725970830167271","0.047443592668929876","0.0011677254623625678","0","0.93466102157613773","true","true"
"L19_SEED_4","183","0.00282854656688869","1","6.777212381362915","1","0.0028285391795033026","0","0","1","0.082763176884459069","0.0014588787294104811","0.081963799861061656","0.018987174962407292","0","0","0.0062188748813354422","0.012392208567573363","0.00030212610124347243","0","0.98077607411962586","true","true"
"L19_SEED_4","184","0.0031231103930622339","1","6.4033934473991394","1","0.0031231076760173514","0","0","1","0.061512629478830488","0.0024717049019007515","0.060592046504819093","0.014111965034193848","0","0","0.0080008585265798453","0.019507704908191408","0.00058437485774641645","0","0.97029246280344472","true","true"
"L19_SEED_4","185","0.0035583013668656349","1","6.3593146204948425","1","0.0035582974605360596","0","0","1","0.063337907193873555","0.0032288723060741498","0.061996052780862045","0.014530712460708034","0","0","0.008924152334201723","0.02971883181570566","0.00068066542053294549","0","0.9580775416727777","true","true"
"L19_SEED_4","186","0.0043005580082535744","1","6.1121265292167664","1","0.004300573531349384","0","0","1","0.054973475816943673","0.0034628329743436178","0.053155634593124702","0.012611780297959712","0","0","0.01268488262846647","0.047219325592183094","0.0011696734496174906","0","0.93495825509235264","true","true"
"L19_SEED_4","187","0.0027030205819755793","1","6.8223839998245239","1","0.0027030465198942684","0","0","1","0.079485961952878367","0.0014043473577820547","0.078719754596079633","0.018235330293827141","0","0","0.0062067355596988026","0.012364274120031823","0.0003029773239150492","0","0.98081385949263789","true","true"
"L19_SEED_4","188","0.0029875009786337614","1","6.4478631615638733","1","0.002987512385100072","0","0","1","0.059105310444431118","0.0023944569079599764","0.058219721959837593","0.013559688171256544","0","0","0.0079727744714504986","0.019539156696335432","0.00058883419834679742","0","0.97025803638185071","true","true"
"L19_SEED_4","189","0.0034020405728369951","1","6.4084851145744324","1","0.0034020377484997059","0","0","1","0.060755652154710509","0.0029732001999397874","0.05948029988925068","0.013938302525857489","0","0","0.0088364272086746583","0.029633617085349891","0.00067748107730481442","0","0.958457643289651","true","true"
"L19_SEED_4","190","0.0040823998861014843","1","6.164347231388092","1","0.0040823906568273113","0","0","1","0.052531832255479166","0.0033299563115129051","0.050795106493418771","0.012051628848456002","0","0","0.012731126340429538","0.047105926975372622","0.0011726401398627208","0","0.9349721026175859","true","true"
"L19_SEED_4","191","0.002586261136457324","1","6.8659098744392395","1","0.0025862408327444863","0","0","1","0.076411160882788848","0.0013427240013803277","0.075677170372150077","0.017529922549826566","0","0","0.0061851649548089914","0.012322081271907388","0.00030329944264718018","0","0.98088066669045038","true","true"
"L19_SEED_4","192","0.0028603780083358288","1","6.4916962385177612","1","0.002860362748371815","0","0","1","0.056848700805520999","0.0022822416135934213","0.055997973599721702","0.013041986414886596","0","0","0.0079683293452547082","0.019535086910147825","0.00059046877877431199","0","0.9702944225886897","true","true"
"L19_SEED_4","193","0.0032564755529165268","1","6.4562392830848694","1","0.0032565190364699792","0","0","1","0.05834398081246614","0.0028100934568936671","0.057127771140542627","0.013385027175021894","0","0","0.0087866919066677818","0.029472637470446404","0.00067734918062019648","0","0.95874352748942426","true","true"
"L19_SEED_4","194","0.0038809345569461584","1","6.2149559855461121","1","0.003880936375975919","0","0","1","0.050270203859483324","0.0031606626294645949","0.048609956415727823","0.011532775710246114","0","0","0.012903952642869025","0.046924658679095371","0.0011805090046846842","0","0.93503780525480606","true","true"
"L19_SEED_4","195","0.0024774151388555765","1","6.9080148935317993","1","0.0024774012626981364","0","0","1","0.073525380405024418","0.0012830972897743315","0.072821828819813444","0.016867879103730898","0","0","0.0061621830121974521","0.012275942517223323","0.00030342421365681983","0","0.98095391006646382","true","true"
"L19_SEED_4","196","0.0027410846669226885","1","6.5348976254463196","1","0.0027410851298104613","0","0","1","0.054725397419636064","0.0022007966238724442","0.053907053033346086","0.012554867210383956","0","0","0.0079586429706951321","0.01951517070628906","0.00059260484505551845","0","0.97031631355033154","true","true"
"L19_SEED_4","197","0.0031206621788442135","1","6.5025306344032288","1","0.0031206750563638392","0","0","1","0.05608211901945731","0.0026521896532997148","0.05492511326732618","0.01286612049186499","0","0","0.0087147876827933148","0.029209726553655131","0.00067453799725699422","0","0.95916449194587228","true","true"
"L19_SEED_4","198","0.0036944681778550148","1","6.2641611099243164","1","0.0036944490895487701","0","0","1","0.048152462422038508","0.0029915947794972586","0.046573501050564341","0.011046932504226612","0","0","0.012855566139877612","0.046607498557151114","0.0011836104819079054","0","0.93549349167404983","true","true"
"L19_SEED_4","199","0.0023757831659168005","1","6.9488992094993591","1","0.0023757928365236393","0","0","1","0.070817510309320472","0.0012450080903464056","0.070141274891264149","0.016246651098498831","0","0","0.006144270235283549","0.012250584731691329","0.00030285959646282823","0","0.98099321103411041","true","true"
"L19_SEED_4","200","0.0026290277019143105","1","6.5774630308151245","1","0.0026290251818957217","0","0","1","0.052722987282557622","0.0021038107228847857","0.051936341620564992","0.012095482819276252","0","0","0.0079697246705356002","0.019462474099661724","0.00059363578072359343","0","0.97038190792467482","true","true"
"L19_SEED_4","201","0.0029937450308352709","1","6.5474016666412354","1","0.0029937468393523808","0","0","1","0.053977601882315665","0.0025552720778417928","0.052862852046227517","0.012383311148404463","0","0","0.0087672921887629596","0.029190853141536792","0.00067848210599075404","0","0.95912234536722663","true","true"
"L19_SEED_4","202","0.003521408187225461","1","6.3121665716171265","1","0.0035213938939516881","0","0","1","0.046179588557148502","0.002913795600631991","0.044669639110461859","0.01059432419867882","0","0","0.0127365743681318","0.046429972270783132","0.0011777692144776715","0","0.93567444699503954","true","true"
"L19_SEED_4","203","0.0022806026972830296","1","6.9888113141059875","1","0.0022806211290158033","0","0","1","0.068268478815996736","0.0011798998450000021","0.067620232342413142","0.01566186316779879","0","0","0.006117263480386749","0.012181408981531885","0.00030354387924269724","0","0.98109907360751814","true","true"
"L19_SEED_4","204","0.0025237004738301039","1","6.6193064451217651","1","0.0025236785484002763","0","0","1","0.050833390295288536","0.0020237651886937454","0.050075127443774882","0.011661979539722311","0","0","0.0080097107316163714","0.019420944284303764","0.00059512442251391994","0","0.97038924674843885","true","true"
"L19_SEED_4","205","0.0028748107142746449","1","6.5911322236061096","1","0.0028747961284810151","0","0","1","0.052012335798480552","0.002572612492342074","0.050922560455437527","0.011932448187530507","0","0","0.0089814730120948306","0.029349796377520321","0.00068778107781535967","0","0.95853450128602835","true","true"
"L19_SEED_4","206","0.0033604737836867571","1","6.3590492010116577","1","0.0033604696439208256","0","0","1","0.044338231728827907","0.002773209406443722","0.042894586712040127","0.01017188797059208","0","0","0.012720188606575492","0.046246512443604754","0.0011807168177094189","0","0.93594049434724724","true","true"
"L19_SEED_4","207","0.0021912979427725077","1","7.0277640223503113","1","0.0021912863150811987","0","0","1","0.065864959628724573","0.0011299797203960359","0.065241608763461342","0.015110458049578772","0","0","0.0060975820767924004","0.012143035340882517","0.00030363370417389805","0","0.98116142029574138","true","true"
"L19_SEED_4","208","0.0024245576933026314","1","6.6604342460632324","1","0.0024245715977319841","0","0","1","0.049046508533349513","0.0019399705518140054","0.048315494604201301","0.01125204074896715","0","0","0.0080489117646984076","0.019377429042127647","0.0005960301756884937","0","0.97041313437050847","true","true"
"L19_SEED_4","209","0.0027630494441837072","1","6.6339358687400818","1","0.0027630276253707265","0","0","1","0.050125892928948437","0.0023742703408246193","0.04909074563276495","0.011499668512211909","0","0","0.0087797131228719363","0.029169183102459924","0.00068298980906094557","0","0.95912456222034492","true","true"
"L19_SEED_4","210","0.0032106002327054739","1","6.4047712683677673","1","0.0032105860054488034","0","0","1","0.042629802475144037","0.0027081673801381697","0.04122960926965881","0.0097799474195922591","0","0","0.012927057389997436","0.046462031714500064","0.0011871527950183566","0","0.93538800708499226","true","true"
"L19_SEED_4","211","0.0021073902025818825","1","7.0658663511276245","1","0.0021074131303525563","0","0","1","0.063597882791647395","0.0010866264569714076","0.062998351734258107","0.014590354953259759","0","0","0.0060593749327152741","0.012111132040499066","0.0003025044171196506","0","0.98123506095787294","true","true"
"L19_SEED_4","212","0.0023311453405767679","1","6.7007865905761719","1","0.0023311488130653697","0","0","1","0.047349155262969247","0.0018436098112062933","0.046647228612236608","0.010862641202805263","0","0","0.0080535851171211377","0.01926454232005562","0.00059501915940869232","0","0.97057080331304213","true","true"
"L19_SEED_4","213","0.0026580169796943665","1","6.6757031679153442","1","0.0026580130081663321","0","0","1","0.048354659089611597","0.0022672450834838312","0.047364679987762184","0.011093319601104075","0","0","0.0087352359293334462","0.028911443458788679","0.00068228212455673622","0","0.95947256979138318","true","true"
"L19_SEED_4","214","0.0030705879908055067","1","6.4494979381561279","1","0.0030705936579197243","0","0","1","0.041000702382884474","0.0026076634734927035","0.039660185291385971","0.0094062062263779323","0","0","0.01286519395775516","0.046218575142049564","0.0011922083560271068","0","0.93567900421308081","true","true"
"L19_SEED_4","215","0.0020283721387386322","1","7.1034089326858521","1","0.002028380220413102","0","0","1","0.061456730775313634","0.0010306918721048022","0.060880175058408821","0.014099140992104115","0","0","0.0060401279358601795","0.012050190940413477","0.00030338213764102086","0","0.98132503197732301","true","true"
"L19_SEED_4","216","0.0022431565448641777","1","6.7402117848396301","1","0.0022431389238534295","0","0","1","0.045740513773712542","0.001764106187411564","0.045066814223784883","0.0104935935350128","0","0","0.0080405026833392495","0.019118841100487935","0.00059370813291326468","0","0.97075948098051368","true","true"
"L19_SEED_4","217","0.0025591789744794369","1","6.7164496779441833","1","0.0025591896306281286","0","0","1","0.046689021456536653","0.0021835302256927006","0.045735990673099483","0.01071119612114976","0","0","0.008719270212291649","0.028817928475661142","0.00068355718443666635","0","0.95959204223715533","true","true"
"L19_SEED_4","218","0.002939663827419281","1","6.4932616949081421","1","0.0029396736536339029","0","0","1","0.039465310336477911","0.0025221102085865813","0.038180872972151718","0.0090539631332725475","0","0","0.012770888830617293","0.045990545558357555","0.0011871861491841507","0","0.93596727280192504","true","true"
"L19_SEED_4","219","0.0019538041669875383","1","7.140230119228363","1","0.0019538201733267941","0","0","1","0.059427553996887032","0.0009853201182733961","0.058872180586400993","0.013633615912328275","0","0","0.0060157669823192352","0.012009402401715741","0.00030336299771949735","0","0.98139656492798177","true","true"
"L19_SEED_4","220","0.0021601731423288584","1","6.7786771059036255","1","0.0021601516810702331","0","0","1","0.044221098350331875","0.0016903988505042639","0.043571366722389954","0.010145015730603675","0","0","0.0080610676795969272","0.019053345320853499","0.00059407050406297087","0","0.97083028398228455","true","true"
"L19_SEED_4","221","0.002466144971549511","1","6.7562334537506104","1","0.0024661220491486589","0","0","1","0.045104609291398645","0.0020593583435147625","0.044198137779974944","0.010347707041531179","0","0","0.0086203013578613104","0.028406456400134426","0.00067893792501194856","0","0.96020970785243076","true","true"
"L19_SEED_4","222","0.0028171311132609844","1","6.5359512567520142","1","0.0028171347233877119","0","0","1","0.03803032288494796","0.002423635482489877","0.036789589339259673","0.0087247544339847573","0","0","0.013001975323897833","0.045927400581649576","0.0011945526221074411","0","0.93581468256136913","true","true"
"L19_SEED_4","223","0.001883378135971725","1","7.176313042640686","1","0.0018833883097431566","0","0","1","0.057501972304326708","0.00095646006883841751","0.056965780966725041","0.01319185717520183","0","0","0.0060052570071359732","0.011977146150882179","0.00030346581587136829","0","0.98143745711808339","true","true"
"L19_SEED_4","224","0.0020817883778363466","1","6.8162795305252075","1","0.0020818120078757879","0","0","1","0.04278082892634117","0.0016230215282553955","0.042152451491915231","0.0098145952637275161","0","0","0.0081199166040629","0.019006573635014408","0.00059505752378333991","0","0.97083915606476223","true","true"
"L19_SEED_4","225","0.0023785217199474573","1","6.7949848175048828","1","0.0023785024030527025","0","0","1","0.043636068282017","0.00207542864887585","0.042748830149680055","0.010010800628144873","0","0","0.0088123337090253752","0.028491027855605769","0.00068641136841292175","0","0.95974806149054681","true","true"
"L19_SEED_4","226","0.0027022345457226038","1","6.5777267217636108","1","0.002702263507937396","0","0","1","0.036666300976305105","0.0023158139519954156","0.035474693730274787","0.0084118263467979314","0","0","0.012990607061672687","0.045763352343042671","0.0011981984159979608","0","0.9360587586152106","true","true"
"L19_SEED_4","227","0.0018167973030358553","1","7.2116783857345581","1","0.0018167850732756347","0","0","1","0.055672242916708276","0.00091644924452830674","0.055155225805519806","0.012772088464956814","0","0","0.0059881228334973122","0.011924819081001434","0.00030343655638437279","0","0.98151264018154383","true","true"
"L19_SEED_4","228","0.0020076609216630459","1","6.8530614972114563","1","0.0020076631201313981","0","0","1","0.04140872483173208","0.0015246687966505811","0.040802763930245567","0.0094998129959159693","0","0","0.0081261305509884099","0.018976110236182037","0.00059520939360090434","0","0.97094683822243577","true","true"
"L19_SEED_4","229","0.0022957550827413797","1","6.8328753113746643","1","0.0022957387856637908","0","0","1","0.042222125060885442","0.0019364652848222485","0.041375485617467192","0.0096864198064176704","0","0","0.0086685838268479223","0.0282464715313357","0.00068344233025208851","0","0.96029801810322324","true","true"
"L19_SEED_4","230","0.0025942809879779816","1","6.6187172532081604","1","0.002594310054900106","0","0","1","0.03536345223109643","0.0022305141261788541","0.034226333745658623","0.0081129323457935429","0","0","0.01274865408856613","0.045358107142038154","0.0011913317809279257","0","0.93672357843938414","true","true"
"L19_SEED_4","231","0.0017537969397380948","1","7.246487557888031","1","0.0017538005241023934","0","0","1","0.053936046312948224","0.00088060306469341489","0.053437001777907334","0.012373777646961624","0","0","0.0059658214501114417","0.01188362390417922","0.00030342800645566116","0","0.98158056222663448","true","true"
"L19_SEED_4","232","0.0019374737748876214","1","6.8890546560287476","1","0.0019374719355815047","0","0","1","0.040096925844650098","0.0014519714796804274","0.039511665678087476","0.0091988656686038967","0","0","0.0081473419244746069","0.01892483171070948","0.00059577466859009353","0","0.9710207759847278","true","true"
"L19_SEED_4","233","0.0022174986079335213","1","6.8700671792030334","1","0.0022175086231047063","0","0","1","0.040884554020102541","0.0018212914358207355","0.040071271929881337","0.0093795599644924503","0","0","0.0086221943046572071","0.028100802996632999","0.00068117375904854362","0","0.96061137802348795","true","true"
"L19_SEED_4","234","0.0024928967468440533","1","6.6587474346160889","1","0.0024928910605930147","0","0","1","0.034153437795855203","0.0021287278655598482","0.033050829260436954","0.0078353359961387033","0","0","0.013088078729528113","0.045345161829981565","0.001207618437584595","0","0.93647431617988086","true","true"
"L19_SEED_4","235","0.0016940936911851168","1","7.2807638049125671","1","0.0016940605719688356","0","0","1","0.052283533706689832","0.0008491018112785386","0.051801219749783932","0.0119946652546665","0","0","0.0059476547147474827","0.011849888755685175","0.00030354539006831652","0","0.9816351628394312","true","true"
"L19_SEED_4","236","0.0018709527794271708","1","6.9242641925811768","1","0.0018709538422110798","0","0","1","0.038840508504997671","0.0013932999657637901","0.038277141789519728","0.0089106237625798373","0","0","0.0081025277116063017","0.018813439039529756","0.00059605927358320743","0","0.97120114912635136","true","true"
"L19_SEED_4","237","0.0021434149239212275","1","6.9065901637077332","1","0.002143422467684061","0","0","1","0.039621074447744195","0.0017681587670289492","0.038831079125351921","0.0090896978711693978","0","0","0.0086372162901125222","0.028167570763962538","0.00068364555254164057","0","0.96052002286897753","true","true"
"L19_SEED_4","238","0.0023974927607923746","1","6.6980210542678833","1","0.0023974963275309835","0","0","1","0.032996841845156152","0.0020661736372518846","0.031936189613645055","0.0075699946873173602","0","0","0.012967131221854179","0.045165045047260551","0.0012017613661635777","0","0.93674513423667216","true","true"
"L19_SEED_4","239","0.0016374553088098764","1","7.3144539594650269","1","0.0016374525208335451","0","0","1","0.050710193084982785","0.00081552808894094222","0.050244026684447142","0.011633716161309211","0","0","0.0059230216526315882","0.011815878116426873","0.00030346923449684182","0","0.98169899598237831","true","true"
"L19_SEED_4","240","0.0018079024739563465","1","6.9587112665176392","1","0.001807906496837833","0","0","1","0.037647227104795455","0.0013449900529269134","0.037102057142264784","0.0086368662344383524","0","0","0.0080777282404514705","0.018800665663516562","0.00059757419765931353","0","0.97124767492010211","true","true"
"L19_SEED_4","241","0.0020731189288198948","1","6.9424958825111389","1","0.002073113305946739","0","0","1","0.038415376302484448","0.0017228849469474708","0.037648647403084469","0.0088130917463482578","0","0","0.0086634314890037291","0.028158847947209336","0.00068575721851464025","0","0.96048054517234294","true","true"
"L19_SEED_4","242","0.0023076103534549475","1","6.7364773154258728","1","0.0023076161306984115","0","0","1","0.031892532834579844","0.0019805704741116233","0.030881055990209082","0.0073166488252361219","0","0","0.012719215851533841","0.044651605190102389","0.0011970693196581999","0","0.93757552756555285","true","true"
"L19_SEED_4","243","0.0015836759703233838","1","7.3475890159606934","1","0.001583677178378523","0","0","1","0.049209685012538418","0.00078861073901862063","0.04875845276891147","0.011289476000690685","0","0","0.005908355090957048","0.011786216671325084","0.00030369381535830004","0","0.9817449171651812","true","true"
"L19_SEED_4","244","0.0017480736132711172","1","6.9925329685211182","1","0.0017480528200596551","0","0","1","0.036511285842038138","0.0013084950301098996","0.035981626738460747","0.0083762634360090311","0","0","0.0081361639008471279","0.018783479622363642","0.00059898786470965581","0","0.97119699936345916","true","true"
"L19_SEED_4","245","0.0020062916446477175","1","6.9778278470039368","1","0.0020062742330646051","0","0","1","0.037261029539977418","0.0016645104334383353","0.036520720218955013","0.0085482664366866006","0","0","0.0086590359544835033","0.028000404620734155","0.00068664670701705564","0","0.96065835936962785","true","true"
"L19_SEED_4","246","0.002222913783043623","1","6.7740432620048523","1","0.0022229127730099205","0","0","1","0.03086217166171893","0.0018887726468146313","0.029883212828022917","0.007080267760612503","0","0","0.012863276653967947","0.04462150093619828","0.0012042677676362815","0","0.93756548394070549","true","true"
"L19_SEED_4","247","0.0015325270360335708","1","7.3801990747451782","1","0.0015325250590553085","0","0","1","0.047777352148582392","0.00076555739314647429","0.047340240941804342","0.010960876305559291","0","0","0.0058976760795066288","0.011755621193981425","0.00030409087223971174","0","0.98178586132033063","true","true"
"L19_SEED_4","248","0.0016912464052438736","1","7.0257574319839478","1","0.0016912428041263156","0","0","1","0.0354277902145059","0.0012549699748485336","0.034914494674687262","0.0081276924914731787","0","0","0.008102870939248337","0.018807148006211374","0.00060225284418968935","0","0.9712329165601602","true","true"
"L19_SEED_4","249","0.0019427599618211389","1","7.0125194787979126","1","0.0019427476990519033","0","0","1","0.03617290760994675","0.0016928618252949142","0.035445226742385372","0.0082986341455679614","0","0","0.0088063062328443895","0.02813960516584221","0.00069271769602428923","0","0.96017120918084142","true","true"
"L19_SEED_4","250","0.0021429744083434343","1","6.8109140992164612","1","0.0021429741062815319","0","0","1","0.029885149402121614","0.0018285931612504406","0.02893551694085094","0.0068561234819191101","0","0","0.013007333490909814","0.044582437736809775","0.001208749133700256","0","0.93745758757247322","true","true"
"L19_SEED_4","251","0.001483880914747715","1","7.4122686982154846","1","0.0014838837377848693","0","0","1","0.04640990979141274","0.00073985365099360956","0.045986489365982694","0.010647163513663524","0","0","0.0058796388617324558","0.0117258147579731","0.00030415327882262329","0","0.98183625475843184","true","true"
"L19_SEED_4","252","0.0016372116515412927","1","7.058439314365387","1","0.0016371994870346533","0","0","1","0.034394581654804038","0.0012417996849767288","0.033894121698540558","0.0078906581915078305","0","0","0.0081559156594952966","0.0188252617489887","0.00060466099585114647","0","0.97111062560130268","true","true"
"L19_SEED_4","253","0.0018822912825271487","1","7.0465600490570068","1","0.0018822792253236236","0","0","1","0.035115223255650023","0.0015687031756709199","0.034419177309464422","0.0080559847132235657","0","0","0.0086649738693525009","0.027900113598509579","0.00068987474133254639","0","0.96074935880806533","true","true"
"L19_SEED_4","254","0.0020673987455666065","1","6.8471508622169495","1","0.0020673807549786332","0","0","1","0.028939859423993106","0.0017662355155981591","0.028033693059985387","0.0066392590878662713","0","0","0.012648764294171421","0.044074520556984201","0.0011955609703458237","0","0.93835634188238148","true","true"
"L19_SEED_4","255","0.0014375775353983045","1","7.4437777996063232","1","0.0014375662405536973","0","0","1","0.045103693446194144","0.00071878025589482012","0.04469304880382844","0.010347496932231477","0","0","0.0058717187178018038","0.011695753758389469","0.00030458899358114949","0","0.98187397692444212","true","true"
"L19_SEED_4","256","0.0015857690013945103","1","7.0906498432159424","1","0.0015857656545079782","0","0","1","0.033407731930899347","0.0012083388224296873","0.032920446015721978","0.0076642593378782736","0","0","0.0081917208297130634","0.018851328751781637","0.00060801441270034735","0","0.97104070790427277","true","true"
"L19_SEED_4","257","0.0018246799008920789","1","7.0800285339355469","1","0.0018246889043030171","0","0","1","0.034118391983429176","0.0015440114429995523","0.03343867392151139","0.0078272959353618953","0","0","0.0087010080698619648","0.02800606512433907","0.00069272737893972332","0","0.96055222787131844","true","true"
"L19_SEED_4","258","0.0019959690980613232","1","6.8826358318328857","1","0.0019959898095229822","0","0","1","0.02806138096765871","0.0016955498810080304","0.027179882762686944","0.0064377223081168375","0","0","0.012877534487223079","0.044102189021250709","0.0012089909417153056","0","0.93816035928704589","true","true"
"L19_SEED_4","259","0.0013934784801676869","1","7.4747724533081055","1","0.0013934900029980786","0","0","1","0.043855345510048743","0.00069730147998945638","0.043456561077351991","0.010061106274334878","0","0","0.005864987909681452","0.011680612621386085","0.00030525713676207039","0","0.98189633125437881","true","true"
"L19_SEED_4","260","0.0015367467422038317","1","7.1224432587623596","1","0.0015367540664664254","0","0","1","0.032460789901973791","0.0011626019133140621","0.031988761933810617","0.0074470159373794375","0","0","0.0081860293025272004","0.018794458475352455","0.00060826453148506133","0","0.97112849215002051","true","true"
"L19_SEED_4","261","0.0017697684234008193","1","7.1128782033920288","1","0.0017697672891672906","0","0","1","0.033159528703082308","0.0014871623898913143","0.032502102944724207","0.0076073176122195855","0","0","0.0087028367976735594","0.027850370750911572","0.00069460674793068468","0","0.96074077809424974","true","true"
"L19_SEED_4","262","0.0019283223664388061","1","6.9174985289573669","1","0.0019283224059620224","0","0","1","0.027213631726783118","0.0016570696249610041","0.026362084703064025","0.0062432352938831519","0","0","0.012727221505417698","0.043970386275466775","0.0011979075022472546","0","0.93839675125538469","true","true"
"L19_SEED_4","263","0.0013514311285689473","1","7.5051226019859314","1","0.0013514084902701594","0","0","1","0.042656493672641148","0.00066772622123376665","0.042270226945231568","0.0097860708002539421","0","0","0.0058402859713316208","0.011638371825897669","0.00030488083490989951","0","0.98197142725240816","true","true"
"L19_SEED_4","264","0.0014900106471031904","1","7.1537418365478516","1","0.0014900149667627695","0","0","1","0.031557878694645478","0.0011362986529910993","0.03109773338299934","0.0072398739001302585","0","0","0.0081861401920233934","0.018856979148809978","0.00060977713455063185","0","0.97105061290533101","true","true"
"L19_SEED_4","265","0.0017173819942399859","1","7.1452013850212097","1","0.0017173943596803486","0","0","1","0.032242960784376176","0.0014498359984791186","0.03160580183811245","0.007397042510507405","0","0","0.008605114410866959","0.027810689080557366","0.00069411350406349288","0","0.96086814457119007","true","true"
"L19_SEED_4","266","0.0018641233909875154","1","6.9516506791114807","1","0.0018641389080939553","0","0","1","0.026406471697015672","0.0016022877825213259","0.025586227724204894","0.006058060083303069","0","0","0.012602266334325072","0.043679925205873667","0.0011956110566562403","0","0.93884039659413265","true","true"
"L19_SEED_4","267","0.0013113163877278566","1","7.5348983407020569","1","0.0013113213829164163","0","0","1","0.041510195848956551","0.00064477417947000958","0.041135226020852317","0.009523092043799114","0","0","0.0058294228510390343","0.011608563889561111","0.00030553974443427601","0","0.98201520218951777","true","true"
"L19_SEED_4","268","0.0014453951735049486","1","7.184607207775116","1","0.0014453986321988502","0","0","1","0.030691337146011046","0.0011084709467174411","0.030244310539672078","0.007041075634820957","0","0","0.0082466261932113288","0.018757906375870992","0.00060937706964541414","0","0.9710816716818973","true","true"
"L19_SEED_4","269","0.0016673265490680933","1","7.1770814061164856","1","0.0016673308563930614","0","0","1","0.031366267923363944","0.0014081190429397835","0.030746308318041666","0.0071959153744192003","0","0","0.0086492759418998946","0.027777925328014721","0.00069711408853255941","0","0.96086032272319466","true","true"
"L19_SEED_4","270","0.0018031587824225426","1","6.9850687384605408","1","0.00180315493777535","0","0","1","0.025643990359655873","0.0015523343812995844","0.024848105950496246","0.0058831348677300631","0","0","0.012669713524274175","0.043571007414966334","0.0012034884770685359","0","0.93889142038144913","true","true"
"L19_SEED_4","271","0.0012729925801977515","1","7.5639528036117554","1","0.0012729896439934879","0","0","1","0.040410037117124986","0.0006289633011434669","0.040045218073705952","0.009270698320961869","0","0","0.0058222838424334894","0.011603760847757015","0.00030605994165686529","0","0.98202564072308762","true","true"
"L19_SEED_4","272","0.0014027946162968874","1","7.2149220108985901","1","0.0014028000958205165","0","0","1","0.029864097117429163","0.0010829306789989742","0.029428715070572171","0.0068512937565767392","0","0","0.0082736183007516059","0.018746462691597375","0.00061000485328941052","0","0.97105498445044114","true","true"
"L19_SEED_4","273","0.0016195131465792656","1","7.2084863781929016","1","0.0016195166782043279","0","0","1","0.030524957922191898","0.0013906768010129196","0.029922617909908394","0.0070029056230876728","0","0","0.0086554711841078033","0.027644840564092811","0.00070012669196295029","0","0.96092396820359227","true","true"
"L19_SEED_4","274","0.0017452973406761885","1","7.017810583114624","1","0.0017453026066924148","0","0","1","0.024918589134766661","0.0014915148440623836","0.024144122251223199","0.0057167164133715004","0","0","0.012936521082709335","0.043460202450506004","0.0012144051321934534","0","0.93880618933928262","true","true"
"L19_SEED_4","275","0.0012363215209916234","1","7.5925179123878479","1","0.0012363085477671136","0","0","1","0.039350460399241914","0.00060846762240963827","0.038996368653308008","0.0090276147506365614","0","0","0.0058081154628517682","0.011562560263119998","0.00030608378047893757","0","0.98208414284149081","true","true"
"L19_SEED_4","276","0.0013621138641610742","1","7.2447201013565063","1","0.0013621146462574941","0","0","1","0.029073595990559309","0.0010276907044950237","0.02865054989901223","0.0066699403604303861","0","0","0.0082535901584757775","0.018775117485689909","0.00061182852461778825","0","0.9711099894544829","true","true"
"L19_SEED_4","277","0.0015738096553832293","1","7.2393986582756042","1","0.0015738170967821671","0","0","1","0.029730635519355689","0.0014408260345016265","0.02913291802870346","0.0068206755661111753","0","0","0.0088779253868235646","0.027866592238469105","0.00071152436060215615","0","0.96019532744658564","true","true"
"L19_SEED_4","278","0.0016902501229196787","1","7.0500495433807373","1","0.0016902454663023942","0","0","1","0.024225220617266868","0.0014820209731720771","0.023469486683231493","0.0055576467660865417","0","0","0.013017979020062704","0.043442295331824012","0.0012162529826965785","0","0.93858087435011972","true","true"
"L19_SEED_4","279","0.001201238832436502","1","7.6206375956535339","1","0.0012012481103435464","0","0","1","0.038335202618833081","0.00059001448704117869","0.037991005472269183","0.0087946986418762727","0","0","0.0057935184847399028","0.011540004486753125","0.00030621699281719938","0","0.98212337925562698","true","true"
"L19_SEED_4","280","0.0013232040219008923","1","7.2740841507911682","1","0.001323222446136218","0","0","1","0.028311085776328192","0.00099085205039135165","0.027901571625389567","0.006495008520048755","0","0","0.0082149763402273382","0.01866995911007702","0.00061052003507865247","0","0.97127963340484791","true","true"
"L19_SEED_4","281","0.0015300380764529109","1","7.2698150873184204","1","0.0015300378761897986","0","0","1","0.028952983947375052","0.0013596047055624725","0.028375297112068622","0.0066422700600296414","0","0","0.0087367255205560972","0.027857001080848553","0.00070818253237820762","0","0.96049293821447113","true","true"
"L19_SEED_4","282","0.0016378212021663785","1","7.0817437767982483","1","0.0016378039166948925","0","0","1","0.023549884809099079","0.0014076175223135918","0.022825207471065676","0.0054027141060466596","0","0","0.012637425403624966","0.043180247753813503","0.0012067735776728891","0","0.93940289271518673","true","true"
"L19_SEED_4","283","0.0011676595313474536","1","7.6483651399612427","1","0.0011676663550625383","0","0","1","0.037359590404978112","0.00056642401558339953","0.037025495215448727","0.0085708778498616509","0","0","0.0057630347897260304","0.011506783534346953","0.00030571922052610284","0","0.98219459414440102","true","true"
"L19_SEED_4","284","0.0012859852286055684","1","7.3029909729957581","1","0.0012860188034278055","0","0","1","0.027582087096265116","0.00096253243856933362","0.027183034894807143","0.0063277647528714141","0","0","0.008245516891645167","0.01865051330746537","0.00061245692481203884","0","0.97127371139365304","true","true"
"L19_SEED_4","285","0.0014881115639582276","1","7.2997848987579346","1","0.0014881339282223119","0","0","1","0.028210097129609278","0.0013221636524163216","0.027648979546465779","0.0064718401355491409","0","0","0.0086766444130328343","0.027804296533331566","0.00070809788756170055","0","0.96061430914331902","true","true"
"L19_SEED_4","286","0.0015878335107117891","1","7.1129997372627258","1","0.0015878356761824162","0","0","1","0.022912540080604612","0.0013599501681376875","0.0222075676586567","0.0052564971974305682","0","0","0.012705073399943916","0.043145834373281691","0.0012154771853124975","0","0.93941072153761451","true","true"
"L19_SEED_4","287","0.0011355060851201415","1","7.6756697297096252","1","0.0011355257495476204","0","0","1","0.036423362553803997","0.00055781679104125782","0.036097090279820991","0.0083560924503144826","0","0","0.005790244934403976","0.011503193858984509","0.00030732545950052867","0","0.98216469241412152","true","true"
"L19_SEED_4","288","0.0012503465404734015","1","7.3314672708511353","1","0.0012503691622290682","0","0","1","0.026882241759968294","0.00093258956063306661","0.026492972824571966","0.0061672092214489884","0","0","0.0082549555901903788","0.018679622679293708","0.00061327211121648502","0","0.97124863842457188","true","true"
"L19_SEED_4","289","0.0014479366363957524","1","7.3293201923370361","1","0.0014479407846487767","0","0","1","0.02749531589652425","0.0012740128001171715","0.026950594819728137","0.0063078580744040345","0","0","0.008703634534963511","0.027669972682075251","0.00070973732017465209","0","0.96076966480135362","true","true"
"L19_SEED_4","290","0.0015401624841615558","1","7.1438071131706238","1","0.0015401463003035371","0","0","1","0.022292512097657417","0.0013289176261935996","0.021611384016330004","0.0051142530227024528","0","0","0.012617239777180152","0.042790363457768911","0.0012134035571446673","0","0.93982531498007449","true","true"
"L19_SEED_4","291","0.0011046885047107935","1","7.7025519609451294","1","0.0011046770212058536","0","0","1","0.035522447599240926","0.00054925737203305697","0.035204079186935827","0.0081494083848584319","0","0","0.0057929085622077823","0.011504511500515617","0.00030808694917099777","0","0.98215541145903618","true","true"
"L19_SEED_4","292","0.0012161991326138377","1","7.3595064878463745","1","0.0012161912233036422","0","0","1","0.026208552927767123","0.00090875722241398832","0.025829937263663439","0.0060126544036091549","0","0","0.0082541965715382248","0.018613381631367165","0.00061396326737078787","0","0.97131616733691872","true","true"
"L19_SEED_4","293","0.0014093945501372218","1","7.3584266304969788","1","0.0014093910516100087","0","0","1","0.026810013125877032","0.0012418987769068424","0.026278963872855509","0.0061506388363524725","0","0","0.008715549828541171","0.027650903775448665","0.00071118839212955351","0","0.96077661183635266","true","true"
"L19_SEED_4","294","0.00149470882024616","1","7.1740184426307678","1","0.0014947130390467632","0","0","1","0.021713297383812724","0.0013256126500752366","0.021040263621041229","0.0049813720540571454","0","0","0.013113255552311012","0.042964311205664255","0.0012272391006609531","0","0.93896800254108526","true","true"
"L19_SEED_4","295","0.0010751106310635805","1","7.729112982749939","1","0.0010751050550235201","0","0","1","0.03465459497031137","0.0005294119350822018","0.034345042051718802","0.0079503093371010615","0","0","0.0057716068982803488","0.011472611443562599","0.00030765377986421294","0","0.98221474671462217","true","true"
"L19_SEED_4","296","0.0011834640754386783","1","7.3871210813522339","1","0.0011834773330241469","0","0","1","0.025564648027930899","0.00089432487488171032","0.025194187670029088","0.0058649324884703768","0","0","0.0083211094443443635","0.018613957397725155","0.00061337720384279325","0","0.97122775444229104","true","true"
"L19_SEED_4","297","0.0013724059099331498","1","7.3870410919189453","1","0.001372387536074032","0","0","1","0.02615345916099367","0.0012201050137454386","0.025633401112666914","0.006000015026673129","0","0","0.0087414800694704323","0.027743032638607137","0.00071342558870143673","0","0.96062567458614823","true","true"
"L19_SEED_4","298","0.0014513552887365222","1","7.2035715579986572","1","0.0014513490412364036","0","0","1","0.021125863297512329","0.0012128592718313662","0.020494934819395821","0.0048466054320479568","0","0","0.012490671814479153","0.041841281503070843","0.0012105126421838473","0","0.94116149843332531","true","true"
"L19_SEED_4","299","0.001046727760694921","1","7.7553880214691162","1","0.0010467351464482472","0","0","1","0.033820737295569649","0.00051035145473442929","0.033519438598652015","0.0077590092667065898","0","0","0.0057520018587514836","0.011450696967125005","0.00030762505688441841","0","0.98226197111463187","true","true"
"L19_SEED_4","300","0.0011520554544404149","1","7.4142975211143494","1","0.0011520631662416906","0","0","1","0.024943840309164939","0.00084934141421285942","0.024583077847120421","0.0057225094300771742","0","0","0.0083071750065772301","0.018635061493238559","0.00061514892801866131","0","0.97128320210255648","true","true"
"L19_SEED_4","301","0.0013368817744776607","1","7.4152238368988037","1","0.0013368927498974659","0","0","1","0.025525103306110557","0.0012350428561111639","0.025013005652959983","0.0058558603070932554","0","0","0.0089259484342066424","0.027734934757031114","0.00072048457120812612","0","0.96027748332309804","true","true"
"L19_SEED_4","302","0.0014100642874836922","1","7.2325504422187805","1","0.0014100764326963979","0","0","1","0.020586118001546319","0.0011711838944310836","0.019974524778384004","0.0047227793688707316","0","0","0.012370959257128685","0.041719158067670632","0.0012085897414874985","0","0.94146460173139968","true","true"
"L19_SEED_4","303","0.0010194859933108091","1","7.7813220024108887","1","0.0010195000187166014","0","0","1","0.033017962504590777","0.00049534808153767706","0.032724425497406229","0.0075748400989013847","0","0","0.0057383246322210207","0.011430293823995101","0.00030771746681497762","0","0.98229859261567321","true","true"
"L19_SEED_4","304","0.0011218975996598601","1","7.4411157965660095","1","0.00112190371162554","0","0","1","0.024343933275632647","0.00083372936681067131","0.023992590689635416","0.0055848813177252522","0","0","0.0083042570353143389","0.018563529204152822","0.00061589619633880372","0","0.97134339673093273","true","true"
"L19_SEED_4","305","0.0013027437962591648","1","7.4430040121078491","1","0.0013027423959449229","0","0","1","0.024911345705132485","0.0011754104080128273","0.024415402088363378","0.0057150546566462363","0","0","0.0087537523117983962","0.027724376681105955","0.00071590990600585772","0","0.9605796559730948","true","true"
"L19_SEED_4","306","0.0013705645687878132","1","7.2611516714096069","1","0.0013705815136798032","0","0","1","0.02006676537101448","0.0011405937556138322","0.019474788365191308","0.0046036317039996628","0","0","0.012351671526619418","0.041338161088659904","0.001209856943878908","0","0.9418695315713862","true","true"
"L19_SEED_4","307","0.00099331152159720659","1","7.8069466352462769","1","0.00099331007241380506","0","0","1","0.032244828313046474","0.00048293698702133619","0.031958522056066842","0.0073974709509678242","0","0","0.0057332437468800975","0.011413790429256242","0.00030808501143526744","0","0.98232056453002192","true","true"
"L19_SEED_4","308","0.0010929325362667441","1","7.4675660133361816","1","0.0010929243315043733","0","0","1","0.023766678489745643","0.0008070562148227374","0.023424536343361616","0.0054524499873906907","0","0","0.0082737630499375974","0.018540031146797767","0.00061760611496524656","0","0.97141549008235839","true","true"
"L19_SEED_4","309","0.0012699167709797621","1","7.4703495502471924","1","0.0012699139319787397","0","0","1","0.02432228321358039","0.0011368890443832777","0.023840469568903466","0.0055799144528511898","0","0","0.0087346103518996226","0.027589630440229711","0.00071757431876771308","0","0.96077330543615713","true","true"
"L19_SEED_4","310","0.0013328156201168895","1","7.2891891002655029","1","0.0013327969123554985","0","0","1","0.019575195140785345","0.0011019385409384963","0.018995382793543233","0.004490857758882724","0","0","0.012611077034961379","0.041358846388806915","0.0012233868140343947","0","0.94163783345956498","true","true"
"L19_SEED_4","311","0.00096813711570575833","1","7.8323047757148743","1","0.00096813535148300824","0","0","1","0.031499534826325185","0.0004696590116413136","0.031220418615255319","0.0072264888987627115","0","0","0.00572046984162512","0.011392439681654839","0.00030819071743714492","0","0.98235659076241488","true","true"
"L19_SEED_4","312","0.001065089600160718","1","7.4936596155166626","1","0.0010650726348079551","0","0","1","0.023212362231797883","0.00077869014087613266","0.022877725249304391","0.0053252811162772225","0","0","0.0082924525352662572","0.018589721456653528","0.00061728974038043646","0","0.97137517834241249","true","true"
"L19_SEED_4","313","0.0012383494758978486","1","7.4973106980323792","1","0.0012383400276928516","0","0","1","0.023754786956765171","0.0010989450077543081","0.02328631647576852","0.0054497218826251304","0","0","0.0087178710578764661","0.027477050040796605","0.00071817640228910118","0","0.96094672575145756","true","true"
"L19_SEED_4","314","0.0012966785579919815","1","7.3168050050735474","1","0.00129667015448468","0","0","1","0.019094060999265743","0.0010475831691986297","0.018533779694743211","0.0043804780167158225","0","0","0.012362516959006527","0.041233655475816526","0.0012191538562211161","0","0.94217457724700671","true","true"
"L19_SEED_4","315","0.00094392820028588176","1","7.8573262095451355","1","0.000943938489930213","0","0","1","0.030781321226767772","0.00045771113637971288","0.03050905443545892","0.0070617193987444291","0","0","0.0057032042349248607","0.011379753068761994","0.00030808536530498081","0","0.98238784730067941","true","true"
"L19_SEED_4","316","0.0010383030166849494","1","7.5194488167762756","1","0.0010383185768871139","0","0","1","0.022676777481721963","0.00076699650377899599","0.022349797816334033","0.0052024095477886736","0","0","0.0083509651092187852","0.018518157981562693","0.00061725354302966161","0","0.97136962845775521","true","true"
"L19_SEED_4","317","0.0012080107117071748","1","7.523918092250824","1","0.0012080354862375681","0","0","1","0.023211962218769183","0.0010760269714194684","0.02275298806570588","0.0053251893469946849","0","0","0.0087376678479915669","0.027548317116291587","0.00072045171623964441","0","0.96084463165747735","true","true"
"L19_SEED_4","318","0.0012620065826922655","1","7.344173789024353","1","0.0012620071123429794","0","0","1","0.018635121442356736","0.001044472333688455","0.018087793075541189","0.0042751900614653119","0","0","0.012417190547776473","0.041108770687497596","0.0012115440695772898","0","0.9421210499391619","true","true"
"L19_SEED_4","319","0.00092062912881374359","1","7.8820120096206665","1","0.00092062987900352953","0","0","1","0.030086493750973175","0.00044327220437759821","0.029821073803182985","0.0069023150434715822","0","0","0.0056953931089187065","0.011345511850247791","0.00030799407867842079","0","0.98243403194390266","true","true"
"L19_SEED_4","320","0.0010125337867066264","1","7.5448654294013977","1","0.0010125278667492536","0","0","1","0.022160168215399546","0.00074824929100647617","0.021841107910043216","0.0050838912538309841","0","0","0.0083304152009827086","0.018497926764907205","0.00062008642725509171","0","0.9714114622170007","true","true"
"L18_SEED_2_CONTROL","1","3.4129691123962402","0","-0.17309340089559555","13","3.4129691333055678","1","1","0","1.8778150349608191","0.44947795815501834","0.64785493674417427","0.44260524834494969","0","0","0.40368621699308316","0.41598813718712124","0.0040031628048202463","0","0.11902821507801035","true","true"
"L18_SEED_2_CONTROL","2","3.5572414398193359","0","-0.36142470664344728","21.25","3.5572415264557611","1","1","0","2.4491926173791994","0.59003263824460095","0.86216857428694538","0.577280236060287","0","0","0.4414692983378285","0.37236252435037598","0.0042118429272860972","0","0.12391916961440481","true","true"
"L18_SEED_2_CONTROL","3","3.5455136299133301","0","-0.49595741927623749","18.25","3.5455135764171426","1","1","0","6.8594221733878111","2.398608585682072","1.4626429960516714","1.616781311274629","0","0","0.50492463838333856","0.32258504723472142","0.0047460610324794577","0","0.045467555515692724","true","true"
"L18_SEED_2_CONTROL","4","3.4751195907592773","0","-0.3844724465161562","16.75","3.4751197284844793","1","1","0","3.4445337709166868","0.89564802020921752","1.2436914788354796","0.81188439581375305","0","0","0.47886089272552396","0.31902999660428494","0.0041326326059213858","0","0.13036602495941885","true","true"
"L18_SEED_2_CONTROL","5","3.1156356334686279","0.5","-0.053063660394400358","5.25","3.1156355327915288","0.5","0.54252994679547073","0","4.5413634347347749","1.6385036871694414","0.96917789677937649","1.0704096268445302","0","0","0.5201686196504256","0.29866900401673541","0.0054446048824327471","0","0.045544347478763576","true","true"
"L18_SEED_2_CONTROL","6","3.2436778545379639","0","-0.20521159097552299","7.75","3.243677786654926","1","1","0","1.5635022201370439","0.21482443506415616","1.1477786002606629","0.36852100741970861","0","0","0.20127905277414057","0.23880874925874684","0.0021198511023193503","0","0.53891372219613864","true","true"
"L18_SEED_2_CONTROL","7","2.6414306163787842","0","-0.35848527401685715","3","2.6414307233783871","1","1","0","3.8699009851387873","0.24597037800021745","3.428486813663854","0.91214440970404576","0","0","0.11928388531427568","0.090588054431690643","0.0012045939941443841","0","0.78488361002402662","true","true"
"L18_SEED_2_CONTROL","8","3.0054011344909668","0.25","-0.3050016425549984","5.125","3.005401193501454","0.75","0.7825183353167755","0","2.5888542589986834","0.37581403362278853","2.1220685424041088","0.61019880068054788","0","0","0.17089827531871832","0.1344752964238673","0.0016548087653028654","0","0.67189840525370326","true","true"
"L18_SEED_2_CONTROL","9","2.6286811828613281","0.25","-0.53329773247241974","3.875","2.6286811050067671","0.75","0.82093113575282972","0","3.1017327016726171","0.45469236646857097","2.7411677142813229","0.73108540892692597","0","0","0.10130445010624319","0.094933083394703882","0.0012523717035177312","0","0.78102058104673122","true","true"
"L18_SEED_2_CONTROL","10","3.0455467700958252","0","-0.45866797212511301","5.875","3.0455467021524569","1","1","0","2.203428677245463","0.32869609461754845","1.8530809505340813","0.51935311984705712","0","0","0.11314412612279988","0.15576611243833516","0.0015575915933890602","0","0.70727904044468237","true","true"
"L18_SEED_2_CONTROL","11","2.0622086524963379","0","-0.30728806555271149","2.5","2.0622086069518333","1","1","0","5.2547338148167393","0.23098817781011549","5.018525149779502","1.2385526379290572","0","0","0.049646985796326197","0.035719608647381336","0.00058363359803792502","0","0.91211745634349717","true","true"
"L18_SEED_2_CONTROL","12","2.5928246974945068","0.25","-0.41985830664634705","3.25","2.5928246488759852","0.75","0.81105496818488598","0","3.4762402635504084","0.26630487485122145","3.2699000870503725","0.81935768779673501","0","0","0.055374798127148774","0.053437810353341268","0.00051001403363672214","0","0.88480872136959277","true","true"
"L18_SEED_2_CONTROL","13","2.342188835144043","0.25","-0.71671895682811737","4","2.3421888634291923","0.75","0.83814269166246325","0","4.3709707993844038","0.5870074393137924","4.0856462766033985","1.0302476975376988","0","0","0.059359388265626221","0.048111205922287487","0.00078696873535247897","0","0.87370680363304909","true","true"
"L18_SEED_2_CONTROL","14","2.7716085910797119","0","-0.56041295360773802","3.875","2.7716086457949869","1","1","0","3.7789528546302291","1.3447810404457601","2.5229661357712954","0.89070772976443224","0","0","0.2394736919701822","0.18371339255148986","0.0044377928146493162","0","0.44573824110254812","true","true"
"L18_SEED_2_CONTROL","15","1.5785768032073975","0.5","-0.014876246452331543","1.875","1.5785767765251597","0.5","0.56902135130014664","0","5.9224494630327955","0.21865051303641778","5.7848811989190407","1.3959347255150389","0","0","0.025501196474528594","0.018721499702184296","0.00033128664971024212","0","0.95408300958322179","true","true"
"L18_SEED_2_CONTROL","16","2.2026526927947998","0.25","-0.53507095575332642","2.5","2.2026526996107054","0.75","0.84444381961782011","0","4.5196525502253548","0.34296751063439646","4.3635508539410361","1.065292322290474","0","0","0.028087183552028119","0.033768321362603257","0.00027012807515309746","0","0.93211604611437537","true","true"
"L18_SEED_2_CONTROL","17","2.0940468311309814","0","-0.60327666997909546","3.625","2.0940468864789343","1","1","0","5.7565553636362123","1.2250601505686634","5.1981648346025953","1.3568331113009859","0","0","0.085518662577496865","0.052117220250507738","0.0016679204727086093","0","0.81540753841092595","true","true"
"L18_SEED_2_CONTROL","18","2.7525815963745117","0","-1.4902396909892559","5","2.7525816073629765","1","1","0","5.8322430876199514","1.0784429964951345","5.1925896510867098","1.374672878928145","0","0","0.10685894381989734","0.064815831468898716","0.0014553897021698161","0","0.79267794129862734","true","true"
"L18_SEED_2_CONTROL","19","1.2825840711593628","1","0.11940392851829529","1","1.2825840612232329","0","0","0","5.9458136759214115","0.21062791992793675","5.8460649404326253","1.4014417233052479","0","0","0.017513927782264675","0.014253214207971701","0.00024910717206997728","0","0.96672885035439571","true","true"
"L18_SEED_2_CONTROL","20","1.869179368019104","0.25","-0.30544452369213104","1.75","1.8691793695641312","0.75","0.83014130045816925","0","5.3219054368571896","0.46940440786632948","5.1325003588728011","1.2543851410784248","0","0","0.027772236300147638","0.034028291491413697","0.00033261792569829238","0","0.93008720497914343","true","true"
"L18_SEED_2_CONTROL","21","1.8200309276580811","0.5","-0.003584742546081543","2.5","1.8200309425571757","0.5","0.5527850343744336","0","4.3505228605192432","0.90059862314765882","3.9244327070753986","1.0254280721267512","0","0","0.077760667906089292","0.063865845833243062","0.0018083759038770839","0","0.81371226662170681","true","true"
"L18_SEED_2_CONTROL","22","2.350217342376709","0","-0.78607552498579025","3.875","2.3502174184403537","1","1","0","5.6081696995245514","1.0512755175545494","4.973917623135379","1.3218582748595777","0","0","0.10654873861745408","0.070191717691002908","0.0015187247243493411","0","0.78660170489686365","true","true"
"L18_SEED_2_CONTROL","23","1.1029688119888306","0.5","0.16069251298904419","1.5","1.1029688485065234","0.5","0.54811493548460011","0","5.7769228195478721","0.23616633839030923","5.6610430447976299","1.3616337666978702","0","0","0.020210093442379954","0.017569627793533767","0.0002648225517908043","0","0.96028420066548292","true","true"
"L18_SEED_2_CONTROL","24","1.5878250598907471","0.75","0.23907661437988281","1.25","1.5878250827126374","0.25","0.27541064707312091","0","5.6145734309002542","0.43593797115957728","5.3996523416648019","1.3233676488197965","0","0","0.031026728792516303","0.037599117272972729","0.00043856580718019137","0","0.924906996514827","true","true"
"L18_SEED_2_CONTROL","25","1.6651264429092407","0.375","-0.20078566670417786","2.375","1.6651264326906079","0.625","0.6706235879557686","0","6.5364294354008372","1.5215539720993039","5.7033087390505033","1.5406511928397628","0","0","0.11371287036908935","0.068642025857718822","0.0021288802065737968","0","0.76132941538374199","true","true"
"L18_SEED_2_CONTROL","26","2.0805120468139648","0.5","-0.18341613560914993","2.75","2.0805120960255805","0.5","0.59584590213537036","0","9.5929363487234269","3.9292460530997566","3.5404373728381007","2.2610767812244181","0","0","0.45368234727494083","0.23592817778283387","0.0064085428311950422","0","0.13621053770095895","true","true"
"L18_SEED_2_CONTROL","27","0.94734662771224976","1","0.21192598342895508","1","0.94734664507265498","0","0","0","5.1967884598271965","0.24651084375760693","5.1006576882385479","1.2248947867786015","0","0","0.016854064491875133","0.01732631474189537","0.00022356251700141432","0","0.96334595742488838","true","true"
"L18_SEED_2_CONTROL","28","1.3115551471710205","0.75","0.53411561250686646","1.375","1.3115551125035261","0.25","0.36435850443171108","0.375","5.6613369673942699","0.63055633936519617","5.4409858265273039","1.334389920075524","0","0","0.031179574848140889","0.03221801162383834","0.00052631781163316291","0","0.92367072399861261","true","true"
"L18_SEED_2_CONTROL","29","2.1978561878204346","0.375","-0.52270424738526344","3.375","2.1978562413633096","0.625","0.70743101163491362","0","36.629662713312385","21.867890032747781","3.908458790403829","8.6336942990530723","0","0","0.41630864606897616","0.20443746244248634","0.011460178184217107","0","0.011385319830997314","true","true"
"L18_SEED_2_CONTROL","30","2.0997941493988037","0","-0.74000373482704163","3.5","2.0997941498999957","1","1","0","7.7632767313696833","1.4423788234729498","6.9596887295101677","1.8298218736597462","0","0","0.098912051732033088","0.061225293549374976","0.0016511062315460428","0","0.80369172706101211","true","true"
"L18_SEED_2_CONTROL","31","0.81531471014022827","0.5","0.23923051357269287","1.5","0.81531468207716995","0.5","0.64609748309827675","0.5","4.9793919218715175","0.35763127831557207","4.8765933787644871","1.1736539313802885","0","0","0.018604675399053361","0.016889535792933664","0.00021073836087878397","0","0.95913661061562905","true","true"
"L18_SEED_2_CONTROL","32","1.1461552381515503","0.75","0.75740087032318115","1.75","1.1461552386287139","0.25","0.42226641990884817","0.375","5.4414119677960464","0.62624038554063899","5.1967745837732107","1.28255310055274","0","0","0.036187390764653507","0.037786902700837809","0.00067610946877645465","0","0.91210438464324817","true","true"
"L18_SEED_2_CONTROL","33","2.3207740783691406","0","-1.4859562516212463","3.25","2.3207741665393655","1","1","0","16.247955754586677","3.9092338390318244","14.745219216254474","3.8296798981624089","0","0","0.073795854952095924","0.042468129339106944","0.0022698549036260043","0","0.8235785209322346","true","true"
"L18_SEED_2_CONTROL","34","1.6911873817443848","0.125","-0.32003688812255859","2.5","1.6911874247473926","0.875","0.90453330427783452","0","5.9652503737963452","1.0080772342176674","5.5118658868244719","1.4060229969289944","0","0","0.065941505199945752","0.050374537658133177","0.0013576815169961051","0","0.85376811310280831","true","true"
"L18_SEED_2_CONTROL","35","0.76415896415710449","1","0.29974818229675293","1","0.76415896336914679","0","0","0","4.2307433836112267","0.31773541063845839","4.1529579231794651","0.9971957786705391","0","0","0.013148092098895378","0.017442192223742398","0.00020296878508141572","0","0.96356650319667558","true","true"
"L18_SEED_2_CONTROL","36","1.1176985502243042","0.75","0.71155069768428802","1.625","1.1176985323582806","0.25","0.44227252719055532","0.375","5.9478430280038586","1.8018861724318014","4.7019239628240648","1.4019200461782189","0","0","0.16134462113492051","0.11737702973277007","0.0045697593907086031","0","0.62493119858478929","true","true"
"L18_SEED_2_CONTROL","37","1.832471489906311","0.125","-0.78357928991317749","2.875","1.8324714727764573","0.875","0.91763428807887359","0","13.367458742752362","2.0643251951352894","12.74979799385267","3.1507402414105323","0","0","0.038922994279299253","0.026433598182713479","0.0010726166675391084","0","0.90972243072271075","true","true"
"L18_SEED_2_CONTROL","38","1.9492723941802979","0.375","-0.62145942449569702","2.625","1.9492724395087013","0.625","0.74337394935072187","0","19.479903005461161","9.9658007936013711","5.2911383192767483","4.591457170672598","0","0","0.41158658984578211","0.2413524221822981","0.011554982722555805","0","0.073777621421359657","true","true"
"L18_SEED_2_CONTROL","39","0.98402029275894165","0.5","0.41286063194274902","1.5","0.98402032878540147","0.5","0.6218608871750988","0.125","8.6733143037439149","0.44719894566868712","8.4984465571261865","2.0443197865132006","0","0","0.020402200755057606","0.016647785265361051","0.00020822303475479537","0","0.96008332333920643","true","true"
"L18_SEED_2_CONTROL","40","0.8465808629989624","0.75","1.2035952210426331","1.375","0.84658087829204887","0.25","0.52450530151185626","0.375","4.4207404317079586","0.33467308330996598","4.2926297714766761","1.0419785123754144","0","0","0.023907238212532878","0.027079086222558391","0.0004015031063506614","0","0.94288089361782235","true","true"
"L18_SEED_2_CONTROL","41","1.2152444124221802","0.375","-0.023392319679260254","1.875","1.2152444492481518","0.625","0.73523012749050232","0.125","7.829283366958923","1.1459698524589097","7.4893912141598307","1.845379786869233","0","0","0.035485705882367928","0.027058693076822595","0.0009726950506500526","0","0.91505881710567116","true","true"
"L18_SEED_2_CONTROL","42","1.955809473991394","0","-1.0168936848640442","3.25","1.9558094484159376","1","1","0","11.184541561078884","3.0566735789282138","9.640706637961042","2.6362217274338842","0","0","0.11329606344233815","0.065646603802564124","0.0033802064847101429","0","0.74298724814729344","true","true"
"L18_SEED_2_CONTROL","43","1.220314621925354","1","0.33179795742034912","1","1.2203145998258811","0","0","0","12.185852387645001","0.78680065435690749","11.899071899657644","2.8722329526140209","0","0","0.024717825020217087","0.017347666693156977","0.00027957807171192481","0","0.95348606744976716","true","true"
"L18_SEED_2_CONTROL","44","0.74231255054473877","0.75","1.3768016993999481","1.25","0.74231253709979927","0.25","0.51250898177309356","0.375","4.6023863372856342","0.35995304333033268","4.4841005433580348","1.084792862911663","0","0","0.021138162118748898","0.02314114512962576","0.00034527524505330255","0","0.94925859954368075","true","true"
"L18_SEED_2_CONTROL","45","0.93793207406997681","0.75","0.39759176969528198","1.25","0.93793206724159706","0.25","0.27981393811388089","0.25","5.6801987825043092","0.9053476183994289","5.3782692047168661","1.3388356925321228","0","0","0.041599035814210948","0.035255854181696938","0.0012251021712454898","0","0.89651591692823918","true","true"
"L18_SEED_2_CONTROL","46","1.7998514175415039","0","-0.78725966811180115","3.125","1.7998514606256437","1","1","0","10.913166736896992","2.8915766616897542","9.5888370179007865","2.5722580679597766","0","0","0.093130360949660304","0.061599965847627038","0.0030416106032748573","0","0.77202309545637759","true","true"
"L18_SEED_2_CONTROL","47","1.1038870811462402","0.625","0.13851606845855713","1.375","1.1038870689898004","0.375","0.3583493183753787","0","11.837028098172846","1.1165503923670845","11.471041072117321","2.7900142791045739","0","0","0.027977966346682457","0.02356634487042315","0.00043980158677737422","0","0.93911831952019353","true","true"
"L18_SEED_2_CONTROL","48","0.72330200672149658","1","1.4790596663951874","1","0.72330198985878769","0","0","0.375","5.1815183929324062","0.65550109145011815","4.9676338193645799","1.2212955974951087","0","0","0.033043128431108668","0.031178288769064789","0.0006272417895880171","0","0.91914718596556011","true","true"
"L18_SEED_2_CONTROL","49","0.85069704055786133","0.75","0.49013411998748779","1.25","0.85069703712583811","0.25","0.314423418226569","0.375","5.5248805237306424","0.83730900803055552","5.2309848099654186","1.3022268278584739","0","0","0.04225700555976173","0.037145404321253357","0.0011896416162355324","0","0.8964398127994686","true","true"
"L18_SEED_2_CONTROL","50","1.2084860801696777","0.5","0.22615322470664978","1.625","1.2084860212329303","0.5","0.64738309105254133","0.25","6.8002939913817908","1.1433084642908233","6.4094618222731095","1.6028446651227326","0","0","0.04362775472813267","0.038323676294306788","0.0014246482418000077","0","0.88835745826245971","true","true"
"L18_SEED_2_CONTROL","51","0.75378990173339844","1","0.71475476026535034","1","0.7537899152737142","0","0","0.5","7.9650932012420705","0.88410533513614042","7.7119243069482897","1.8773904717937113","0","0","0.025539400404599913","0.024226651089426555","0.00047283268358150793","0","0.93744067353269134","true","true"
"L18_SEED_2_CONTROL","52","0.82800644636154175","1","1.003029465675354","1","0.8280064538182752","0","0","0.375","6.4770511135482494","0.78161111667085459","6.2004707341464931","1.5266555881606154","0","0","0.036845135272978294","0.031409723071619156","0.0007627015727171792","0","0.91642024627863505","true","true"
"L18_SEED_2_CONTROL","53","0.84087538719177246","0.625","0.42661106586456299","1.5","0.84087539560555058","0.375","0.49880393756926866","0.375","5.7562970527916386","0.70952071720932675","5.4887342869219378","1.3567722268510352","0","0","0.037399918704477383","0.037228232355130723","0.00098178961887245746","0","0.90919705131523443","true","true"
"L18_SEED_2_CONTROL","54","0.96728229522705078","0.75","0.44151774048805237","1.5","0.96728232969250205","0.25","0.48639804170984485","0.5","4.9823138574858366","0.46909475785009458","4.862227569940532","1.1743426382093136","0","0","0.013727779387141511","0.024701348447252761","0.0003303712476588937","0","0.95237590394782012","true","true"
"L18_SEED_2_CONTROL","55","0.53357815742492676","1","1.3807643055915833","1","0.53357811075982309","0","0","0.625","6.7598249239526433","1.6622510496565537","6.1078714801558425","1.593306014453584","0","0","0.067730917631553839","0.053663287897178114","0.0017271807217595166","0","0.81641106887598414","true","true"
"L18_SEED_2_CONTROL","56","0.84438240528106689","0.5","0.82199013233184814","1.5","0.8443824208361318","0.5","0.75325686231628486","0.375","7.0635606045112507","0.87417744908221695","6.7312772769626212","1.6648972009240179","0","0","0.037391191050946689","0.038377148198257577","0.00078629586167101189","0","0.90812913605265777","true","true"
"L18_SEED_2_CONTROL","57","0.78392821550369263","0.75","0.40115290880203247","1.25","0.78392825368187202","0.25","0.37543215264992025","0.375","5.3376720659308585","0.54463800414359276","5.1274863050420381","1.2581013711899063","0","0","0.031078079548904403","0.034968202471726322","0.00074722750264174804","0","0.92279501911955708","true","true"
"L18_SEED_2_CONTROL","58","0.86580604314804077","0.75","0.61777719855308533","1.375","0.86580601258227419","0.25","0.5120699405775867","0.5","4.7866120180817058","0.49998128972485117","4.6567904486622993","1.1282152722981997","0","0","0.015639964122304107","0.02651418417102985","0.0004432134144870247","0","0.94649197756897319","true","true"
"L18_SEED_2_CONTROL","59","0.35916247963905334","1","1.4978136420249939","1","0.35916247447822203","0","0","1","4.5718540223219959","0.84300769412460319","4.2753966881042125","1.0775963272596254","0","0","0.047546795630225305","0.042709686387779673","0.0012268298167196301","0","0.87451673124735174","true","true"
"L18_SEED_2_CONTROL","60","0.66250485181808472","1","1.3711371123790741","1","0.66250485570339956","0","0","0.375","6.4938560697959122","1.8156451554499673","5.6438590290085324","1.5306165543340371","0","0","0.099995197787755577","0.063771049757071915","0.0027129281907812101","0","0.75534785052537323","true","true"
"L18_SEED_2_CONTROL","61","0.7000158429145813","0.875","0.54984205961227417","1.125","0.70001585315275638","0.125","0.2706995865569331","0.625","4.8661637196373038","0.32771498982133263","4.7250125877402507","1.1469657881731636","0","0","0.022861645556804616","0.029321302071317015","0.00045353878587935922","0","0.94282807615081343","true","true"
"L18_SEED_2_CONTROL","62","0.81673276424407959","0.75","0.71150833368301392","1.5","0.81673272507485217","0.25","0.45504601640812381","0.5","5.4377339399626834","0.94703549910671669","5.0592795356773834","1.2816861810786186","0","0","0.057749461546606609","0.044980052061413651","0.0012905717630278916","0","0.86564822465076996","true","true"
"L18_SEED_2_CONTROL","63","0.28826966881752014","1","1.8910321593284607","1","0.28826964320320936","0","0","1","4.6771927021694806","1.2542718968923874","4.1581222792854033","1.1024248922067572","0","0","0.071486948382155566","0.064101326992405006","0.0021395803168498167","0","0.79035824188630976","true","true"
"L18_SEED_2_CONTROL","64","0.77073615789413452","0.5","1.1858802139759064","1.5","0.77073618528139376","0.5","0.83593753622007394","0.375","16.121055322885223","8.6568620582269471","5.6708009393322198","3.7997691795652098","0","0","0.38654463410387618","0.19172493527174009","0.0096334159049527492","0","0.12373765136997322","true","true"
"L18_SEED_2_CONTROL","65","0.63765966892242432","0.875","0.73886740207672119","1.125","0.63765963364844147","0.125","0.28485380949870454","0.75","4.6868651463376878","0.50175985009844004","4.5483920691654367","1.1047047091607531","0","0","0.018161350723982533","0.028144572084561625","0.00044990800972522307","0","0.94178305344692026","true","true"
"L18_SEED_2_CONTROL","66","0.7729373574256897","0.75","0.76074710488319397","1.375","0.77293735634388561","0.25","0.46919746495931802","0.5","5.3841319342011351","0.73014731126558763","5.1155771914712629","1.2690520671588883","0","0","0.036391917955411156","0.041482978355631688","0.0010047240237243014","0","0.90273004664393486","true","true"
"L18_SEED_2_CONTROL","67","0.32250332832336426","1","1.3542307615280151","1","0.32250332352450023","0","0","1","7.2642674684339212","3.3709054960085756","4.3259541256985408","1.7122042624274867","0","0","0.23512568134215175","0.18863505538890857","0.0062729701024687142","0","0.35463383336631443","true","true"
"L18_SEED_2_CONTROL","68","2.0924673080444336","0.375","-0.94908425211906433","3.5","2.0924673131483003","0.625","0.8478576441737844","0","25.423741679039157","13.013111598780553","10.185338793263458","5.9924333814612165","0","0","0.32000700871853066","0.24623955698100633","0.011265356312365611","0","0.16049888679136545","true","true"
"L18_SEED_2_CONTROL","69","0.57591593265533447","0.875","0.97035163640975952","1.125","0.57591593740920444","0.125","0.28280843519924559","0.625","4.429807850734397","0.34199731143681761","4.3168838492240456","1.0441157235358993","0","0","0.017738946275776164","0.02627548707051424","0.00035903135112072136","0","0.9496661325462501","true","true"
"L18_SEED_2_CONTROL","70","0.68647009134292603","0.75","1.0223710238933563","1.375","0.68647010853800894","0.25","0.4438531203538798","0.5","4.8190590088300747","0.3356608124885217","4.7060605059812186","1.1358631013606229","0","0","0.017730648489849097","0.023414057558976572","0.00035046603756387179","0","0.95365331943711207","true","true"
"L18_SEED_2_CONTROL","71","0.2992275059223175","1","1.6500546336174011","1","0.29922750401739484","0","0","1","6.0854165058134182","1.9773998929676557","5.0996832658800253","1.4343464258684044","0","0","0.096271521272177779","0.092718778326079235","0.0031504921864144082","0","0.70227270764609961","true","true"
"L18_SEED_2_CONTROL","72","0.79968196153640747","0.75","1.684694230556488","1.5","0.7996819834903639","0.25","0.61716249519835842","0.375","9.7056673130246693","4.4299085756995922","5.243835892340905","2.2876477243267872","0","0","0.23920411801398272","0.25355940480091999","0.0070038246965387959","0","0.29190893089588826","true","true"
"L18_SEED_2_CONTROL","73","0.51758104562759399","0.875","1.2011832892894745","1.125","0.51758107276573773","0.125","0.28412684889587869","0.875","3.910659631227507","0.27538775919294389","3.7910507248223393","0.92175131471781779","0","0","0.022372176371398728","0.032453500056588758","0.00045062203591044104","0","0.93976475726225306","true","true"
"L18_SEED_2_CONTROL","74","0.8796573281288147","0.5","0.47646796703338623","1.75","0.87965734772606263","0.5","0.64941505734866001","0.25","8.0114345277705752","2.3604504411237319","6.5178542741991574","1.8883132272062066","0","0","0.12548155914811962","0.12201833658111209","0.0037958003597004706","0","0.66189441557541062","true","true"
"L18_SEED_2_CONTROL","75","0.30637148022651672","1","1.7242008447647095","1","0.30637148894351002","0","0","1","6.0114767886376415","1.3202660008684142","5.4930986830296069","1.4169186673970688","0","0","0.058082135338540064","0.057039135555146808","0.001670883435941535","0","0.83497304034447328","true","true"
"L18_SEED_2_CONTROL","76","0.63610047101974487","0.75","1.8794017434120178","1.25","0.63610043735647381","0.25","0.56057870289989675","0.625","7.7277277749377502","2.7935419763600247","5.5161397170670359","1.8214429042740377","0","0","0.15482837185106643","0.1995253586884301","0.0054403483440597609","0","0.50952662890633338","true","true"
"L18_SEED_2_CONTROL","77","0.51278442144393921","0.875","1.3292438983917236","1.125","0.51278440309178774","0.125","0.2939601702697201","0.75","4.2018598975257646","0.62218656224740221","3.8753143148254878","0.99038787571209319","0","0","0.065787534004984369","0.060027474195200006","0.0016485756582382168","0","0.85061048130811479","true","true"
"L18_SEED_2_CONTROL","78","0.70610588788986206","0.75","1.0380461812019348","1.25","0.7061058702334071","0.25","0.45092354402672941","0.5","6.0663111453616612","1.6835409673104298","4.9819161804949745","1.4298432492242543","0","0","0.14048580575558633","0.10455569578839907","0.0034992418581576974","0","0.67444023198177372","true","true"
"L18_SEED_2_CONTROL","79","0.17934161424636841","1","2.6029224395751953","1","0.17934161424763326","0","0","1","4.0924118993055867","0.58823467861230716","3.9027630455960489","0.96459073513583293","0","0","0.033433205290000628","0.035608561647621877","0.00083327754749589703","0","0.90946437258287194","true","true"
"L18_SEED_2_CONTROL","80","0.38286721706390381","1","2.1858805119991302","1","0.38286720623610604","0","0","0.875","4.4958173297634012","0.48386162053389364","4.2839468117414095","1.0596743069505659","0","0","0.03272239818732979","0.04687941381328635","0.00084648923201919538","0","0.90796859259436213","true","true"
"L18_SEED_2_CONTROL","81","0.49182417988777161","0.875","1.4541372060775757","1.125","0.49182416870372048","0.125","0.26929912269741868","0.875","4.0456359149811441","0.41622368486859918","3.8533119407609298","0.95356552989833665","0","0","0.032790254765220829","0.048648322502334501","0.00079401954050998418","0","0.90718266824355154","true","true"
"L18_SEED_2_CONTROL","82","0.56935012340545654","0.875","1.6541233658790588","1.125","0.56935013484041297","0.125","0.30144951125788838","0.5","5.4758782041219707","2.3163596700951303","3.8252102086930688","1.2906768703620863","0","0","0.17354770391803076","0.15332518715501334","0.0062071890881485849","0","0.48798115715654994","true","true"
"L18_SEED_2_CONTROL","83","0.1116892471909523","1","3.3379912376403809","1","0.111689252470231","0","0","1","2.6453259260952908","0.3153781744769264","2.5356910304400966","0.62350930026352125","0","0","0.028920686084296255","0.037300339656156929","0.00073719802387395414","0","0.91882814992411765","true","true"
"L18_SEED_2_CONTROL","84","0.31086784601211548","1","1.9938386678695679","1","0.31086783422982778","0","0","0.875","4.1028360637449399","0.47213211531752353","3.9638081351128118","0.96704773425692292","0","0","0.026284130042806251","0.026381444159702401","0.00071564242656458514","0","0.93337662561629797","true","true"
"L18_SEED_2_CONTROL","85","0.44671070575714111","0.875","1.4701295793056488","1.125","0.44671070897781717","0.125","0.26513612076333964","0.875","3.6441699209968772","0.40373110235224635","3.457539637376152","0.85893908764431226","0","0","0.035460650410784958","0.051387614808380604","0.00068166743779138209","0","0.90019603744387477","true","true"
"L18_SEED_2_CONTROL","86","0.47699296474456787","0.875","1.7260154485702515","1.125","0.47699297039365146","0.125","0.37328986086524424","0.75","3.6697466257535512","0.30367260113610584","3.560686895267188","0.86496757476892916","0","0","0.025247887472873778","0.025960340473514618","0.0004981653703798923","0","0.94144599602450818","true","true"
"L18_SEED_2_CONTROL","87","0.093187756836414337","1","3.2682220339775085","1","0.093187740865470103","0","0","1","2.021931971224658","0.15524983770839743","1.9333543140571097","0.47657393598361292","0","0","0.036737558434286798","0.042256398385712983","0.00080810044941591796","0","0.91430232616105656","true","true"
"L18_SEED_2_CONTROL","88","0.26846539974212646","1","1.8626575469970703","1","0.26846539495147292","0","0","1","3.5192196494499086","0.5113877644725684","3.3462046442078779","0.82948802620365836","0","0","0.032237700206772302","0.041484131219162897","0.0010711386715344248","0","0.90409121152000127","true","true"
"L18_SEED_2_CONTROL","89","0.37290677428245544","1","1.4786744117736816","1","0.37290677846332293","0","0","1","2.9523853583372675","0.43709963718689188","2.7556544064059949","0.69588390251871901","0","0","0.047321467549517375","0.058752541005526085","0.00083627944172367781","0","0.87117101131080477","true","true"
"L18_SEED_2_CONTROL","90","0.45762434601783752","0.875","1.6342487633228302","1.125","0.45762435290186271","0.125","0.33761316104542588","0.75","3.8015099163883854","0.46171749452730199","3.6401717291455364","0.89602448020871084","0","0","0.03083436175568454","0.036830888457105138","0.00066301394633891202","0","0.91692009244507022","true","true"
"L18_SEED_2_CONTROL","91","0.091268390417098999","1","2.9062867760658264","1","0.091268411712358971","0","0","1","2.0201884855134851","0.49849946071270163","1.7404749473084304","0.47616299246052229","0","0","0.10310973401061657","0.090827753956297691","0.0029198917558206396","0","0.74225267233091519","true","true"
"L18_SEED_2_CONTROL","92","0.21737699210643768","1","1.9877497553825378","1","0.21737698486304269","0","0","1","2.7635319391412292","0.45497465941513632","2.5807380288461723","0.65137072473079083","0","0","0.039036357835241516","0.060434851324461594","0.0013389385971103198","0","0.87208510007722195","true","true"
"L18_SEED_2_CONTROL","93","0.29439368844032288","1","1.7047025561332703","1","0.29439368434204238","0","0","1","2.0518019491768591","0.35794413418889492","1.878949550438872","0.48361435730491098","0","0","0.055990320582492453","0.073804046208603077","0.001162893408482468","0","0.83860869864893473","true","true"
"L18_SEED_2_CONTROL","94","0.41290345788002014","0.875","1.7323507070541382","1.125","0.41290344336834178","0.125","0.31324505472180036","0.75","3.5762776464585917","0.60785727156941405","3.3285121627908443","0.8429367250722456","0","0","0.052922745548321146","0.050930626557560504","0.0010178635440940334","0","0.86623921439233131","true","true"
"L18_SEED_2_CONTROL","95","0.073574058711528778","1","3.245430588722229","1","0.073574056860094439","0","0","1","1.73546446368453","0.25312503144018494","1.6197385978239418","0.40905289692653535","0","0","0.052363297546359946","0.053997322476523918","0.0012851483725962063","0","0.87108074184770157","true","true"
"L18_SEED_2_CONTROL","96","0.16624191403388977","1","2.3708257079124451","1","0.16624191839333255","0","0","1","2.1818720586190143","0.30682720078569936","2.0661251783380652","0.51427217611031906","0","0","0.032629927934457174","0.049869441012126807","0.0010095086082062374","0","0.89671554587163316","true","true"
"L18_SEED_2_CONTROL","97","0.23441106081008911","1","2.0195964574813843","1","0.23441107000897859","0","0","1","1.4222690529255493","0.27433993120423666","1.2801893686055423","0.33523203066514151","0","0","0.055190822497118749","0.096038409745728928","0.0013783039866775545","0","0.81018633112284977","true","true"
"L18_SEED_2_CONTROL","98","0.34729671478271484","0.875","1.9242435693740845","1.125","0.34729669829282783","0.125","0.3371844014078812","0.875","2.9541009908279245","0.48120088846726849","2.7779298285689977","0.6962882809747748","0","0","0.047995870129216391","0.040439003860711406","0.00074695958929209315","0","0.88428420065648594","true","true"
"L18_SEED_2_CONTROL","99","0.053246784955263138","1","3.7837144732475281","1","0.053246764529008977","0","0","1","1.3058864870930404","0.13769368863150486","1.24980453720082","0.30780039682778926","0","0","0.034160276169975315","0.038055777151802306","0.00071287538898425038","0","0.91595331338939867","true","true"
"L18_SEED_2_CONTROL","100","0.13122394680976868","1","2.8116141557693481","1","0.13122395507874643","0","0","1","1.8661970456441352","0.20604765512447509","1.8020597622266548","0.43986686200175629","0","0","0.025045304328133025","0.029693619481963193","0.00062526654654019046","0","0.93244534223022013","true","true"
"L18_SEED_2_CONTROL","101","0.18972675502300262","1","2.2119103074073792","1","0.18972676565949154","0","0","1","1.1086286849555624","0.22606152462469414","0.99598368281232386","0.2613062869833343","0","0","0.032704197933365819","0.11699808715556374","0.0016089778228443547","0","0.80710906292744755","true","true"
"L18_SEED_2_CONTROL","102","0.29525768756866455","0.875","2.1213741302490234","1.125","0.29525770938325729","0.125","0.37353071268060606","0.875","2.3639754414420397","0.34371524390854419","2.195571888271719","0.55719435506737613","0","0","0.059482321228934917","0.055331189706747143","0.0014462665540609107","0","0.8625998971801434","true","true"
"L18_SEED_2_CONTROL","103","0.038061510771512985","1","4.1490849852561951","1","0.03806149311756974","0","0","1","0.87375726546044274","0.081650947274014576","0.84477759826810206","0.20594656250603116","0","0","0.025836550971928562","0.030032244976975195","0.00063207750269109869","0","0.93476658108940003","true","true"
"L18_SEED_2_CONTROL","104","0.10861369222402573","1","3.2136744260787964","1","0.10861370289579635","0","0","1","1.6352363627997089","0.16476708457943884","1.5863465113604849","0.38542890699283316","0","0","0.024855212716306842","0.023370649001158761","0.00052305948503634863","0","0.94109841879388134","true","true"
"L18_SEED_2_CONTROL","105","0.15545932948589325","1","2.3950187563896179","1","0.15545932823462266","0","0","1","1.1339081020785586","0.34860115444006096","0.91655344636654779","0.26726470274070557","0","0","0.10637521347211977","0.14173144058885351","0.0040070602326524093","0","0.65337102750715625","true","true"
"L18_SEED_2_CONTROL","106","0.25065112113952637","1","2.2825618386268616","1","0.25065112418792967","0","0","0.875","1.7329390612915179","0.19064752657450085","1.6551710795159904","0.40845765387409411","0","0","0.034253983818041185","0.040306570481403736","0.0010751848212132431","0","0.91226118465927475","true","true"
"L18_SEED_2_CONTROL","107","0.029794879257678986","1","4.3241512775421143","1","0.029794881726520128","0","0","1","0.62645811779369609","0.071237846996846182","0.60146089017016202","0.14765759440709447","0","0","0.030396470891113154","0.033889087724559119","0.00099601839206074866","0","0.92178726290665502","true","true"
"L18_SEED_2_CONTROL","108","0.089446939527988434","1","3.4883418381214142","1","0.089446948921201863","0","0","1","1.3356610451036688","0.088217435711183165","1.3023047922839672","0.31481832745317179","0","0","0.021009753070801929","0.023462811702429635","0.00048862907955526621","0","0.95067649800704768","true","true"
"L18_SEED_2_CONTROL","109","0.12158600986003876","1","2.6192030310630798","1","0.12158601323096337","0","0","1","0.98080306485113611","0.29782971276391706","0.78922995151770248","0.23117749938826249","0","0","0.10769024248547929","0.14852846163243233","0.004066946151118603","0","0.64750553984325787","true","true"
"L18_SEED_2_CONTROL","110","0.2178800106048584","1","2.4071474075317383","1","0.21788001019461886","0","0","1","1.6063730253952939","0.34196508269710951","1.4221264120731254","0.37862575312405417","0","0","0.076598534675204874","0.091343219732509764","0.0029793372777564713","0","0.78376090973855617","true","true"
"L18_SEED_2_CONTROL","111","0.024718150496482849","1","4.5123047828674316","1","0.024718150691322972","0","0","1","0.47782862426858652","0.058204805074102743","0.45634790276970588","0.11262528682178549","0","0","0.034253484059993441","0.03757903783028492","0.0012183378244703448","0","0.91211120908068266","true","true"
"L18_SEED_2_CONTROL","112","0.071746319532394409","1","3.7124183475971222","1","0.071746292978986118","0","0","1","1.0443002464207505","0.079136372919645523","1.0095777359483522","0.24614392861296508","0","0","0.025824248863268957","0.032920001092997635","0.00090680546568251111","0","0.93460643773338992","true","true"
"L18_SEED_2_CONTROL","113","0.090089745819568634","1","2.8899618983268738","1","0.090089761605583019","0","0","1","0.70627037914818103","0.15432175644320165","0.61806430655044919","0.16646952481562427","0","0","0.041422847222222503","0.14272493625952667","0.0022913289225781441","0","0.76581759896809354","true","true"
"L18_SEED_2_CONTROL","114","0.18257315456867218","1","2.5342234969139099","1","0.1825731630850094","0","0","1","1.2536603079068478","0.22705281110794906","1.1881353863831532","0.29549056834178239","0","0","0.022259628168380553","0.045706362273947906","0.0010344324516865901","0","0.89819805366726335","true","true"
"L18_SEED_2_CONTROL","115","0.021346056833863258","1","4.6614347398281097","1","0.021346082158797429","0","0","1","0.38170513460771904","0.034988660106279622","0.36675639510454505","0.08996876303161401","0","0","0.032468424358205419","0.034943092659073756","0.00097854131213006104","0","0.92320763325206812","true","true"
"L18_SEED_2_CONTROL","116","0.056453149765729904","1","3.9347441494464874","1","0.056453150517366081","0","0","1","0.82284157799124513","0.090459984428836571","0.78204988495381378","0.19394561987994963","0","0","0.037564914156495821","0.045567676490207279","0.001472218509340909","0","0.90330924731885331","true","true"
"L18_SEED_2_CONTROL","117","0.067253045737743378","1","3.1804341673851013","1","0.067253042761096823","0","0","1","0.57131485713337804","0.10190063510892457","0.5134145123371272","0.13466020322387839","0","0","0.031736699866197274","0.12719654325179139","0.0016744716663862063","0","0.80757942293367113","true","true"
"L18_SEED_2_CONTROL","118","0.1561741828918457","1","2.6362166404724121","1","0.15617417396052713","0","0","1","1.2393815869309455","0.31363500430410035","1.0731331474785981","0.29212504153220537","0","0","0.082667557207861189","0.10122099952665206","0.0023566411625105003","0","0.74971662279042228","true","true"
"L18_SEED_2_CONTROL","119","0.019359871745109558","1","4.7341426014900208","1","0.019359852542795673","0","0","1","0.34811291505544106","0.043180787121325503","0.32695003307602255","0.082051000951439648","0","0","0.052269467480754006","0.04894802519094682","0.0012864720612734528","0","0.88210949997762078","true","true"
"L18_SEED_2_CONTROL","120","0.044106017798185349","1","4.1221782863140106","1","0.044106048795892756","0","0","1","0.64935964622413844","0.065928451224562021","0.61827398566890446","0.15305553642466191","0","0","0.036881958012928109","0.044861739523567014","0.0013991358150920426","0","0.90654914897862882","true","true"
"L18_SEED_2_CONTROL","121","0.051837563514709473","1","3.4656801223754883","1","0.051837542826752611","0","0","1","0.4730226960940998","0.069052031435986844","0.43606349072841427","0.11149251868776047","0","0","0.024954877980031338","0.10250040221058972","0.0013977224287603613","0","0.84983672695438328","true","true"
"L18_SEED_2_CONTROL","122","0.12973438203334808","1","2.7789590358734131","1","0.12973438142574462","0","0","1","0.9807810663699541","0.13632794141062016","0.93595922477021665","0.23117231429652263","0","0","0.02333014243412011","0.04567470256041542","0.00098612847662995075","0","0.9106882041975527","true","true"
"L18_SEED_2_CONTROL","123","0.017490936443209648","1","4.8196129202842712","1","0.017490940446866152","0","0","1","0.32262918041001493","0.044253417894860585","0.30051723051483875","0.076044427092193195","0","0","0.058205040968045386","0.053937560524502909","0.0014193545259780593","0","0.86762381835116253","true","true"
"L18_SEED_2_CONTROL","124","0.035062834620475769","1","4.2748519778251648","1","0.035062839679569503","0","0","1","0.51985424336520181","0.040441300013393043","0.50078786437889256","0.12253082023737867","0","0","0.028632074833998888","0.036260940396240719","0.001062780340139991","0","0.92799237012116886","true","true"
"L18_SEED_2_CONTROL","125","0.041532617062330246","1","3.73724365234375","1","0.041532621306573821","0","0","1","0.40387142197542697","0.052168716716638176","0.37752373915788734","0.095193407068759353","0","0","0.020263971889163693","0.08794466585117644","0.0013256890507406256","0","0.87378037163669808","true","true"
"L18_SEED_2_CONTROL","126","0.10957713425159454","1","2.9514542818069458","1","0.10957715722418508","0","0","1","0.90218593940780234","0.16595062333637106","0.83553544555325421","0.21264726521547089","0","0","0.047626115359862484","0.058954684775978358","0.0018798194029033945","0","0.85770442046036766","true","true"
"L18_SEED_2_CONTROL","127","0.015551607124507427","1","4.9113048613071442","1","0.015551576929897346","0","0","1","0.28961006346814888","0.030106406067365761","0.27505293970961903","0.068261746592731501","0","0","0.042717724258277051","0.043383660097841018","0.0010945822606555676","0","0.90199739715916216","true","true"
"L18_SEED_2_CONTROL","128","0.028865724802017212","1","4.4140652716159821","1","0.02886571475230099","0","0","1","0.43173393117475029","0.036004342267085036","0.41676574810885059","0.1017606634673307","0","0","0.026887869960979471","0.033315394654860081","0.00097989797251332982","0","0.93186215346644974","true","true"
"L18_SEED_2_CONTROL","129","0.034417886286973953","1","3.9823430776596069","1","0.034417887720009074","0","0","1","0.35230830145915365","0.043080878102835771","0.33183741455045368","0.083039863010027332","0","0","0.017705282896300158","0.078779195987624284","0.0013965717909043965","0","0.88716612123382599","true","true"
"L18_SEED_2_CONTROL","130","0.092515356838703156","1","3.0923857688903809","1","0.092515385721938348","0","0","1","0.76490974000976231","0.10421717694890169","0.73091817993970043","0.18029095471884732","0","0","0.022272082446017843","0.044939422222203596","0.0011275812284600806","0","0.91309748398917967","true","true"
"L18_SEED_2_CONTROL","131","0.013800580054521561","1","5.0017410814762115","1","0.013800563921593","0","0","1","0.26170060043892829","0.019204627468465393","0.25250744094029981","0.061683423070319127","0","0","0.028297451586572854","0.034503803461499935","0.00083660066707289676","0","0.93097693809731574","true","true"
"L18_SEED_2_CONTROL","132","0.024547666311264038","1","4.5446048974990845","1","0.024547665740476562","0","0","1","0.36960698623333876","0.036488265160598249","0.3554249231504184","0.08711720211317224","0","0","0.028981068256641124","0.03546224391288734","0.0010797026704104792","0","0.92473099233328704","true","true"
"L18_SEED_2_CONTROL","133","0.029399706050753593","1","4.1638261675834656","1","0.029399718768810448","0","0","1","0.31472517288343949","0.037971454445797866","0.29722872764717762","0.074181434651996184","0","0","0.017831547723411546","0.074179852428243542","0.0015272733411356768","0","0.89190500955301688","true","true"
"L18_SEED_2_CONTROL","134","0.079041071236133575","1","3.2277983427047729","1","0.079041073905247561","0","0","1","0.70064897954900185","0.12680391279845377","0.64694508995870403","0.16514454822351127","0","0","0.04967139481838298","0.063490389147483547","0.0015067425338729391","0","0.85257747521291494","true","true"
"L18_SEED_2_CONTROL","135","0.012344186194241047","1","5.0977330207824707","1","0.012344204195218974","0","0","1","0.23928247207654665","0.014344083730047287","0.23246222388932997","0.056399419541468952","0","0","0.021158653220023634","0.030712800572376502","0.0007284105632023955","0","0.9438065843394905","true","true"
"L18_SEED_2_CONTROL","136","0.021396884694695473","1","4.6492069959640503","1","0.021396895438938954","0","0","1","0.32514558196307075","0.038592252347637857","0.31081906014569621","0.076637548626311253","0","0","0.032600665146081835","0.0382809250923851","0.0012128540506396541","0","0.91381771159933189","true","true"
"L18_SEED_2_CONTROL","137","0.025798851624131203","1","4.3022723793983459","1","0.025798844944318999","0","0","1","0.28790552730379221","0.034326319686204601","0.27225058445340322","0.067859983565866727","0","0","0.01808723434057867","0.071906594086285358","0.0015848058839354248","0","0.89420611639794911","true","true"
"L18_SEED_2_CONTROL","138","0.067400388419628143","1","3.407848060131073","1","0.067400378211903256","0","0","1","0.59400134926683812","0.081529936267340772","0.56302002364444237","0.14000746070018003","0","0","0.028790931037719177","0.052798835399616446","0.0011648072133749326","0","0.89840636142950003","true","true"
"L18_SEED_2_CONTROL","139","0.011125322431325912","1","5.2030631303787231","1","0.011125320417118039","0","0","1","0.21901170225634894","0.012892842150357764","0.21317101727374652","0.051621553274891138","0","0","0.018841233818863105","0.029604783458507793","0.00071404527372367281","0","0.94737446309172524","true","true"
"L18_SEED_2_CONTROL","140","0.018951524049043655","1","4.7499033808708191","1","0.018951525711477183","0","0","1","0.28996991140792927","0.036837227051497903","0.27652267831220717","0.068346563565536408","0","0","0.034141389453481774","0.039044574125943803","0.0012739170940311965","0","0.9094014400814544","true","true"
"L18_SEED_2_CONTROL","141","0.023059919476509094","1","4.4214762449264526","1","0.023059926327405295","0","0","1","0.26640838368720798","0.030232040630677484","0.25259327579258706","0.062793058223390791","0","0","0.017742935647950629","0.068827679704331318","0.0015762857607711149","0","0.89897537379135917","true","true"
"L18_SEED_2_CONTROL","142","0.057947453111410141","1","3.5798155665397644","1","0.057947430514696655","0","0","1","0.52062158300084715","0.09165077645446347","0.48938087058830004","0.12271168392399134","0","0","0.026552354529418121","0.05748285489657412","0.001386675546320555","0","0.88358765946155449","true","true"
"L18_SEED_2_CONTROL","143","0.010075192898511887","1","5.3083173334598541","1","0.010075156966603908","0","0","1","0.19994939344832877","0.010654342254550329","0.19491705246322805","0.047128524000483438","0","0","0.017287805990517404","0.028877951690013167","0.00069764503424014923","0","0.95029728536723757","true","true"
"L18_SEED_2_CONTROL","144","0.016947811469435692","1","4.8505995869636536","1","0.016947795779118768","0","0","1","0.26016863876958074","0.034013405879880484","0.24775845059665155","0.061322336242014622","0","0","0.035209741038274692","0.039513952985631672","0.0013101704946935071","0","0.90687423507010334","true","true"
"L18_SEED_2_CONTROL","145","0.020827807486057281","1","4.5301541090011597","1","0.020827794391414769","0","0","1","0.2470152813899025","0.026511462598426704","0.23489459572990956","0.058222060175834416","0","0","0.016670923770039037","0.066021913949276451","0.0015174388678714278","0","0.90427059199910997","true","true"
"L18_SEED_2_CONTROL","146","0.05018128827214241","1","3.7290796041488647","1","0.050181298669356895","0","0","1","0.45296473652890828","0.064393969616185279","0.43214237111360293","0.10676481227932297","0","0","0.019209861537685651","0.049169467241424979","0.0012358651587779613","0","0.91017502494076497","true","true"
"L18_SEED_2_CONTROL","147","0.0091630099341273308","1","5.4056022465229034","1","0.0091630151036044671","0","0","1","0.18271476098326384","0.0079337423163131516","0.17855139751969087","0.043066282171381691","0","0","0.014907530324886462","0.027616224795376714","0.00064388615273677818","0","0.9549469352386214","true","true"
"L18_SEED_2_CONTROL","148","0.015255028381943703","1","4.9521755576133728","1","0.015255033239779982","0","0","1","0.23334012113050936","0.029498869578654833","0.22255361538979207","0.054998793991424523","0","0","0.033905659959773071","0.039127927825303596","0.0013005646495750783","0","0.90968381874186932","true","true"
"L18_SEED_2_CONTROL","149","0.018957240507006645","1","4.628061830997467","1","0.018957256575115308","0","0","1","0.22939514940137284","0.023054450200955194","0.21887003257189586","0.054068955237670642","0","0","0.015740560572946916","0.062384605391376496","0.0014332892577322931","0","0.91034108651218115","true","true"
"L18_SEED_2_CONTROL","150","0.04394826665520668","1","3.8647350668907166","1","0.043948268100982138","0","0","1","0.40936923364631839","0.054874384995987027","0.38972078343010708","0.096489253706817296","0","0","0.025113305330290953","0.049394024944732752","0.0012143685762940062","0","0.90630992080082595","true","true"
"L18_SEED_2_CONTROL","151","0.0083814961835741997","1","5.4969874620437622","1","0.0083814906507331428","0","0","1","0.16806932757328444","0.0075153559564491556","0.1643038896877351","0.039614320412177537","0","0","0.014066327806588933","0.027603749939807271","0.00063662686011141617","0","0.95569379181581582","true","true"
"L18_SEED_2_CONTROL","152","0.013826954178512096","1","5.051260232925415","1","0.013826965743990069","0","0","1","0.21056851550856573","0.026755051574730057","0.20095631771105318","0.049631475073497175","0","0","0.032957641649459746","0.038793780298193206","0.0013178404174809372","0","0.91078623336593134","true","true"
"L18_SEED_2_CONTROL","153","0.017391426488757133","1","4.7194867730140686","1","0.017391414783268524","0","0","1","0.21382749716239219","0.019292495111077404","0.20484943991919599","0.050399624415891589","0","0","0.014923977768232333","0.057799945466704236","0.0013474304587912194","0","0.917788172324841","true","true"
"L18_SEED_2_CONTROL","154","0.03882797434926033","1","4.0094664692878723","1","0.038827982926096828","0","0","1","0.37551790300004012","0.056817581270271394","0.35355419765720564","0.088510418556093512","0","0","0.033567000794901457","0.055717007539469954","0.0013801445919059459","0","0.88644276898961938","true","true"
"L18_SEED_2_CONTROL","155","0.0077121937647461891","1","5.5849159061908722","1","0.0077122110388091018","0","0","1","0.15557038272954807","0.0078582196778978278","0.15200368982883866","0.036668290859949999","0","0","0.014113045652847444","0.02801103760988348","0.00065190572707524684","0","0.95467251736771108","true","true"
"L18_SEED_2_CONTROL","156","0.012621186673641205","1","5.14531409740448","1","0.012621166690243144","0","0","1","0.19096517019844766","0.022642458248000867","0.18275969977652956","0.045010922272588516","0","0","0.030739684007115308","0.038007000815346914","0.0012853631295258803","0","0.9159094573108022","true","true"
"L18_SEED_2_CONTROL","157","0.016073150560259819","1","4.8043458461761475","1","0.016073162250588708","0","0","1","0.20083748643424532","0.017731640990784916","0.19266566016910064","0.047337849524705371","0","0","0.014638778393535145","0.056007660196330737","0.0012806271952602092","0","0.92027807448171084","true","true"
"L18_SEED_2_CONTROL","158","0.034554146230220795","1","4.1641480922698975","1","0.034554144757147146","0","0","1","0.33259719825930184","0.038328112312618963","0.32031189354973272","0.078393911430932967","0","0","0.015061097336636584","0.043058782878430436","0.0011107278058636219","0","0.92748940381482259","true","true"
"L18_SEED_2_CONTROL","159","0.0071316910907626152","1","5.6688151955604553","1","0.0071317007027752255","0","0","1","0.14488093410605665","0.0074342198798405708","0.14152700452065861","0.03414876365701134","0","0","0.014328717933471345","0.02813618289088235","0.00066532845440437749","0","0.95423678605965645","true","true"
"L18_SEED_2_CONTROL","160","0.01159073319286108","1","5.2342551946640015","1","0.01159073268974376","0","0","1","0.17414036631353552","0.018111419151745488","0.16732269574563857","0.041045277966203463","0","0","0.027605081411118674","0.037115742140096858","0.0012303033795559055","0","0.9232318923469327","true","true"
"L18_SEED_2_CONTROL","161","0.014920462854206562","1","4.8846325874328613","1","0.014920441467276982","0","0","1","0.18887632259346085","0.016360447039121234","0.18138343485336128","0.044518576170471356","0","0","0.014351506519370772","0.054676855917979363","0.0012365905558778471","0","0.92223204097298372","true","true"
"L18_SEED_2_CONTROL","162","0.031036810949444771","1","4.288487434387207","1","0.03103682407770917","0","0","1","0.30514354625283807","0.035912877509726646","0.29361697725668712","0.071923023596897576","0","0","0.015674034317721439","0.043458042615272245","0.0011381839185212953","0","0.9258783914775276","true","true"
"L18_SEED_2_CONTROL","163","0.0066208052448928356","1","5.7453457117080688","1","0.0066207840357532782","0","0","1","0.13580440468826849","0.0065641033050390573","0.1326987277386931","0.032009405156692268","0","0","0.014320087253642115","0.02789284413882881","0.0006653180698614205","0","0.95478548016027742","true","true"
"L18_SEED_2_CONTROL","164","0.010698354803025723","1","5.3185724020004272","1","0.010698336372417157","0","0","1","0.1599730984204932","0.014686106879806354","0.15411214150168423","0.037706020900184573","0","0","0.025451277776310382","0.03684226920887216","0.001210552786827438","0","0.92806799863335687","true","true"
"L18_SEED_2_CONTROL","165","0.013894790783524513","1","4.9613083004951477","1","0.013894782006661143","0","0","1","0.17754826748393487","0.014668649956708319","0.17079486602717164","0.041848527975271117","0","0","0.013564546312685487","0.053031135441658731","0.0012057798819529832","0","0.9253728349709629","true","true"
"L18_SEED_2_CONTROL","166","0.028061807155609131","1","4.3877621293067932","1","0.02806177838588227","0","0","1","0.28000468657389588","0.027288460126722338","0.27058498992921515","0.065997737546805199","0","0","0.014674387134989383","0.040927033203634285","0.0010513728606008439","0","0.93384930974943459","true","true"
"L18_SEED_2_CONTROL","167","0.0061691408045589924","1","5.8161815106868744","1","0.0061691466131117423","0","0","1","0.12792556374964933","0.0056683688770055663","0.12505154914261557","0.030152344538163008","0","0","0.014260648243689897","0.027541915781852899","0.00066194200035752087","0","0.95557212677778247","true","true"
"L18_SEED_2_CONTROL","168","0.0099188219755887985","1","5.3980660438537598","1","0.0099188481376431218","0","0","1","0.14793282186017176","0.012114753116848946","0.14278499032745853","0.03486810049912966","0","0","0.023907900124057507","0.03657488166589444","0.0011966044943243262","0","0.93161405002780384","true","true"
"L18_SEED_2_CONTROL","169","0.012982804328203201","1","5.0343427658081055","1","0.01298278129332717","0","0","1","0.16732661695431747","0.013581290478494577","0.16112969880468123","0.039439261840467275","0","0","0.013038663866536033","0.051872466982805919","0.0011990358348187755","0","0.92730185721276914","true","true"
"L18_SEED_2_CONTROL","170","0.02554793655872345","1","4.4807648062705994","1","0.025547943562550916","0","0","1","0.26436434036382467","0.037860375734133166","0.25024884249007207","0.062311272591722977","0","0","0.029611817283856302","0.052463246176771894","0.0013522939142927744","0","0.89606271668107529","true","true"
"L18_SEED_2_CONTROL","171","0.005769799929112196","1","5.8840023279190063","1","0.0057697928003513366","0","0","1","0.12089846872528887","0.0051512756561419362","0.11815715689925541","0.028496042356907166","0","0","0.01473992190710569","0.027606544343466554","0.00067292724734690503","0","0.9551651410838693","true","true"
"L18_SEED_2_CONTROL","172","0.0092356828972697258","1","5.4717557430267334","1","0.0092357090342132919","0","0","1","0.13771500605450204","0.010242829169390099","0.13308704403461122","0.032459738217428279","0","0","0.022843065091792542","0.036514156794431395","0.0011922348715398539","0","0.93391860493600987","true","true"
"L18_SEED_2_CONTROL","173","0.012176007032394409","1","5.1031543016433716","1","0.012176014994767042","0","0","1","0.15828769820738725","0.012513239406680499","0.1525589498493706","0.037308768260284418","0","0","0.012500614931863588","0.051143861736348141","0.0011801636091260926","0","0.92892586105282016","true","true"
"L18_SEED_2_CONTROL","174","0.023351607844233513","1","4.5849893689155579","1","0.023351627946950133","0","0","1","0.23890011445931161","0.025683757194344733","0.23055855690609797","0.0563092969868072","0","0","0.01426167140463409","0.041637636286779127","0.0011564987390542691","0","0.93138614818319621","true","true"
"L18_SEED_2_CONTROL","175","0.0054140747524797916","1","5.9492912888526917","1","0.0054140774621923371","0","0","1","0.11440045329291415","0.0047904969974772076","0.11180136725526002","0.0269644454314115","0","0","0.014822834402461654","0.027669076551173892","0.00067681481006817018","0","0.95507777470537125","true","true"
"L18_SEED_2_CONTROL","176","0.0086300615221261978","1","5.5408373475074768","1","0.0086300828413220093","0","0","1","0.12879831697290775","0.0086789321496559321","0.12463049752163266","0.030358054445652493","0","0","0.02167202245713996","0.036286705734813608","0.0011720993210333301","0","0.93632858330450752","true","true"
"L18_SEED_2_CONTROL","177","0.011443443596363068","1","5.1694327592849731","1","0.01144344501133137","0","0","1","0.15004435131235647","0.011729352036674917","0.14465721553248478","0.035365792763901303","0","0","0.01224429091101174","0.050978904961416008","0.0011840292722032997","0","0.92948182469616969","true","true"
"L18_SEED_2_CONTROL","178","0.021465467289090157","1","4.6742451786994934","1","0.021465455464738478","0","0","1","0.22245202322310645","0.024459145599950643","0.21455833610840228","0.052432444703241973","0","0","0.014191476734057951","0.042270275634468883","0.0011593216778096151","0","0.93028938406086581","true","true"
"L18_SEED_2_CONTROL","179","0.0050933770835399628","1","6.0099940896034241","1","0.0050933727738257236","0","0","1","0.10845934515600229","0.0043795989789014349","0.10601680722156005","0.025564112814287183","0","0","0.01474414742545075","0.027485264335746256","0.00067348902829399723","0","0.95546654690161426","true","true"
"L18_SEED_2_CONTROL","180","0.0080877300351858139","1","5.6064305901527405","1","0.0080877345008958049","0","0","1","0.12107785271257329","0.007852526986835277","0.11716842099735508","0.028538323568188865","0","0","0.021450525361953958","0.036691248694631501","0.0011866345519566137","0","0.93646539588824862","true","true"
"L18_SEED_2_CONTROL","181","0.010774221271276474","1","5.2333642244338989","1","0.010774217240946606","0","0","1","0.14241615133428878","0.011044014149123029","0.13734708388642408","0.033567808786321721","0","0","0.011948048083006898","0.050773786163034788","0.0011843605932149507","0","0.93008019295986466","true","true"
"L18_SEED_2_CONTROL","182","0.019820298999547958","1","4.7550342082977295","1","0.019820268845030738","0","0","1","0.20843125631491524","0.022609398471376805","0.20095702716090605","0.049127718250502661","0","0","0.015379467209281461","0.042148441083567467","0.0011384456164701547","0","0.92956700996312513","true","true"
"L18_SEED_2_CONTROL","183","0.0048029394820332527","1","6.0677200853824615","1","0.0048029208212801381","0","0","1","0.10300179343760445","0.0041140181845583327","0.10069060034047815","0.024277755538035378","0","0","0.014698515344096795","0.027406504618051497","0.00067295198941334658","0","0.95562672630119805","true","true"
"L18_SEED_2_CONTROL","184","0.0075988541357219219","1","5.6688382625579834","1","0.0075988651219729385","0","0","1","0.11420714543955819","0.0072942886007118521","0.11050878665104627","0.026918882333423294","0","0","0.021405873526073919","0.037031916154872162","0.0012001211157822663","0","0.93628284851066312","true","true"
"L18_SEED_2_CONTROL","185","0.010164682753384113","1","5.2948044538497925","1","0.01016467351856983","0","0","1","0.13543959538848399","0.010450162911056693","0.13065052174572736","0.031923418780119756","0","0","0.011832543810487924","0.050497068272655897","0.001185795109880513","0","0.93053133313341896","true","true"
"L18_SEED_2_CONTROL","186","0.018374195322394371","1","4.8349337577819824","1","0.018374198928909066","0","0","1","0.19606724579798049","0.021764820608641745","0.18876287220547375","0.046213493024107211","0","0","0.016654982241320036","0.042988636896173681","0.0011548136080188234","0","0.92687903148778661","true","true"
"L18_SEED_2_CONTROL","187","0.0045387940481305122","1","6.1238365769386292","1","0.0045387805180375053","0","0","1","0.097930952466470003","0.0038732834520178866","0.095737502396196661","0.023082546859032795","0","0","0.014678880397382249","0.027377443862054141","0.00067356272503166237","0","0.95570581820725886","true","true"
"L18_SEED_2_CONTROL","188","0.0071556428447365761","1","5.7283193469047546","1","0.0071556556899955116","0","0","1","0.10799201682123905","0.0068430967317560489","0.10449682231634019","0.025453962469436611","0","0","0.02131573610652468","0.037144365879803423","0.0012076565282256591","0","0.9363169039907463","true","true"
"L18_SEED_2_CONTROL","189","0.0096097281202673912","1","5.3537980318069458","1","0.0096097175227360578","0","0","1","0.12905860981494424","0.0098477691477738914","0.12452216147390176","0.03041940605688526","0","0","0.011719910837614492","0.050342670106782804","0.0011800716388474235","0","0.93093495123863246","true","true"
"L18_SEED_2_CONTROL","190","0.017090644687414169","1","4.9139899015426636","1","0.017090630327412488","0","0","1","0.18377805389912294","0.018757736648850953","0.17753289070454809","0.043316902715112217","0","0","0.014140916111139145","0.041127248328579093","0.0011235004327559942","0","0.93319059374714564","true","true"
"L18_SEED_2_CONTROL","191","0.0042979433201253414","1","6.1784912347793579","1","0.0042979302010328121","0","0","1","0.093237845187761778","0.003701957045562634","0.091139915660058579","0.021976370865162621","0","0","0.014811071384845562","0.027429780372557253","0.00067809088678891726","0","0.95550461427582045","true","true"
"L18_SEED_2_CONTROL","192","0.0067518055438995361","1","5.7854856848716736","1","0.0067518166298523447","0","0","1","0.10231314947704294","0.0064601521583341065","0.099018005730402911","0.024115440599923311","0","0","0.021089054745606815","0.037092900387710251","0.0012069143679458957","0","0.93662434759577684","true","true"
"L18_SEED_2_CONTROL","193","0.0091019170358777046","1","5.4104326963424683","1","0.0091019152576239069","0","0","1","0.12318427279794789","0.0095195813997281161","0.11886734162944579","0.029034811543654171","0","0","0.011570831238526251","0.050126777053460317","0.0011911995500013004","0","0.93113911822679307","true","true"
"L18_SEED_2_CONTROL","194","0.015951372683048248","1","4.9864284992218018","1","0.015951350482553587","0","0","1","0.17297840978263287","0.016503443069614723","0.16740224678672913","0.040771402185388377","0","0","0.01278667174940076","0.040435241150201806","0.0011086769765967488","0","0.93656681306850587","true","true"
"L18_SEED_2_CONTROL","195","0.0040767611935734749","1","6.2314212322235107","1","0.0040767618290816895","0","0","1","0.088867038857197544","0.0034823008135578932","0.086876543328522404","0.0209461619332976","0","0","0.014741080521817449","0.027342961931428336","0.00067591754918530417","0","0.95570453529762511","true","true"
"L18_SEED_2_CONTROL","196","0.00638230936601758","1","5.8409340977668762","1","0.0063823295508962652","0","0","1","0.097137543924968706","0.0062182350842378015","0.09398621736654017","0.022895538672383833","0","0","0.021106706177062316","0.037409101574424113","0.0012176292596182002","0","0.9361686754379005","true","true"
"L18_SEED_2_CONTROL","197","0.0086361085996031761","1","5.4649847745895386","1","0.0086361183678779069","0","0","1","0.11768973161557654","0.0088593508977098858","0.11363397669891567","0.027739735767132994","0","0","0.011395201764776415","0.049501425829092942","0.0011719635694927659","0","0.93226475528070762","true","true"
"L18_SEED_2_CONTROL","198","0.014934130944311619","1","5.0534250140190125","1","0.014934121042180355","0","0","1","0.16360320079617677","0.0153292033710241","0.15829889140785544","0.038561644235600316","0","0","0.01308719119010464","0.04080126292950894","0.001124749632157336","0","0.93620758337340471","true","true"
"L18_SEED_2_CONTROL","199","0.0038729778025299311","1","6.2826638221740723","1","0.0038729575487488743","0","0","1","0.084827750646189665","0.0033197754793872257","0.082935169042354359","0.019994092571574081","0","0","0.014713615837102938","0.027205525426473073","0.0006732531691268363","0","0.95587601908917774","true","true"
"L18_SEED_2_CONTROL","200","0.0060428404249250889","1","5.8946895599365234","1","0.0060428545141011543","0","0","1","0.092273368784616075","0.0056939902598050008","0.089334687241478264","0.02174904159684304","0","0","0.020750368189648056","0.036914436446149432","0.0012081885754427098","0","0.93731914929458959","true","true"
"L18_SEED_2_CONTROL","201","0.0082077216356992722","1","5.5174643397331238","1","0.0082077171406517713","0","0","1","0.11265047001854836","0.0085461927613266365","0.10878971640881376","0.026551970417989137","0","0","0.011235807791637055","0.049192430015270287","0.0011856847645477916","0","0.93263062654278184","true","true"
"L18_SEED_2_CONTROL","202","0.0140204057097435","1","5.1161825656890869","1","0.014020399304068286","0","0","1","0.15600664871136286","0.016797617289523333","0.15003112789780609","0.036771119737997418","0","0","0.017548734585659555","0.044791375707945953","0.0012053916701387497","0","0.92486114264259212","true","true"
"L18_SEED_2_CONTROL","203","0.0036848117597401142","1","6.3328571915626526","1","0.0036847933997554393","0","0","1","0.081091959254633444","0.0031592228894197533","0.079283689457421397","0.019113558096218175","0","0","0.014676067607458192","0.027232772077243915","0.00067415323697930958","0","0.95589924063154097","true","true"
"L18_SEED_2_CONTROL","204","0.0057315393351018429","1","5.9448795914649963","1","0.0057315393051170452","0","0","1","0.087810814622740194","0.0052360682303234998","0.08505407758259946","0.020697207493751479","0","0","0.020467014417998874","0.036576760616659397","0.0012031233723542383","0","0.93819748780201884","true","true"
"L18_SEED_2_CONTROL","205","0.0078142127022147179","1","5.5679365396499634","1","0.0078142053072768509","0","0","1","0.10799010862112293","0.0081186749283620897","0.10432722649255512","0.025453512702355959","0","0","0.011116298234115011","0.048736723430507535","0.0011818623501329683","0","0.93331311343408419","true","true"
"L18_SEED_2_CONTROL","206","0.013191884383559227","1","5.1787071824073792","1","0.01319188551636391","0","0","1","0.14728745854498146","0.015260404128558995","0.14223266982423433","0.03471598690696296","0","0","0.013390982924912313","0.042148394156918005","0.001186265667587657","0","0.93253939472391223","true","true"
"L18_SEED_2_CONTROL","207","0.0035103103145956993","1","6.3823868334293365","1","0.003510307516080531","0","0","1","0.077605655824612721","0.0030259313371345715","0.075875780081663596","0.01829182849733765","0","0","0.014645728710380064","0.027241374909382606","0.0006768958009800947","0","0.95591569324269843","true","true"
"L18_SEED_2_CONTROL","208","0.0054450295865535736","1","5.9936781525611877","1","0.0054450212762618055","0","0","1","0.083735619453547169","0.0049910650163739675","0.081096637080100967","0.019736674780819793","0","0","0.020446493391880191","0.036825338843920238","0.0012134683225591659","0","0.93796193854940846","true","true"
"L18_SEED_2_CONTROL","209","0.0074489577673375607","1","5.6169584989547729","1","0.00744897322631823","0","0","1","0.10365677934492964","0.007738049996896524","0.1001418834392943","0.024432137196919133","0","0","0.011263519422139623","0.048660665014215156","0.0011712358939628717","0","0.93333185430254972","true","true"
"L18_SEED_2_CONTROL","210","0.012443692423403263","1","5.2362180948257446","1","0.01244371185406099","0","0","1","0.14094175242929829","0.015702593565502975","0.13553731618518419","0.03322028963169079","0","0","0.017695734931312129","0.043906603468780205","0.0012050406940070438","0","0.92478000132125782","true","true"
"L18_SEED_2_CONTROL","211","0.0033484708983451128","1","6.4277484714984894","1","0.003348481738344131","0","0","1","0.074356354246889023","0.0028659787547168024","0.072709333798776588","0.017525960770761455","0","0","0.014535708108508461","0.027111518819639229","0.00067723910799480532","0","0.95618990705274765","true","true"
"L18_SEED_2_CONTROL","212","0.00518047995865345","1","6.0412168502807617","1","0.0051804827256275582","0","0","1","0.079942659330774171","0.0047392220023446925","0.077421702049565944","0.018842665506292149","0","0","0.020387031737582582","0.036952050987238548","0.0012211792175481769","0","0.93792529165989313","true","true"
"L18_SEED_2_CONTROL","213","0.0071091293357312679","1","5.6645278334617615","1","0.0071091426704856112","0","0","1","0.099577938160581289","0.0074053292244016878","0.096211567664814743","0.023470745109973906","0","0","0.011215300602333812","0.048547411724048077","0.0011767177679193703","0","0.93353009427697586","true","true"
"L18_SEED_2_CONTROL","214","0.011759737506508827","1","5.2948757410049438","1","0.011759738165960343","0","0","1","0.13376557073103207","0.013414382140207393","0.129157567389934","0.03152884738440051","0","0","0.014795278917927115","0.041700007442469787","0.0011580926568379032","0","0.93228998675899877","true","true"
"L18_SEED_2_CONTROL","215","0.0031989216804504395","1","6.4697746634483337","1","0.003198912347881258","0","0","1","0.071314153904784891","0.0027567942764486621","0.069739460830847755","0.016808907273551502","0","0","0.014442877925288188","0.027060206113998661","0.00067712222033575393","0","0.95632542680759058","true","true"
"L18_SEED_2_CONTROL","216","0.0049359477125108242","1","6.0875826478004456","1","0.0049359520130354585","0","0","1","0.076449789513004421","0.0047340955369038259","0.07400471568508582","0.018019388194976543","0","0","0.020658243604896778","0.037213738088228247","0.0012359926637906435","0","0.93705741345800297","true","true"
"L18_SEED_2_CONTROL","217","0.0067927278578281403","1","5.7107570171356201","1","0.0067927453227020415","0","0","1","0.095747375347129196","0.0071834874694263976","0.092522766508438409","0.022567872796256241","0","0","0.011064328642835113","0.04833336020276581","0.0011958691110997585","0","0.93377762773874551","true","true"
"L18_SEED_2_CONTROL","218","0.011136097833514214","1","5.3524314761161804","1","0.011136094899980572","0","0","1","0.12750154798592633","0.012571001851332366","0.12326535524545805","0.03005240306421017","0","0","0.013233376023764872","0.041210517313810514","0.0011805520508177433","0","0.93465460111319187","true","true"
"L18_SEED_2_CONTROL","219","0.003059428883716464","1","6.5109959840774536","1","0.0030594347206965005","0","0","1","0.068477672843111945","0.0026686903705500239","0.066959422726565632","0.016140342275746115","0","0","0.014511980197832191","0.027138838462750083","0.00068173915966126435","0","0.956148649862678","true","true"
"L18_SEED_2_CONTROL","220","0.0047088991850614548","1","6.1330130100250244","1","0.0047088849027742226","0","0","1","0.073124694232729007","0.0043903948226227526","0.070804883619688799","0.017235655721385166","0","0","0.020352982344464712","0.037247497804008302","0.0012363999856219699","0","0.93755833767435337","true","true"
"L18_SEED_2_CONTROL","221","0.0064968434162437916","1","5.7560663223266602","1","0.0064968404893605003","0","0","1","0.092081558584817022","0.0068527193824765307","0.089018544666389324","0.02170383149918349","0","0","0.01088836855556112","0.047804248213135038","0.0011908092996344537","0","0.93457822170297555","true","true"
"L18_SEED_2_CONTROL","222","0.010564562864601612","1","5.4062162041664124","1","0.010564579339128426","0","0","1","0.12242938530998541","0.012402367161038218","0.11807961820545317","0.028856882856397124","0","0","0.015911446780954141","0.042433496970209171","0.0011881909543065045","0","0.93020472777500463","true","true"
"L18_SEED_2_CONTROL","223","0.002928668400272727","1","6.5514615774154663","1","0.002928647027165754","0","0","1","0.065800437465561204","0.0025611747537919666","0.064343791768467995","0.015509311845646565","0","0","0.014507775366796502","0.027075696997274183","0.00068608859464905575","0","0.95621541033259783","true","true"
"L18_SEED_2_CONTROL","224","0.004497838206589222","1","6.1774469614028931","1","0.0044978351649834821","0","0","1","0.070047852647409967","0.0041811043955585414","0.067821658406723939","0.016510437204846545","0","0","0.020325313151083213","0.03741836716469326","0.0012455751014922105","0","0.93744793698282314","true","true"
"L18_SEED_2_CONTROL","225","0.0062216990627348423","1","5.8001620173454285","1","0.0062216961962083912","0","0","1","0.088680517291118685","0.0066076516316947295","0.085745201053083864","0.020902198378560301","0","0","0.010807186585855272","0.047558415945701586","0.0011867422416756647","0","0.93489580373435222","true","true"
"L18_SEED_2_CONTROL","226","0.010037827305495739","1","5.4595620036125183","1","0.010037828470472954","0","0","1","0.11683616822641955","0.01059412457087843","0.11307709636741235","0.027538548946917835","0","0","0.01311455918061274","0.040827857879020053","0.0011482044535973169","0","0.93668741507459474","true","true"
"L18_SEED_2_CONTROL","227","0.0028063689824193716","1","6.5915141105651855","1","0.0028063734621519647","0","0","1","0.063266255865609744","0.0024766477699109664","0.061863687962886965","0.014911999514285281","0","0","0.014510978143370797","0.027111699203747269","0.00069198041901747938","0","0.95615289960690752","true","true"
"L18_SEED_2_CONTROL","228","0.0043012774549424648","1","6.2209387421607971","1","0.0043012764600631956","0","0","1","0.06713116375849712","0.0038160849852884801","0.065032800244149938","0.015822967040859306","0","0","0.020007180606580723","0.037059917587168797","0.0012398149788722846","0","0.93846170912406901","true","true"
"L18_SEED_2_CONTROL","229","0.0059647136367857456","1","5.8432525992393494","1","0.0059647136970438636","0","0","1","0.085483566200477396","0.0063577396969765514","0.082667470217439948","0.020148669780122239","0","0","0.01072652447512233","0.047356019529522106","0.0011869948202358255","0","0.93519899549702512","true","true"
"L18_SEED_2_CONTROL","230","0.0095518892630934715","1","5.5109872817993164","1","0.0095518598289812424","0","0","1","0.11224915033789705","0.01113718383462356","0.10843946191947344","0.026457378462118417","0","0","0.01465063834965025","0.041058109141121818","0.0011742113646480076","0","0.93327274540794691","true","true"
"L18_SEED_2_CONTROL","231","0.0026918549556285143","1","6.6307142972946167","1","0.0026918485664754457","0","0","1","0.060870927448862681","0.0024077328069632038","0.059514321413543833","0.014347415192068384","0","0","0.014683570580964415","0.027129569058626412","0.00069879229574992992","0","0.95592349178024072","true","true"
"L18_SEED_2_CONTROL","232","0.0041183936409652233","1","6.2632023692131042","1","0.004118403934395244","0","0","1","0.064453104955642465","0.0035893307978931955","0.062440232722845573","0.015191742527554352","0","0","0.019960213204584215","0.037174402958401048","0.0012488561023357339","0","0.93851525984095197","true","true"
"L18_SEED_2_CONTROL","233","0.0057242386974394321","1","5.885263204574585","1","0.0057242442140258325","0","0","1","0.082452504447832572","0.0059922266107279437","0.079767901117230117","0.019434241673625462","0","0","0.010735609367647269","0.046870674333296933","0.001170744846600538","0","0.9359413319573977","true","true"
"L18_SEED_2_CONTROL","234","0.0091024124994874001","1","5.5620779991149902","1","0.0091024153664624151","0","0","1","0.10748844971527581","0.0097019547106005147","0.10411771218719865","0.025335270564300249","0","0","0.012344733718167399","0.040080021102098816","0.0011630417329068592","0","0.93826525651124093","true","true"
"L18_SEED_2_CONTROL","235","0.0025846683420240879","1","6.6687846183776855","1","0.0025847035650090919","0","0","1","0.058615130174847221","0.0023316800338803205","0.057305661853893242","0.013815718675588897","0","0","0.014709243737305307","0.027187087664918279","0.00070239569417866309","0","0.95581886501210189","true","true"
"L18_SEED_2_CONTROL","236","0.0039476510137319565","1","6.3043186664581299","1","0.0039476506081798498","0","0","1","0.061957132346932627","0.0034221475510697488","0.060020085937434672","0.014603436141796152","0","0","0.019921470581949249","0.0373221701260434","0.0012566962069228305","0","0.93844885530797195","true","true"
"L18_SEED_2_CONTROL","237","0.0054978970438241959","1","5.9263548851013184","1","0.0054978980964864249","0","0","1","0.079580969723358735","0.005678998509982592","0.07701372676089599","0.018757414448262764","0","0","0.010712796605966027","0.04650748299804177","0.0011656314862478329","0","0.93652165905322149","true","true"
"L18_SEED_2_CONTROL","238","0.0086858607828617096","1","5.6107583045959473","1","0.0086858692636376349","0","0","1","0.10400296977404765","0.010928791063347749","0.10018398815420895","0.024513735063589542","0","0","0.016881894671351899","0.042955461652454938","0.0012120199428879539","0","0.92790849603886383","true","true"
"L18_SEED_2_CONTROL","239","0.0024843376595526934","1","6.7057753205299377","1","0.0024843386461353102","0","0","1","0.056503610967452378","0.0022602689292770253","0.055237930420729275","0.013318028825537384","0","0","0.014737551795069734","0.027254676867128892","0.00070582334572064065","0","0.95570177172864501","true","true"
"L18_SEED_2_CONTROL","240","0.0037878646980971098","1","6.3444495797157288","1","0.0037878629535259716","0","0","1","0.059618937080592967","0.0032745249498715781","0.05775196202785645","0.014052318232273799","0","0","0.01990221342480139","0.037466386297889301","0.001264359856496515","0","0.9383503680212345","true","true"
"L18_SEED_2_CONTROL","241","0.0052855447866022587","1","5.9664236903190613","1","0.0052855392369754181","0","0","1","0.076882954597096098","0.0055297329262644374","0.074419286773225707","0.018121486184421363","0","0","0.010506986977086796","0.046203590029909668","0.0011783032524043269","0","0.93693805179062906","true","true"
"L18_SEED_2_CONTROL","242","0.0082971416413784027","1","5.6597282886505127","1","0.0082971313893301507","0","0","1","0.09947121502418492","0.0092078516026446039","0.096319315054863158","0.023445590225488783","0","0","0.012512207610780524","0.040110532452523551","0.001177494181859135","0","0.93763093081390048","true","true"
"L18_SEED_2_CONTROL","243","0.0023899946827441454","1","6.74228435754776","1","0.0023899748790621547","0","0","1","0.054513328749378219","0.00219466480234095","0.05328876687932705","0.012848914807912304","0","0","0.014780879123105802","0.027311115493112593","0.0007096520283529044","0","0.95557754751572743","true","true"
"L18_SEED_2_CONTROL","244","0.0036380041856318712","1","6.3836928009986877","1","0.0036380165172045903","0","0","1","0.057425498504386378","0.0031168557317455842","0.055621348571327466","0.013535319801823183","0","0","0.019921977305702374","0.037704388544446493","0.0012751066631762902","0","0.93815258778270227","true","true"
"L18_SEED_2_CONTROL","245","0.0050858808681368828","1","6.0057461857795715","1","0.0050858709962216843","0","0","1","0.074330206214860223","0.0053373105852341767","0.071955359920016171","0.017519797620507375","0","0","0.010433413445075966","0.046111824127334319","0.0011778448774127717","0","0.93712090131612458","true","true"
"L18_SEED_2_CONTROL","246","0.0079368427395820618","1","5.7050204277038574","1","0.0079368569005976043","0","0","1","0.097544746848429773","0.013005395619716286","0.092872772817828145","0.022991517321883266","0","0","0.024934782151844435","0.049391557903802029","0.0013948459585455869","0","0.90650259614639428","true","true"
"L18_SEED_2_CONTROL","247","0.0023007746785879135","1","6.778387188911438","1","0.0023007741339472086","0","0","1","0.052630212844416865","0.0021235745606061496","0.051448510335176556","0.012405060132526166","0","0","0.014737313137318698","0.027324942180642298","0.00071143262972253986","0","0.95559827316068358","true","true"
"L18_SEED_2_CONTROL","248","0.003497318597510457","1","6.4220768213272095","1","0.003497297458771679","0","0","1","0.055345847885025022","0.0029764883303353309","0.053618906915842403","0.013045141450006778","0","0","0.019755706478852778","0.037512336258966592","0.0012715203272820022","0","0.93856817062939879","true","true"
"L18_SEED_2_CONTROL","249","0.0048984866589307785","1","6.044084906578064","1","0.0048984815734626676","0","0","1","0.071916024621556746","0.0051577063483510231","0.069637516646416708","0.016950769561960496","0","0","0.010325621574148444","0.045724515024322746","0.0011683136178474117","0","0.93763801265154145","true","true"
"L18_SEED_2_CONTROL","250","0.0075992611236870289","1","5.7522828578948975","1","0.0075992572584008058","0","0","1","0.092700189602146044","0.010229704898504931","0.089319001594750647","0.021849644228318716","0","0","0.015226665587374164","0.042926022276385006","0.0012881263762445528","0","0.92838149430108474","true","true"
"L18_SEED_2_CONTROL","251","0.0022165768314152956","1","6.8142033815383911","1","0.0022165928006169936","0","0","1","0.050846705388676229","0.0020691099391291065","0.049701721138765718","0.011984683393775843","0","0","0.014763860754489972","0.027394486215152898","0.00071536189550200097","0","0.95547036295200083","true","true"
"L18_SEED_2_CONTROL","252","0.0033651171252131462","1","6.4595301747322083","1","0.0033651398197387427","0","0","1","0.053409875310277147","0.0028786097179244671","0.051738929394065096","0.012588828338074978","0","0","0.019770146118198131","0.037638214515068699","0.001278698356336652","0","0.93840809947192072","true","true"
"L18_SEED_2_CONTROL","253","0.0047206627205014229","1","6.0817476511001587","1","0.004720651214353542","0","0","1","0.069615809546453467","0.0050074864586792051","0.067413641403463204","0.016408603669362812","0","0","0.010254051555614154","0.045669435279428856","0.0011682102946274724","0","0.9377343339995704","true","true"
"L18_SEED_2_CONTROL","254","0.0072832945734262466","1","5.7955698370933533","1","0.0072832877534503224","0","0","1","0.089061899404413156","0.0078510152941215685","0.086290304363149578","0.020992091004738228","0","0","0.012803104116336835","0.039534493064281764","0.0011628673003051242","0","0.9387286995673747","true","true"
"L18_SEED_2_CONTROL","255","0.00213667843490839","1","6.8489199876785278","1","0.0021366752916858584","0","0","1","0.049157497755272297","0.0019837536024950968","0.048054889537611938","0.011586533336305176","0","0","0.014710471374066272","0.027302781759489376","0.00071533183807860677","0","0.95564288443802248","true","true"
"L18_SEED_2_CONTROL","256","0.0032404689118266106","1","6.496216893196106","1","0.0032404847855986921","0","0","1","0.051583652846516961","0.0027817742248853958","0.049965142256557266","0.012158383575381633","0","0","0.019791142330765971","0.037782493091134149","0.0012865650645633973","0","0.93823163097734652","true","true"
"L18_SEED_2_CONTROL","257","0.004552831407636404","1","6.1183215975761414","1","0.0045528549119232039","0","0","1","0.067431958300424311","0.0047809069145271785","0.065304183017066711","0.01589386499430618","0","0","0.010384553415956578","0.045543982896707025","0.0011578219029488692","0","0.93788687158929762","true","true"
"L18_SEED_2_CONTROL","258","0.0069896294735372066","1","5.8373150825500488","1","0.0069896431677280817","0","0","1","0.086998835736842806","0.010192659837641508","0.083428959112830506","0.020505822234952033","0","0","0.020314887729874515","0.04505663911029574","0.0012858109616995124","0","0.91961652992019371","true","true"
"L18_SEED_2_CONTROL","259","0.0020614750683307648","1","6.8829889893531799","1","0.0020614907785748613","0","0","1","0.047562168104475118","0.0019229554773556937","0.046495270874558188","0.011210510531536292","0","0","0.014662956691553274","0.027345287860197159","0.00071723480878936455","0","0.95563990680227218","true","true"
"L18_SEED_2_CONTROL","260","0.0031230289023369551","1","6.532151997089386","1","0.0031230069407791727","0","0","1","0.049858334100916918","0.0026725579391556151","0.048288026453055223","0.011751722047140947","0","0","0.019836141172607392","0.037993160038163554","0.0012962328854038965","0","0.9380011807333325","true","true"
"L18_SEED_2_CONTROL","261","0.0043944115750491619","1","6.1526057720184326","1","0.0043944210438250928","0","0","1","0.065372611035091718","0.0046259085338175498","0.063309442504983313","0.015408472188927961","0","0","0.010485917472263731","0.045463257933171144","0.0011677691937475832","0","0.93787576914243509","true","true"
"L18_SEED_2_CONTROL","262","0.0067109898664057255","1","5.8808331489562988","1","0.0067109941033234068","0","0","1","0.083144088394325605","0.0073998052890332242","0.080494570461638229","0.019597249573067119","0","0","0.013299191642648107","0.040332033997847551","0.0011654995977574249","0","0.93728231453475919","true","true"
"L18_SEED_2_CONTROL","263","0.0019909031689167023","1","6.9162964224815369","1","0.0019909111461364265","0","0","1","0.046046669801792776","0.001873684682551982","0.045016443334486546","0.010853304155968496","0","0","0.014528400441252358","0.027342376133931291","0.0007199482971100257","0","0.95575351828005195","true","true"
"L18_SEED_2_CONTROL","264","0.0030121714808046818","1","6.5673385262489319","1","0.0030121944749825261","0","0","1","0.048202848126200827","0.0025143815564414207","0.046701020059733256","0.011361520260847292","0","0","0.019563796426199632","0.037767077006098458","0.0012903119706707388","0","0.93865788712798759","true","true"
"L18_SEED_2_CONTROL","265","0.0042445468716323376","1","6.1861335039138794","1","0.0042445294185810053","0","0","1","0.063413448626799623","0.0045431291803397569","0.061417414760049922","0.014946693180811592","0","0","0.010242786989158743","0.045403884553627628","0.0011828539079554085","0","0.93803775627438946","true","true"
"L18_SEED_2_CONTROL","266","0.006450689397752285","1","5.923093855381012","1","0.0064507076437894488","0","0","1","0.08041762214479202","0.0079992792397922258","0.077735964639950778","0.018954615315159972","0","0","0.013421292193201484","0.041041323097805574","0.0012240433432537611","0","0.93441871817035249","true","true"
"L18_SEED_2_CONTROL","267","0.0019240312976762652","1","6.9488844275474548","1","0.0019240247939972008","0","0","1","0.044608170777268315","0.0017806853960989047","0.043615042446900468","0.010514246684311338","0","0","0.014515658392580707","0.027202158321774691","0.00071979473477575581","0","0.95596891241271342","true","true"
"L18_SEED_2_CONTROL","268","0.0029072898905724287","1","6.6018113493919373","1","0.0029072823852905427","0","0","1","0.046652972694147532","0.0024361359439373617","0.045200552558997076","0.010996211118180853","0","0","0.019525083857667651","0.037749926010323336","0.0012938664720886254","0","0.93870437947622487","true","true"
"L18_SEED_2_CONTROL","269","0.0041018519550561905","1","6.2191957235336304","1","0.0041018441879583142","0","0","1","0.061524311942424297","0.0043745880741966241","0.059594149305384793","0.014501419394108237","0","0","0.010197500464594316","0.045323004309919167","0.0011842889245311263","0","0.93823951208724787","true","true"
"L18_SEED_2_CONTROL","270","0.0062059289775788784","1","5.961794912815094","1","0.0062059458639177698","0","0","1","0.078112662723596238","0.0081130245192183436","0.075313030046253268","0.018411331169464185","0","0","0.016584616568221359","0.041808327936757449","0.0012168507707992523","0","0.92960265793960006","true","true"
"L18_SEED_2_CONTROL","271","0.0018602936761453748","1","6.9810169339179993","1","0.0018602860980008531","0","0","1","0.043242275664234414","0.0017281402398670004","0.042280350239077745","0.010192302118706057","0","0","0.014464502583486879","0.027211391593515336","0.00072217888956355614","0","0.95600479466689225","true","true"
"L18_SEED_2_CONTROL","272","0.0028081499040126801","1","6.6355667114257812","1","0.0028081556923214607","0","0","1","0.045186150387903003","0.0023639987811291041","0.043781003171119319","0.010650477785000452","0","0","0.019446450040616386","0.037748164990508086","0.0012950259311150945","0","0.93877330223965816","true","true"
"L18_SEED_2_CONTROL","273","0.0039665615186095238","1","6.2518699169158936","1","0.0039665645121661547","0","0","1","0.05970962837951925","0.0042000267287242172","0.057853133775582342","0.014073694376428929","0","0","0.010033539867885062","0.045051376952219654","0.0011846259679469842","0","0.93878262034785087","true","true"
"L18_SEED_2_CONTROL","274","0.0059751304797828197","1","6.0019693970680237","1","0.0059751599532771402","0","0","1","0.075564199401148155","0.0075689199680287651","0.072924338379774842","0.017810652603828105","0","0","0.016017504673294863","0.041389902166990636","0.001209683889367876","0","0.93134979738151569","true","true"
"L18_SEED_2_CONTROL","275","0.0017997435061261058","1","7.0129781365394592","1","0.0017997090462465251","0","0","1","0.041932927019690036","0.0016872942507855559","0.040997955186432136","0.0098836856835411435","0","0","0.01448707782420214","0.027264860300256009","0.00072550486586092904","0","0.95590346586720332","true","true"
"L18_SEED_2_CONTROL","276","0.0027144481427967548","1","6.6686201691627502","1","0.0027144683328898995","0","0","1","0.043784283839318337","0.0022335566447487958","0.042435466345232431","0.010320054670726187","0","0","0.019313500723957031","0.037455435360609968","0.0012917027215939331","0","0.93933706071926515","true","true"
"L18_SEED_2_CONTROL","277","0.0038383118808269501","1","6.2841222286224365","1","0.0038383208526554182","0","0","1","0.058008702776914278","0.0041341848333308496","0.056197800593005019","0.013672782367130333","0","0","0.010068166889855229","0.045128810493469652","0.001184829745463023","0","0.93853901442042542","true","true"
"L18_SEED_2_CONTROL","278","0.0057571106590330601","1","6.0424585342407227","1","0.0057571104866395422","0","0","1","0.072789468812774524","0.0062615142880502834","0.070593563946228371","0.017156642332159862","0","0","0.012138281765532014","0.038713915239942803","0.001173657706179967","0","0.94057431683727977","true","true"
"L18_SEED_2_CONTROL","279","0.0017421426018700004","1","7.0446004867553711","1","0.001742136412550494","0","0","1","0.040683033340775991","0.0016489503363323009","0.039773735246983598","0.009589082918167036","0","0","0.014508746447000084","0.027321476987818474","0.00072899200605010565","0","0.95579797017037538","true","true"
"L18_SEED_2_CONTROL","280","0.0026255438569933176","1","6.7011277675628662","1","0.002625530932993024","0","0","1","0.042470557244076057","0.0021782993971693762","0.041155490255100971","0.010010406342685876","0","0","0.019423338123460955","0.037613633557296501","0.0013020272536652","0","0.93903037436397274","true","true"
"L18_SEED_2_CONTROL","281","0.0037161076907068491","1","6.3158494234085083","1","0.0037161076258928538","0","0","1","0.056373394474784462","0.0040322054239925334","0.054610593830375739","0.013287336503874781","0","0","0.010054333081811497","0.045203989272494048","0.0011879475296519234","0","0.93843765483374775","true","true"
"L18_SEED_2_CONTROL","282","0.0055517000146210194","1","6.0802844762802124","1","0.0055517022225961129","0","0","1","0.070582686919369822","0.0060507061351989539","0.068459089801175349","0.016636498851684473","0","0","0.012414011214447195","0.038337340197453607","0.0011679678961045682","0","0.94073189219528119","true","true"
"L18_SEED_2_CONTROL","283","0.0016872178530320525","1","7.0756174325942993","1","0.0016872392517004993","0","0","1","0.039490014702774197","0.0016053392103670854","0.03860723679120253","0.0093078857284960344","0","0","0.014482848391909088","0.027342769802735395","0.00073101097154105359","0","0.95579080398626282","true","true"
"L18_SEED_2_CONTROL","284","0.0025409944355487823","1","6.7331448197364807","1","0.0025409906114325165","0","0","1","0.041211754915403374","0.0020798958558122527","0.03993523858390257","0.0097137037884265851","0","0","0.019584327912138811","0.03754492445959827","0.0013133905315177495","0","0.93901028661778863","true","true"
"L18_SEED_2_CONTROL","285","0.0035995929501950741","1","6.3470737934112549","1","0.0035995860156878877","0","0","1","0.054789281125892937","0.0038958826108864606","0.053087415190071256","0.012913957406818338","0","0","0.0099736905710344562","0.044942206472642812","0.001187143934291779","0","0.93884080237673762","true","true"
"L18_SEED_2_CONTROL","286","0.0053579565137624741","1","6.116881251335144","1","0.0053579513895043","0","0","1","0.068776683890102594","0.0066658042420528561","0.066457670285228893","0.01621081985540504","0","0","0.015191081191098806","0.040512084463788359","0.0012025732040986128","0","0.93370086481838965","true","true"
"L18_SEED_2_CONTROL","287","0.0016349521465599537","1","7.1061636209487915","1","0.0016349573771880469","0","0","1","0.03835163361730879","0.0015669889518142863","0.037493263556113272","0.0090395667334603365","0","0","0.014475509970106416","0.027383584290971992","0.00073371147005446861","0","0.95573777995336517","true","true"
"L18_SEED_2_CONTROL","288","0.0024605756625533104","1","6.7646452188491821","1","0.0024605844624530338","0","0","1","0.040005899690580646","0.0020339589233643752","0.0387681968127844","0.0094294809862261256","0","0","0.019519537733305198","0.037500327471294351","0.00131413654592181","0","0.93908114273438781","true","true"
"L18_SEED_2_CONTROL","289","0.00348894321359694","1","6.3777707815170288","1","0.0034889561613808098","0","0","1","0.053279940847976916","0.0036750172288103132","0.051640029344717148","0.012558202491607537","0","0","0.010075246267352619","0.044607158650734884","0.0011709098498219293","0","0.93938904836501469","true","true"
"L18_SEED_2_CONTROL","290","0.005173893179744482","1","6.1538932919502258","1","0.0051739112465673939","0","0","1","0.066439325718371425","0.005532974879245563","0.064474556557646931","0.015659899250974073","0","0","0.011972670720445803","0.038203460700660101","0.0011587806473828933","0","0.94172976058650171","true","true"
"L18_SEED_2_CONTROL","291","0.0015854283701628447","1","7.1360000371932983","1","0.0015854172023809605","0","0","1","0.03727142928729419","0.0015307349986838498","0.036434968817335017","0.00878496013118687","0","0","0.014542557540179203","0.027414913069934613","0.00073693652984536896","0","0.95561885369472921","true","true"
"L18_SEED_2_CONTROL","292","0.0023839978966861963","1","6.7956365346908569","1","0.0023839897581740903","0","0","1","0.038851324498729863","0.0019619872082336917","0.037650879914771986","0.0091573450037103089","0","0","0.019457127915741411","0.037518610189627606","0.0013161537970469372","0","0.93915787026122621","true","true"
"L18_SEED_2_CONTROL","293","0.003382859518751502","1","6.4079729318618774","1","0.0033828843209266824","0","0","1","0.051826431393227408","0.0035232460984631511","0.050246313582988443","0.012215607027616824","0","0","0.010066879152574074","0.044195727778678869","0.0011636267465932218","0","0.93995226216589334","true","true"
"L18_SEED_2_CONTROL","294","0.0049996189773082733","1","6.1897550821304321","1","0.0049996334961178168","0","0","1","0.064749612037660609","0.0061050519619741707","0.062632444540787854","0.015261629917009309","0","0","0.01470293413946747","0.039541437711871921","0.0011919575031756522","0","0.93567361686492678","true","true"
"L18_SEED_2_CONTROL","295","0.0015385238220915198","1","7.1647912859916687","1","0.0015385362066178826","0","0","1","0.036241855675959458","0.0014342931780691084","0.035434999150318162","0.0085422873037517","0","0","0.014376998586134405","0.027350289176883907","0.00073706379259950625","0","0.95596942034086008","true","true"
"L18_SEED_2_CONTROL","296","0.002311142161488533","1","6.8260305523872375","1","0.0023111456450351738","0","0","1","0.037745482241615877","0.00185216274464717","0.036586227819591248","0.008896695484067664","0","0","0.019340258955414663","0.03741766621181903","0.0013157831594874526","0","0.93951844775287352","true","true"
"L18_SEED_2_CONTROL","297","0.0032816468738019466","1","6.4376183748245239","1","0.0032816386423717781","0","0","1","0.050465205953653482","0.0035309520167279705","0.048917030853722614","0.011894763114601371","0","0","0.0098331923867481016","0.044497678777139928","0.0011885961360396499","0","0.93958500478102924","true","true"
"L18_SEED_2_CONTROL","298","0.0048340838402509689","1","6.2259051203727722","1","0.0048340716518212989","0","0","1","0.062974013898522321","0.0064078541294500333","0.060838916960958001","0.014843117422060341","0","0","0.014579981738160653","0.04045283515714633","0.0012726340992510689","0","0.93334068438431661","true","true"
"L18_SEED_2_CONTROL","299","0.0014937700470909476","1","7.192995011806488","1","0.001493791664293689","0","0","1","0.035264013548763615","0.0014002347567537582","0.034477874574474432","0.0083118077040616797","0","0","0.014388951329132963","0.027383958204624029","0.00073935882743825243","0","0.95591107099249328","true","true"
"L18_SEED_2_CONTROL","300","0.0022416973952203989","1","6.8558977246284485","1","0.002241685045577797","0","0","1","0.036699400149734121","0.0017865985533044905","0.03557119380706595","0.0086501315704518647","0","0","0.019321788901393341","0.037526345171768179","0.0013205130968209102","0","0.93946142006965183","true","true"
"L18_SEED_2_CONTROL","301","0.0031845970079302788","1","6.4670007228851318","1","0.0031845898340913362","0","0","1","0.049130518279706901","0.0034377804858964221","0.047630331470775118","0.011580174212930129","0","0","0.0097618426309960885","0.044294504556144018","0.0011845938220532645","0","0.93986292163480312","true","true"
"L18_SEED_2_CONTROL","302","0.0046784612350165844","1","6.2591311931610107","1","0.0046784574568226904","0","0","1","0.062289531398959264","0.0083183310292116956","0.059284356505449901","0.014681783349712157","0","0","0.025789203851877392","0.049092920697775128","0.0014470647185836347","0","0.90583707729275842","true","true"
"L18_SEED_2_CONTROL","303","0.0014508754247799516","1","7.2208336591720581","1","0.0014508624735151004","0","0","1","0.034319301279864947","0.0013646469176508687","0.033558222751427336","0.0080891368868588869","0","0","0.014196980696018323","0.027342210260018814","0.00074069897261256593","0","0.95613899411108128","true","true"
"L18_SEED_2_CONTROL","304","0.0021754323970526457","1","6.8853358030319214","1","0.0021754352208514767","0","0","1","0.035699428190046435","0.0017441961319150396","0.034600636147556908","0.0084144359192213445","0","0","0.019284321592512112","0.037616668781942961","0.0013225407796330951","0","0.93938938255733417","true","true"
"L18_SEED_2_CONTROL","305","0.0030925821047276258","1","6.4958585500717163","1","0.003092581612782308","0","0","1","0.047874669402946581","0.0033852555396909245","0.046410651648927305","0.01128416779396255","0","0","0.0097926103086346424","0.044250375567718471","0.0011822820691136352","0","0.93977471668932933","true","true"
"L18_SEED_2_CONTROL","306","0.0045277811586856842","1","6.2944527268409729","1","0.0045277828673661452","0","0","1","0.05929378293890749","0.004810511819384352","0.057565484183825393","0.013975678666101568","0","0","0.011992515550164024","0.037709487913356161","0.0011624109099420221","0","0.94255348899727553","true","true"
"L18_SEED_2_CONTROL","307","0.001409879419952631","1","7.2488881349563599","1","0.0014098752112097577","0","0","1","0.033405657091509021","0.001311481021922327","0.032667963470566184","0.0078737888864661709","0","0","0.014220129853144574","0.027177175535626385","0.00073954187379496274","0","0.95632186407681286","true","true"
"L18_SEED_2_CONTROL","308","0.0021122042089700699","1","6.9143258929252625","1","0.002112201179851472","0","0","1","0.034733303216975243","0.0016680708303722582","0.033670438210051182","0.0081867180792439074","0","0","0.019200701425892055","0.037437607380113667","0.0013203669818946185","0","0.93973491268223952","true","true"
"L18_SEED_2_CONTROL","309","0.0030045537278056145","1","6.5243271589279175","1","0.0030045433367086286","0","0","1","0.046663086662795145","0.0032690043499090868","0.045236988356596834","0.010998595003452663","0","0","0.0098135982585996692","0.044284571879885846","0.0011832381787913789","0","0.9398108231598209","true","true"
"L18_SEED_2_CONTROL","310","0.0043855635449290276","1","6.3283395171165466","1","0.0043855416710900895","0","0","1","0.058041784998806134","0.0061761385055568597","0.055985028750201511","0.013680579921609148","0","0","0.015895226749982862","0.041073878776066192","0.0013240047215962308","0","0.93038412371619106","true","true"
"L18_SEED_2_CONTROL","311","0.0013705177698284388","1","7.2764446139335632","1","0.0013705237668344135","0","0","1","0.032536626098680188","0.001289345202031454","0.031816199216480663","0.0076689563171026551","0","0","0.014224703704383071","0.027256992877755497","0.00074175089808301833","0","0.95620621363855363","true","true"
"L18_SEED_2_CONTROL","312","0.0020517720840871334","1","6.9428223371505737","1","0.0020517805699864526","0","0","1","0.033815016277936927","0.0016076774963088912","0.032783375431201245","0.0079702757720208975","0","0","0.019112247491117736","0.037391957414759973","0.0013213985834329759","0","0.93991403104327986","true","true"
"L18_SEED_2_CONTROL","313","0.0029195058159530163","1","6.5525674819946289","1","0.0029194872076497283","0","0","1","0.045462858667924003","0.0031395304999639897","0.044091440000737704","0.010715698552071558","0","0","0.0096476809163146861","0.043829090124958676","0.0011757722652844457","0","0.9405785817667105","true","true"
"L18_SEED_2_CONTROL","314","0.0042508631013333797","1","6.3599175810813904","1","0.0042508958614060621","0","0","1","0.056853383635388229","0.0064035255038688375","0.054618457760984937","0.013400471033994436","0","0","0.019580750677386308","0.043517768238932469","0.0012908317440139022","0","0.92292462169722578","true","true"
"L18_SEED_2_CONTROL","315","0.0013327442575246096","1","7.3034390211105347","1","0.0013327407272881785","0","0","1","0.031704748659316162","0.0012601661854078137","0.031000656990625017","0.0074728809242725208","0","0","0.014173342348521552","0.027423877276054522","0.00074531147455945241","0","0.95607765105875131","true","true"
"L18_SEED_2_CONTROL","316","0.0019940368365496397","1","6.9708225131034851","1","0.0019940457279838623","0","0","1","0.032941949923158374","0.0015502988675745039","0.031935362476542752","0.0077644920587243184","0","0","0.019111497852776271","0.037525849191370107","0.0013269737273938187","0","0.93982089075675423","true","true"
"L18_SEED_2_CONTROL","317","0.0028383445460349321","1","6.5803791284561157","1","0.0028383244734479095","0","0","1","0.044336851420143944","0.0030523624401805989","0.042998495354656684","0.010450296098548065","0","0","0.0096563143205278448","0.043886397755818936","0.0011786536827540894","0","0.94053902535784273","true","true"
"L18_SEED_2_CONTROL","318","0.0041209082119166851","1","6.3932768702507019","1","0.0041209112213378279","0","0","1","0.055125029946956942","0.0056053256487130238","0.053173719641408428","0.012993094162868256","0","0","0.016769966780829794","0.041194298668976018","0.0012389167809125309","0","0.93045721104481527","true","true"
"L18_SEED_2_CONTROL","319","0.0012966549256816506","1","7.3304531574249268","1","0.0012966527732555923","0","0","1","0.030900287860541772","0.0012372812689804662","0.030212993185498572","0.0072832676956018144","0","0","0.014271829709503437","0.027368042042709262","0.00074679538128371008","0","0.95601004381813237","true","true"
"L18_SEED_2_CONTROL","320","0.0019388382788747549","1","6.9983624815940857","1","0.0019388317636651591","0","0","1","0.032098375951837246","0.0014938769818247798","0.031122440253055023","0.0075656597668731056","0","0","0.018955732703134689","0.037441022000718985","0.001321824128956661","0","0.94011539573133873","true","true"
