step,scheduled_lr,aux_adam_lr,muon_lr,learning_rate_schedule
1,0.003299999982,0.003299999982,0.007499999832,linear_decay
2,0.003299999982,0.003299999982,0.007499999832,linear_decay
3,0.003299999982,0.003299999982,0.007499999832,linear_decay
4,0.003299999982,0.003299999982,0.007499999832,linear_decay
5,0.003299999982,0.003299999982,0.007499999832,linear_decay
6,0.003299999982,0.003299999982,0.007499999832,linear_decay
7,0.003299999982,0.003299999982,0.007499999832,linear_decay
8,0.003299999982,0.003299999982,0.007499999832,linear_decay
9,0.003299999982,0.003299999982,0.007499999832,linear_decay
10,0.003299999982,0.003299999982,0.007499999832,linear_decay
11,0.003299999982,0.003299999982,0.007499999832,linear_decay
12,0.003299999982,0.003299999982,0.007499999832,linear_decay
13,0.003299999982,0.003299999982,0.007499999832,linear_decay
14,0.003299999982,0.003299999982,0.007499999832,linear_decay
15,0.003299999982,0.003299999982,0.007499999832,linear_decay
16,0.003299999982,0.003299999982,0.007499999832,linear_decay
17,0.003299999982,0.003299999982,0.007499999832,linear_decay
18,0.003299999982,0.003299999982,0.007499999832,linear_decay
19,0.003299999982,0.003299999982,0.007499999832,linear_decay
20,0.003299999982,0.003299999982,0.007499999832,linear_decay
21,0.003299999982,0.003299999982,0.007499999832,linear_decay
22,0.003299999982,0.003299999982,0.007499999832,linear_decay
23,0.003299999982,0.003299999982,0.007499999832,linear_decay
24,0.003299999982,0.003299999982,0.007499999832,linear_decay
25,0.003299999982,0.003299999982,0.007499999832,linear_decay
26,0.003299999982,0.003299999982,0.007499999832,linear_decay
27,0.003299999982,0.003299999982,0.007499999832,linear_decay
28,0.003299999982,0.003299999982,0.007499999832,linear_decay
29,0.003299999982,0.003299999982,0.007499999832,linear_decay
30,0.003299999982,0.003299999982,0.007499999832,linear_decay
31,0.003299999982,0.003299999982,0.007499999832,linear_decay
32,0.003299999982,0.003299999982,0.007499999832,linear_decay
33,0.003299999982,0.003299999982,0.007499999832,linear_decay
34,0.003299999982,0.003299999982,0.007499999832,linear_decay
35,0.003299999982,0.003299999982,0.007499999832,linear_decay
36,0.003299999982,0.003299999982,0.007499999832,linear_decay
37,0.003299999982,0.003299999982,0.007499999832,linear_decay
38,0.003299999982,0.003299999982,0.007499999832,linear_decay
39,0.003299999982,0.003299999982,0.007499999832,linear_decay
40,0.003299999982,0.003299999982,0.007499999832,linear_decay
41,0.003299999982,0.003299999982,0.007499999832,linear_decay
42,0.003299999982,0.003299999982,0.007499999832,linear_decay
43,0.003299999982,0.003299999982,0.007499999832,linear_decay
44,0.003299999982,0.003299999982,0.007499999832,linear_decay
45,0.003299999982,0.003299999982,0.007499999832,linear_decay
46,0.003299999982,0.003299999982,0.007499999832,linear_decay
47,0.003299999982,0.003299999982,0.007499999832,linear_decay
48,0.003299999982,0.003299999982,0.007499999832,linear_decay
49,0.003299999982,0.003299999982,0.007499999832,linear_decay
50,0.003299999982,0.003299999982,0.007499999832,linear_decay
51,0.003299999982,0.003299999982,0.007499999832,linear_decay
52,0.003299999982,0.003299999982,0.007499999832,linear_decay
53,0.003299999982,0.003299999982,0.007499999832,linear_decay
54,0.003299999982,0.003299999982,0.007499999832,linear_decay
55,0.003299999982,0.003299999982,0.007499999832,linear_decay
56,0.003299999982,0.003299999982,0.007499999832,linear_decay
57,0.003299999982,0.003299999982,0.007499999832,linear_decay
58,0.003299999982,0.003299999982,0.007499999832,linear_decay
59,0.003299999982,0.003299999982,0.007499999832,linear_decay
60,0.003299999982,0.003299999982,0.007499999832,linear_decay
61,0.003299999982,0.003299999982,0.007499999832,linear_decay
62,0.003299999982,0.003299999982,0.007499999832,linear_decay
63,0.003299999982,0.003299999982,0.007499999832,linear_decay
64,0.003299999982,0.003299999982,0.007499999832,linear_decay
65,0.003299999982,0.003299999982,0.007499999832,linear_decay
66,0.003299999982,0.003299999982,0.007499999832,linear_decay
67,0.003299999982,0.003299999982,0.007499999832,linear_decay
68,0.003299999982,0.003299999982,0.007499999832,linear_decay
69,0.003299999982,0.003299999982,0.007499999832,linear_decay
70,0.003299999982,0.003299999982,0.007499999832,linear_decay
71,0.003299999982,0.003299999982,0.007499999832,linear_decay
72,0.003299999982,0.003299999982,0.007499999832,linear_decay
73,0.003299999982,0.003299999982,0.007499999832,linear_decay
74,0.003299999982,0.003299999982,0.007499999832,linear_decay
75,0.003299999982,0.003299999982,0.007499999832,linear_decay
76,0.003299999982,0.003299999982,0.007499999832,linear_decay
77,0.003299999982,0.003299999982,0.007499999832,linear_decay
78,0.003299999982,0.003299999982,0.007499999832,linear_decay
79,0.003299999982,0.003299999982,0.007499999832,linear_decay
80,0.003299999982,0.003299999982,0.007499999832,linear_decay
81,0.003299999982,0.003299999982,0.007499999832,linear_decay
82,0.003299999982,0.003299999982,0.007499999832,linear_decay
83,0.003299999982,0.003299999982,0.007499999832,linear_decay
84,0.003299999982,0.003299999982,0.007499999832,linear_decay
85,0.003299999982,0.003299999982,0.007499999832,linear_decay
86,0.003299999982,0.003299999982,0.007499999832,linear_decay
87,0.003299999982,0.003299999982,0.007499999832,linear_decay
88,0.003299999982,0.003299999982,0.007499999832,linear_decay
89,0.003299999982,0.003299999982,0.007499999832,linear_decay
90,0.003299999982,0.003299999982,0.007499999832,linear_decay
91,0.003299999982,0.003299999982,0.007499999832,linear_decay
92,0.003299999982,0.003299999982,0.007499999832,linear_decay
93,0.003299999982,0.003299999982,0.007499999832,linear_decay
94,0.003299999982,0.003299999982,0.007499999832,linear_decay
95,0.003299999982,0.003299999982,0.007499999832,linear_decay
96,0.003299999982,0.003299999982,0.007499999832,linear_decay
97,0.003299999982,0.003299999982,0.007499999832,linear_decay
98,0.003299999982,0.003299999982,0.007499999832,linear_decay
99,0.003299999982,0.003299999982,0.007499999832,linear_decay
100,0.003299999982,0.003299999982,0.007499999832,linear_decay
101,0.003299999982,0.003299999982,0.007499999832,linear_decay
102,0.003299999982,0.003299999982,0.007499999832,linear_decay
103,0.003299999982,0.003299999982,0.007499999832,linear_decay
104,0.003299999982,0.003299999982,0.007499999832,linear_decay
105,0.003299999982,0.003299999982,0.007499999832,linear_decay
106,0.003299999982,0.003299999982,0.007499999832,linear_decay
107,0.003299999982,0.003299999982,0.007499999832,linear_decay
108,0.003299999982,0.003299999982,0.007499999832,linear_decay
109,0.003299999982,0.003299999982,0.007499999832,linear_decay
110,0.003299999982,0.003299999982,0.007499999832,linear_decay
111,0.003299999982,0.003299999982,0.007499999832,linear_decay
112,0.003299999982,0.003299999982,0.007499999832,linear_decay
113,0.003299999982,0.003299999982,0.007499999832,linear_decay
114,0.003299999982,0.003299999982,0.007499999832,linear_decay
115,0.003299999982,0.003299999982,0.007499999832,linear_decay
116,0.003299999982,0.003299999982,0.007499999832,linear_decay
117,0.003299999982,0.003299999982,0.007499999832,linear_decay
118,0.003299999982,0.003299999982,0.007499999832,linear_decay
119,0.003299999982,0.003299999982,0.007499999832,linear_decay
120,0.003299999982,0.003299999982,0.007499999832,linear_decay
121,0.003299999982,0.003299999982,0.007499999832,linear_decay
122,0.003299999982,0.003299999982,0.007499999832,linear_decay
123,0.003299999982,0.003299999982,0.007499999832,linear_decay
124,0.003299999982,0.003299999982,0.007499999832,linear_decay
125,0.003299999982,0.003299999982,0.007499999832,linear_decay
126,0.003299999982,0.003299999982,0.007499999832,linear_decay
127,0.003299999982,0.003299999982,0.007499999832,linear_decay
128,0.003299999982,0.003299999982,0.007499999832,linear_decay
129,0.003299999982,0.003299999982,0.007499999832,linear_decay
130,0.003299999982,0.003299999982,0.007499999832,linear_decay
131,0.003299999982,0.003299999982,0.007499999832,linear_decay
132,0.003299999982,0.003299999982,0.007499999832,linear_decay
133,0.003299999982,0.003299999982,0.007499999832,linear_decay
134,0.003299999982,0.003299999982,0.007499999832,linear_decay
135,0.003299999982,0.003299999982,0.007499999832,linear_decay
136,0.003299999982,0.003299999982,0.007499999832,linear_decay
137,0.003299999982,0.003299999982,0.007499999832,linear_decay
138,0.003299999982,0.003299999982,0.007499999832,linear_decay
139,0.003299999982,0.003299999982,0.007499999832,linear_decay
140,0.003299999982,0.003299999982,0.007499999832,linear_decay
141,0.003299999982,0.003299999982,0.007499999832,linear_decay
142,0.003299999982,0.003299999982,0.007499999832,linear_decay
143,0.003299999982,0.003299999982,0.007499999832,linear_decay
144,0.003299999982,0.003299999982,0.007499999832,linear_decay
145,0.003299999982,0.003299999982,0.007499999832,linear_decay
146,0.003299999982,0.003299999982,0.007499999832,linear_decay
147,0.003299999982,0.003299999982,0.007499999832,linear_decay
148,0.003299999982,0.003299999982,0.007499999832,linear_decay
149,0.003299999982,0.003299999982,0.007499999832,linear_decay
150,0.003299999982,0.003299999982,0.007499999832,linear_decay
151,0.003299999982,0.003299999982,0.007499999832,linear_decay
152,0.003299999982,0.003299999982,0.007499999832,linear_decay
153,0.003299999982,0.003299999982,0.007499999832,linear_decay
154,0.003299999982,0.003299999982,0.007499999832,linear_decay
155,0.003299999982,0.003299999982,0.007499999832,linear_decay
156,0.003299999982,0.003299999982,0.007499999832,linear_decay
157,0.003299999982,0.003299999982,0.007499999832,linear_decay
158,0.003299999982,0.003299999982,0.007499999832,linear_decay
159,0.003299999982,0.003299999982,0.007499999832,linear_decay
160,0.003299999982,0.003299999982,0.007499999832,linear_decay
161,0.003299999982,0.003299999982,0.007499999832,linear_decay
162,0.003299999982,0.003299999982,0.007499999832,linear_decay
163,0.003299999982,0.003299999982,0.007499999832,linear_decay
164,0.003299999982,0.003299999982,0.007499999832,linear_decay
165,0.003299999982,0.003299999982,0.007499999832,linear_decay
166,0.003299999982,0.003299999982,0.007499999832,linear_decay
167,0.003299999982,0.003299999982,0.007499999832,linear_decay
168,0.003299999982,0.003299999982,0.007499999832,linear_decay
169,0.003299999982,0.003299999982,0.007499999832,linear_decay
170,0.003299999982,0.003299999982,0.007499999832,linear_decay
171,0.003299999982,0.003299999982,0.007499999832,linear_decay
172,0.003299999982,0.003299999982,0.007499999832,linear_decay
173,0.003299999982,0.003299999982,0.007499999832,linear_decay
174,0.003299999982,0.003299999982,0.007499999832,linear_decay
175,0.003299999982,0.003299999982,0.007499999832,linear_decay
176,0.003299999982,0.003299999982,0.007499999832,linear_decay
177,0.003299999982,0.003299999982,0.007499999832,linear_decay
178,0.003299999982,0.003299999982,0.007499999832,linear_decay
179,0.003299999982,0.003299999982,0.007499999832,linear_decay
180,0.003299999982,0.003299999982,0.007499999832,linear_decay
181,0.003299999982,0.003299999982,0.007499999832,linear_decay
182,0.003299999982,0.003299999982,0.007499999832,linear_decay
183,0.003299999982,0.003299999982,0.007499999832,linear_decay
184,0.003299999982,0.003299999982,0.007499999832,linear_decay
185,0.003299999982,0.003299999982,0.007499999832,linear_decay
186,0.003299999982,0.003299999982,0.007499999832,linear_decay
187,0.003299999982,0.003299999982,0.007499999832,linear_decay
188,0.003299999982,0.003299999982,0.007499999832,linear_decay
189,0.003299999982,0.003299999982,0.007499999832,linear_decay
190,0.003299999982,0.003299999982,0.007499999832,linear_decay
191,0.003299999982,0.003299999982,0.007499999832,linear_decay
192,0.003299999982,0.003299999982,0.007499999832,linear_decay
193,0.003299999982,0.003299999982,0.007499999832,linear_decay
194,0.003299999982,0.003299999982,0.007499999832,linear_decay
195,0.003299999982,0.003299999982,0.007499999832,linear_decay
196,0.003299999982,0.003299999982,0.007499999832,linear_decay
197,0.003299999982,0.003299999982,0.007499999832,linear_decay
198,0.003299999982,0.003299999982,0.007499999832,linear_decay
199,0.003299999982,0.003299999982,0.007499999832,linear_decay
200,0.003299999982,0.003299999982,0.007499999832,linear_decay
201,0.003299999982,0.003299999982,0.007499999832,linear_decay
202,0.003299999982,0.003299999982,0.007499999832,linear_decay
203,0.003299999982,0.003299999982,0.007499999832,linear_decay
204,0.003299999982,0.003299999982,0.007499999832,linear_decay
205,0.003299999982,0.003299999982,0.007499999832,linear_decay
206,0.003299999982,0.003299999982,0.007499999832,linear_decay
207,0.003299999982,0.003299999982,0.007499999832,linear_decay
208,0.003299999982,0.003299999982,0.007499999832,linear_decay
209,0.003299999982,0.003299999982,0.007499999832,linear_decay
210,0.003299999982,0.003299999982,0.007499999832,linear_decay
211,0.003299999982,0.003299999982,0.007499999832,linear_decay
212,0.003299999982,0.003299999982,0.007499999832,linear_decay
213,0.003299999982,0.003299999982,0.007499999832,linear_decay
214,0.003299999982,0.003299999982,0.007499999832,linear_decay
215,0.003299999982,0.003299999982,0.007499999832,linear_decay
216,0.003299999982,0.003299999982,0.007499999832,linear_decay
217,0.003299999982,0.003299999982,0.007499999832,linear_decay
218,0.003299999982,0.003299999982,0.007499999832,linear_decay
219,0.003299999982,0.003299999982,0.007499999832,linear_decay
220,0.003299999982,0.003299999982,0.007499999832,linear_decay
221,0.003299999982,0.003299999982,0.007499999832,linear_decay
222,0.003299999982,0.003299999982,0.007499999832,linear_decay
223,0.003299999982,0.003299999982,0.007499999832,linear_decay
224,0.003299999982,0.003299999982,0.007499999832,linear_decay
225,0.003299999982,0.003299999982,0.007499999832,linear_decay
226,0.003299999982,0.003299999982,0.007499999832,linear_decay
227,0.003299999982,0.003299999982,0.007499999832,linear_decay
228,0.003299999982,0.003299999982,0.007499999832,linear_decay
229,0.003299999982,0.003299999982,0.007499999832,linear_decay
230,0.003299999982,0.003299999982,0.007499999832,linear_decay
231,0.003299999982,0.003299999982,0.007499999832,linear_decay
232,0.003299999982,0.003299999982,0.007499999832,linear_decay
233,0.003299999982,0.003299999982,0.007499999832,linear_decay
234,0.003299999982,0.003299999982,0.007499999832,linear_decay
235,0.003299999982,0.003299999982,0.007499999832,linear_decay
236,0.003299999982,0.003299999982,0.007499999832,linear_decay
237,0.003299999982,0.003299999982,0.007499999832,linear_decay
238,0.003299999982,0.003299999982,0.007499999832,linear_decay
239,0.003299999982,0.003299999982,0.007499999832,linear_decay
240,0.003299999982,0.003299999982,0.007499999832,linear_decay
241,0.003299999982,0.003299999982,0.007499999832,linear_decay
242,0.003299999982,0.003299999982,0.007499999832,linear_decay
243,0.003299999982,0.003299999982,0.007499999832,linear_decay
244,0.003299999982,0.003299999982,0.007499999832,linear_decay
245,0.003299999982,0.003299999982,0.007499999832,linear_decay
246,0.003299999982,0.003299999982,0.007499999832,linear_decay
247,0.003299999982,0.003299999982,0.007499999832,linear_decay
248,0.003299999982,0.003299999982,0.007499999832,linear_decay
249,0.003299999982,0.003299999982,0.007499999832,linear_decay
250,0.003299999982,0.003299999982,0.007499999832,linear_decay
251,0.003299999982,0.003299999982,0.007499999832,linear_decay
252,0.003299999982,0.003299999982,0.007499999832,linear_decay
253,0.003299999982,0.003299999982,0.007499999832,linear_decay
254,0.003299999982,0.003299999982,0.007499999832,linear_decay
255,0.003299999982,0.003299999982,0.007499999832,linear_decay
256,0.003299999982,0.003299999982,0.007499999832,linear_decay
257,0.003299999982,0.003299999982,0.007499999832,linear_decay
258,0.003299999982,0.003299999982,0.007499999832,linear_decay
259,0.003299999982,0.003299999982,0.007499999832,linear_decay
260,0.003299999982,0.003299999982,0.007499999832,linear_decay
261,0.003299999982,0.003299999982,0.007499999832,linear_decay
262,0.003299999982,0.003299999982,0.007499999832,linear_decay
263,0.003299999982,0.003299999982,0.007499999832,linear_decay
264,0.003299999982,0.003299999982,0.007499999832,linear_decay
265,0.003299999982,0.003299999982,0.007499999832,linear_decay
266,0.003299999982,0.003299999982,0.007499999832,linear_decay
267,0.003299999982,0.003299999982,0.007499999832,linear_decay
268,0.003299999982,0.003299999982,0.007499999832,linear_decay
269,0.003299999982,0.003299999982,0.007499999832,linear_decay
270,0.003299999982,0.003299999982,0.007499999832,linear_decay
271,0.003299999982,0.003299999982,0.007499999832,linear_decay
272,0.003299999982,0.003299999982,0.007499999832,linear_decay
273,0.003299999982,0.003299999982,0.007499999832,linear_decay
274,0.003299999982,0.003299999982,0.007499999832,linear_decay
275,0.003299999982,0.003299999982,0.007499999832,linear_decay
276,0.003299999982,0.003299999982,0.007499999832,linear_decay
277,0.003299999982,0.003299999982,0.007499999832,linear_decay
278,0.003299999982,0.003299999982,0.007499999832,linear_decay
279,0.003299999982,0.003299999982,0.007499999832,linear_decay
280,0.003299999982,0.003299999982,0.007499999832,linear_decay
281,0.003299999982,0.003299999982,0.007499999832,linear_decay
282,0.003299999982,0.003299999982,0.007499999832,linear_decay
283,0.003299999982,0.003299999982,0.007499999832,linear_decay
284,0.003299999982,0.003299999982,0.007499999832,linear_decay
285,0.003299999982,0.003299999982,0.007499999832,linear_decay
286,0.003299999982,0.003299999982,0.007499999832,linear_decay
287,0.003299999982,0.003299999982,0.007499999832,linear_decay
288,0.003299999982,0.003299999982,0.007499999832,linear_decay
289,0.003299999982,0.003299999982,0.007499999832,linear_decay
290,0.003299999982,0.003299999982,0.007499999832,linear_decay
291,0.003299999982,0.003299999982,0.007499999832,linear_decay
292,0.003299999982,0.003299999982,0.007499999832,linear_decay
293,0.003299999982,0.003299999982,0.007499999832,linear_decay
294,0.003299999982,0.003299999982,0.007499999832,linear_decay
295,0.003299999982,0.003299999982,0.007499999832,linear_decay
296,0.003299999982,0.003299999982,0.007499999832,linear_decay
297,0.003299999982,0.003299999982,0.007499999832,linear_decay
298,0.003299999982,0.003299999982,0.007499999832,linear_decay
299,0.003299999982,0.003299999982,0.007499999832,linear_decay
300,0.003299999982,0.003299999982,0.007499999832,linear_decay
301,0.003299999982,0.003299999982,0.007499999832,linear_decay
302,0.003299999982,0.003299999982,0.007499999832,linear_decay
303,0.003299999982,0.003299999982,0.007499999832,linear_decay
304,0.003299999982,0.003299999982,0.007499999832,linear_decay
305,0.003299999982,0.003299999982,0.007499999832,linear_decay
306,0.003299999982,0.003299999982,0.007499999832,linear_decay
307,0.003299999982,0.003299999982,0.007499999832,linear_decay
308,0.003299999982,0.003299999982,0.007499999832,linear_decay
309,0.003299999982,0.003299999982,0.007499999832,linear_decay
310,0.003299999982,0.003299999982,0.007499999832,linear_decay
311,0.003299999982,0.003299999982,0.007499999832,linear_decay
312,0.003299999982,0.003299999982,0.007499999832,linear_decay
313,0.003299999982,0.003299999982,0.007499999832,linear_decay
314,0.003299999982,0.003299999982,0.007499999832,linear_decay
315,0.003299999982,0.003299999982,0.007499999832,linear_decay
316,0.003299999982,0.003299999982,0.007499999832,linear_decay
317,0.003299999982,0.003299999982,0.007499999832,linear_decay
318,0.003299999982,0.003299999982,0.007499999832,linear_decay
319,0.003299999982,0.003299999982,0.007499999832,linear_decay
320,0.003299999982,0.003299999982,0.007499999832,linear_decay
321,0.003299999982,0.003299999982,0.007499999832,linear_decay
322,0.003299999982,0.003299999982,0.007499999832,linear_decay
323,0.003299999982,0.003299999982,0.007499999832,linear_decay
324,0.003299999982,0.003299999982,0.007499999832,linear_decay
325,0.003299999982,0.003299999982,0.007499999832,linear_decay
326,0.003299999982,0.003299999982,0.007499999832,linear_decay
327,0.003299999982,0.003299999982,0.007499999832,linear_decay
328,0.003299999982,0.003299999982,0.007499999832,linear_decay
329,0.003299999982,0.003299999982,0.007499999832,linear_decay
330,0.003299999982,0.003299999982,0.007499999832,linear_decay
331,0.003299999982,0.003299999982,0.007499999832,linear_decay
332,0.003299999982,0.003299999982,0.007499999832,linear_decay
333,0.003299999982,0.003299999982,0.007499999832,linear_decay
334,0.003299999982,0.003299999982,0.007499999832,linear_decay
335,0.003299999982,0.003299999982,0.007499999832,linear_decay
336,0.003299999982,0.003299999982,0.007499999832,linear_decay
337,0.003299999982,0.003299999982,0.007499999832,linear_decay
338,0.003299999982,0.003299999982,0.007499999832,linear_decay
339,0.003299999982,0.003299999982,0.007499999832,linear_decay
340,0.003299999982,0.003299999982,0.007499999832,linear_decay
341,0.003299999982,0.003299999982,0.007499999832,linear_decay
342,0.003299999982,0.003299999982,0.007499999832,linear_decay
343,0.003299999982,0.003299999982,0.007499999832,linear_decay
344,0.003299999982,0.003299999982,0.007499999832,linear_decay
345,0.003299999982,0.003299999982,0.007499999832,linear_decay
346,0.003299999982,0.003299999982,0.007499999832,linear_decay
347,0.003299999982,0.003299999982,0.007499999832,linear_decay
348,0.003299999982,0.003299999982,0.007499999832,linear_decay
349,0.003299999982,0.003299999982,0.007499999832,linear_decay
350,0.003299999982,0.003299999982,0.007499999832,linear_decay
351,0.003299999982,0.003299999982,0.007499999832,linear_decay
352,0.003299999982,0.003299999982,0.007499999832,linear_decay
353,0.003299999982,0.003299999982,0.007499999832,linear_decay
354,0.003299999982,0.003299999982,0.007499999832,linear_decay
355,0.003299999982,0.003299999982,0.007499999832,linear_decay
356,0.003299999982,0.003299999982,0.007499999832,linear_decay
357,0.003299999982,0.003299999982,0.007499999832,linear_decay
358,0.003299999982,0.003299999982,0.007499999832,linear_decay
359,0.003299999982,0.003299999982,0.007499999832,linear_decay
360,0.003299999982,0.003299999982,0.007499999832,linear_decay
361,0.003299999982,0.003299999982,0.007499999832,linear_decay
362,0.003299999982,0.003299999982,0.007499999832,linear_decay
363,0.003299999982,0.003299999982,0.007499999832,linear_decay
364,0.003299999982,0.003299999982,0.007499999832,linear_decay
365,0.003299999982,0.003299999982,0.007499999832,linear_decay
366,0.003299999982,0.003299999982,0.007499999832,linear_decay
367,0.003299999982,0.003299999982,0.007499999832,linear_decay
368,0.003299999982,0.003299999982,0.007499999832,linear_decay
369,0.003299999982,0.003299999982,0.007499999832,linear_decay
370,0.003299999982,0.003299999982,0.007499999832,linear_decay
371,0.003299999982,0.003299999982,0.007499999832,linear_decay
372,0.003299999982,0.003299999982,0.007499999832,linear_decay
373,0.003299999982,0.003299999982,0.007499999832,linear_decay
374,0.003299999982,0.003299999982,0.007499999832,linear_decay
375,0.003299999982,0.003299999982,0.007499999832,linear_decay
376,0.003299999982,0.003299999982,0.007499999832,linear_decay
377,0.003299999982,0.003299999982,0.007499999832,linear_decay
378,0.003299999982,0.003299999982,0.007499999832,linear_decay
379,0.003299999982,0.003299999982,0.007499999832,linear_decay
380,0.003299999982,0.003299999982,0.007499999832,linear_decay
381,0.003299999982,0.003299999982,0.007499999832,linear_decay
382,0.003299999982,0.003299999982,0.007499999832,linear_decay
383,0.003299999982,0.003299999982,0.007499999832,linear_decay
384,0.003299999982,0.003299999982,0.007499999832,linear_decay
385,0.003299999982,0.003299999982,0.007499999832,linear_decay
386,0.003299999982,0.003299999982,0.007499999832,linear_decay
387,0.003299999982,0.003299999982,0.007499999832,linear_decay
388,0.003299999982,0.003299999982,0.007499999832,linear_decay
389,0.003299999982,0.003299999982,0.007499999832,linear_decay
390,0.003299999982,0.003299999982,0.007499999832,linear_decay
391,0.003299999982,0.003299999982,0.007499999832,linear_decay
392,0.003299999982,0.003299999982,0.007499999832,linear_decay
393,0.003299999982,0.003299999982,0.007499999832,linear_decay
394,0.003299999982,0.003299999982,0.007499999832,linear_decay
395,0.003299999982,0.003299999982,0.007499999832,linear_decay
396,0.003299999982,0.003299999982,0.007499999832,linear_decay
397,0.003299999982,0.003299999982,0.007499999832,linear_decay
398,0.003299999982,0.003299999982,0.007499999832,linear_decay
399,0.003299999982,0.003299999982,0.007499999832,linear_decay
400,0.003299999982,0.003299999982,0.007499999832,linear_decay
401,0.003299999982,0.003299999982,0.007499999832,linear_decay
402,0.003299999982,0.003299999982,0.007499999832,linear_decay
403,0.003299999982,0.003299999982,0.007499999832,linear_decay
404,0.003299999982,0.003299999982,0.007499999832,linear_decay
405,0.003299999982,0.003299999982,0.007499999832,linear_decay
406,0.003299999982,0.003299999982,0.007499999832,linear_decay
407,0.003299999982,0.003299999982,0.007499999832,linear_decay
408,0.003299999982,0.003299999982,0.007499999832,linear_decay
409,0.003299999982,0.003299999982,0.007499999832,linear_decay
410,0.003299999982,0.003299999982,0.007499999832,linear_decay
411,0.003299999982,0.003299999982,0.007499999832,linear_decay
412,0.003299999982,0.003299999982,0.007499999832,linear_decay
413,0.003299999982,0.003299999982,0.007499999832,linear_decay
414,0.003299999982,0.003299999982,0.007499999832,linear_decay
415,0.003299999982,0.003299999982,0.007499999832,linear_decay
416,0.003299999982,0.003299999982,0.007499999832,linear_decay
417,0.003299999982,0.003299999982,0.007499999832,linear_decay
418,0.003299999982,0.003299999982,0.007499999832,linear_decay
419,0.003299999982,0.003299999982,0.007499999832,linear_decay
420,0.003299999982,0.003299999982,0.007499999832,linear_decay
421,0.003299999982,0.003299999982,0.007499999832,linear_decay
422,0.003299999982,0.003299999982,0.007499999832,linear_decay
423,0.003299999982,0.003299999982,0.007499999832,linear_decay
424,0.003299999982,0.003299999982,0.007499999832,linear_decay
425,0.003299999982,0.003299999982,0.007499999832,linear_decay
426,0.003299999982,0.003299999982,0.007499999832,linear_decay
427,0.003299999982,0.003299999982,0.007499999832,linear_decay
428,0.003299999982,0.003299999982,0.007499999832,linear_decay
429,0.003299999982,0.003299999982,0.007499999832,linear_decay
430,0.003299999982,0.003299999982,0.007499999832,linear_decay
431,0.003299999982,0.003299999982,0.007499999832,linear_decay
432,0.003299999982,0.003299999982,0.007499999832,linear_decay
433,0.003299999982,0.003299999982,0.007499999832,linear_decay
434,0.003299999982,0.003299999982,0.007499999832,linear_decay
435,0.003299999982,0.003299999982,0.007499999832,linear_decay
436,0.003299999982,0.003299999982,0.007499999832,linear_decay
437,0.003299999982,0.003299999982,0.007499999832,linear_decay
438,0.003299999982,0.003299999982,0.007499999832,linear_decay
439,0.003299999982,0.003299999982,0.007499999832,linear_decay
440,0.003299999982,0.003299999982,0.007499999832,linear_decay
441,0.003299999982,0.003299999982,0.007499999832,linear_decay
442,0.003299999982,0.003299999982,0.007499999832,linear_decay
443,0.003299999982,0.003299999982,0.007499999832,linear_decay
444,0.003299999982,0.003299999982,0.007499999832,linear_decay
445,0.003299999982,0.003299999982,0.007499999832,linear_decay
446,0.003299999982,0.003299999982,0.007499999832,linear_decay
447,0.003299999982,0.003299999982,0.007499999832,linear_decay
448,0.003299999982,0.003299999982,0.007499999832,linear_decay
449,0.003299999982,0.003299999982,0.007499999832,linear_decay
450,0.003299999982,0.003299999982,0.007499999832,linear_decay
451,0.003299999982,0.003299999982,0.007499999832,linear_decay
452,0.003299999982,0.003299999982,0.007499999832,linear_decay
453,0.003299999982,0.003299999982,0.007499999832,linear_decay
454,0.003299999982,0.003299999982,0.007499999832,linear_decay
455,0.003299999982,0.003299999982,0.007499999832,linear_decay
456,0.003299999982,0.003299999982,0.007499999832,linear_decay
457,0.003299999982,0.003299999982,0.007499999832,linear_decay
458,0.003299999982,0.003299999982,0.007499999832,linear_decay
459,0.003299999982,0.003299999982,0.007499999832,linear_decay
460,0.003299999982,0.003299999982,0.007499999832,linear_decay
461,0.003299999982,0.003299999982,0.007499999832,linear_decay
462,0.003299999982,0.003299999982,0.007499999832,linear_decay
463,0.003299999982,0.003299999982,0.007499999832,linear_decay
464,0.003299999982,0.003299999982,0.007499999832,linear_decay
465,0.003299999982,0.003299999982,0.007499999832,linear_decay
466,0.003299999982,0.003299999982,0.007499999832,linear_decay
467,0.003299999982,0.003299999982,0.007499999832,linear_decay
468,0.003299999982,0.003299999982,0.007499999832,linear_decay
469,0.003299999982,0.003299999982,0.007499999832,linear_decay
470,0.003299999982,0.003299999982,0.007499999832,linear_decay
471,0.003299999982,0.003299999982,0.007499999832,linear_decay
472,0.003299999982,0.003299999982,0.007499999832,linear_decay
473,0.003299999982,0.003299999982,0.007499999832,linear_decay
474,0.003299999982,0.003299999982,0.007499999832,linear_decay
475,0.003299999982,0.003299999982,0.007499999832,linear_decay
476,0.003299999982,0.003299999982,0.007499999832,linear_decay
477,0.003299999982,0.003299999982,0.007499999832,linear_decay
478,0.003299999982,0.003299999982,0.007499999832,linear_decay
479,0.003299999982,0.003299999982,0.007499999832,linear_decay
480,0.003299999982,0.003299999982,0.007499999832,linear_decay
481,0.003299999982,0.003299999982,0.007499999832,linear_decay
482,0.003299999982,0.003299999982,0.007499999832,linear_decay
483,0.003299999982,0.003299999982,0.007499999832,linear_decay
484,0.003299999982,0.003299999982,0.007499999832,linear_decay
485,0.003299999982,0.003299999982,0.007499999832,linear_decay
486,0.003299999982,0.003299999982,0.007499999832,linear_decay
487,0.003299999982,0.003299999982,0.007499999832,linear_decay
488,0.003299999982,0.003299999982,0.007499999832,linear_decay
489,0.003299999982,0.003299999982,0.007499999832,linear_decay
490,0.003299999982,0.003299999982,0.007499999832,linear_decay
491,0.003299999982,0.003299999982,0.007499999832,linear_decay
492,0.003299999982,0.003299999982,0.007499999832,linear_decay
493,0.003299999982,0.003299999982,0.007499999832,linear_decay
494,0.003299999982,0.003299999982,0.007499999832,linear_decay
495,0.003299999982,0.003299999982,0.007499999832,linear_decay
496,0.003299999982,0.003299999982,0.007499999832,linear_decay
497,0.003299999982,0.003299999982,0.007499999832,linear_decay
498,0.003299999982,0.003299999982,0.007499999832,linear_decay
499,0.003299999982,0.003299999982,0.007499999832,linear_decay
500,0.003299999982,0.003299999982,0.007499999832,linear_decay
501,0.003299999982,0.003299999982,0.007499999832,linear_decay
502,0.003299999982,0.003299999982,0.007499999832,linear_decay
503,0.003299999982,0.003299999982,0.007499999832,linear_decay
504,0.003299999982,0.003299999982,0.007499999832,linear_decay
505,0.003299999982,0.003299999982,0.007499999832,linear_decay
506,0.003299999982,0.003299999982,0.007499999832,linear_decay
507,0.003299999982,0.003299999982,0.007499999832,linear_decay
508,0.003299999982,0.003299999982,0.007499999832,linear_decay
509,0.003299999982,0.003299999982,0.007499999832,linear_decay
510,0.003299999982,0.003299999982,0.007499999832,linear_decay
511,0.003299999982,0.003299999982,0.007499999832,linear_decay
512,0.003299999982,0.003299999982,0.007499999832,linear_decay
513,0.003299999982,0.003299999982,0.007499999832,linear_decay
514,0.003299999982,0.003299999982,0.007499999832,linear_decay
515,0.003299999982,0.003299999982,0.007499999832,linear_decay
516,0.003299999982,0.003299999982,0.007499999832,linear_decay
517,0.003299999982,0.003299999982,0.007499999832,linear_decay
518,0.003299999982,0.003299999982,0.007499999832,linear_decay
519,0.003299999982,0.003299999982,0.007499999832,linear_decay
520,0.003299999982,0.003299999982,0.007499999832,linear_decay
521,0.003299999982,0.003299999982,0.007499999832,linear_decay
522,0.003299999982,0.003299999982,0.007499999832,linear_decay
523,0.003299999982,0.003299999982,0.007499999832,linear_decay
524,0.003299999982,0.003299999982,0.007499999832,linear_decay
525,0.003299999982,0.003299999982,0.007499999832,linear_decay
526,0.003299999982,0.003299999982,0.007499999832,linear_decay
527,0.003299999982,0.003299999982,0.007499999832,linear_decay
528,0.003299999982,0.003299999982,0.007499999832,linear_decay
529,0.003299999982,0.003299999982,0.007499999832,linear_decay
530,0.003299999982,0.003299999982,0.007499999832,linear_decay
531,0.003299999982,0.003299999982,0.007499999832,linear_decay
532,0.003299999982,0.003299999982,0.007499999832,linear_decay
533,0.003299999982,0.003299999982,0.007499999832,linear_decay
534,0.003299999982,0.003299999982,0.007499999832,linear_decay
535,0.003299999982,0.003299999982,0.007499999832,linear_decay
536,0.003299999982,0.003299999982,0.007499999832,linear_decay
537,0.003299999982,0.003299999982,0.007499999832,linear_decay
538,0.003299999982,0.003299999982,0.007499999832,linear_decay
539,0.003299999982,0.003299999982,0.007499999832,linear_decay
540,0.003299999982,0.003299999982,0.007499999832,linear_decay
541,0.003299999982,0.003299999982,0.007499999832,linear_decay
542,0.003299999982,0.003299999982,0.007499999832,linear_decay
543,0.003299999982,0.003299999982,0.007499999832,linear_decay
544,0.003299999982,0.003299999982,0.007499999832,linear_decay
545,0.003299999982,0.003299999982,0.007499999832,linear_decay
546,0.003299999982,0.003299999982,0.007499999832,linear_decay
547,0.003299999982,0.003299999982,0.007499999832,linear_decay
548,0.003299999982,0.003299999982,0.007499999832,linear_decay
549,0.003299999982,0.003299999982,0.007499999832,linear_decay
550,0.003299999982,0.003299999982,0.007499999832,linear_decay
551,0.003299999982,0.003299999982,0.007499999832,linear_decay
552,0.003299999982,0.003299999982,0.007499999832,linear_decay
553,0.003299999982,0.003299999982,0.007499999832,linear_decay
554,0.003299999982,0.003299999982,0.007499999832,linear_decay
555,0.003299999982,0.003299999982,0.007499999832,linear_decay
556,0.003299999982,0.003299999982,0.007499999832,linear_decay
557,0.003299999982,0.003299999982,0.007499999832,linear_decay
558,0.003299999982,0.003299999982,0.007499999832,linear_decay
559,0.003299999982,0.003299999982,0.007499999832,linear_decay
560,0.003299999982,0.003299999982,0.007499999832,linear_decay
561,0.003299999982,0.003299999982,0.007499999832,linear_decay
562,0.003299999982,0.003299999982,0.007499999832,linear_decay
563,0.003299999982,0.003299999982,0.007499999832,linear_decay
564,0.003299999982,0.003299999982,0.007499999832,linear_decay
565,0.003299999982,0.003299999982,0.007499999832,linear_decay
566,0.003299999982,0.003299999982,0.007499999832,linear_decay
567,0.003299999982,0.003299999982,0.007499999832,linear_decay
568,0.003299999982,0.003299999982,0.007499999832,linear_decay
569,0.003299999982,0.003299999982,0.007499999832,linear_decay
570,0.003299999982,0.003299999982,0.007499999832,linear_decay
571,0.003299999982,0.003299999982,0.007499999832,linear_decay
572,0.003299999982,0.003299999982,0.007499999832,linear_decay
573,0.003299999982,0.003299999982,0.007499999832,linear_decay
574,0.003299999982,0.003299999982,0.007499999832,linear_decay
575,0.003299999982,0.003299999982,0.007499999832,linear_decay
576,0.003299999982,0.003299999982,0.007499999832,linear_decay
577,0.003299999982,0.003299999982,0.007499999832,linear_decay
578,0.003299999982,0.003299999982,0.007499999832,linear_decay
579,0.003299999982,0.003299999982,0.007499999832,linear_decay
580,0.003299999982,0.003299999982,0.007499999832,linear_decay
581,0.003299999982,0.003299999982,0.007499999832,linear_decay
582,0.003299999982,0.003299999982,0.007499999832,linear_decay
583,0.003299999982,0.003299999982,0.007499999832,linear_decay
584,0.003299999982,0.003299999982,0.007499999832,linear_decay
585,0.003299999982,0.003299999982,0.007499999832,linear_decay
586,0.003299999982,0.003299999982,0.007499999832,linear_decay
587,0.003299999982,0.003299999982,0.007499999832,linear_decay
588,0.003299999982,0.003299999982,0.007499999832,linear_decay
589,0.003299999982,0.003299999982,0.007499999832,linear_decay
590,0.003299999982,0.003299999982,0.007499999832,linear_decay
591,0.003299999982,0.003299999982,0.007499999832,linear_decay
592,0.003299999982,0.003299999982,0.007499999832,linear_decay
593,0.003299999982,0.003299999982,0.007499999832,linear_decay
594,0.003299999982,0.003299999982,0.007499999832,linear_decay
595,0.003299999982,0.003299999982,0.007499999832,linear_decay
596,0.003299999982,0.003299999982,0.007499999832,linear_decay
597,0.003299999982,0.003299999982,0.007499999832,linear_decay
598,0.003299999982,0.003299999982,0.007499999832,linear_decay
599,0.003299999982,0.003299999982,0.007499999832,linear_decay
600,0.003299999982,0.003299999982,0.007499999832,linear_decay
601,0.003299999982,0.003299999982,0.007499999832,linear_decay
602,0.003299999982,0.003299999982,0.007499999832,linear_decay
603,0.003299999982,0.003299999982,0.007499999832,linear_decay
604,0.003299999982,0.003299999982,0.007499999832,linear_decay
605,0.003299999982,0.003299999982,0.007499999832,linear_decay
606,0.003299999982,0.003299999982,0.007499999832,linear_decay
607,0.003299999982,0.003299999982,0.007499999832,linear_decay
608,0.003299999982,0.003299999982,0.007499999832,linear_decay
609,0.003299999982,0.003299999982,0.007499999832,linear_decay
610,0.003299999982,0.003299999982,0.007499999832,linear_decay
611,0.003299999982,0.003299999982,0.007499999832,linear_decay
612,0.003299999982,0.003299999982,0.007499999832,linear_decay
613,0.003299999982,0.003299999982,0.007499999832,linear_decay
614,0.003299999982,0.003299999982,0.007499999832,linear_decay
615,0.003299999982,0.003299999982,0.007499999832,linear_decay
616,0.003299999982,0.003299999982,0.007499999832,linear_decay
617,0.003299999982,0.003299999982,0.007499999832,linear_decay
618,0.003299999982,0.003299999982,0.007499999832,linear_decay
619,0.003299999982,0.003299999982,0.007499999832,linear_decay
620,0.003299999982,0.003299999982,0.007499999832,linear_decay
621,0.003299999982,0.003299999982,0.007499999832,linear_decay
622,0.003299999982,0.003299999982,0.007499999832,linear_decay
623,0.003299999982,0.003299999982,0.007499999832,linear_decay
624,0.003299999982,0.003299999982,0.007499999832,linear_decay
625,0.003299999982,0.003299999982,0.007499999832,linear_decay
626,0.003299999982,0.003299999982,0.007499999832,linear_decay
627,0.003299999982,0.003299999982,0.007499999832,linear_decay
628,0.003299999982,0.003299999982,0.007499999832,linear_decay
629,0.003299999982,0.003299999982,0.007499999832,linear_decay
630,0.003299999982,0.003299999982,0.007499999832,linear_decay
631,0.003299999982,0.003299999982,0.007499999832,linear_decay
632,0.003299999982,0.003299999982,0.007499999832,linear_decay
633,0.003299999982,0.003299999982,0.007499999832,linear_decay
634,0.003299999982,0.003299999982,0.007499999832,linear_decay
635,0.003299999982,0.003299999982,0.007499999832,linear_decay
636,0.003299999982,0.003299999982,0.007499999832,linear_decay
637,0.003299999982,0.003299999982,0.007499999832,linear_decay
638,0.003299999982,0.003299999982,0.007499999832,linear_decay
639,0.003299999982,0.003299999982,0.007499999832,linear_decay
640,0.003299999982,0.003299999982,0.007499999832,linear_decay
641,0.003299999982,0.003299999982,0.007499999832,linear_decay
642,0.003299999982,0.003299999982,0.007499999832,linear_decay
643,0.003299999982,0.003299999982,0.007499999832,linear_decay
644,0.003299999982,0.003299999982,0.007499999832,linear_decay
645,0.003299999982,0.003299999982,0.007499999832,linear_decay
646,0.003299999982,0.003299999982,0.007499999832,linear_decay
647,0.003299999982,0.003299999982,0.007499999832,linear_decay
648,0.003299999982,0.003299999982,0.007499999832,linear_decay
649,0.003299999982,0.003299999982,0.007499999832,linear_decay
650,0.003299999982,0.003299999982,0.007499999832,linear_decay
651,0.003299999982,0.003299999982,0.007499999832,linear_decay
652,0.003299999982,0.003299999982,0.007499999832,linear_decay
653,0.003299999982,0.003299999982,0.007499999832,linear_decay
654,0.003299999982,0.003299999982,0.007499999832,linear_decay
655,0.003299999982,0.003299999982,0.007499999832,linear_decay
656,0.003299999982,0.003299999982,0.007499999832,linear_decay
657,0.003299999982,0.003299999982,0.007499999832,linear_decay
658,0.003299999982,0.003299999982,0.007499999832,linear_decay
659,0.003299999982,0.003299999982,0.007499999832,linear_decay
660,0.003299999982,0.003299999982,0.007499999832,linear_decay
661,0.003299999982,0.003299999982,0.007499999832,linear_decay
662,0.003299999982,0.003299999982,0.007499999832,linear_decay
663,0.003299999982,0.003299999982,0.007499999832,linear_decay
664,0.003299999982,0.003299999982,0.007499999832,linear_decay
665,0.003299999982,0.003299999982,0.007499999832,linear_decay
666,0.003299999982,0.003299999982,0.007499999832,linear_decay
667,0.003299999982,0.003299999982,0.007499999832,linear_decay
668,0.003299999982,0.003299999982,0.007499999832,linear_decay
669,0.003299999982,0.003299999982,0.007499999832,linear_decay
670,0.003299999982,0.003299999982,0.007499999832,linear_decay
671,0.003299999982,0.003299999982,0.007499999832,linear_decay
672,0.003299999982,0.003299999982,0.007499999832,linear_decay
673,0.003299999982,0.003299999982,0.007499999832,linear_decay
674,0.003299999982,0.003299999982,0.007499999832,linear_decay
675,0.003299999982,0.003299999982,0.007499999832,linear_decay
676,0.003299999982,0.003299999982,0.007499999832,linear_decay
677,0.003299999982,0.003299999982,0.007499999832,linear_decay
678,0.003299999982,0.003299999982,0.007499999832,linear_decay
679,0.003299999982,0.003299999982,0.007499999832,linear_decay
680,0.003299999982,0.003299999982,0.007499999832,linear_decay
681,0.003299999982,0.003299999982,0.007499999832,linear_decay
682,0.003299999982,0.003299999982,0.007499999832,linear_decay
683,0.003299999982,0.003299999982,0.007499999832,linear_decay
684,0.003299999982,0.003299999982,0.007499999832,linear_decay
685,0.003299999982,0.003299999982,0.007499999832,linear_decay
686,0.003299999982,0.003299999982,0.007499999832,linear_decay
687,0.003299999982,0.003299999982,0.007499999832,linear_decay
688,0.003299999982,0.003299999982,0.007499999832,linear_decay
689,0.003299999982,0.003299999982,0.007499999832,linear_decay
690,0.003299999982,0.003299999982,0.007499999832,linear_decay
691,0.003299999982,0.003299999982,0.007499999832,linear_decay
692,0.003299999982,0.003299999982,0.007499999832,linear_decay
693,0.003299999982,0.003299999982,0.007499999832,linear_decay
694,0.003299999982,0.003299999982,0.007499999832,linear_decay
695,0.003299999982,0.003299999982,0.007499999832,linear_decay
696,0.003299999982,0.003299999982,0.007499999832,linear_decay
697,0.003299999982,0.003299999982,0.007499999832,linear_decay
698,0.003299999982,0.003299999982,0.007499999832,linear_decay
699,0.003299999982,0.003299999982,0.007499999832,linear_decay
700,0.003299999982,0.003299999982,0.007499999832,linear_decay
701,0.003299999982,0.003299999982,0.007499999832,linear_decay
702,0.003299999982,0.003299999982,0.007499999832,linear_decay
703,0.003299999982,0.003299999982,0.007499999832,linear_decay
704,0.003299999982,0.003299999982,0.007499999832,linear_decay
705,0.003299999982,0.003299999982,0.007499999832,linear_decay
706,0.003299999982,0.003299999982,0.007499999832,linear_decay
707,0.003299999982,0.003299999982,0.007499999832,linear_decay
708,0.003299999982,0.003299999982,0.007499999832,linear_decay
709,0.003299999982,0.003299999982,0.007499999832,linear_decay
710,0.003299999982,0.003299999982,0.007499999832,linear_decay
711,0.003299999982,0.003299999982,0.007499999832,linear_decay
712,0.003299999982,0.003299999982,0.007499999832,linear_decay
713,0.003299999982,0.003299999982,0.007499999832,linear_decay
714,0.003299999982,0.003299999982,0.007499999832,linear_decay
715,0.003299999982,0.003299999982,0.007499999832,linear_decay
716,0.003299999982,0.003299999982,0.007499999832,linear_decay
717,0.003299999982,0.003299999982,0.007499999832,linear_decay
718,0.003299999982,0.003299999982,0.007499999832,linear_decay
719,0.003299999982,0.003299999982,0.007499999832,linear_decay
720,0.003299999982,0.003299999982,0.007499999832,linear_decay
721,0.003299999982,0.003299999982,0.007499999832,linear_decay
722,0.003299999982,0.003299999982,0.007499999832,linear_decay
723,0.003299999982,0.003299999982,0.007499999832,linear_decay
724,0.003299999982,0.003299999982,0.007499999832,linear_decay
725,0.003299999982,0.003299999982,0.007499999832,linear_decay
726,0.003299999982,0.003299999982,0.007499999832,linear_decay
727,0.003299999982,0.003299999982,0.007499999832,linear_decay
728,0.003299999982,0.003299999982,0.007499999832,linear_decay
729,0.003299999982,0.003299999982,0.007499999832,linear_decay
730,0.003299999982,0.003299999982,0.007499999832,linear_decay
731,0.003299999982,0.003299999982,0.007499999832,linear_decay
732,0.003299999982,0.003299999982,0.007499999832,linear_decay
733,0.003299999982,0.003299999982,0.007499999832,linear_decay
734,0.003299999982,0.003299999982,0.007499999832,linear_decay
735,0.003299999982,0.003299999982,0.007499999832,linear_decay
736,0.003299999982,0.003299999982,0.007499999832,linear_decay
737,0.003299999982,0.003299999982,0.007499999832,linear_decay
738,0.003299999982,0.003299999982,0.007499999832,linear_decay
739,0.003299999982,0.003299999982,0.007499999832,linear_decay
740,0.003299999982,0.003299999982,0.007499999832,linear_decay
741,0.003299999982,0.003299999982,0.007499999832,linear_decay
742,0.003299999982,0.003299999982,0.007499999832,linear_decay
743,0.003299999982,0.003299999982,0.007499999832,linear_decay
744,0.003299999982,0.003299999982,0.007499999832,linear_decay
745,0.003299999982,0.003299999982,0.007499999832,linear_decay
746,0.003299999982,0.003299999982,0.007499999832,linear_decay
747,0.003299999982,0.003299999982,0.007499999832,linear_decay
748,0.003299999982,0.003299999982,0.007499999832,linear_decay
749,0.003299999982,0.003299999982,0.007499999832,linear_decay
750,0.003299999982,0.003299999982,0.007499999832,linear_decay
751,0.003299999982,0.003299999982,0.007499999832,linear_decay
752,0.003299999982,0.003299999982,0.007499999832,linear_decay
753,0.003299999982,0.003299999982,0.007499999832,linear_decay
754,0.003299999982,0.003299999982,0.007499999832,linear_decay
755,0.003299999982,0.003299999982,0.007499999832,linear_decay
756,0.003299999982,0.003299999982,0.007499999832,linear_decay
757,0.003299999982,0.003299999982,0.007499999832,linear_decay
758,0.003299999982,0.003299999982,0.007499999832,linear_decay
759,0.003299999982,0.003299999982,0.007499999832,linear_decay
760,0.003299999982,0.003299999982,0.007499999832,linear_decay
761,0.003299999982,0.003299999982,0.007499999832,linear_decay
762,0.003299999982,0.003299999982,0.007499999832,linear_decay
763,0.003299999982,0.003299999982,0.007499999832,linear_decay
764,0.003299999982,0.003299999982,0.007499999832,linear_decay
765,0.003299999982,0.003299999982,0.007499999832,linear_decay
766,0.003299999982,0.003299999982,0.007499999832,linear_decay
767,0.003299999982,0.003299999982,0.007499999832,linear_decay
768,0.003299999982,0.003299999982,0.007499999832,linear_decay
769,0.003299999982,0.003299999982,0.007499999832,linear_decay
770,0.003299999982,0.003299999982,0.007499999832,linear_decay
771,0.003299999982,0.003299999982,0.007499999832,linear_decay
772,0.003299999982,0.003299999982,0.007499999832,linear_decay
773,0.003299999982,0.003299999982,0.007499999832,linear_decay
774,0.003299999982,0.003299999982,0.007499999832,linear_decay
775,0.003299999982,0.003299999982,0.007499999832,linear_decay
776,0.003299999982,0.003299999982,0.007499999832,linear_decay
777,0.003299999982,0.003299999982,0.007499999832,linear_decay
778,0.003299999982,0.003299999982,0.007499999832,linear_decay
779,0.003299999982,0.003299999982,0.007499999832,linear_decay
780,0.003299999982,0.003299999982,0.007499999832,linear_decay
781,0.003299999982,0.003299999982,0.007499999832,linear_decay
782,0.003299999982,0.003299999982,0.007499999832,linear_decay
783,0.003299999982,0.003299999982,0.007499999832,linear_decay
784,0.003299999982,0.003299999982,0.007499999832,linear_decay
785,0.003299999982,0.003299999982,0.007499999832,linear_decay
786,0.003299999982,0.003299999982,0.007499999832,linear_decay
787,0.003299999982,0.003299999982,0.007499999832,linear_decay
788,0.003299999982,0.003299999982,0.007499999832,linear_decay
789,0.003299999982,0.003299999982,0.007499999832,linear_decay
790,0.003299999982,0.003299999982,0.007499999832,linear_decay
791,0.003299999982,0.003299999982,0.007499999832,linear_decay
792,0.003299999982,0.003299999982,0.007499999832,linear_decay
793,0.003299999982,0.003299999982,0.007499999832,linear_decay
794,0.003299999982,0.003299999982,0.007499999832,linear_decay
795,0.003299999982,0.003299999982,0.007499999832,linear_decay
796,0.003299999982,0.003299999982,0.007499999832,linear_decay
797,0.003299999982,0.003299999982,0.007499999832,linear_decay
798,0.003299999982,0.003299999982,0.007499999832,linear_decay
799,0.003299999982,0.003299999982,0.007499999832,linear_decay
800,0.003299999982,0.003299999982,0.007499999832,linear_decay
801,0.003299999982,0.003299999982,0.007499999832,linear_decay
802,0.003299999982,0.003299999982,0.007499999832,linear_decay
803,0.003299999982,0.003299999982,0.007499999832,linear_decay
804,0.003299999982,0.003299999982,0.007499999832,linear_decay
805,0.003299999982,0.003299999982,0.007499999832,linear_decay
806,0.003299999982,0.003299999982,0.007499999832,linear_decay
807,0.003299999982,0.003299999982,0.007499999832,linear_decay
808,0.003299999982,0.003299999982,0.007499999832,linear_decay
809,0.003299999982,0.003299999982,0.007499999832,linear_decay
810,0.003299999982,0.003299999982,0.007499999832,linear_decay
811,0.003299999982,0.003299999982,0.007499999832,linear_decay
812,0.003299999982,0.003299999982,0.007499999832,linear_decay
813,0.003299999982,0.003299999982,0.007499999832,linear_decay
814,0.003299999982,0.003299999982,0.007499999832,linear_decay
815,0.003299999982,0.003299999982,0.007499999832,linear_decay
816,0.003299999982,0.003299999982,0.007499999832,linear_decay
817,0.003299999982,0.003299999982,0.007499999832,linear_decay
818,0.003299999982,0.003299999982,0.007499999832,linear_decay
819,0.003299999982,0.003299999982,0.007499999832,linear_decay
820,0.003299999982,0.003299999982,0.007499999832,linear_decay
821,0.003299999982,0.003299999982,0.007499999832,linear_decay
822,0.003299999982,0.003299999982,0.007499999832,linear_decay
823,0.003299999982,0.003299999982,0.007499999832,linear_decay
824,0.003299999982,0.003299999982,0.007499999832,linear_decay
825,0.003299999982,0.003299999982,0.007499999832,linear_decay
826,0.003299999982,0.003299999982,0.007499999832,linear_decay
827,0.003299999982,0.003299999982,0.007499999832,linear_decay
828,0.003299999982,0.003299999982,0.007499999832,linear_decay
829,0.003299999982,0.003299999982,0.007499999832,linear_decay
830,0.003299999982,0.003299999982,0.007499999832,linear_decay
831,0.003299999982,0.003299999982,0.007499999832,linear_decay
832,0.003299999982,0.003299999982,0.007499999832,linear_decay
833,0.003299999982,0.003299999982,0.007499999832,linear_decay
834,0.003299999982,0.003299999982,0.007499999832,linear_decay
835,0.003299999982,0.003299999982,0.007499999832,linear_decay
836,0.003299999982,0.003299999982,0.007499999832,linear_decay
837,0.003299999982,0.003299999982,0.007499999832,linear_decay
838,0.003299999982,0.003299999982,0.007499999832,linear_decay
839,0.003299999982,0.003299999982,0.007499999832,linear_decay
840,0.003299999982,0.003299999982,0.007499999832,linear_decay
841,0.003299999982,0.003299999982,0.007499999832,linear_decay
842,0.003299999982,0.003299999982,0.007499999832,linear_decay
843,0.003299999982,0.003299999982,0.007499999832,linear_decay
844,0.003299999982,0.003299999982,0.007499999832,linear_decay
845,0.003299999982,0.003299999982,0.007499999832,linear_decay
846,0.003299999982,0.003299999982,0.007499999832,linear_decay
847,0.003299999982,0.003299999982,0.007499999832,linear_decay
848,0.003299999982,0.003299999982,0.007499999832,linear_decay
849,0.003299999982,0.003299999982,0.007499999832,linear_decay
850,0.003299999982,0.003299999982,0.007499999832,linear_decay
851,0.003299999982,0.003299999982,0.007499999832,linear_decay
852,0.003299999982,0.003299999982,0.007499999832,linear_decay
853,0.003299999982,0.003299999982,0.007499999832,linear_decay
854,0.003299999982,0.003299999982,0.007499999832,linear_decay
855,0.003299999982,0.003299999982,0.007499999832,linear_decay
856,0.003299999982,0.003299999982,0.007499999832,linear_decay
857,0.003299999982,0.003299999982,0.007499999832,linear_decay
858,0.003299999982,0.003299999982,0.007499999832,linear_decay
859,0.003299999982,0.003299999982,0.007499999832,linear_decay
860,0.003299999982,0.003299999982,0.007499999832,linear_decay
861,0.003299999982,0.003299999982,0.007499999832,linear_decay
862,0.003299999982,0.003299999982,0.007499999832,linear_decay
863,0.003299999982,0.003299999982,0.007499999832,linear_decay
864,0.003299999982,0.003299999982,0.007499999832,linear_decay
865,0.003299999982,0.003299999982,0.007499999832,linear_decay
866,0.003299999982,0.003299999982,0.007499999832,linear_decay
867,0.003299999982,0.003299999982,0.007499999832,linear_decay
868,0.003299999982,0.003299999982,0.007499999832,linear_decay
869,0.003299999982,0.003299999982,0.007499999832,linear_decay
870,0.003299999982,0.003299999982,0.007499999832,linear_decay
871,0.003299999982,0.003299999982,0.007499999832,linear_decay
872,0.003299999982,0.003299999982,0.007499999832,linear_decay
873,0.003299999982,0.003299999982,0.007499999832,linear_decay
874,0.003299999982,0.003299999982,0.007499999832,linear_decay
875,0.003299999982,0.003299999982,0.007499999832,linear_decay
876,0.003299999982,0.003299999982,0.007499999832,linear_decay
877,0.003299999982,0.003299999982,0.007499999832,linear_decay
878,0.003299999982,0.003299999982,0.007499999832,linear_decay
879,0.003299999982,0.003299999982,0.007499999832,linear_decay
880,0.003299999982,0.003299999982,0.007499999832,linear_decay
881,0.003299999982,0.003299999982,0.007499999832,linear_decay
882,0.003299999982,0.003299999982,0.007499999832,linear_decay
883,0.003299999982,0.003299999982,0.007499999832,linear_decay
884,0.003299999982,0.003299999982,0.007499999832,linear_decay
885,0.003299999982,0.003299999982,0.007499999832,linear_decay
886,0.003299999982,0.003299999982,0.007499999832,linear_decay
887,0.003299999982,0.003299999982,0.007499999832,linear_decay
888,0.003299999982,0.003299999982,0.007499999832,linear_decay
889,0.003299999982,0.003299999982,0.007499999832,linear_decay
890,0.003299999982,0.003299999982,0.007499999832,linear_decay
891,0.003299999982,0.003299999982,0.007499999832,linear_decay
892,0.003299999982,0.003299999982,0.007499999832,linear_decay
893,0.003299999982,0.003299999982,0.007499999832,linear_decay
894,0.003299999982,0.003299999982,0.007499999832,linear_decay
895,0.003299999982,0.003299999982,0.007499999832,linear_decay
896,0.003299999982,0.003299999982,0.007499999832,linear_decay
897,0.003299999982,0.003299999982,0.007499999832,linear_decay
898,0.003299999982,0.003299999982,0.007499999832,linear_decay
899,0.003299999982,0.003299999982,0.007499999832,linear_decay
900,0.003299999982,0.003299999982,0.007499999832,linear_decay
901,0.003299999982,0.003299999982,0.007499999832,linear_decay
902,0.003299999982,0.003299999982,0.007499999832,linear_decay
903,0.003299999982,0.003299999982,0.007499999832,linear_decay
904,0.003299999982,0.003299999982,0.007499999832,linear_decay
905,0.003299999982,0.003299999982,0.007499999832,linear_decay
906,0.003299999982,0.003299999982,0.007499999832,linear_decay
907,0.003299999982,0.003299999982,0.007499999832,linear_decay
908,0.003299999982,0.003299999982,0.007499999832,linear_decay
909,0.003299999982,0.003299999982,0.007499999832,linear_decay
910,0.003299999982,0.003299999982,0.007499999832,linear_decay
911,0.003299999982,0.003299999982,0.007499999832,linear_decay
912,0.003299999982,0.003299999982,0.007499999832,linear_decay
913,0.003299999982,0.003299999982,0.007499999832,linear_decay
914,0.003299999982,0.003299999982,0.007499999832,linear_decay
915,0.003299999982,0.003299999982,0.007499999832,linear_decay
916,0.003299999982,0.003299999982,0.007499999832,linear_decay
917,0.003299999982,0.003299999982,0.007499999832,linear_decay
918,0.003299999982,0.003299999982,0.007499999832,linear_decay
919,0.003299999982,0.003299999982,0.007499999832,linear_decay
920,0.003299999982,0.003299999982,0.007499999832,linear_decay
921,0.003299999982,0.003299999982,0.007499999832,linear_decay
922,0.003299999982,0.003299999982,0.007499999832,linear_decay
923,0.003299999982,0.003299999982,0.007499999832,linear_decay
924,0.003299999982,0.003299999982,0.007499999832,linear_decay
925,0.003299999982,0.003299999982,0.007499999832,linear_decay
926,0.003299999982,0.003299999982,0.007499999832,linear_decay
927,0.003299999982,0.003299999982,0.007499999832,linear_decay
928,0.003299999982,0.003299999982,0.007499999832,linear_decay
929,0.003299999982,0.003299999982,0.007499999832,linear_decay
930,0.003299999982,0.003299999982,0.007499999832,linear_decay
931,0.003299999982,0.003299999982,0.007499999832,linear_decay
932,0.003299999982,0.003299999982,0.007499999832,linear_decay
933,0.003299999982,0.003299999982,0.007499999832,linear_decay
934,0.003299999982,0.003299999982,0.007499999832,linear_decay
935,0.003299999982,0.003299999982,0.007499999832,linear_decay
936,0.003299999982,0.003299999982,0.007499999832,linear_decay
937,0.003299999982,0.003299999982,0.007499999832,linear_decay
938,0.003299999982,0.003299999982,0.007499999832,linear_decay
939,0.003299999982,0.003299999982,0.007499999832,linear_decay
940,0.003299999982,0.003299999982,0.007499999832,linear_decay
941,0.003299999982,0.003299999982,0.007499999832,linear_decay
942,0.003299999982,0.003299999982,0.007499999832,linear_decay
943,0.003299999982,0.003299999982,0.007499999832,linear_decay
944,0.003299999982,0.003299999982,0.007499999832,linear_decay
945,0.003299999982,0.003299999982,0.007499999832,linear_decay
946,0.003299999982,0.003299999982,0.007499999832,linear_decay
947,0.003299999982,0.003299999982,0.007499999832,linear_decay
948,0.003299999982,0.003299999982,0.007499999832,linear_decay
949,0.003299999982,0.003299999982,0.007499999832,linear_decay
950,0.003299999982,0.003299999982,0.007499999832,linear_decay
951,0.003299999982,0.003299999982,0.007499999832,linear_decay
952,0.003299999982,0.003299999982,0.007499999832,linear_decay
953,0.003299999982,0.003299999982,0.007499999832,linear_decay
954,0.003299999982,0.003299999982,0.007499999832,linear_decay
955,0.003299999982,0.003299999982,0.007499999832,linear_decay
956,0.003299999982,0.003299999982,0.007499999832,linear_decay
957,0.003299999982,0.003299999982,0.007499999832,linear_decay
958,0.003299999982,0.003299999982,0.007499999832,linear_decay
959,0.003299999982,0.003299999982,0.007499999832,linear_decay
960,0.003299999982,0.003299999982,0.007499999832,linear_decay
961,0.003299999982,0.003299999982,0.007499999832,linear_decay
962,0.003299999982,0.003299999982,0.007499999832,linear_decay
963,0.003299999982,0.003299999982,0.007499999832,linear_decay
964,0.003299999982,0.003299999982,0.007499999832,linear_decay
965,0.003299999982,0.003299999982,0.007499999832,linear_decay
966,0.003299999982,0.003299999982,0.007499999832,linear_decay
967,0.003299999982,0.003299999982,0.007499999832,linear_decay
968,0.003299999982,0.003299999982,0.007499999832,linear_decay
969,0.003299999982,0.003299999982,0.007499999832,linear_decay
970,0.003299999982,0.003299999982,0.007499999832,linear_decay
971,0.003299999982,0.003299999982,0.007499999832,linear_decay
972,0.003299999982,0.003299999982,0.007499999832,linear_decay
973,0.003299999982,0.003299999982,0.007499999832,linear_decay
974,0.003299999982,0.003299999982,0.007499999832,linear_decay
975,0.003299999982,0.003299999982,0.007499999832,linear_decay
976,0.003299999982,0.003299999982,0.007499999832,linear_decay
977,0.003299999982,0.003299999982,0.007499999832,linear_decay
978,0.003299999982,0.003299999982,0.007499999832,linear_decay
979,0.003299999982,0.003299999982,0.007499999832,linear_decay
980,0.003299999982,0.003299999982,0.007499999832,linear_decay
981,0.003299999982,0.003299999982,0.007499999832,linear_decay
982,0.003299999982,0.003299999982,0.007499999832,linear_decay
983,0.003299999982,0.003299999982,0.007499999832,linear_decay
984,0.003299999982,0.003299999982,0.007499999832,linear_decay
985,0.003299999982,0.003299999982,0.007499999832,linear_decay
986,0.003299999982,0.003299999982,0.007499999832,linear_decay
987,0.003299999982,0.003299999982,0.007499999832,linear_decay
988,0.003299999982,0.003299999982,0.007499999832,linear_decay
989,0.003299999982,0.003299999982,0.007499999832,linear_decay
990,0.003299999982,0.003299999982,0.007499999832,linear_decay
991,0.003299999982,0.003299999982,0.007499999832,linear_decay
992,0.003299999982,0.003299999982,0.007499999832,linear_decay
993,0.003299999982,0.003299999982,0.007499999832,linear_decay
994,0.003299999982,0.003299999982,0.007499999832,linear_decay
995,0.003299999982,0.003299999982,0.007499999832,linear_decay
996,0.003299999982,0.003299999982,0.007499999832,linear_decay
997,0.003299999982,0.003299999982,0.007499999832,linear_decay
998,0.003299999982,0.003299999982,0.007499999832,linear_decay
999,0.003299999982,0.003299999982,0.007499999832,linear_decay
1000,0.003299999982,0.003299999982,0.007499999832,linear_decay
1001,0.003299999982,0.003299999982,0.007499999832,linear_decay
1002,0.003299999982,0.003299999982,0.007499999832,linear_decay
1003,0.003299999982,0.003299999982,0.007499999832,linear_decay
1004,0.003299999982,0.003299999982,0.007499999832,linear_decay
1005,0.003299999982,0.003299999982,0.007499999832,linear_decay
1006,0.003299999982,0.003299999982,0.007499999832,linear_decay
1007,0.003299999982,0.003299999982,0.007499999832,linear_decay
1008,0.003299999982,0.003299999982,0.007499999832,linear_decay
1009,0.003299999982,0.003299999982,0.007499999832,linear_decay
1010,0.003299999982,0.003299999982,0.007499999832,linear_decay
1011,0.003299999982,0.003299999982,0.007499999832,linear_decay
1012,0.003299999982,0.003299999982,0.007499999832,linear_decay
1013,0.003299999982,0.003299999982,0.007499999832,linear_decay
1014,0.003299999982,0.003299999982,0.007499999832,linear_decay
1015,0.003299999982,0.003299999982,0.007499999832,linear_decay
1016,0.003299999982,0.003299999982,0.007499999832,linear_decay
1017,0.003299999982,0.003299999982,0.007499999832,linear_decay
1018,0.003299999982,0.003299999982,0.007499999832,linear_decay
1019,0.003299999982,0.003299999982,0.007499999832,linear_decay
1020,0.003299999982,0.003299999982,0.007499999832,linear_decay
1021,0.003299999982,0.003299999982,0.007499999832,linear_decay
1022,0.003299999982,0.003299999982,0.007499999832,linear_decay
1023,0.003299999982,0.003299999982,0.007499999832,linear_decay
1024,0.003299999982,0.003299999982,0.007499999832,linear_decay
1025,0.003299999982,0.003299999982,0.007499999832,linear_decay
1026,0.003299999982,0.003299999982,0.007499999832,linear_decay
1027,0.003299999982,0.003299999982,0.007499999832,linear_decay
1028,0.003299999982,0.003299999982,0.007499999832,linear_decay
1029,0.003299999982,0.003299999982,0.007499999832,linear_decay
1030,0.003299999982,0.003299999982,0.007499999832,linear_decay
1031,0.003299999982,0.003299999982,0.007499999832,linear_decay
1032,0.003299999982,0.003299999982,0.007499999832,linear_decay
1033,0.003299999982,0.003299999982,0.007499999832,linear_decay
1034,0.003299999982,0.003299999982,0.007499999832,linear_decay
1035,0.003299999982,0.003299999982,0.007499999832,linear_decay
1036,0.003299999982,0.003299999982,0.007499999832,linear_decay
1037,0.003299999982,0.003299999982,0.007499999832,linear_decay
1038,0.003299999982,0.003299999982,0.007499999832,linear_decay
1039,0.003299999982,0.003299999982,0.007499999832,linear_decay
1040,0.003299999982,0.003299999982,0.007499999832,linear_decay
1041,0.003299999982,0.003299999982,0.007499999832,linear_decay
1042,0.003299999982,0.003299999982,0.007499999832,linear_decay
1043,0.003299999982,0.003299999982,0.007499999832,linear_decay
1044,0.003299999982,0.003299999982,0.007499999832,linear_decay
1045,0.003299999982,0.003299999982,0.007499999832,linear_decay
1046,0.003299999982,0.003299999982,0.007499999832,linear_decay
1047,0.003299999982,0.003299999982,0.007499999832,linear_decay
1048,0.003299999982,0.003299999982,0.007499999832,linear_decay
1049,0.003299999982,0.003299999982,0.007499999832,linear_decay
1050,0.003299999982,0.003299999982,0.007499999832,linear_decay
1051,0.003299999982,0.003299999982,0.007499999832,linear_decay
1052,0.003299999982,0.003299999982,0.007499999832,linear_decay
1053,0.003299999982,0.003299999982,0.007499999832,linear_decay
1054,0.003299999982,0.003299999982,0.007499999832,linear_decay
1055,0.003299999982,0.003299999982,0.007499999832,linear_decay
1056,0.003299999982,0.003299999982,0.007499999832,linear_decay
1057,0.003299999982,0.003299999982,0.007499999832,linear_decay
1058,0.003299999982,0.003299999982,0.007499999832,linear_decay
1059,0.003299999982,0.003299999982,0.007499999832,linear_decay
1060,0.003299999982,0.003299999982,0.007499999832,linear_decay
1061,0.003299999982,0.003299999982,0.007499999832,linear_decay
1062,0.003299999982,0.003299999982,0.007499999832,linear_decay
1063,0.003299999982,0.003299999982,0.007499999832,linear_decay
1064,0.003299999982,0.003299999982,0.007499999832,linear_decay
1065,0.003299999982,0.003299999982,0.007499999832,linear_decay
1066,0.003299999982,0.003299999982,0.007499999832,linear_decay
1067,0.003299999982,0.003299999982,0.007499999832,linear_decay
1068,0.003299999982,0.003299999982,0.007499999832,linear_decay
1069,0.003299999982,0.003299999982,0.007499999832,linear_decay
1070,0.003299999982,0.003299999982,0.007499999832,linear_decay
1071,0.003299999982,0.003299999982,0.007499999832,linear_decay
1072,0.003299999982,0.003299999982,0.007499999832,linear_decay
1073,0.003299999982,0.003299999982,0.007499999832,linear_decay
1074,0.003299999982,0.003299999982,0.007499999832,linear_decay
1075,0.003299999982,0.003299999982,0.007499999832,linear_decay
1076,0.003299999982,0.003299999982,0.007499999832,linear_decay
1077,0.003299999982,0.003299999982,0.007499999832,linear_decay
1078,0.003299999982,0.003299999982,0.007499999832,linear_decay
1079,0.003299999982,0.003299999982,0.007499999832,linear_decay
1080,0.003299999982,0.003299999982,0.007499999832,linear_decay
1081,0.003299999982,0.003299999982,0.007499999832,linear_decay
1082,0.003299999982,0.003299999982,0.007499999832,linear_decay
1083,0.003299999982,0.003299999982,0.007499999832,linear_decay
1084,0.003299999982,0.003299999982,0.007499999832,linear_decay
1085,0.003299999982,0.003299999982,0.007499999832,linear_decay
1086,0.003299999982,0.003299999982,0.007499999832,linear_decay
1087,0.003299999982,0.003299999982,0.007499999832,linear_decay
1088,0.003299999982,0.003299999982,0.007499999832,linear_decay
1089,0.003299999982,0.003299999982,0.007499999832,linear_decay
1090,0.003299999982,0.003299999982,0.007499999832,linear_decay
1091,0.003299999982,0.003299999982,0.007499999832,linear_decay
1092,0.003299999982,0.003299999982,0.007499999832,linear_decay
1093,0.003299999982,0.003299999982,0.007499999832,linear_decay
1094,0.003299999982,0.003299999982,0.007499999832,linear_decay
1095,0.003299999982,0.003299999982,0.007499999832,linear_decay
1096,0.003299999982,0.003299999982,0.007499999832,linear_decay
1097,0.003299999982,0.003299999982,0.007499999832,linear_decay
1098,0.003299999982,0.003299999982,0.007499999832,linear_decay
1099,0.003299999982,0.003299999982,0.007499999832,linear_decay
1100,0.003299999982,0.003299999982,0.007499999832,linear_decay
1101,0.003299999982,0.003299999982,0.007499999832,linear_decay
1102,0.003299999982,0.003299999982,0.007499999832,linear_decay
1103,0.003299999982,0.003299999982,0.007499999832,linear_decay
1104,0.003299999982,0.003299999982,0.007499999832,linear_decay
1105,0.003299999982,0.003299999982,0.007499999832,linear_decay
1106,0.003299999982,0.003299999982,0.007499999832,linear_decay
1107,0.003299999982,0.003299999982,0.007499999832,linear_decay
1108,0.003299999982,0.003299999982,0.007499999832,linear_decay
1109,0.003299999982,0.003299999982,0.007499999832,linear_decay
1110,0.003299999982,0.003299999982,0.007499999832,linear_decay
1111,0.003299999982,0.003299999982,0.007499999832,linear_decay
1112,0.003299999982,0.003299999982,0.007499999832,linear_decay
1113,0.003299999982,0.003299999982,0.007499999832,linear_decay
1114,0.003299999982,0.003299999982,0.007499999832,linear_decay
1115,0.003299999982,0.003299999982,0.007499999832,linear_decay
1116,0.003299999982,0.003299999982,0.007499999832,linear_decay
1117,0.003299999982,0.003299999982,0.007499999832,linear_decay
1118,0.003299999982,0.003299999982,0.007499999832,linear_decay
1119,0.003299999982,0.003299999982,0.007499999832,linear_decay
1120,0.003299999982,0.003299999982,0.007499999832,linear_decay
1121,0.003299999982,0.003299999982,0.007499999832,linear_decay
1122,0.003299999982,0.003299999982,0.007499999832,linear_decay
1123,0.003299999982,0.003299999982,0.007499999832,linear_decay
1124,0.003299999982,0.003299999982,0.007499999832,linear_decay
1125,0.003299999982,0.003299999982,0.007499999832,linear_decay
1126,0.003299999982,0.003299999982,0.007499999832,linear_decay
1127,0.003299999982,0.003299999982,0.007499999832,linear_decay
1128,0.003299999982,0.003299999982,0.007499999832,linear_decay
1129,0.003299999982,0.003299999982,0.007499999832,linear_decay
1130,0.003299999982,0.003299999982,0.007499999832,linear_decay
1131,0.003299999982,0.003299999982,0.007499999832,linear_decay
1132,0.003299999982,0.003299999982,0.007499999832,linear_decay
1133,0.003299999982,0.003299999982,0.007499999832,linear_decay
1134,0.003299999982,0.003299999982,0.007499999832,linear_decay
1135,0.003299999982,0.003299999982,0.007499999832,linear_decay
1136,0.003299999982,0.003299999982,0.007499999832,linear_decay
1137,0.003299999982,0.003299999982,0.007499999832,linear_decay
1138,0.003299999982,0.003299999982,0.007499999832,linear_decay
1139,0.003299999982,0.003299999982,0.007499999832,linear_decay
1140,0.003299999982,0.003299999982,0.007499999832,linear_decay
1141,0.003299999982,0.003299999982,0.007499999832,linear_decay
1142,0.003299999982,0.003299999982,0.007499999832,linear_decay
1143,0.003299999982,0.003299999982,0.007499999832,linear_decay
1144,0.003299999982,0.003299999982,0.007499999832,linear_decay
1145,0.003299999982,0.003299999982,0.007499999832,linear_decay
1146,0.003299999982,0.003299999982,0.007499999832,linear_decay
1147,0.003299999982,0.003299999982,0.007499999832,linear_decay
1148,0.003299999982,0.003299999982,0.007499999832,linear_decay
1149,0.003299999982,0.003299999982,0.007499999832,linear_decay
1150,0.003299999982,0.003299999982,0.007499999832,linear_decay
1151,0.003299999982,0.003299999982,0.007499999832,linear_decay
1152,0.003299999982,0.003299999982,0.007499999832,linear_decay
1153,0.003299999982,0.003299999982,0.007499999832,linear_decay
1154,0.003299999982,0.003299999982,0.007499999832,linear_decay
1155,0.003299999982,0.003299999982,0.007499999832,linear_decay
1156,0.003299999982,0.003299999982,0.007499999832,linear_decay
1157,0.003299999982,0.003299999982,0.007499999832,linear_decay
1158,0.003299999982,0.003299999982,0.007499999832,linear_decay
1159,0.003299999982,0.003299999982,0.007499999832,linear_decay
1160,0.003299999982,0.003299999982,0.007499999832,linear_decay
1161,0.003299999982,0.003299999982,0.007499999832,linear_decay
1162,0.003299999982,0.003299999982,0.007499999832,linear_decay
1163,0.003299999982,0.003299999982,0.007499999832,linear_decay
1164,0.003299999982,0.003299999982,0.007499999832,linear_decay
1165,0.003299999982,0.003299999982,0.007499999832,linear_decay
1166,0.003299999982,0.003299999982,0.007499999832,linear_decay
1167,0.003299999982,0.003299999982,0.007499999832,linear_decay
1168,0.003299999982,0.003299999982,0.007499999832,linear_decay
1169,0.003299999982,0.003299999982,0.007499999832,linear_decay
1170,0.003299999982,0.003299999982,0.007499999832,linear_decay
1171,0.003299999982,0.003299999982,0.007499999832,linear_decay
1172,0.003299999982,0.003299999982,0.007499999832,linear_decay
1173,0.003299999982,0.003299999982,0.007499999832,linear_decay
1174,0.003299999982,0.003299999982,0.007499999832,linear_decay
1175,0.003299999982,0.003299999982,0.007499999832,linear_decay
1176,0.003299999982,0.003299999982,0.007499999832,linear_decay
1177,0.003299999982,0.003299999982,0.007499999832,linear_decay
1178,0.003299999982,0.003299999982,0.007499999832,linear_decay
1179,0.003299999982,0.003299999982,0.007499999832,linear_decay
1180,0.003299999982,0.003299999982,0.007499999832,linear_decay
1181,0.003299999982,0.003299999982,0.007499999832,linear_decay
1182,0.003299999982,0.003299999982,0.007499999832,linear_decay
1183,0.003299999982,0.003299999982,0.007499999832,linear_decay
1184,0.003299999982,0.003299999982,0.007499999832,linear_decay
1185,0.003299999982,0.003299999982,0.007499999832,linear_decay
1186,0.003299999982,0.003299999982,0.007499999832,linear_decay
1187,0.003299999982,0.003299999982,0.007499999832,linear_decay
1188,0.003299999982,0.003299999982,0.007499999832,linear_decay
1189,0.003299999982,0.003299999982,0.007499999832,linear_decay
1190,0.003299999982,0.003299999982,0.007499999832,linear_decay
1191,0.003299999982,0.003299999982,0.007499999832,linear_decay
1192,0.003299999982,0.003299999982,0.007499999832,linear_decay
1193,0.003299999982,0.003299999982,0.007499999832,linear_decay
1194,0.003299999982,0.003299999982,0.007499999832,linear_decay
1195,0.003299999982,0.003299999982,0.007499999832,linear_decay
1196,0.003299999982,0.003299999982,0.007499999832,linear_decay
1197,0.003299999982,0.003299999982,0.007499999832,linear_decay
1198,0.003299999982,0.003299999982,0.007499999832,linear_decay
1199,0.003299999982,0.003299999982,0.007499999832,linear_decay
1200,0.003299999982,0.003299999982,0.007499999832,linear_decay
1201,0.003299999982,0.003299999982,0.007499999832,linear_decay
1202,0.003299999982,0.003299999982,0.007499999832,linear_decay
1203,0.003299999982,0.003299999982,0.007499999832,linear_decay
1204,0.003299999982,0.003299999982,0.007499999832,linear_decay
1205,0.003299999982,0.003299999982,0.007499999832,linear_decay
1206,0.003299999982,0.003299999982,0.007499999832,linear_decay
1207,0.003299999982,0.003299999982,0.007499999832,linear_decay
1208,0.003299999982,0.003299999982,0.007499999832,linear_decay
1209,0.003299999982,0.003299999982,0.007499999832,linear_decay
1210,0.003299999982,0.003299999982,0.007499999832,linear_decay
1211,0.003299999982,0.003299999982,0.007499999832,linear_decay
1212,0.003299999982,0.003299999982,0.007499999832,linear_decay
1213,0.003299999982,0.003299999982,0.007499999832,linear_decay
1214,0.003299999982,0.003299999982,0.007499999832,linear_decay
1215,0.003299999982,0.003299999982,0.007499999832,linear_decay
1216,0.003299999982,0.003299999982,0.007499999832,linear_decay
1217,0.003299999982,0.003299999982,0.007499999832,linear_decay
1218,0.003299999982,0.003299999982,0.007499999832,linear_decay
1219,0.003299999982,0.003299999982,0.007499999832,linear_decay
1220,0.003299999982,0.003299999982,0.007499999832,linear_decay
1221,0.003299999982,0.003299999982,0.007499999832,linear_decay
1222,0.003299999982,0.003299999982,0.007499999832,linear_decay
1223,0.003299999982,0.003299999982,0.007499999832,linear_decay
1224,0.003299999982,0.003299999982,0.007499999832,linear_decay
1225,0.003299999982,0.003299999982,0.007499999832,linear_decay
1226,0.003299999982,0.003299999982,0.007499999832,linear_decay
1227,0.003299999982,0.003299999982,0.007499999832,linear_decay
1228,0.003299999982,0.003299999982,0.007499999832,linear_decay
1229,0.003299999982,0.003299999982,0.007499999832,linear_decay
1230,0.003299999982,0.003299999982,0.007499999832,linear_decay
1231,0.003299999982,0.003299999982,0.007499999832,linear_decay
1232,0.003299999982,0.003299999982,0.007499999832,linear_decay
1233,0.003299999982,0.003299999982,0.007499999832,linear_decay
1234,0.003299999982,0.003299999982,0.007499999832,linear_decay
1235,0.003299999982,0.003299999982,0.007499999832,linear_decay
1236,0.003299999982,0.003299999982,0.007499999832,linear_decay
1237,0.003299999982,0.003299999982,0.007499999832,linear_decay
1238,0.003299999982,0.003299999982,0.007499999832,linear_decay
1239,0.003299999982,0.003299999982,0.007499999832,linear_decay
1240,0.003299999982,0.003299999982,0.007499999832,linear_decay
1241,0.003299999982,0.003299999982,0.007499999832,linear_decay
1242,0.003299999982,0.003299999982,0.007499999832,linear_decay
1243,0.003299999982,0.003299999982,0.007499999832,linear_decay
1244,0.003299999982,0.003299999982,0.007499999832,linear_decay
1245,0.003299999982,0.003299999982,0.007499999832,linear_decay
1246,0.003299999982,0.003299999982,0.007499999832,linear_decay
1247,0.003299999982,0.003299999982,0.007499999832,linear_decay
1248,0.003299999982,0.003299999982,0.007499999832,linear_decay
1249,0.003299999982,0.003299999982,0.007499999832,linear_decay
1250,0.003299999982,0.003299999982,0.007499999832,linear_decay
1251,0.003299999982,0.003299999982,0.007499999832,linear_decay
1252,0.003299999982,0.003299999982,0.007499999832,linear_decay
1253,0.003299999982,0.003299999982,0.007499999832,linear_decay
1254,0.003299999982,0.003299999982,0.007499999832,linear_decay
1255,0.003299999982,0.003299999982,0.007499999832,linear_decay
1256,0.003299999982,0.003299999982,0.007499999832,linear_decay
1257,0.003299999982,0.003299999982,0.007499999832,linear_decay
1258,0.003299999982,0.003299999982,0.007499999832,linear_decay
1259,0.003299999982,0.003299999982,0.007499999832,linear_decay
1260,0.003299999982,0.003299999982,0.007499999832,linear_decay
1261,0.003299999982,0.003299999982,0.007499999832,linear_decay
1262,0.003299999982,0.003299999982,0.007499999832,linear_decay
1263,0.003299999982,0.003299999982,0.007499999832,linear_decay
1264,0.003299999982,0.003299999982,0.007499999832,linear_decay
1265,0.003299999982,0.003299999982,0.007499999832,linear_decay
1266,0.003299999982,0.003299999982,0.007499999832,linear_decay
1267,0.003299999982,0.003299999982,0.007499999832,linear_decay
1268,0.003299999982,0.003299999982,0.007499999832,linear_decay
1269,0.003299999982,0.003299999982,0.007499999832,linear_decay
1270,0.003299999982,0.003299999982,0.007499999832,linear_decay
1271,0.003299999982,0.003299999982,0.007499999832,linear_decay
1272,0.003299999982,0.003299999982,0.007499999832,linear_decay
1273,0.003299999982,0.003299999982,0.007499999832,linear_decay
1274,0.003299999982,0.003299999982,0.007499999832,linear_decay
1275,0.003299999982,0.003299999982,0.007499999832,linear_decay
1276,0.003299999982,0.003299999982,0.007499999832,linear_decay
1277,0.003299999982,0.003299999982,0.007499999832,linear_decay
1278,0.003299999982,0.003299999982,0.007499999832,linear_decay
1279,0.003299999982,0.003299999982,0.007499999832,linear_decay
1280,0.003299999982,0.003299999982,0.007499999832,linear_decay
1281,0.003299999982,0.003299999982,0.007499999832,linear_decay
1282,0.003299999982,0.003299999982,0.007499999832,linear_decay
1283,0.003299999982,0.003299999982,0.007499999832,linear_decay
1284,0.003299999982,0.003299999982,0.007499999832,linear_decay
1285,0.003299999982,0.003299999982,0.007499999832,linear_decay
1286,0.003299999982,0.003299999982,0.007499999832,linear_decay
1287,0.003299999982,0.003299999982,0.007499999832,linear_decay
1288,0.003299999982,0.003299999982,0.007499999832,linear_decay
1289,0.003299999982,0.003299999982,0.007499999832,linear_decay
1290,0.003299999982,0.003299999982,0.007499999832,linear_decay
1291,0.003299999982,0.003299999982,0.007499999832,linear_decay
1292,0.003299999982,0.003299999982,0.007499999832,linear_decay
1293,0.003299999982,0.003299999982,0.007499999832,linear_decay
1294,0.003299999982,0.003299999982,0.007499999832,linear_decay
1295,0.003299999982,0.003299999982,0.007499999832,linear_decay
1296,0.003299999982,0.003299999982,0.007499999832,linear_decay
1297,0.003299999982,0.003299999982,0.007499999832,linear_decay
1298,0.003299999982,0.003299999982,0.007499999832,linear_decay
1299,0.003299999982,0.003299999982,0.007499999832,linear_decay
1300,0.003299999982,0.003299999982,0.007499999832,linear_decay
1301,0.003299999982,0.003299999982,0.007499999832,linear_decay
1302,0.003299999982,0.003299999982,0.007499999832,linear_decay
1303,0.003299999982,0.003299999982,0.007499999832,linear_decay
1304,0.003299999982,0.003299999982,0.007499999832,linear_decay
1305,0.003299999982,0.003299999982,0.007499999832,linear_decay
1306,0.003299999982,0.003299999982,0.007499999832,linear_decay
1307,0.003299999982,0.003299999982,0.007499999832,linear_decay
1308,0.003299999982,0.003299999982,0.007499999832,linear_decay
1309,0.003299999982,0.003299999982,0.007499999832,linear_decay
1310,0.003299999982,0.003299999982,0.007499999832,linear_decay
1311,0.003299999982,0.003299999982,0.007499999832,linear_decay
1312,0.003299999982,0.003299999982,0.007499999832,linear_decay
1313,0.003299999982,0.003299999982,0.007499999832,linear_decay
1314,0.003299999982,0.003299999982,0.007499999832,linear_decay
1315,0.003299999982,0.003299999982,0.007499999832,linear_decay
1316,0.003299999982,0.003299999982,0.007499999832,linear_decay
1317,0.003299999982,0.003299999982,0.007499999832,linear_decay
1318,0.003299999982,0.003299999982,0.007499999832,linear_decay
1319,0.003299999982,0.003299999982,0.007499999832,linear_decay
1320,0.003299999982,0.003299999982,0.007499999832,linear_decay
1321,0.003299999982,0.003299999982,0.007499999832,linear_decay
1322,0.003299999982,0.003299999982,0.007499999832,linear_decay
1323,0.003299999982,0.003299999982,0.007499999832,linear_decay
1324,0.003299999982,0.003299999982,0.007499999832,linear_decay
1325,0.003299999982,0.003299999982,0.007499999832,linear_decay
1326,0.003299999982,0.003299999982,0.007499999832,linear_decay
1327,0.003299999982,0.003299999982,0.007499999832,linear_decay
1328,0.003299999982,0.003299999982,0.007499999832,linear_decay
1329,0.003299999982,0.003299999982,0.007499999832,linear_decay
1330,0.003299999982,0.003299999982,0.007499999832,linear_decay
1331,0.003299999982,0.003299999982,0.007499999832,linear_decay
1332,0.003299999982,0.003299999982,0.007499999832,linear_decay
1333,0.003299999982,0.003299999982,0.007499999832,linear_decay
1334,0.003299999982,0.003299999982,0.007499999832,linear_decay
1335,0.003299999982,0.003299999982,0.007499999832,linear_decay
1336,0.003299999982,0.003299999982,0.007499999832,linear_decay
1337,0.003299999982,0.003299999982,0.007499999832,linear_decay
1338,0.003299999982,0.003299999982,0.007499999832,linear_decay
1339,0.003299999982,0.003299999982,0.007499999832,linear_decay
1340,0.003299999982,0.003299999982,0.007499999832,linear_decay
1341,0.003299999982,0.003299999982,0.007499999832,linear_decay
1342,0.003299999982,0.003299999982,0.007499999832,linear_decay
1343,0.003299999982,0.003299999982,0.007499999832,linear_decay
1344,0.003299999982,0.003299999982,0.007499999832,linear_decay
1345,0.003299999982,0.003299999982,0.007499999832,linear_decay
1346,0.003299999982,0.003299999982,0.007499999832,linear_decay
1347,0.003299999982,0.003299999982,0.007499999832,linear_decay
1348,0.003299999982,0.003299999982,0.007499999832,linear_decay
1349,0.003299999982,0.003299999982,0.007499999832,linear_decay
1350,0.003299999982,0.003299999982,0.007499999832,linear_decay
1351,0.003299999982,0.003299999982,0.007499999832,linear_decay
1352,0.003299999982,0.003299999982,0.007499999832,linear_decay
1353,0.003299999982,0.003299999982,0.007499999832,linear_decay
1354,0.003299999982,0.003299999982,0.007499999832,linear_decay
1355,0.003299999982,0.003299999982,0.007499999832,linear_decay
1356,0.003299999982,0.003299999982,0.007499999832,linear_decay
1357,0.003299999982,0.003299999982,0.007499999832,linear_decay
1358,0.003299999982,0.003299999982,0.007499999832,linear_decay
1359,0.003299999982,0.003299999982,0.007499999832,linear_decay
1360,0.003299999982,0.003299999982,0.007499999832,linear_decay
1361,0.003299999982,0.003299999982,0.007499999832,linear_decay
1362,0.003299999982,0.003299999982,0.007499999832,linear_decay
1363,0.003299999982,0.003299999982,0.007499999832,linear_decay
1364,0.003299999982,0.003299999982,0.007499999832,linear_decay
1365,0.003299999982,0.003299999982,0.007499999832,linear_decay
1366,0.003299999982,0.003299999982,0.007499999832,linear_decay
1367,0.003299999982,0.003299999982,0.007499999832,linear_decay
1368,0.003299999982,0.003299999982,0.007499999832,linear_decay
1369,0.003299999982,0.003299999982,0.007499999832,linear_decay
1370,0.003299999982,0.003299999982,0.007499999832,linear_decay
1371,0.003299999982,0.003299999982,0.007499999832,linear_decay
1372,0.003299999982,0.003299999982,0.007499999832,linear_decay
1373,0.003299999982,0.003299999982,0.007499999832,linear_decay
1374,0.003299999982,0.003299999982,0.007499999832,linear_decay
1375,0.003299999982,0.003299999982,0.007499999832,linear_decay
1376,0.003299999982,0.003299999982,0.007499999832,linear_decay
1377,0.003299999982,0.003299999982,0.007499999832,linear_decay
1378,0.003299999982,0.003299999982,0.007499999832,linear_decay
1379,0.003299999982,0.003299999982,0.007499999832,linear_decay
1380,0.003299999982,0.003299999982,0.007499999832,linear_decay
1381,0.003299999982,0.003299999982,0.007499999832,linear_decay
1382,0.003299999982,0.003299999982,0.007499999832,linear_decay
1383,0.003299999982,0.003299999982,0.007499999832,linear_decay
1384,0.003299999982,0.003299999982,0.007499999832,linear_decay
1385,0.003299999982,0.003299999982,0.007499999832,linear_decay
1386,0.003299999982,0.003299999982,0.007499999832,linear_decay
1387,0.003299999982,0.003299999982,0.007499999832,linear_decay
1388,0.003299999982,0.003299999982,0.007499999832,linear_decay
1389,0.003299999982,0.003299999982,0.007499999832,linear_decay
1390,0.003299999982,0.003299999982,0.007499999832,linear_decay
1391,0.003299999982,0.003299999982,0.007499999832,linear_decay
1392,0.003299999982,0.003299999982,0.007499999832,linear_decay
1393,0.003299999982,0.003299999982,0.007499999832,linear_decay
1394,0.003299999982,0.003299999982,0.007499999832,linear_decay
1395,0.003299999982,0.003299999982,0.007499999832,linear_decay
1396,0.003299999982,0.003299999982,0.007499999832,linear_decay
1397,0.003299999982,0.003299999982,0.007499999832,linear_decay
1398,0.003299999982,0.003299999982,0.007499999832,linear_decay
1399,0.003299999982,0.003299999982,0.007499999832,linear_decay
1400,0.003299999982,0.003299999982,0.007499999832,linear_decay
1401,0.003299999982,0.003299999982,0.007499999832,linear_decay
1402,0.003299999982,0.003299999982,0.007499999832,linear_decay
1403,0.003299999982,0.003299999982,0.007499999832,linear_decay
1404,0.003299999982,0.003299999982,0.007499999832,linear_decay
1405,0.003299999982,0.003299999982,0.007499999832,linear_decay
1406,0.003299999982,0.003299999982,0.007499999832,linear_decay
1407,0.003299999982,0.003299999982,0.007499999832,linear_decay
1408,0.003299999982,0.003299999982,0.007499999832,linear_decay
1409,0.003299999982,0.003299999982,0.007499999832,linear_decay
1410,0.003299999982,0.003299999982,0.007499999832,linear_decay
1411,0.003299999982,0.003299999982,0.007499999832,linear_decay
1412,0.003299999982,0.003299999982,0.007499999832,linear_decay
1413,0.003299999982,0.003299999982,0.007499999832,linear_decay
1414,0.003299999982,0.003299999982,0.007499999832,linear_decay
1415,0.003299999982,0.003299999982,0.007499999832,linear_decay
1416,0.003299999982,0.003299999982,0.007499999832,linear_decay
1417,0.003299999982,0.003299999982,0.007499999832,linear_decay
1418,0.003299999982,0.003299999982,0.007499999832,linear_decay
1419,0.003299999982,0.003299999982,0.007499999832,linear_decay
1420,0.003299999982,0.003299999982,0.007499999832,linear_decay
1421,0.003299999982,0.003299999982,0.007499999832,linear_decay
1422,0.003299999982,0.003299999982,0.007499999832,linear_decay
1423,0.003299999982,0.003299999982,0.007499999832,linear_decay
1424,0.003299999982,0.003299999982,0.007499999832,linear_decay
1425,0.003299999982,0.003299999982,0.007499999832,linear_decay
1426,0.003299999982,0.003299999982,0.007499999832,linear_decay
1427,0.003299999982,0.003299999982,0.007499999832,linear_decay
1428,0.003299999982,0.003299999982,0.007499999832,linear_decay
1429,0.003299999982,0.003299999982,0.007499999832,linear_decay
1430,0.003299999982,0.003299999982,0.007499999832,linear_decay
1431,0.003299999982,0.003299999982,0.007499999832,linear_decay
1432,0.003299999982,0.003299999982,0.007499999832,linear_decay
1433,0.003299999982,0.003299999982,0.007499999832,linear_decay
1434,0.003299999982,0.003299999982,0.007499999832,linear_decay
1435,0.003299999982,0.003299999982,0.007499999832,linear_decay
1436,0.003299999982,0.003299999982,0.007499999832,linear_decay
1437,0.003299999982,0.003299999982,0.007499999832,linear_decay
1438,0.003299999982,0.003299999982,0.007499999832,linear_decay
1439,0.003299999982,0.003299999982,0.007499999832,linear_decay
1440,0.003299999982,0.003299999982,0.007499999832,linear_decay
1441,0.003299999982,0.003299999982,0.007499999832,linear_decay
1442,0.003299999982,0.003299999982,0.007499999832,linear_decay
1443,0.003299999982,0.003299999982,0.007499999832,linear_decay
1444,0.003299999982,0.003299999982,0.007499999832,linear_decay
1445,0.003299999982,0.003299999982,0.007499999832,linear_decay
1446,0.003299999982,0.003299999982,0.007499999832,linear_decay
1447,0.003299999982,0.003299999982,0.007499999832,linear_decay
1448,0.003299999982,0.003299999982,0.007499999832,linear_decay
1449,0.003299999982,0.003299999982,0.007499999832,linear_decay
1450,0.003299999982,0.003299999982,0.007499999832,linear_decay
1451,0.003299999982,0.003299999982,0.007499999832,linear_decay
1452,0.003299999982,0.003299999982,0.007499999832,linear_decay
1453,0.003299999982,0.003299999982,0.007499999832,linear_decay
1454,0.003299999982,0.003299999982,0.007499999832,linear_decay
1455,0.003299999982,0.003299999982,0.007499999832,linear_decay
1456,0.003299999982,0.003299999982,0.007499999832,linear_decay
1457,0.003299999982,0.003299999982,0.007499999832,linear_decay
1458,0.003299999982,0.003299999982,0.007499999832,linear_decay
1459,0.003299999982,0.003299999982,0.007499999832,linear_decay
1460,0.003299999982,0.003299999982,0.007499999832,linear_decay
1461,0.003299999982,0.003299999982,0.007499999832,linear_decay
1462,0.003299999982,0.003299999982,0.007499999832,linear_decay
1463,0.003299999982,0.003299999982,0.007499999832,linear_decay
1464,0.003299999982,0.003299999982,0.007499999832,linear_decay
1465,0.003299999982,0.003299999982,0.007499999832,linear_decay
1466,0.003299999982,0.003299999982,0.007499999832,linear_decay
1467,0.003299999982,0.003299999982,0.007499999832,linear_decay
1468,0.003299999982,0.003299999982,0.007499999832,linear_decay
1469,0.003299999982,0.003299999982,0.007499999832,linear_decay
1470,0.003299999982,0.003299999982,0.007499999832,linear_decay
1471,0.003299999982,0.003299999982,0.007499999832,linear_decay
1472,0.003299999982,0.003299999982,0.007499999832,linear_decay
1473,0.003299999982,0.003299999982,0.007499999832,linear_decay
1474,0.003299999982,0.003299999982,0.007499999832,linear_decay
1475,0.003299999982,0.003299999982,0.007499999832,linear_decay
1476,0.003299999982,0.003299999982,0.007499999832,linear_decay
1477,0.003299999982,0.003299999982,0.007499999832,linear_decay
1478,0.003299999982,0.003299999982,0.007499999832,linear_decay
1479,0.003299999982,0.003299999982,0.007499999832,linear_decay
1480,0.003299999982,0.003299999982,0.007499999832,linear_decay
1481,0.003299999982,0.003299999982,0.007499999832,linear_decay
1482,0.003299999982,0.003299999982,0.007499999832,linear_decay
1483,0.003299999982,0.003299999982,0.007499999832,linear_decay
1484,0.003299999982,0.003299999982,0.007499999832,linear_decay
1485,0.003299999982,0.003299999982,0.007499999832,linear_decay
1486,0.003299999982,0.003299999982,0.007499999832,linear_decay
1487,0.003299999982,0.003299999982,0.007499999832,linear_decay
1488,0.003299999982,0.003299999982,0.007499999832,linear_decay
1489,0.003299999982,0.003299999982,0.007499999832,linear_decay
1490,0.003299999982,0.003299999982,0.007499999832,linear_decay
1491,0.003299999982,0.003299999982,0.007499999832,linear_decay
1492,0.003299999982,0.003299999982,0.007499999832,linear_decay
1493,0.003299999982,0.003299999982,0.007499999832,linear_decay
1494,0.003299999982,0.003299999982,0.007499999832,linear_decay
1495,0.003299999982,0.003299999982,0.007499999832,linear_decay
1496,0.003299999982,0.003299999982,0.007499999832,linear_decay
1497,0.003299999982,0.003299999982,0.007499999832,linear_decay
1498,0.003299999982,0.003299999982,0.007499999832,linear_decay
1499,0.003299999982,0.003299999982,0.007499999832,linear_decay
1500,0.003299999982,0.003299999982,0.007499999832,linear_decay
1501,0.003299999982,0.003299999982,0.007499999832,linear_decay
1502,0.003299999982,0.003299999982,0.007499999832,linear_decay
1503,0.003299999982,0.003299999982,0.007499999832,linear_decay
1504,0.003299999982,0.003299999982,0.007499999832,linear_decay
1505,0.003299999982,0.003299999982,0.007499999832,linear_decay
1506,0.003299999982,0.003299999982,0.007499999832,linear_decay
1507,0.003299999982,0.003299999982,0.007499999832,linear_decay
1508,0.003299999982,0.003299999982,0.007499999832,linear_decay
1509,0.003299999982,0.003299999982,0.007499999832,linear_decay
1510,0.003299999982,0.003299999982,0.007499999832,linear_decay
1511,0.003299999982,0.003299999982,0.007499999832,linear_decay
1512,0.003299999982,0.003299999982,0.007499999832,linear_decay
1513,0.003299999982,0.003299999982,0.007499999832,linear_decay
1514,0.003299999982,0.003299999982,0.007499999832,linear_decay
1515,0.003299999982,0.003299999982,0.007499999832,linear_decay
1516,0.003299999982,0.003299999982,0.007499999832,linear_decay
1517,0.003299999982,0.003299999982,0.007499999832,linear_decay
1518,0.003299999982,0.003299999982,0.007499999832,linear_decay
1519,0.003299999982,0.003299999982,0.007499999832,linear_decay
1520,0.003299999982,0.003299999982,0.007499999832,linear_decay
1521,0.003299999982,0.003299999982,0.007499999832,linear_decay
1522,0.003299999982,0.003299999982,0.007499999832,linear_decay
1523,0.003299999982,0.003299999982,0.007499999832,linear_decay
1524,0.003299999982,0.003299999982,0.007499999832,linear_decay
1525,0.003299999982,0.003299999982,0.007499999832,linear_decay
1526,0.003299999982,0.003299999982,0.007499999832,linear_decay
1527,0.003299999982,0.003299999982,0.007499999832,linear_decay
1528,0.003299999982,0.003299999982,0.007499999832,linear_decay
1529,0.003299999982,0.003299999982,0.007499999832,linear_decay
1530,0.003299999982,0.003299999982,0.007499999832,linear_decay
1531,0.003299999982,0.003299999982,0.007499999832,linear_decay
1532,0.003299999982,0.003299999982,0.007499999832,linear_decay
1533,0.003299999982,0.003299999982,0.007499999832,linear_decay
1534,0.003299999982,0.003299999982,0.007499999832,linear_decay
1535,0.003299999982,0.003299999982,0.007499999832,linear_decay
1536,0.003299999982,0.003299999982,0.007499999832,linear_decay
1537,0.003299999982,0.003299999982,0.007499999832,linear_decay
1538,0.003299999982,0.003299999982,0.007499999832,linear_decay
1539,0.003299999982,0.003299999982,0.007499999832,linear_decay
1540,0.003299999982,0.003299999982,0.007499999832,linear_decay
1541,0.003299999982,0.003299999982,0.007499999832,linear_decay
1542,0.003299999982,0.003299999982,0.007499999832,linear_decay
1543,0.003299999982,0.003299999982,0.007499999832,linear_decay
1544,0.003299999982,0.003299999982,0.007499999832,linear_decay
1545,0.003299999982,0.003299999982,0.007499999832,linear_decay
1546,0.003299999982,0.003299999982,0.007499999832,linear_decay
1547,0.003299999982,0.003299999982,0.007499999832,linear_decay
1548,0.003299999982,0.003299999982,0.007499999832,linear_decay
1549,0.003299999982,0.003299999982,0.007499999832,linear_decay
1550,0.003299999982,0.003299999982,0.007499999832,linear_decay
1551,0.003299999982,0.003299999982,0.007499999832,linear_decay
1552,0.003299999982,0.003299999982,0.007499999832,linear_decay
1553,0.003299999982,0.003299999982,0.007499999832,linear_decay
1554,0.003299999982,0.003299999982,0.007499999832,linear_decay
1555,0.003299999982,0.003299999982,0.007499999832,linear_decay
1556,0.003299999982,0.003299999982,0.007499999832,linear_decay
1557,0.003299999982,0.003299999982,0.007499999832,linear_decay
1558,0.003299999982,0.003299999982,0.007499999832,linear_decay
1559,0.003299999982,0.003299999982,0.007499999832,linear_decay
1560,0.003299999982,0.003299999982,0.007499999832,linear_decay
1561,0.003299999982,0.003299999982,0.007499999832,linear_decay
1562,0.003299999982,0.003299999982,0.007499999832,linear_decay
1563,0.003299999982,0.003299999982,0.007499999832,linear_decay
1564,0.003299999982,0.003299999982,0.007499999832,linear_decay
1565,0.003299999982,0.003299999982,0.007499999832,linear_decay
1566,0.003299999982,0.003299999982,0.007499999832,linear_decay
1567,0.003299999982,0.003299999982,0.007499999832,linear_decay
1568,0.003299999982,0.003299999982,0.007499999832,linear_decay
1569,0.003299999982,0.003299999982,0.007499999832,linear_decay
1570,0.003299999982,0.003299999982,0.007499999832,linear_decay
1571,0.003299999982,0.003299999982,0.007499999832,linear_decay
1572,0.003299999982,0.003299999982,0.007499999832,linear_decay
1573,0.003299999982,0.003299999982,0.007499999832,linear_decay
1574,0.003299999982,0.003299999982,0.007499999832,linear_decay
1575,0.003299999982,0.003299999982,0.007499999832,linear_decay
1576,0.003299999982,0.003299999982,0.007499999832,linear_decay
1577,0.003299999982,0.003299999982,0.007499999832,linear_decay
1578,0.003299999982,0.003299999982,0.007499999832,linear_decay
1579,0.003299999982,0.003299999982,0.007499999832,linear_decay
1580,0.003299999982,0.003299999982,0.007499999832,linear_decay
1581,0.003299999982,0.003299999982,0.007499999832,linear_decay
1582,0.003299999982,0.003299999982,0.007499999832,linear_decay
1583,0.003299999982,0.003299999982,0.007499999832,linear_decay
1584,0.003299999982,0.003299999982,0.007499999832,linear_decay
1585,0.003299999982,0.003299999982,0.007499999832,linear_decay
1586,0.003299999982,0.003299999982,0.007499999832,linear_decay
1587,0.003299999982,0.003299999982,0.007499999832,linear_decay
1588,0.003299999982,0.003299999982,0.007499999832,linear_decay
1589,0.003299999982,0.003299999982,0.007499999832,linear_decay
1590,0.003299999982,0.003299999982,0.007499999832,linear_decay
1591,0.003299999982,0.003299999982,0.007499999832,linear_decay
1592,0.003299999982,0.003299999982,0.007499999832,linear_decay
1593,0.003299999982,0.003299999982,0.007499999832,linear_decay
1594,0.003299999982,0.003299999982,0.007499999832,linear_decay
1595,0.003299999982,0.003299999982,0.007499999832,linear_decay
1596,0.003299999982,0.003299999982,0.007499999832,linear_decay
1597,0.003299999982,0.003299999982,0.007499999832,linear_decay
1598,0.003299999982,0.003299999982,0.007499999832,linear_decay
1599,0.003299999982,0.003299999982,0.007499999832,linear_decay
1600,0.003299999982,0.003299999982,0.007499999832,linear_decay
1601,0.003299999982,0.003299999982,0.007499999832,linear_decay
1602,0.003299999982,0.003299999982,0.007499999832,linear_decay
1603,0.003299999982,0.003299999982,0.007499999832,linear_decay
1604,0.003299999982,0.003299999982,0.007499999832,linear_decay
1605,0.003299999982,0.003299999982,0.007499999832,linear_decay
1606,0.003299999982,0.003299999982,0.007499999832,linear_decay
1607,0.003299999982,0.003299999982,0.007499999832,linear_decay
1608,0.003299999982,0.003299999982,0.007499999832,linear_decay
1609,0.003299999982,0.003299999982,0.007499999832,linear_decay
1610,0.003299999982,0.003299999982,0.007499999832,linear_decay
1611,0.003299999982,0.003299999982,0.007499999832,linear_decay
1612,0.003299999982,0.003299999982,0.007499999832,linear_decay
1613,0.003299999982,0.003299999982,0.007499999832,linear_decay
1614,0.003299999982,0.003299999982,0.007499999832,linear_decay
1615,0.003299999982,0.003299999982,0.007499999832,linear_decay
1616,0.003299999982,0.003299999982,0.007499999832,linear_decay
1617,0.003299999982,0.003299999982,0.007499999832,linear_decay
1618,0.003299999982,0.003299999982,0.007499999832,linear_decay
1619,0.003299999982,0.003299999982,0.007499999832,linear_decay
1620,0.003299999982,0.003299999982,0.007499999832,linear_decay
1621,0.003299999982,0.003299999982,0.007499999832,linear_decay
1622,0.003299999982,0.003299999982,0.007499999832,linear_decay
1623,0.003299999982,0.003299999982,0.007499999832,linear_decay
1624,0.003299999982,0.003299999982,0.007499999832,linear_decay
1625,0.003299999982,0.003299999982,0.007499999832,linear_decay
1626,0.003299999982,0.003299999982,0.007499999832,linear_decay
1627,0.003299999982,0.003299999982,0.007499999832,linear_decay
1628,0.003299999982,0.003299999982,0.007499999832,linear_decay
1629,0.003299999982,0.003299999982,0.007499999832,linear_decay
1630,0.003299999982,0.003299999982,0.007499999832,linear_decay
1631,0.003299999982,0.003299999982,0.007499999832,linear_decay
1632,0.003299999982,0.003299999982,0.007499999832,linear_decay
1633,0.003299999982,0.003299999982,0.007499999832,linear_decay
1634,0.003299999982,0.003299999982,0.007499999832,linear_decay
1635,0.003299999982,0.003299999982,0.007499999832,linear_decay
1636,0.003299999982,0.003299999982,0.007499999832,linear_decay
1637,0.003299999982,0.003299999982,0.007499999832,linear_decay
1638,0.003299999982,0.003299999982,0.007499999832,linear_decay
1639,0.003299999982,0.003299999982,0.007499999832,linear_decay
1640,0.003299999982,0.003299999982,0.007499999832,linear_decay
1641,0.003299999982,0.003299999982,0.007499999832,linear_decay
1642,0.003299999982,0.003299999982,0.007499999832,linear_decay
1643,0.003299999982,0.003299999982,0.007499999832,linear_decay
1644,0.003299999982,0.003299999982,0.007499999832,linear_decay
1645,0.003299999982,0.003299999982,0.007499999832,linear_decay
1646,0.003299999982,0.003299999982,0.007499999832,linear_decay
1647,0.003299999982,0.003299999982,0.007499999832,linear_decay
1648,0.003299999982,0.003299999982,0.007499999832,linear_decay
1649,0.003299999982,0.003299999982,0.007499999832,linear_decay
1650,0.003299999982,0.003299999982,0.007499999832,linear_decay
1651,0.003299999982,0.003299999982,0.007499999832,linear_decay
1652,0.003299999982,0.003299999982,0.007499999832,linear_decay
1653,0.003299999982,0.003299999982,0.007499999832,linear_decay
1654,0.003299999982,0.003299999982,0.007499999832,linear_decay
1655,0.003299999982,0.003299999982,0.007499999832,linear_decay
1656,0.003299999982,0.003299999982,0.007499999832,linear_decay
1657,0.003299999982,0.003299999982,0.007499999832,linear_decay
1658,0.003299999982,0.003299999982,0.007499999832,linear_decay
1659,0.003299999982,0.003299999982,0.007499999832,linear_decay
1660,0.003299999982,0.003299999982,0.007499999832,linear_decay
1661,0.003299999982,0.003299999982,0.007499999832,linear_decay
1662,0.003299999982,0.003299999982,0.007499999832,linear_decay
1663,0.003299999982,0.003299999982,0.007499999832,linear_decay
1664,0.003299999982,0.003299999982,0.007499999832,linear_decay
1665,0.003299999982,0.003299999982,0.007499999832,linear_decay
1666,0.003299999982,0.003299999982,0.007499999832,linear_decay
1667,0.003299999982,0.003299999982,0.007499999832,linear_decay
1668,0.003299999982,0.003299999982,0.007499999832,linear_decay
1669,0.003299999982,0.003299999982,0.007499999832,linear_decay
1670,0.003299999982,0.003299999982,0.007499999832,linear_decay
1671,0.003299999982,0.003299999982,0.007499999832,linear_decay
1672,0.003299999982,0.003299999982,0.007499999832,linear_decay
1673,0.003299999982,0.003299999982,0.007499999832,linear_decay
1674,0.003299999982,0.003299999982,0.007499999832,linear_decay
1675,0.003299999982,0.003299999982,0.007499999832,linear_decay
1676,0.003299999982,0.003299999982,0.007499999832,linear_decay
1677,0.003299999982,0.003299999982,0.007499999832,linear_decay
1678,0.003299999982,0.003299999982,0.007499999832,linear_decay
1679,0.003299999982,0.003299999982,0.007499999832,linear_decay
1680,0.003299999982,0.003299999982,0.007499999832,linear_decay
1681,0.003299999982,0.003299999982,0.007499999832,linear_decay
1682,0.003299999982,0.003299999982,0.007499999832,linear_decay
1683,0.003299999982,0.003299999982,0.007499999832,linear_decay
1684,0.003299999982,0.003299999982,0.007499999832,linear_decay
1685,0.003299999982,0.003299999982,0.007499999832,linear_decay
1686,0.003299999982,0.003299999982,0.007499999832,linear_decay
1687,0.003299999982,0.003299999982,0.007499999832,linear_decay
1688,0.003299999982,0.003299999982,0.007499999832,linear_decay
1689,0.003299999982,0.003299999982,0.007499999832,linear_decay
1690,0.003299999982,0.003299999982,0.007499999832,linear_decay
1691,0.003299999982,0.003299999982,0.007499999832,linear_decay
1692,0.003299999982,0.003299999982,0.007499999832,linear_decay
1693,0.003299999982,0.003299999982,0.007499999832,linear_decay
1694,0.003299999982,0.003299999982,0.007499999832,linear_decay
1695,0.003299999982,0.003299999982,0.007499999832,linear_decay
1696,0.003299999982,0.003299999982,0.007499999832,linear_decay
1697,0.003299999982,0.003299999982,0.007499999832,linear_decay
1698,0.003299999982,0.003299999982,0.007499999832,linear_decay
1699,0.003299999982,0.003299999982,0.007499999832,linear_decay
1700,0.003299999982,0.003299999982,0.007499999832,linear_decay
1701,0.003299999982,0.003299999982,0.007499999832,linear_decay
1702,0.003299999982,0.003299999982,0.007499999832,linear_decay
1703,0.003299999982,0.003299999982,0.007499999832,linear_decay
1704,0.003299999982,0.003299999982,0.007499999832,linear_decay
1705,0.003299999982,0.003299999982,0.007499999832,linear_decay
1706,0.003299999982,0.003299999982,0.007499999832,linear_decay
1707,0.003299999982,0.003299999982,0.007499999832,linear_decay
1708,0.003299999982,0.003299999982,0.007499999832,linear_decay
1709,0.003299999982,0.003299999982,0.007499999832,linear_decay
1710,0.003299999982,0.003299999982,0.007499999832,linear_decay
1711,0.003299999982,0.003299999982,0.007499999832,linear_decay
1712,0.003299999982,0.003299999982,0.007499999832,linear_decay
1713,0.003299999982,0.003299999982,0.007499999832,linear_decay
1714,0.003299999982,0.003299999982,0.007499999832,linear_decay
1715,0.003299999982,0.003299999982,0.007499999832,linear_decay
1716,0.003299999982,0.003299999982,0.007499999832,linear_decay
1717,0.003299999982,0.003299999982,0.007499999832,linear_decay
1718,0.003299999982,0.003299999982,0.007499999832,linear_decay
1719,0.003299999982,0.003299999982,0.007499999832,linear_decay
1720,0.003299999982,0.003299999982,0.007499999832,linear_decay
1721,0.003299999982,0.003299999982,0.007499999832,linear_decay
1722,0.003299999982,0.003299999982,0.007499999832,linear_decay
1723,0.003299999982,0.003299999982,0.007499999832,linear_decay
1724,0.003299999982,0.003299999982,0.007499999832,linear_decay
1725,0.003299999982,0.003299999982,0.007499999832,linear_decay
1726,0.003299999982,0.003299999982,0.007499999832,linear_decay
1727,0.003299999982,0.003299999982,0.007499999832,linear_decay
1728,0.003299999982,0.003299999982,0.007499999832,linear_decay
1729,0.003299999982,0.003299999982,0.007499999832,linear_decay
1730,0.003299999982,0.003299999982,0.007499999832,linear_decay
1731,0.003299999982,0.003299999982,0.007499999832,linear_decay
1732,0.003299999982,0.003299999982,0.007499999832,linear_decay
1733,0.003299999982,0.003299999982,0.007499999832,linear_decay
1734,0.003299999982,0.003299999982,0.007499999832,linear_decay
1735,0.003299999982,0.003299999982,0.007499999832,linear_decay
1736,0.003299999982,0.003299999982,0.007499999832,linear_decay
1737,0.003299999982,0.003299999982,0.007499999832,linear_decay
1738,0.003299999982,0.003299999982,0.007499999832,linear_decay
1739,0.003299999982,0.003299999982,0.007499999832,linear_decay
1740,0.003299999982,0.003299999982,0.007499999832,linear_decay
1741,0.003299999982,0.003299999982,0.007499999832,linear_decay
1742,0.003299999982,0.003299999982,0.007499999832,linear_decay
1743,0.003299999982,0.003299999982,0.007499999832,linear_decay
1744,0.003299999982,0.003299999982,0.007499999832,linear_decay
1745,0.003299999982,0.003299999982,0.007499999832,linear_decay
1746,0.003299999982,0.003299999982,0.007499999832,linear_decay
1747,0.003299999982,0.003299999982,0.007499999832,linear_decay
1748,0.003299999982,0.003299999982,0.007499999832,linear_decay
1749,0.003299999982,0.003299999982,0.007499999832,linear_decay
1750,0.003299999982,0.003299999982,0.007499999832,linear_decay
1751,0.003299999982,0.003299999982,0.007499999832,linear_decay
1752,0.003299999982,0.003299999982,0.007499999832,linear_decay
1753,0.003299999982,0.003299999982,0.007499999832,linear_decay
1754,0.003299999982,0.003299999982,0.007499999832,linear_decay
1755,0.003299999982,0.003299999982,0.007499999832,linear_decay
1756,0.003299999982,0.003299999982,0.007499999832,linear_decay
1757,0.003299999982,0.003299999982,0.007499999832,linear_decay
1758,0.003299999982,0.003299999982,0.007499999832,linear_decay
1759,0.003299999982,0.003299999982,0.007499999832,linear_decay
1760,0.003299999982,0.003299999982,0.007499999832,linear_decay
1761,0.003299999982,0.003299999982,0.007499999832,linear_decay
1762,0.003299999982,0.003299999982,0.007499999832,linear_decay
1763,0.003299999982,0.003299999982,0.007499999832,linear_decay
1764,0.003299999982,0.003299999982,0.007499999832,linear_decay
1765,0.003299999982,0.003299999982,0.007499999832,linear_decay
1766,0.003299999982,0.003299999982,0.007499999832,linear_decay
1767,0.003299999982,0.003299999982,0.007499999832,linear_decay
1768,0.003299999982,0.003299999982,0.007499999832,linear_decay
1769,0.003299999982,0.003299999982,0.007499999832,linear_decay
1770,0.003299999982,0.003299999982,0.007499999832,linear_decay
1771,0.003299999982,0.003299999982,0.007499999832,linear_decay
1772,0.003299999982,0.003299999982,0.007499999832,linear_decay
1773,0.003299999982,0.003299999982,0.007499999832,linear_decay
1774,0.003299999982,0.003299999982,0.007499999832,linear_decay
1775,0.003299999982,0.003299999982,0.007499999832,linear_decay
1776,0.003299999982,0.003299999982,0.007499999832,linear_decay
1777,0.003299999982,0.003299999982,0.007499999832,linear_decay
1778,0.003299999982,0.003299999982,0.007499999832,linear_decay
1779,0.003299999982,0.003299999982,0.007499999832,linear_decay
1780,0.003299999982,0.003299999982,0.007499999832,linear_decay
1781,0.003299999982,0.003299999982,0.007499999832,linear_decay
1782,0.003299999982,0.003299999982,0.007499999832,linear_decay
1783,0.003299999982,0.003299999982,0.007499999832,linear_decay
1784,0.003299999982,0.003299999982,0.007499999832,linear_decay
1785,0.003299999982,0.003299999982,0.007499999832,linear_decay
1786,0.003299999982,0.003299999982,0.007499999832,linear_decay
1787,0.003299999982,0.003299999982,0.007499999832,linear_decay
1788,0.003299999982,0.003299999982,0.007499999832,linear_decay
1789,0.003299999982,0.003299999982,0.007499999832,linear_decay
1790,0.003299999982,0.003299999982,0.007499999832,linear_decay
1791,0.003299999982,0.003299999982,0.007499999832,linear_decay
1792,0.003299999982,0.003299999982,0.007499999832,linear_decay
1793,0.003299999982,0.003299999982,0.007499999832,linear_decay
1794,0.003299999982,0.003299999982,0.007499999832,linear_decay
1795,0.003299999982,0.003299999982,0.007499999832,linear_decay
1796,0.003299999982,0.003299999982,0.007499999832,linear_decay
1797,0.003299999982,0.003299999982,0.007499999832,linear_decay
1798,0.003299999982,0.003299999982,0.007499999832,linear_decay
1799,0.003299999982,0.003299999982,0.007499999832,linear_decay
1800,0.003299999982,0.003299999982,0.007499999832,linear_decay
1801,0.003299999982,0.003299999982,0.007499999832,linear_decay
1802,0.003299999982,0.003299999982,0.007499999832,linear_decay
1803,0.003299999982,0.003299999982,0.007499999832,linear_decay
1804,0.003299999982,0.003299999982,0.007499999832,linear_decay
1805,0.003299999982,0.003299999982,0.007499999832,linear_decay
1806,0.003299999982,0.003299999982,0.007499999832,linear_decay
1807,0.003299999982,0.003299999982,0.007499999832,linear_decay
1808,0.003299999982,0.003299999982,0.007499999832,linear_decay
1809,0.003299999982,0.003299999982,0.007499999832,linear_decay
1810,0.003299999982,0.003299999982,0.007499999832,linear_decay
1811,0.003299999982,0.003299999982,0.007499999832,linear_decay
1812,0.003299999982,0.003299999982,0.007499999832,linear_decay
1813,0.003299999982,0.003299999982,0.007499999832,linear_decay
1814,0.003299999982,0.003299999982,0.007499999832,linear_decay
1815,0.003299999982,0.003299999982,0.007499999832,linear_decay
1816,0.003299999982,0.003299999982,0.007499999832,linear_decay
1817,0.003299999982,0.003299999982,0.007499999832,linear_decay
1818,0.003299999982,0.003299999982,0.007499999832,linear_decay
1819,0.003299999982,0.003299999982,0.007499999832,linear_decay
1820,0.003299999982,0.003299999982,0.007499999832,linear_decay
1821,0.003299999982,0.003299999982,0.007499999832,linear_decay
1822,0.003299999982,0.003299999982,0.007499999832,linear_decay
1823,0.003299999982,0.003299999982,0.007499999832,linear_decay
1824,0.003299999982,0.003299999982,0.007499999832,linear_decay
1825,0.003299999982,0.003299999982,0.007499999832,linear_decay
1826,0.003299999982,0.003299999982,0.007499999832,linear_decay
1827,0.003299999982,0.003299999982,0.007499999832,linear_decay
1828,0.003299999982,0.003299999982,0.007499999832,linear_decay
1829,0.003299999982,0.003299999982,0.007499999832,linear_decay
1830,0.003299999982,0.003299999982,0.007499999832,linear_decay
1831,0.003299999982,0.003299999982,0.007499999832,linear_decay
1832,0.003299999982,0.003299999982,0.007499999832,linear_decay
1833,0.003299999982,0.003299999982,0.007499999832,linear_decay
1834,0.003299999982,0.003299999982,0.007499999832,linear_decay
1835,0.003299999982,0.003299999982,0.007499999832,linear_decay
1836,0.003299999982,0.003299999982,0.007499999832,linear_decay
1837,0.003299999982,0.003299999982,0.007499999832,linear_decay
1838,0.003299999982,0.003299999982,0.007499999832,linear_decay
1839,0.003299999982,0.003299999982,0.007499999832,linear_decay
1840,0.003299999982,0.003299999982,0.007499999832,linear_decay
1841,0.003299999982,0.003299999982,0.007499999832,linear_decay
1842,0.003299999982,0.003299999982,0.007499999832,linear_decay
1843,0.003299999982,0.003299999982,0.007499999832,linear_decay
1844,0.003299999982,0.003299999982,0.007499999832,linear_decay
1845,0.003299999982,0.003299999982,0.007499999832,linear_decay
1846,0.003299999982,0.003299999982,0.007499999832,linear_decay
1847,0.003299999982,0.003299999982,0.007499999832,linear_decay
1848,0.003299999982,0.003299999982,0.007499999832,linear_decay
1849,0.003299999982,0.003299999982,0.007499999832,linear_decay
1850,0.003299999982,0.003299999982,0.007499999832,linear_decay
1851,0.003299999982,0.003299999982,0.007499999832,linear_decay
1852,0.003299999982,0.003299999982,0.007499999832,linear_decay
1853,0.003299999982,0.003299999982,0.007499999832,linear_decay
1854,0.003299999982,0.003299999982,0.007499999832,linear_decay
1855,0.003299999982,0.003299999982,0.007499999832,linear_decay
1856,0.003299999982,0.003299999982,0.007499999832,linear_decay
1857,0.003299999982,0.003299999982,0.007499999832,linear_decay
1858,0.003299999982,0.003299999982,0.007499999832,linear_decay
1859,0.003299999982,0.003299999982,0.007499999832,linear_decay
1860,0.003299999982,0.003299999982,0.007499999832,linear_decay
1861,0.003299999982,0.003299999982,0.007499999832,linear_decay
1862,0.003299999982,0.003299999982,0.007499999832,linear_decay
1863,0.003299999982,0.003299999982,0.007499999832,linear_decay
1864,0.003299999982,0.003299999982,0.007499999832,linear_decay
1865,0.003299999982,0.003299999982,0.007499999832,linear_decay
1866,0.003299999982,0.003299999982,0.007499999832,linear_decay
1867,0.003299999982,0.003299999982,0.007499999832,linear_decay
1868,0.003299999982,0.003299999982,0.007499999832,linear_decay
1869,0.003299999982,0.003299999982,0.007499999832,linear_decay
1870,0.003299999982,0.003299999982,0.007499999832,linear_decay
1871,0.003299999982,0.003299999982,0.007499999832,linear_decay
1872,0.003299999982,0.003299999982,0.007499999832,linear_decay
1873,0.003299999982,0.003299999982,0.007499999832,linear_decay
1874,0.003299999982,0.003299999982,0.007499999832,linear_decay
1875,0.003299999982,0.003299999982,0.007499999832,linear_decay
1876,0.003299999982,0.003299999982,0.007499999832,linear_decay
1877,0.003299999982,0.003299999982,0.007499999832,linear_decay
1878,0.003299999982,0.003299999982,0.007499999832,linear_decay
1879,0.003299999982,0.003299999982,0.007499999832,linear_decay
1880,0.003299999982,0.003299999982,0.007499999832,linear_decay
1881,0.003299999982,0.003299999982,0.007499999832,linear_decay
1882,0.003299999982,0.003299999982,0.007499999832,linear_decay
1883,0.003299999982,0.003299999982,0.007499999832,linear_decay
1884,0.003299999982,0.003299999982,0.007499999832,linear_decay
1885,0.003299999982,0.003299999982,0.007499999832,linear_decay
1886,0.003299999982,0.003299999982,0.007499999832,linear_decay
1887,0.003299999982,0.003299999982,0.007499999832,linear_decay
1888,0.003299999982,0.003299999982,0.007499999832,linear_decay
1889,0.003299999982,0.003299999982,0.007499999832,linear_decay
1890,0.003299999982,0.003299999982,0.007499999832,linear_decay
1891,0.003299999982,0.003299999982,0.007499999832,linear_decay
1892,0.003299999982,0.003299999982,0.007499999832,linear_decay
1893,0.003299999982,0.003299999982,0.007499999832,linear_decay
1894,0.003299999982,0.003299999982,0.007499999832,linear_decay
1895,0.003299999982,0.003299999982,0.007499999832,linear_decay
1896,0.003299999982,0.003299999982,0.007499999832,linear_decay
1897,0.003299999982,0.003299999982,0.007499999832,linear_decay
1898,0.003299999982,0.003299999982,0.007499999832,linear_decay
1899,0.003299999982,0.003299999982,0.007499999832,linear_decay
1900,0.003299999982,0.003299999982,0.007499999832,linear_decay
1901,0.003299999982,0.003299999982,0.007499999832,linear_decay
1902,0.003299999982,0.003299999982,0.007499999832,linear_decay
1903,0.003299999982,0.003299999982,0.007499999832,linear_decay
1904,0.003299999982,0.003299999982,0.007499999832,linear_decay
1905,0.003299999982,0.003299999982,0.007499999832,linear_decay
1906,0.003299999982,0.003299999982,0.007499999832,linear_decay
1907,0.003299999982,0.003299999982,0.007499999832,linear_decay
1908,0.003299999982,0.003299999982,0.007499999832,linear_decay
1909,0.003299999982,0.003299999982,0.007499999832,linear_decay
1910,0.003299999982,0.003299999982,0.007499999832,linear_decay
1911,0.003299999982,0.003299999982,0.007499999832,linear_decay
1912,0.003299999982,0.003299999982,0.007499999832,linear_decay
1913,0.003299999982,0.003299999982,0.007499999832,linear_decay
1914,0.003299999982,0.003299999982,0.007499999832,linear_decay
1915,0.003299999982,0.003299999982,0.007499999832,linear_decay
1916,0.003299999982,0.003299999982,0.007499999832,linear_decay
1917,0.003299999982,0.003299999982,0.007499999832,linear_decay
1918,0.003299999982,0.003299999982,0.007499999832,linear_decay
1919,0.003299999982,0.003299999982,0.007499999832,linear_decay
1920,0.003299999982,0.003299999982,0.007499999832,linear_decay
1921,0.003299999982,0.003299999982,0.007499999832,linear_decay
1922,0.003299999982,0.003299999982,0.007499999832,linear_decay
1923,0.003299999982,0.003299999982,0.007499999832,linear_decay
1924,0.003299999982,0.003299999982,0.007499999832,linear_decay
1925,0.003299999982,0.003299999982,0.007499999832,linear_decay
1926,0.003299999982,0.003299999982,0.007499999832,linear_decay
1927,0.003299999982,0.003299999982,0.007499999832,linear_decay
1928,0.003299999982,0.003299999982,0.007499999832,linear_decay
1929,0.003299999982,0.003299999982,0.007499999832,linear_decay
1930,0.003299999982,0.003299999982,0.007499999832,linear_decay
1931,0.003299999982,0.003299999982,0.007499999832,linear_decay
1932,0.003299999982,0.003299999982,0.007499999832,linear_decay
1933,0.003299999982,0.003299999982,0.007499999832,linear_decay
1934,0.003299999982,0.003299999982,0.007499999832,linear_decay
1935,0.003299999982,0.003299999982,0.007499999832,linear_decay
1936,0.003299999982,0.003299999982,0.007499999832,linear_decay
1937,0.003299999982,0.003299999982,0.007499999832,linear_decay
1938,0.003299999982,0.003299999982,0.007499999832,linear_decay
1939,0.003299999982,0.003299999982,0.007499999832,linear_decay
1940,0.003299999982,0.003299999982,0.007499999832,linear_decay
1941,0.003299999982,0.003299999982,0.007499999832,linear_decay
1942,0.003299999982,0.003299999982,0.007499999832,linear_decay
1943,0.003299999982,0.003299999982,0.007499999832,linear_decay
1944,0.003299999982,0.003299999982,0.007499999832,linear_decay
1945,0.003299999982,0.003299999982,0.007499999832,linear_decay
1946,0.003299999982,0.003299999982,0.007499999832,linear_decay
1947,0.003299999982,0.003299999982,0.007499999832,linear_decay
1948,0.003299999982,0.003299999982,0.007499999832,linear_decay
1949,0.003299999982,0.003299999982,0.007499999832,linear_decay
1950,0.003299999982,0.003299999982,0.007499999832,linear_decay
1951,0.003299999982,0.003299999982,0.007499999832,linear_decay
1952,0.003299999982,0.003299999982,0.007499999832,linear_decay
1953,0.003299999982,0.003299999982,0.007499999832,linear_decay
1954,0.003299999982,0.003299999982,0.007499999832,linear_decay
1955,0.003299999982,0.003299999982,0.007499999832,linear_decay
1956,0.003299999982,0.003299999982,0.007499999832,linear_decay
1957,0.003299999982,0.003299999982,0.007499999832,linear_decay
1958,0.003299999982,0.003299999982,0.007499999832,linear_decay
1959,0.003299999982,0.003299999982,0.007499999832,linear_decay
1960,0.003299999982,0.003299999982,0.007499999832,linear_decay
1961,0.003299999982,0.003299999982,0.007499999832,linear_decay
1962,0.003299999982,0.003299999982,0.007499999832,linear_decay
1963,0.003299999982,0.003299999982,0.007499999832,linear_decay
1964,0.003299999982,0.003299999982,0.007499999832,linear_decay
1965,0.003299999982,0.003299999982,0.007499999832,linear_decay
1966,0.003299999982,0.003299999982,0.007499999832,linear_decay
1967,0.003299999982,0.003299999982,0.007499999832,linear_decay
1968,0.003299999982,0.003299999982,0.007499999832,linear_decay
1969,0.003299999982,0.003299999982,0.007499999832,linear_decay
1970,0.003299999982,0.003299999982,0.007499999832,linear_decay
1971,0.003299999982,0.003299999982,0.007499999832,linear_decay
1972,0.003299999982,0.003299999982,0.007499999832,linear_decay
1973,0.003299999982,0.003299999982,0.007499999832,linear_decay
1974,0.003299999982,0.003299999982,0.007499999832,linear_decay
1975,0.003299999982,0.003299999982,0.007499999832,linear_decay
1976,0.003299999982,0.003299999982,0.007499999832,linear_decay
1977,0.003299999982,0.003299999982,0.007499999832,linear_decay
1978,0.003299999982,0.003299999982,0.007499999832,linear_decay
1979,0.003299999982,0.003299999982,0.007499999832,linear_decay
1980,0.003299999982,0.003299999982,0.007499999832,linear_decay
1981,0.003299999982,0.003299999982,0.007499999832,linear_decay
1982,0.003299999982,0.003299999982,0.007499999832,linear_decay
1983,0.003299999982,0.003299999982,0.007499999832,linear_decay
1984,0.003299999982,0.003299999982,0.007499999832,linear_decay
1985,0.003299999982,0.003299999982,0.007499999832,linear_decay
1986,0.003299999982,0.003299999982,0.007499999832,linear_decay
1987,0.003299999982,0.003299999982,0.007499999832,linear_decay
1988,0.003299999982,0.003299999982,0.007499999832,linear_decay
1989,0.003299999982,0.003299999982,0.007499999832,linear_decay
1990,0.003299999982,0.003299999982,0.007499999832,linear_decay
1991,0.003299999982,0.003299999982,0.007499999832,linear_decay
1992,0.003299999982,0.003299999982,0.007499999832,linear_decay
1993,0.003299999982,0.003299999982,0.007499999832,linear_decay
1994,0.003299999982,0.003299999982,0.007499999832,linear_decay
1995,0.003299999982,0.003299999982,0.007499999832,linear_decay
1996,0.003299999982,0.003299999982,0.007499999832,linear_decay
1997,0.003299999982,0.003299999982,0.007499999832,linear_decay
1998,0.003299999982,0.003299999982,0.007499999832,linear_decay
1999,0.003299999982,0.003299999982,0.007499999832,linear_decay
2000,0.003299999982,0.003299999982,0.007499999832,linear_decay
2001,0.003299999982,0.003299999982,0.007499999832,linear_decay
2002,0.003299999982,0.003299999982,0.007499999832,linear_decay
2003,0.003299999982,0.003299999982,0.007499999832,linear_decay
2004,0.003299999982,0.003299999982,0.007499999832,linear_decay
2005,0.003299999982,0.003299999982,0.007499999832,linear_decay
2006,0.003299999982,0.003299999982,0.007499999832,linear_decay
2007,0.003299999982,0.003299999982,0.007499999832,linear_decay
2008,0.003299999982,0.003299999982,0.007499999832,linear_decay
2009,0.003299999982,0.003299999982,0.007499999832,linear_decay
2010,0.003299999982,0.003299999982,0.007499999832,linear_decay
2011,0.003299999982,0.003299999982,0.007499999832,linear_decay
2012,0.003299999982,0.003299999982,0.007499999832,linear_decay
2013,0.003299999982,0.003299999982,0.007499999832,linear_decay
2014,0.003299999982,0.003299999982,0.007499999832,linear_decay
2015,0.003299999982,0.003299999982,0.007499999832,linear_decay
2016,0.003299999982,0.003299999982,0.007499999832,linear_decay
2017,0.003299999982,0.003299999982,0.007499999832,linear_decay
2018,0.003299999982,0.003299999982,0.007499999832,linear_decay
2019,0.003299999982,0.003299999982,0.007499999832,linear_decay
2020,0.003299999982,0.003299999982,0.007499999832,linear_decay
2021,0.003299999982,0.003299999982,0.007499999832,linear_decay
2022,0.003299999982,0.003299999982,0.007499999832,linear_decay
2023,0.003299999982,0.003299999982,0.007499999832,linear_decay
2024,0.003299999982,0.003299999982,0.007499999832,linear_decay
2025,0.003299999982,0.003299999982,0.007499999832,linear_decay
2026,0.003299999982,0.003299999982,0.007499999832,linear_decay
2027,0.003299999982,0.003299999982,0.007499999832,linear_decay
2028,0.003299999982,0.003299999982,0.007499999832,linear_decay
2029,0.003299999982,0.003299999982,0.007499999832,linear_decay
2030,0.003299999982,0.003299999982,0.007499999832,linear_decay
2031,0.003299999982,0.003299999982,0.007499999832,linear_decay
2032,0.003299999982,0.003299999982,0.007499999832,linear_decay
2033,0.003299999982,0.003299999982,0.007499999832,linear_decay
2034,0.003299999982,0.003299999982,0.007499999832,linear_decay
2035,0.003299999982,0.003299999982,0.007499999832,linear_decay
2036,0.003299999982,0.003299999982,0.007499999832,linear_decay
2037,0.003299999982,0.003299999982,0.007499999832,linear_decay
2038,0.003299999982,0.003299999982,0.007499999832,linear_decay
2039,0.003299999982,0.003299999982,0.007499999832,linear_decay
2040,0.003299999982,0.003299999982,0.007499999832,linear_decay
2041,0.003299999982,0.003299999982,0.007499999832,linear_decay
2042,0.003299999982,0.003299999982,0.007499999832,linear_decay
2043,0.003299999982,0.003299999982,0.007499999832,linear_decay
2044,0.003299999982,0.003299999982,0.007499999832,linear_decay
2045,0.003299999982,0.003299999982,0.007499999832,linear_decay
2046,0.003299999982,0.003299999982,0.007499999832,linear_decay
2047,0.003299999982,0.003299999982,0.007499999832,linear_decay
2048,0.003299999982,0.003299999982,0.007499999832,linear_decay
2049,0.003299999982,0.003299999982,0.007499999832,linear_decay
2050,0.003299999982,0.003299999982,0.007499999832,linear_decay
2051,0.003299999982,0.003299999982,0.007499999832,linear_decay
2052,0.003299999982,0.003299999982,0.007499999832,linear_decay
2053,0.003299999982,0.003299999982,0.007499999832,linear_decay
2054,0.003299999982,0.003299999982,0.007499999832,linear_decay
2055,0.003299999982,0.003299999982,0.007499999832,linear_decay
2056,0.003299999982,0.003299999982,0.007499999832,linear_decay
2057,0.003299999982,0.003299999982,0.007499999832,linear_decay
2058,0.003299999982,0.003299999982,0.007499999832,linear_decay
2059,0.003299999982,0.003299999982,0.007499999832,linear_decay
2060,0.003299999982,0.003299999982,0.007499999832,linear_decay
2061,0.003299999982,0.003299999982,0.007499999832,linear_decay
2062,0.003299999982,0.003299999982,0.007499999832,linear_decay
2063,0.003299999982,0.003299999982,0.007499999832,linear_decay
2064,0.003299999982,0.003299999982,0.007499999832,linear_decay
2065,0.003299999982,0.003299999982,0.007499999832,linear_decay
2066,0.003299999982,0.003299999982,0.007499999832,linear_decay
2067,0.003299999982,0.003299999982,0.007499999832,linear_decay
2068,0.003299999982,0.003299999982,0.007499999832,linear_decay
2069,0.003299999982,0.003299999982,0.007499999832,linear_decay
2070,0.003299999982,0.003299999982,0.007499999832,linear_decay
2071,0.003299999982,0.003299999982,0.007499999832,linear_decay
2072,0.003299999982,0.003299999982,0.007499999832,linear_decay
2073,0.003299999982,0.003299999982,0.007499999832,linear_decay
2074,0.003299999982,0.003299999982,0.007499999832,linear_decay
2075,0.003299999982,0.003299999982,0.007499999832,linear_decay
2076,0.003299999982,0.003299999982,0.007499999832,linear_decay
2077,0.003299999982,0.003299999982,0.007499999832,linear_decay
2078,0.003299999982,0.003299999982,0.007499999832,linear_decay
2079,0.003299999982,0.003299999982,0.007499999832,linear_decay
2080,0.003299999982,0.003299999982,0.007499999832,linear_decay
2081,0.003299999982,0.003299999982,0.007499999832,linear_decay
2082,0.003299999982,0.003299999982,0.007499999832,linear_decay
2083,0.003299999982,0.003299999982,0.007499999832,linear_decay
2084,0.003299999982,0.003299999982,0.007499999832,linear_decay
2085,0.003299999982,0.003299999982,0.007499999832,linear_decay
2086,0.003299999982,0.003299999982,0.007499999832,linear_decay
2087,0.003299999982,0.003299999982,0.007499999832,linear_decay
2088,0.003299999982,0.003299999982,0.007499999832,linear_decay
2089,0.003299999982,0.003299999982,0.007499999832,linear_decay
2090,0.003299999982,0.003299999982,0.007499999832,linear_decay
2091,0.003299999982,0.003299999982,0.007499999832,linear_decay
2092,0.003299999982,0.003299999982,0.007499999832,linear_decay
2093,0.003299999982,0.003299999982,0.007499999832,linear_decay
2094,0.003299999982,0.003299999982,0.007499999832,linear_decay
2095,0.003299999982,0.003299999982,0.007499999832,linear_decay
2096,0.003299999982,0.003299999982,0.007499999832,linear_decay
2097,0.003299999982,0.003299999982,0.007499999832,linear_decay
2098,0.003299999982,0.003299999982,0.007499999832,linear_decay
2099,0.003299999982,0.003299999982,0.007499999832,linear_decay
2100,0.003299999982,0.003299999982,0.007499999832,linear_decay
2101,0.003299999982,0.003299999982,0.007499999832,linear_decay
2102,0.003299999982,0.003299999982,0.007499999832,linear_decay
2103,0.003299999982,0.003299999982,0.007499999832,linear_decay
2104,0.003299999982,0.003299999982,0.007499999832,linear_decay
2105,0.003299999982,0.003299999982,0.007499999832,linear_decay
2106,0.003299999982,0.003299999982,0.007499999832,linear_decay
2107,0.003299999982,0.003299999982,0.007499999832,linear_decay
2108,0.003299999982,0.003299999982,0.007499999832,linear_decay
2109,0.003299999982,0.003299999982,0.007499999832,linear_decay
2110,0.003299999982,0.003299999982,0.007499999832,linear_decay
2111,0.003299999982,0.003299999982,0.007499999832,linear_decay
2112,0.003299999982,0.003299999982,0.007499999832,linear_decay
2113,0.003299999982,0.003299999982,0.007499999832,linear_decay
2114,0.003299999982,0.003299999982,0.007499999832,linear_decay
2115,0.003299999982,0.003299999982,0.007499999832,linear_decay
2116,0.003299999982,0.003299999982,0.007499999832,linear_decay
2117,0.003299999982,0.003299999982,0.007499999832,linear_decay
2118,0.003299999982,0.003299999982,0.007499999832,linear_decay
2119,0.003299999982,0.003299999982,0.007499999832,linear_decay
2120,0.003299999982,0.003299999982,0.007499999832,linear_decay
2121,0.003299999982,0.003299999982,0.007499999832,linear_decay
2122,0.003299999982,0.003299999982,0.007499999832,linear_decay
2123,0.003299999982,0.003299999982,0.007499999832,linear_decay
2124,0.003299999982,0.003299999982,0.007499999832,linear_decay
2125,0.003299999982,0.003299999982,0.007499999832,linear_decay
2126,0.003299999982,0.003299999982,0.007499999832,linear_decay
2127,0.003299999982,0.003299999982,0.007499999832,linear_decay
2128,0.003299999982,0.003299999982,0.007499999832,linear_decay
2129,0.003299999982,0.003299999982,0.007499999832,linear_decay
2130,0.003299999982,0.003299999982,0.007499999832,linear_decay
2131,0.003299999982,0.003299999982,0.007499999832,linear_decay
2132,0.003299999982,0.003299999982,0.007499999832,linear_decay
2133,0.003299999982,0.003299999982,0.007499999832,linear_decay
2134,0.003299999982,0.003299999982,0.007499999832,linear_decay
2135,0.003299999982,0.003299999982,0.007499999832,linear_decay
2136,0.003299999982,0.003299999982,0.007499999832,linear_decay
2137,0.003299999982,0.003299999982,0.007499999832,linear_decay
2138,0.003299999982,0.003299999982,0.007499999832,linear_decay
2139,0.003299999982,0.003299999982,0.007499999832,linear_decay
2140,0.003299999982,0.003299999982,0.007499999832,linear_decay
2141,0.003299999982,0.003299999982,0.007499999832,linear_decay
2142,0.003299999982,0.003299999982,0.007499999832,linear_decay
2143,0.003299999982,0.003299999982,0.007499999832,linear_decay
2144,0.003299999982,0.003299999982,0.007499999832,linear_decay
2145,0.003299999982,0.003299999982,0.007499999832,linear_decay
2146,0.003299999982,0.003299999982,0.007499999832,linear_decay
2147,0.003299999982,0.003299999982,0.007499999832,linear_decay
2148,0.003299999982,0.003299999982,0.007499999832,linear_decay
2149,0.003299999982,0.003299999982,0.007499999832,linear_decay
2150,0.003299999982,0.003299999982,0.007499999832,linear_decay
2151,0.003299999982,0.003299999982,0.007499999832,linear_decay
2152,0.003299999982,0.003299999982,0.007499999832,linear_decay
2153,0.003299999982,0.003299999982,0.007499999832,linear_decay
2154,0.003299999982,0.003299999982,0.007499999832,linear_decay
2155,0.003299999982,0.003299999982,0.007499999832,linear_decay
2156,0.003299999982,0.003299999982,0.007499999832,linear_decay
2157,0.003299999982,0.003299999982,0.007499999832,linear_decay
2158,0.003299999982,0.003299999982,0.007499999832,linear_decay
2159,0.003299999982,0.003299999982,0.007499999832,linear_decay
2160,0.003299999982,0.003299999982,0.007499999832,linear_decay
2161,0.003299999982,0.003299999982,0.007499999832,linear_decay
2162,0.003299999982,0.003299999982,0.007499999832,linear_decay
2163,0.003299999982,0.003299999982,0.007499999832,linear_decay
2164,0.003299999982,0.003299999982,0.007499999832,linear_decay
2165,0.003299999982,0.003299999982,0.007499999832,linear_decay
2166,0.003299999982,0.003299999982,0.007499999832,linear_decay
2167,0.003299999982,0.003299999982,0.007499999832,linear_decay
2168,0.003299999982,0.003299999982,0.007499999832,linear_decay
2169,0.003299999982,0.003299999982,0.007499999832,linear_decay
2170,0.003299999982,0.003299999982,0.007499999832,linear_decay
2171,0.003299999982,0.003299999982,0.007499999832,linear_decay
2172,0.003299999982,0.003299999982,0.007499999832,linear_decay
2173,0.003299999982,0.003299999982,0.007499999832,linear_decay
2174,0.003299999982,0.003299999982,0.007499999832,linear_decay
2175,0.003299999982,0.003299999982,0.007499999832,linear_decay
2176,0.003299999982,0.003299999982,0.007499999832,linear_decay
2177,0.003299999982,0.003299999982,0.007499999832,linear_decay
2178,0.003299999982,0.003299999982,0.007499999832,linear_decay
2179,0.003299999982,0.003299999982,0.007499999832,linear_decay
2180,0.003299999982,0.003299999982,0.007499999832,linear_decay
2181,0.003299999982,0.003299999982,0.007499999832,linear_decay
2182,0.003299999982,0.003299999982,0.007499999832,linear_decay
2183,0.003299999982,0.003299999982,0.007499999832,linear_decay
2184,0.003299999982,0.003299999982,0.007499999832,linear_decay
2185,0.003299999982,0.003299999982,0.007499999832,linear_decay
2186,0.003299999982,0.003299999982,0.007499999832,linear_decay
2187,0.003299999982,0.003299999982,0.007499999832,linear_decay
2188,0.003299999982,0.003299999982,0.007499999832,linear_decay
2189,0.003299999982,0.003299999982,0.007499999832,linear_decay
2190,0.003299999982,0.003299999982,0.007499999832,linear_decay
2191,0.003299999982,0.003299999982,0.007499999832,linear_decay
2192,0.003299999982,0.003299999982,0.007499999832,linear_decay
2193,0.003299999982,0.003299999982,0.007499999832,linear_decay
2194,0.003299999982,0.003299999982,0.007499999832,linear_decay
2195,0.003299999982,0.003299999982,0.007499999832,linear_decay
2196,0.003299999982,0.003299999982,0.007499999832,linear_decay
2197,0.003299999982,0.003299999982,0.007499999832,linear_decay
2198,0.003299999982,0.003299999982,0.007499999832,linear_decay
2199,0.003299999982,0.003299999982,0.007499999832,linear_decay
2200,0.003299999982,0.003299999982,0.007499999832,linear_decay
2201,0.003299999982,0.003299999982,0.007499999832,linear_decay
2202,0.003299999982,0.003299999982,0.007499999832,linear_decay
2203,0.003299999982,0.003299999982,0.007499999832,linear_decay
2204,0.003299999982,0.003299999982,0.007499999832,linear_decay
2205,0.003299999982,0.003299999982,0.007499999832,linear_decay
2206,0.003299999982,0.003299999982,0.007499999832,linear_decay
2207,0.003299999982,0.003299999982,0.007499999832,linear_decay
2208,0.003299999982,0.003299999982,0.007499999832,linear_decay
2209,0.003299999982,0.003299999982,0.007499999832,linear_decay
2210,0.003299999982,0.003299999982,0.007499999832,linear_decay
2211,0.003299999982,0.003299999982,0.007499999832,linear_decay
2212,0.003299999982,0.003299999982,0.007499999832,linear_decay
2213,0.003299999982,0.003299999982,0.007499999832,linear_decay
2214,0.003299999982,0.003299999982,0.007499999832,linear_decay
2215,0.003299999982,0.003299999982,0.007499999832,linear_decay
2216,0.003299999982,0.003299999982,0.007499999832,linear_decay
2217,0.003299999982,0.003299999982,0.007499999832,linear_decay
2218,0.003299999982,0.003299999982,0.007499999832,linear_decay
2219,0.003299999982,0.003299999982,0.007499999832,linear_decay
2220,0.003299999982,0.003299999982,0.007499999832,linear_decay
2221,0.003299999982,0.003299999982,0.007499999832,linear_decay
2222,0.003299999982,0.003299999982,0.007499999832,linear_decay
2223,0.003299999982,0.003299999982,0.007499999832,linear_decay
2224,0.003299999982,0.003299999982,0.007499999832,linear_decay
2225,0.003299999982,0.003299999982,0.007499999832,linear_decay
2226,0.003299999982,0.003299999982,0.007499999832,linear_decay
2227,0.003299999982,0.003299999982,0.007499999832,linear_decay
2228,0.003299999982,0.003299999982,0.007499999832,linear_decay
2229,0.003299999982,0.003299999982,0.007499999832,linear_decay
2230,0.003299999982,0.003299999982,0.007499999832,linear_decay
2231,0.003299999982,0.003299999982,0.007499999832,linear_decay
2232,0.003299999982,0.003299999982,0.007499999832,linear_decay
2233,0.003299999982,0.003299999982,0.007499999832,linear_decay
2234,0.003299999982,0.003299999982,0.007499999832,linear_decay
2235,0.003299999982,0.003299999982,0.007499999832,linear_decay
2236,0.003299999982,0.003299999982,0.007499999832,linear_decay
2237,0.003299999982,0.003299999982,0.007499999832,linear_decay
2238,0.003299999982,0.003299999982,0.007499999832,linear_decay
2239,0.003299999982,0.003299999982,0.007499999832,linear_decay
2240,0.003299999982,0.003299999982,0.007499999832,linear_decay
2241,0.003299999982,0.003299999982,0.007499999832,linear_decay
2242,0.003299999982,0.003299999982,0.007499999832,linear_decay
2243,0.003299999982,0.003299999982,0.007499999832,linear_decay
2244,0.003299999982,0.003299999982,0.007499999832,linear_decay
2245,0.003299999982,0.003299999982,0.007499999832,linear_decay
2246,0.003299999982,0.003299999982,0.007499999832,linear_decay
2247,0.003299999982,0.003299999982,0.007499999832,linear_decay
2248,0.003299999982,0.003299999982,0.007499999832,linear_decay
2249,0.003299999982,0.003299999982,0.007499999832,linear_decay
2250,0.003299999982,0.003299999982,0.007499999832,linear_decay
2251,0.003299999982,0.003299999982,0.007499999832,linear_decay
2252,0.003299999982,0.003299999982,0.007499999832,linear_decay
2253,0.003299999982,0.003299999982,0.007499999832,linear_decay
2254,0.003299999982,0.003299999982,0.007499999832,linear_decay
2255,0.003299999982,0.003299999982,0.007499999832,linear_decay
2256,0.003299999982,0.003299999982,0.007499999832,linear_decay
2257,0.003299999982,0.003299999982,0.007499999832,linear_decay
2258,0.003299999982,0.003299999982,0.007499999832,linear_decay
2259,0.003299999982,0.003299999982,0.007499999832,linear_decay
2260,0.003299999982,0.003299999982,0.007499999832,linear_decay
2261,0.003299999982,0.003299999982,0.007499999832,linear_decay
2262,0.003299999982,0.003299999982,0.007499999832,linear_decay
2263,0.003299999982,0.003299999982,0.007499999832,linear_decay
2264,0.003299999982,0.003299999982,0.007499999832,linear_decay
2265,0.003299999982,0.003299999982,0.007499999832,linear_decay
2266,0.003299999982,0.003299999982,0.007499999832,linear_decay
2267,0.003299999982,0.003299999982,0.007499999832,linear_decay
2268,0.003299999982,0.003299999982,0.007499999832,linear_decay
2269,0.003299999982,0.003299999982,0.007499999832,linear_decay
2270,0.003299999982,0.003299999982,0.007499999832,linear_decay
2271,0.003299999982,0.003299999982,0.007499999832,linear_decay
2272,0.003299999982,0.003299999982,0.007499999832,linear_decay
2273,0.003299999982,0.003299999982,0.007499999832,linear_decay
2274,0.003299999982,0.003299999982,0.007499999832,linear_decay
2275,0.003299999982,0.003299999982,0.007499999832,linear_decay
2276,0.003299999982,0.003299999982,0.007499999832,linear_decay
2277,0.003299999982,0.003299999982,0.007499999832,linear_decay
2278,0.003299999982,0.003299999982,0.007499999832,linear_decay
2279,0.003299999982,0.003299999982,0.007499999832,linear_decay
2280,0.003299999982,0.003299999982,0.007499999832,linear_decay
2281,0.003299999982,0.003299999982,0.007499999832,linear_decay
2282,0.003299999982,0.003299999982,0.007499999832,linear_decay
2283,0.003299999982,0.003299999982,0.007499999832,linear_decay
2284,0.003299999982,0.003299999982,0.007499999832,linear_decay
2285,0.003299999982,0.003299999982,0.007499999832,linear_decay
2286,0.003299999982,0.003299999982,0.007499999832,linear_decay
2287,0.003299999982,0.003299999982,0.007499999832,linear_decay
2288,0.003299999982,0.003299999982,0.007499999832,linear_decay
2289,0.003299999982,0.003299999982,0.007499999832,linear_decay
2290,0.003299999982,0.003299999982,0.007499999832,linear_decay
2291,0.003299999982,0.003299999982,0.007499999832,linear_decay
2292,0.003299999982,0.003299999982,0.007499999832,linear_decay
2293,0.003299999982,0.003299999982,0.007499999832,linear_decay
2294,0.003299999982,0.003299999982,0.007499999832,linear_decay
2295,0.003299999982,0.003299999982,0.007499999832,linear_decay
2296,0.003299999982,0.003299999982,0.007499999832,linear_decay
2297,0.003299999982,0.003299999982,0.007499999832,linear_decay
2298,0.003299999982,0.003299999982,0.007499999832,linear_decay
2299,0.003299999982,0.003299999982,0.007499999832,linear_decay
2300,0.003299999982,0.003299999982,0.007499999832,linear_decay
2301,0.003299999982,0.003299999982,0.007499999832,linear_decay
2302,0.003299999982,0.003299999982,0.007499999832,linear_decay
2303,0.003299999982,0.003299999982,0.007499999832,linear_decay
2304,0.003299999982,0.003299999982,0.007499999832,linear_decay
2305,0.003299999982,0.003299999982,0.007499999832,linear_decay
2306,0.003299999982,0.003299999982,0.007499999832,linear_decay
2307,0.003299999982,0.003299999982,0.007499999832,linear_decay
2308,0.003299999982,0.003299999982,0.007499999832,linear_decay
2309,0.003299999982,0.003299999982,0.007499999832,linear_decay
2310,0.003299999982,0.003299999982,0.007499999832,linear_decay
2311,0.003299999982,0.003299999982,0.007499999832,linear_decay
2312,0.003299999982,0.003299999982,0.007499999832,linear_decay
2313,0.003299999982,0.003299999982,0.007499999832,linear_decay
2314,0.003299999982,0.003299999982,0.007499999832,linear_decay
2315,0.003299999982,0.003299999982,0.007499999832,linear_decay
2316,0.003299999982,0.003299999982,0.007499999832,linear_decay
2317,0.003299999982,0.003299999982,0.007499999832,linear_decay
2318,0.003299999982,0.003299999982,0.007499999832,linear_decay
2319,0.003299999982,0.003299999982,0.007499999832,linear_decay
2320,0.003299999982,0.003299999982,0.007499999832,linear_decay
2321,0.003299999982,0.003299999982,0.007499999832,linear_decay
2322,0.003299999982,0.003299999982,0.007499999832,linear_decay
2323,0.003299999982,0.003299999982,0.007499999832,linear_decay
2324,0.003299999982,0.003299999982,0.007499999832,linear_decay
2325,0.003299999982,0.003299999982,0.007499999832,linear_decay
2326,0.003299999982,0.003299999982,0.007499999832,linear_decay
2327,0.003299999982,0.003299999982,0.007499999832,linear_decay
2328,0.003299999982,0.003299999982,0.007499999832,linear_decay
2329,0.003299999982,0.003299999982,0.007499999832,linear_decay
2330,0.003299999982,0.003299999982,0.007499999832,linear_decay
2331,0.003299999982,0.003299999982,0.007499999832,linear_decay
2332,0.003299999982,0.003299999982,0.007499999832,linear_decay
2333,0.003299999982,0.003299999982,0.007499999832,linear_decay
2334,0.003299999982,0.003299999982,0.007499999832,linear_decay
2335,0.003299999982,0.003299999982,0.007499999832,linear_decay
2336,0.003299999982,0.003299999982,0.007499999832,linear_decay
2337,0.003299999982,0.003299999982,0.007499999832,linear_decay
2338,0.003299999982,0.003299999982,0.007499999832,linear_decay
2339,0.003299999982,0.003299999982,0.007499999832,linear_decay
2340,0.003299999982,0.003299999982,0.007499999832,linear_decay
2341,0.003299999982,0.003299999982,0.007499999832,linear_decay
2342,0.003299999982,0.003299999982,0.007499999832,linear_decay
2343,0.003299999982,0.003299999982,0.007499999832,linear_decay
2344,0.003299999982,0.003299999982,0.007499999832,linear_decay
2345,0.003299999982,0.003299999982,0.007499999832,linear_decay
2346,0.003299999982,0.003299999982,0.007499999832,linear_decay
2347,0.003299999982,0.003299999982,0.007499999832,linear_decay
2348,0.003299999982,0.003299999982,0.007499999832,linear_decay
2349,0.003299999982,0.003299999982,0.007499999832,linear_decay
2350,0.003299999982,0.003299999982,0.007499999832,linear_decay
2351,0.003299999982,0.003299999982,0.007499999832,linear_decay
2352,0.003299999982,0.003299999982,0.007499999832,linear_decay
2353,0.003299999982,0.003299999982,0.007499999832,linear_decay
2354,0.003299999982,0.003299999982,0.007499999832,linear_decay
2355,0.003299999982,0.003299999982,0.007499999832,linear_decay
2356,0.003299999982,0.003299999982,0.007499999832,linear_decay
2357,0.003299999982,0.003299999982,0.007499999832,linear_decay
2358,0.003299999982,0.003299999982,0.007499999832,linear_decay
2359,0.003299999982,0.003299999982,0.007499999832,linear_decay
2360,0.003299999982,0.003299999982,0.007499999832,linear_decay
2361,0.003299999982,0.003299999982,0.007499999832,linear_decay
2362,0.003299999982,0.003299999982,0.007499999832,linear_decay
2363,0.003299999982,0.003299999982,0.007499999832,linear_decay
2364,0.003299999982,0.003299999982,0.007499999832,linear_decay
2365,0.003299999982,0.003299999982,0.007499999832,linear_decay
2366,0.003299999982,0.003299999982,0.007499999832,linear_decay
2367,0.003299999982,0.003299999982,0.007499999832,linear_decay
2368,0.003299999982,0.003299999982,0.007499999832,linear_decay
2369,0.003299999982,0.003299999982,0.007499999832,linear_decay
2370,0.003299999982,0.003299999982,0.007499999832,linear_decay
2371,0.003299999982,0.003299999982,0.007499999832,linear_decay
2372,0.003299999982,0.003299999982,0.007499999832,linear_decay
2373,0.003299999982,0.003299999982,0.007499999832,linear_decay
2374,0.003299999982,0.003299999982,0.007499999832,linear_decay
2375,0.003299999982,0.003299999982,0.007499999832,linear_decay
2376,0.003299999982,0.003299999982,0.007499999832,linear_decay
2377,0.003299999982,0.003299999982,0.007499999832,linear_decay
2378,0.003299999982,0.003299999982,0.007499999832,linear_decay
2379,0.003299999982,0.003299999982,0.007499999832,linear_decay
2380,0.003299999982,0.003299999982,0.007499999832,linear_decay
2381,0.003299999982,0.003299999982,0.007499999832,linear_decay
2382,0.003299999982,0.003299999982,0.007499999832,linear_decay
2383,0.003299999982,0.003299999982,0.007499999832,linear_decay
2384,0.003299999982,0.003299999982,0.007499999832,linear_decay
2385,0.003299999982,0.003299999982,0.007499999832,linear_decay
2386,0.003299999982,0.003299999982,0.007499999832,linear_decay
2387,0.003299999982,0.003299999982,0.007499999832,linear_decay
2388,0.003299999982,0.003299999982,0.007499999832,linear_decay
2389,0.003299999982,0.003299999982,0.007499999832,linear_decay
2390,0.003299999982,0.003299999982,0.007499999832,linear_decay
2391,0.003299999982,0.003299999982,0.007499999832,linear_decay
2392,0.003299999982,0.003299999982,0.007499999832,linear_decay
2393,0.003299999982,0.003299999982,0.007499999832,linear_decay
2394,0.003299999982,0.003299999982,0.007499999832,linear_decay
2395,0.003299999982,0.003299999982,0.007499999832,linear_decay
2396,0.003299999982,0.003299999982,0.007499999832,linear_decay
2397,0.003299999982,0.003299999982,0.007499999832,linear_decay
2398,0.003299999982,0.003299999982,0.007499999832,linear_decay
2399,0.003299999982,0.003299999982,0.007499999832,linear_decay
2400,0.003299999982,0.003299999982,0.007499999832,linear_decay
2401,0.003299999982,0.003299999982,0.007499999832,linear_decay
2402,0.003299999982,0.003299999982,0.007499999832,linear_decay
2403,0.003299999982,0.003299999982,0.007499999832,linear_decay
2404,0.003299999982,0.003299999982,0.007499999832,linear_decay
2405,0.003299999982,0.003299999982,0.007499999832,linear_decay
2406,0.003299999982,0.003299999982,0.007499999832,linear_decay
2407,0.003299999982,0.003299999982,0.007499999832,linear_decay
2408,0.003299999982,0.003299999982,0.007499999832,linear_decay
2409,0.003299999982,0.003299999982,0.007499999832,linear_decay
2410,0.003299999982,0.003299999982,0.007499999832,linear_decay
2411,0.003299999982,0.003299999982,0.007499999832,linear_decay
2412,0.003299999982,0.003299999982,0.007499999832,linear_decay
2413,0.003299999982,0.003299999982,0.007499999832,linear_decay
2414,0.003299999982,0.003299999982,0.007499999832,linear_decay
2415,0.003299999982,0.003299999982,0.007499999832,linear_decay
2416,0.003299999982,0.003299999982,0.007499999832,linear_decay
2417,0.003299999982,0.003299999982,0.007499999832,linear_decay
2418,0.003299999982,0.003299999982,0.007499999832,linear_decay
2419,0.003299999982,0.003299999982,0.007499999832,linear_decay
2420,0.003299999982,0.003299999982,0.007499999832,linear_decay
2421,0.003299999982,0.003299999982,0.007499999832,linear_decay
2422,0.003299999982,0.003299999982,0.007499999832,linear_decay
2423,0.003299999982,0.003299999982,0.007499999832,linear_decay
2424,0.003299999982,0.003299999982,0.007499999832,linear_decay
2425,0.003299999982,0.003299999982,0.007499999832,linear_decay
2426,0.003299999982,0.003299999982,0.007499999832,linear_decay
2427,0.003299999982,0.003299999982,0.007499999832,linear_decay
2428,0.003299999982,0.003299999982,0.007499999832,linear_decay
2429,0.003299999982,0.003299999982,0.007499999832,linear_decay
2430,0.003299999982,0.003299999982,0.007499999832,linear_decay
2431,0.003299999982,0.003299999982,0.007499999832,linear_decay
2432,0.003299999982,0.003299999982,0.007499999832,linear_decay
2433,0.003299999982,0.003299999982,0.007499999832,linear_decay
2434,0.003299999982,0.003299999982,0.007499999832,linear_decay
2435,0.003299999982,0.003299999982,0.007499999832,linear_decay
2436,0.003299999982,0.003299999982,0.007499999832,linear_decay
2437,0.003299999982,0.003299999982,0.007499999832,linear_decay
2438,0.003299999982,0.003299999982,0.007499999832,linear_decay
2439,0.003299999982,0.003299999982,0.007499999832,linear_decay
2440,0.003299999982,0.003299999982,0.007499999832,linear_decay
2441,0.003299999982,0.003299999982,0.007499999832,linear_decay
2442,0.003299999982,0.003299999982,0.007499999832,linear_decay
2443,0.003299999982,0.003299999982,0.007499999832,linear_decay
2444,0.003299999982,0.003299999982,0.007499999832,linear_decay
2445,0.003299999982,0.003299999982,0.007499999832,linear_decay
2446,0.003299999982,0.003299999982,0.007499999832,linear_decay
2447,0.003299999982,0.003299999982,0.007499999832,linear_decay
2448,0.003299999982,0.003299999982,0.007499999832,linear_decay
2449,0.003299999982,0.003299999982,0.007499999832,linear_decay
2450,0.003299999982,0.003299999982,0.007499999832,linear_decay
2451,0.003299999982,0.003299999982,0.007499999832,linear_decay
2452,0.003299999982,0.003299999982,0.007499999832,linear_decay
2453,0.003299999982,0.003299999982,0.007499999832,linear_decay
2454,0.003299999982,0.003299999982,0.007499999832,linear_decay
2455,0.003299999982,0.003299999982,0.007499999832,linear_decay
2456,0.003299999982,0.003299999982,0.007499999832,linear_decay
2457,0.003299999982,0.003299999982,0.007499999832,linear_decay
2458,0.003299999982,0.003299999982,0.007499999832,linear_decay
2459,0.003299999982,0.003299999982,0.007499999832,linear_decay
2460,0.003299999982,0.003299999982,0.007499999832,linear_decay
2461,0.003299999982,0.003299999982,0.007499999832,linear_decay
2462,0.003299999982,0.003299999982,0.007499999832,linear_decay
2463,0.003299999982,0.003299999982,0.007499999832,linear_decay
2464,0.003299999982,0.003299999982,0.007499999832,linear_decay
2465,0.003299999982,0.003299999982,0.007499999832,linear_decay
2466,0.003299999982,0.003299999982,0.007499999832,linear_decay
2467,0.003299999982,0.003299999982,0.007499999832,linear_decay
2468,0.003299999982,0.003299999982,0.007499999832,linear_decay
2469,0.003299999982,0.003299999982,0.007499999832,linear_decay
2470,0.003299999982,0.003299999982,0.007499999832,linear_decay
2471,0.003299999982,0.003299999982,0.007499999832,linear_decay
2472,0.003299999982,0.003299999982,0.007499999832,linear_decay
2473,0.003299999982,0.003299999982,0.007499999832,linear_decay
2474,0.003299999982,0.003299999982,0.007499999832,linear_decay
2475,0.003299999982,0.003299999982,0.007499999832,linear_decay
2476,0.003299999982,0.003299999982,0.007499999832,linear_decay
2477,0.003299999982,0.003299999982,0.007499999832,linear_decay
2478,0.003299999982,0.003299999982,0.007499999832,linear_decay
2479,0.003299999982,0.003299999982,0.007499999832,linear_decay
2480,0.003299999982,0.003299999982,0.007499999832,linear_decay
2481,0.003299999982,0.003299999982,0.007499999832,linear_decay
2482,0.003299999982,0.003299999982,0.007499999832,linear_decay
2483,0.003299999982,0.003299999982,0.007499999832,linear_decay
2484,0.003299999982,0.003299999982,0.007499999832,linear_decay
2485,0.003299999982,0.003299999982,0.007499999832,linear_decay
2486,0.003299999982,0.003299999982,0.007499999832,linear_decay
2487,0.003299999982,0.003299999982,0.007499999832,linear_decay
2488,0.003299999982,0.003299999982,0.007499999832,linear_decay
2489,0.003299999982,0.003299999982,0.007499999832,linear_decay
2490,0.003299999982,0.003299999982,0.007499999832,linear_decay
2491,0.003299999982,0.003299999982,0.007499999832,linear_decay
2492,0.003299999982,0.003299999982,0.007499999832,linear_decay
2493,0.003299999982,0.003299999982,0.007499999832,linear_decay
2494,0.003299999982,0.003299999982,0.007499999832,linear_decay
2495,0.003299999982,0.003299999982,0.007499999832,linear_decay
2496,0.003299999982,0.003299999982,0.007499999832,linear_decay
2497,0.003299999982,0.003299999982,0.007499999832,linear_decay
2498,0.003299999982,0.003299999982,0.007499999832,linear_decay
2499,0.003299999982,0.003299999982,0.007499999832,linear_decay
2500,0.003299999982,0.003299999982,0.007499999832,linear_decay
2501,0.003299999982,0.003299999982,0.007499999832,linear_decay
2502,0.003299999982,0.003299999982,0.007499999832,linear_decay
2503,0.003299999982,0.003299999982,0.007499999832,linear_decay
2504,0.003299999982,0.003299999982,0.007499999832,linear_decay
2505,0.003299999982,0.003299999982,0.007499999832,linear_decay
2506,0.003299999982,0.003299999982,0.007499999832,linear_decay
2507,0.003299999982,0.003299999982,0.007499999832,linear_decay
2508,0.003299999982,0.003299999982,0.007499999832,linear_decay
2509,0.003299999982,0.003299999982,0.007499999832,linear_decay
2510,0.003299999982,0.003299999982,0.007499999832,linear_decay
2511,0.003299999982,0.003299999982,0.007499999832,linear_decay
2512,0.003299999982,0.003299999982,0.007499999832,linear_decay
2513,0.003299999982,0.003299999982,0.007499999832,linear_decay
2514,0.003299999982,0.003299999982,0.007499999832,linear_decay
2515,0.003299999982,0.003299999982,0.007499999832,linear_decay
2516,0.003299999982,0.003299999982,0.007499999832,linear_decay
2517,0.003299999982,0.003299999982,0.007499999832,linear_decay
2518,0.003299999982,0.003299999982,0.007499999832,linear_decay
2519,0.003299999982,0.003299999982,0.007499999832,linear_decay
2520,0.003299999982,0.003299999982,0.007499999832,linear_decay
2521,0.003299999982,0.003299999982,0.007499999832,linear_decay
2522,0.003299999982,0.003299999982,0.007499999832,linear_decay
2523,0.003299999982,0.003299999982,0.007499999832,linear_decay
2524,0.003299999982,0.003299999982,0.007499999832,linear_decay
2525,0.003299999982,0.003299999982,0.007499999832,linear_decay
2526,0.003299999982,0.003299999982,0.007499999832,linear_decay
2527,0.003299999982,0.003299999982,0.007499999832,linear_decay
2528,0.003299999982,0.003299999982,0.007499999832,linear_decay
2529,0.003299999982,0.003299999982,0.007499999832,linear_decay
2530,0.003299999982,0.003299999982,0.007499999832,linear_decay
2531,0.003299999982,0.003299999982,0.007499999832,linear_decay
2532,0.003299999982,0.003299999982,0.007499999832,linear_decay
2533,0.003299999982,0.003299999982,0.007499999832,linear_decay
2534,0.003299999982,0.003299999982,0.007499999832,linear_decay
2535,0.003299999982,0.003299999982,0.007499999832,linear_decay
2536,0.003299999982,0.003299999982,0.007499999832,linear_decay
2537,0.003299999982,0.003299999982,0.007499999832,linear_decay
2538,0.003299999982,0.003299999982,0.007499999832,linear_decay
2539,0.003299999982,0.003299999982,0.007499999832,linear_decay
2540,0.003299999982,0.003299999982,0.007499999832,linear_decay
2541,0.003299999982,0.003299999982,0.007499999832,linear_decay
2542,0.003299999982,0.003299999982,0.007499999832,linear_decay
2543,0.003299999982,0.003299999982,0.007499999832,linear_decay
2544,0.003299999982,0.003299999982,0.007499999832,linear_decay
2545,0.003299999982,0.003299999982,0.007499999832,linear_decay
2546,0.003299999982,0.003299999982,0.007499999832,linear_decay
2547,0.003299999982,0.003299999982,0.007499999832,linear_decay
2548,0.003299999982,0.003299999982,0.007499999832,linear_decay
2549,0.003299999982,0.003299999982,0.007499999832,linear_decay
2550,0.003299999982,0.003299999982,0.007499999832,linear_decay
2551,0.003299999982,0.003299999982,0.007499999832,linear_decay
2552,0.003299999982,0.003299999982,0.007499999832,linear_decay
2553,0.003299999982,0.003299999982,0.007499999832,linear_decay
2554,0.003299999982,0.003299999982,0.007499999832,linear_decay
2555,0.003299999982,0.003299999982,0.007499999832,linear_decay
2556,0.003299999982,0.003299999982,0.007499999832,linear_decay
2557,0.003299999982,0.003299999982,0.007499999832,linear_decay
2558,0.003299999982,0.003299999982,0.007499999832,linear_decay
2559,0.003299999982,0.003299999982,0.007499999832,linear_decay
2560,0.003299999982,0.003299999982,0.007499999832,linear_decay
2561,0.003299999982,0.003299999982,0.007499999832,linear_decay
2562,0.003299999982,0.003299999982,0.007499999832,linear_decay
2563,0.003299999982,0.003299999982,0.007499999832,linear_decay
2564,0.003299999982,0.003299999982,0.007499999832,linear_decay
2565,0.003299999982,0.003299999982,0.007499999832,linear_decay
2566,0.003299999982,0.003299999982,0.007499999832,linear_decay
2567,0.003299999982,0.003299999982,0.007499999832,linear_decay
2568,0.003299999982,0.003299999982,0.007499999832,linear_decay
2569,0.003299999982,0.003299999982,0.007499999832,linear_decay
2570,0.003299999982,0.003299999982,0.007499999832,linear_decay
2571,0.003299999982,0.003299999982,0.007499999832,linear_decay
2572,0.003299999982,0.003299999982,0.007499999832,linear_decay
2573,0.003299999982,0.003299999982,0.007499999832,linear_decay
2574,0.003299999982,0.003299999982,0.007499999832,linear_decay
2575,0.003299999982,0.003299999982,0.007499999832,linear_decay
2576,0.003299999982,0.003299999982,0.007499999832,linear_decay
2577,0.003299999982,0.003299999982,0.007499999832,linear_decay
2578,0.003299999982,0.003299999982,0.007499999832,linear_decay
2579,0.003299999982,0.003299999982,0.007499999832,linear_decay
2580,0.003299999982,0.003299999982,0.007499999832,linear_decay
2581,0.003299999982,0.003299999982,0.007499999832,linear_decay
2582,0.003299999982,0.003299999982,0.007499999832,linear_decay
2583,0.003299999982,0.003299999982,0.007499999832,linear_decay
2584,0.003299999982,0.003299999982,0.007499999832,linear_decay
2585,0.003299999982,0.003299999982,0.007499999832,linear_decay
2586,0.003299999982,0.003299999982,0.007499999832,linear_decay
2587,0.003299999982,0.003299999982,0.007499999832,linear_decay
2588,0.003299999982,0.003299999982,0.007499999832,linear_decay
2589,0.003299999982,0.003299999982,0.007499999832,linear_decay
2590,0.003299999982,0.003299999982,0.007499999832,linear_decay
2591,0.003299999982,0.003299999982,0.007499999832,linear_decay
2592,0.003299999982,0.003299999982,0.007499999832,linear_decay
2593,0.003299999982,0.003299999982,0.007499999832,linear_decay
2594,0.003299999982,0.003299999982,0.007499999832,linear_decay
2595,0.003299999982,0.003299999982,0.007499999832,linear_decay
2596,0.003299999982,0.003299999982,0.007499999832,linear_decay
2597,0.003299999982,0.003299999982,0.007499999832,linear_decay
2598,0.003299999982,0.003299999982,0.007499999832,linear_decay
2599,0.003299999982,0.003299999982,0.007499999832,linear_decay
2600,0.003299999982,0.003299999982,0.007499999832,linear_decay
2601,0.003299999982,0.003299999982,0.007499999832,linear_decay
2602,0.003299999982,0.003299999982,0.007499999832,linear_decay
2603,0.003299999982,0.003299999982,0.007499999832,linear_decay
2604,0.003299999982,0.003299999982,0.007499999832,linear_decay
2605,0.003299999982,0.003299999982,0.007499999832,linear_decay
2606,0.003299999982,0.003299999982,0.007499999832,linear_decay
2607,0.003299999982,0.003299999982,0.007499999832,linear_decay
2608,0.003299999982,0.003299999982,0.007499999832,linear_decay
2609,0.003299999982,0.003299999982,0.007499999832,linear_decay
2610,0.003299999982,0.003299999982,0.007499999832,linear_decay
2611,0.003299999982,0.003299999982,0.007499999832,linear_decay
2612,0.003299999982,0.003299999982,0.007499999832,linear_decay
2613,0.003299999982,0.003299999982,0.007499999832,linear_decay
2614,0.003299999982,0.003299999982,0.007499999832,linear_decay
2615,0.003299999982,0.003299999982,0.007499999832,linear_decay
2616,0.003299999982,0.003299999982,0.007499999832,linear_decay
2617,0.003299999982,0.003299999982,0.007499999832,linear_decay
2618,0.003299999982,0.003299999982,0.007499999832,linear_decay
2619,0.003299999982,0.003299999982,0.007499999832,linear_decay
2620,0.003299999982,0.003299999982,0.007499999832,linear_decay
2621,0.003299999982,0.003299999982,0.007499999832,linear_decay
2622,0.003299999982,0.003299999982,0.007499999832,linear_decay
2623,0.003299999982,0.003299999982,0.007499999832,linear_decay
2624,0.003299999982,0.003299999982,0.007499999832,linear_decay
2625,0.003299999982,0.003299999982,0.007499999832,linear_decay
2626,0.003299999982,0.003299999982,0.007499999832,linear_decay
2627,0.003299999982,0.003299999982,0.007499999832,linear_decay
2628,0.003299999982,0.003299999982,0.007499999832,linear_decay
2629,0.003299999982,0.003299999982,0.007499999832,linear_decay
2630,0.003299999982,0.003299999982,0.007499999832,linear_decay
2631,0.003299999982,0.003299999982,0.007499999832,linear_decay
2632,0.003299999982,0.003299999982,0.007499999832,linear_decay
2633,0.003299999982,0.003299999982,0.007499999832,linear_decay
2634,0.003299999982,0.003299999982,0.007499999832,linear_decay
2635,0.003299999982,0.003299999982,0.007499999832,linear_decay
2636,0.003299999982,0.003299999982,0.007499999832,linear_decay
2637,0.003299999982,0.003299999982,0.007499999832,linear_decay
2638,0.003299999982,0.003299999982,0.007499999832,linear_decay
2639,0.003299999982,0.003299999982,0.007499999832,linear_decay
2640,0.003299999982,0.003299999982,0.007499999832,linear_decay
2641,0.003299999982,0.003299999982,0.007499999832,linear_decay
2642,0.003299999982,0.003299999982,0.007499999832,linear_decay
2643,0.003299999982,0.003299999982,0.007499999832,linear_decay
2644,0.003299999982,0.003299999982,0.007499999832,linear_decay
2645,0.003299999982,0.003299999982,0.007499999832,linear_decay
2646,0.003299999982,0.003299999982,0.007499999832,linear_decay
2647,0.003299999982,0.003299999982,0.007499999832,linear_decay
2648,0.003299999982,0.003299999982,0.007499999832,linear_decay
2649,0.003299999982,0.003299999982,0.007499999832,linear_decay
2650,0.003299999982,0.003299999982,0.007499999832,linear_decay
2651,0.003299999982,0.003299999982,0.007499999832,linear_decay
2652,0.003299999982,0.003299999982,0.007499999832,linear_decay
2653,0.003299999982,0.003299999982,0.007499999832,linear_decay
2654,0.003299999982,0.003299999982,0.007499999832,linear_decay
2655,0.003299999982,0.003299999982,0.007499999832,linear_decay
2656,0.003299999982,0.003299999982,0.007499999832,linear_decay
2657,0.003299999982,0.003299999982,0.007499999832,linear_decay
2658,0.003299999982,0.003299999982,0.007499999832,linear_decay
2659,0.003299999982,0.003299999982,0.007499999832,linear_decay
2660,0.003299999982,0.003299999982,0.007499999832,linear_decay
2661,0.003299999982,0.003299999982,0.007499999832,linear_decay
2662,0.003299999982,0.003299999982,0.007499999832,linear_decay
2663,0.003299999982,0.003299999982,0.007499999832,linear_decay
2664,0.003299999982,0.003299999982,0.007499999832,linear_decay
2665,0.003299999982,0.003299999982,0.007499999832,linear_decay
2666,0.003299999982,0.003299999982,0.007499999832,linear_decay
2667,0.003299999982,0.003299999982,0.007499999832,linear_decay
2668,0.003299999982,0.003299999982,0.007499999832,linear_decay
2669,0.003299999982,0.003299999982,0.007499999832,linear_decay
2670,0.003299999982,0.003299999982,0.007499999832,linear_decay
2671,0.003299999982,0.003299999982,0.007499999832,linear_decay
2672,0.003299999982,0.003299999982,0.007499999832,linear_decay
2673,0.003299999982,0.003299999982,0.007499999832,linear_decay
2674,0.003299999982,0.003299999982,0.007499999832,linear_decay
2675,0.003299999982,0.003299999982,0.007499999832,linear_decay
2676,0.003299999982,0.003299999982,0.007499999832,linear_decay
2677,0.003299999982,0.003299999982,0.007499999832,linear_decay
2678,0.003299999982,0.003299999982,0.007499999832,linear_decay
2679,0.003299999982,0.003299999982,0.007499999832,linear_decay
2680,0.003299999982,0.003299999982,0.007499999832,linear_decay
2681,0.003299999982,0.003299999982,0.007499999832,linear_decay
2682,0.003299999982,0.003299999982,0.007499999832,linear_decay
2683,0.003299999982,0.003299999982,0.007499999832,linear_decay
2684,0.003299999982,0.003299999982,0.007499999832,linear_decay
2685,0.003299999982,0.003299999982,0.007499999832,linear_decay
2686,0.003299999982,0.003299999982,0.007499999832,linear_decay
2687,0.003299999982,0.003299999982,0.007499999832,linear_decay
2688,0.003299999982,0.003299999982,0.007499999832,linear_decay
2689,0.003299999982,0.003299999982,0.007499999832,linear_decay
2690,0.003299999982,0.003299999982,0.007499999832,linear_decay
2691,0.003299999982,0.003299999982,0.007499999832,linear_decay
2692,0.003299999982,0.003299999982,0.007499999832,linear_decay
2693,0.003299999982,0.003299999982,0.007499999832,linear_decay
2694,0.003299999982,0.003299999982,0.007499999832,linear_decay
2695,0.003299999982,0.003299999982,0.007499999832,linear_decay
2696,0.003299999982,0.003299999982,0.007499999832,linear_decay
2697,0.003299999982,0.003299999982,0.007499999832,linear_decay
2698,0.003299999982,0.003299999982,0.007499999832,linear_decay
2699,0.003299999982,0.003299999982,0.007499999832,linear_decay
2700,0.003299999982,0.003299999982,0.007499999832,linear_decay
2701,0.003299999982,0.003299999982,0.007499999832,linear_decay
2702,0.003299999982,0.003299999982,0.007499999832,linear_decay
2703,0.003299999982,0.003299999982,0.007499999832,linear_decay
2704,0.003299999982,0.003299999982,0.007499999832,linear_decay
2705,0.003299999982,0.003299999982,0.007499999832,linear_decay
2706,0.003299999982,0.003299999982,0.007499999832,linear_decay
2707,0.003299999982,0.003299999982,0.007499999832,linear_decay
2708,0.003299999982,0.003299999982,0.007499999832,linear_decay
2709,0.003299999982,0.003299999982,0.007499999832,linear_decay
2710,0.003299999982,0.003299999982,0.007499999832,linear_decay
2711,0.003299999982,0.003299999982,0.007499999832,linear_decay
2712,0.003299999982,0.003299999982,0.007499999832,linear_decay
2713,0.003299999982,0.003299999982,0.007499999832,linear_decay
2714,0.003299999982,0.003299999982,0.007499999832,linear_decay
2715,0.003299999982,0.003299999982,0.007499999832,linear_decay
2716,0.003299999982,0.003299999982,0.007499999832,linear_decay
2717,0.003299999982,0.003299999982,0.007499999832,linear_decay
2718,0.003299999982,0.003299999982,0.007499999832,linear_decay
2719,0.003299999982,0.003299999982,0.007499999832,linear_decay
2720,0.003299999982,0.003299999982,0.007499999832,linear_decay
2721,0.003299999982,0.003299999982,0.007499999832,linear_decay
2722,0.003299999982,0.003299999982,0.007499999832,linear_decay
2723,0.003299999982,0.003299999982,0.007499999832,linear_decay
2724,0.003299999982,0.003299999982,0.007499999832,linear_decay
2725,0.003299999982,0.003299999982,0.007499999832,linear_decay
2726,0.003299999982,0.003299999982,0.007499999832,linear_decay
2727,0.003299999982,0.003299999982,0.007499999832,linear_decay
2728,0.003299999982,0.003299999982,0.007499999832,linear_decay
2729,0.003299999982,0.003299999982,0.007499999832,linear_decay
2730,0.003299999982,0.003299999982,0.007499999832,linear_decay
2731,0.003299999982,0.003299999982,0.007499999832,linear_decay
2732,0.003299999982,0.003299999982,0.007499999832,linear_decay
2733,0.003299999982,0.003299999982,0.007499999832,linear_decay
2734,0.003299999982,0.003299999982,0.007499999832,linear_decay
2735,0.003299999982,0.003299999982,0.007499999832,linear_decay
2736,0.003299999982,0.003299999982,0.007499999832,linear_decay
2737,0.003299999982,0.003299999982,0.007499999832,linear_decay
2738,0.003299999982,0.003299999982,0.007499999832,linear_decay
2739,0.003299999982,0.003299999982,0.007499999832,linear_decay
2740,0.003299999982,0.003299999982,0.007499999832,linear_decay
2741,0.003299999982,0.003299999982,0.007499999832,linear_decay
2742,0.003299999982,0.003299999982,0.007499999832,linear_decay
2743,0.003299999982,0.003299999982,0.007499999832,linear_decay
2744,0.003299999982,0.003299999982,0.007499999832,linear_decay
2745,0.003299999982,0.003299999982,0.007499999832,linear_decay
2746,0.003299999982,0.003299999982,0.007499999832,linear_decay
2747,0.003299999982,0.003299999982,0.007499999832,linear_decay
2748,0.003299999982,0.003299999982,0.007499999832,linear_decay
2749,0.003299999982,0.003299999982,0.007499999832,linear_decay
2750,0.003299999982,0.003299999982,0.007499999832,linear_decay
2751,0.003299999982,0.003299999982,0.007499999832,linear_decay
2752,0.003299999982,0.003299999982,0.007499999832,linear_decay
2753,0.003299999982,0.003299999982,0.007499999832,linear_decay
2754,0.003299999982,0.003299999982,0.007499999832,linear_decay
2755,0.003299999982,0.003299999982,0.007499999832,linear_decay
2756,0.003299999982,0.003299999982,0.007499999832,linear_decay
2757,0.003299999982,0.003299999982,0.007499999832,linear_decay
2758,0.003299999982,0.003299999982,0.007499999832,linear_decay
2759,0.003299999982,0.003299999982,0.007499999832,linear_decay
2760,0.003299999982,0.003299999982,0.007499999832,linear_decay
2761,0.003299999982,0.003299999982,0.007499999832,linear_decay
2762,0.003299999982,0.003299999982,0.007499999832,linear_decay
2763,0.003299999982,0.003299999982,0.007499999832,linear_decay
2764,0.003299999982,0.003299999982,0.007499999832,linear_decay
2765,0.003299999982,0.003299999982,0.007499999832,linear_decay
2766,0.003299999982,0.003299999982,0.007499999832,linear_decay
2767,0.003299999982,0.003299999982,0.007499999832,linear_decay
2768,0.003299999982,0.003299999982,0.007499999832,linear_decay
2769,0.003299999982,0.003299999982,0.007499999832,linear_decay
2770,0.003299999982,0.003299999982,0.007499999832,linear_decay
2771,0.003299999982,0.003299999982,0.007499999832,linear_decay
2772,0.003299999982,0.003299999982,0.007499999832,linear_decay
2773,0.003299999982,0.003299999982,0.007499999832,linear_decay
2774,0.003299999982,0.003299999982,0.007499999832,linear_decay
2775,0.003299999982,0.003299999982,0.007499999832,linear_decay
2776,0.003299999982,0.003299999982,0.007499999832,linear_decay
2777,0.003299999982,0.003299999982,0.007499999832,linear_decay
2778,0.003299999982,0.003299999982,0.007499999832,linear_decay
2779,0.003299999982,0.003299999982,0.007499999832,linear_decay
2780,0.003299999982,0.003299999982,0.007499999832,linear_decay
2781,0.003299999982,0.003299999982,0.007499999832,linear_decay
2782,0.003299999982,0.003299999982,0.007499999832,linear_decay
2783,0.003299999982,0.003299999982,0.007499999832,linear_decay
2784,0.003299999982,0.003299999982,0.007499999832,linear_decay
2785,0.003299999982,0.003299999982,0.007499999832,linear_decay
2786,0.003299999982,0.003299999982,0.007499999832,linear_decay
2787,0.003299999982,0.003299999982,0.007499999832,linear_decay
2788,0.003299999982,0.003299999982,0.007499999832,linear_decay
2789,0.003299999982,0.003299999982,0.007499999832,linear_decay
2790,0.003299999982,0.003299999982,0.007499999832,linear_decay
2791,0.003299999982,0.003299999982,0.007499999832,linear_decay
2792,0.003299999982,0.003299999982,0.007499999832,linear_decay
2793,0.003299999982,0.003299999982,0.007499999832,linear_decay
2794,0.003299999982,0.003299999982,0.007499999832,linear_decay
2795,0.003299999982,0.003299999982,0.007499999832,linear_decay
2796,0.003299999982,0.003299999982,0.007499999832,linear_decay
2797,0.003299999982,0.003299999982,0.007499999832,linear_decay
2798,0.003299999982,0.003299999982,0.007499999832,linear_decay
2799,0.003299999982,0.003299999982,0.007499999832,linear_decay
2800,0.003299999982,0.003299999982,0.007499999832,linear_decay
2801,0.003299999982,0.003299999982,0.007499999832,linear_decay
2802,0.003299999982,0.003299999982,0.007499999832,linear_decay
2803,0.003299999982,0.003299999982,0.007499999832,linear_decay
2804,0.003299999982,0.003299999982,0.007499999832,linear_decay
2805,0.003299999982,0.003299999982,0.007499999832,linear_decay
2806,0.003299999982,0.003299999982,0.007499999832,linear_decay
2807,0.003299999982,0.003299999982,0.007499999832,linear_decay
2808,0.003299999982,0.003299999982,0.007499999832,linear_decay
2809,0.003299999982,0.003299999982,0.007499999832,linear_decay
2810,0.003299999982,0.003299999982,0.007499999832,linear_decay
2811,0.003299999982,0.003299999982,0.007499999832,linear_decay
2812,0.003299999982,0.003299999982,0.007499999832,linear_decay
2813,0.003299999982,0.003299999982,0.007499999832,linear_decay
2814,0.003299999982,0.003299999982,0.007499999832,linear_decay
2815,0.003299999982,0.003299999982,0.007499999832,linear_decay
2816,0.003299999982,0.003299999982,0.007499999832,linear_decay
2817,0.003299999982,0.003299999982,0.007499999832,linear_decay
2818,0.003299999982,0.003299999982,0.007499999832,linear_decay
2819,0.003299999982,0.003299999982,0.007499999832,linear_decay
2820,0.003299999982,0.003299999982,0.007499999832,linear_decay
2821,0.003299999982,0.003299999982,0.007499999832,linear_decay
2822,0.003299999982,0.003299999982,0.007499999832,linear_decay
2823,0.003299999982,0.003299999982,0.007499999832,linear_decay
2824,0.003299999982,0.003299999982,0.007499999832,linear_decay
2825,0.003299999982,0.003299999982,0.007499999832,linear_decay
2826,0.003299999982,0.003299999982,0.007499999832,linear_decay
2827,0.003299999982,0.003299999982,0.007499999832,linear_decay
2828,0.003299999982,0.003299999982,0.007499999832,linear_decay
2829,0.003299999982,0.003299999982,0.007499999832,linear_decay
2830,0.003299999982,0.003299999982,0.007499999832,linear_decay
2831,0.003299999982,0.003299999982,0.007499999832,linear_decay
2832,0.003299999982,0.003299999982,0.007499999832,linear_decay
2833,0.003299999982,0.003299999982,0.007499999832,linear_decay
2834,0.003299999982,0.003299999982,0.007499999832,linear_decay
2835,0.003299999982,0.003299999982,0.007499999832,linear_decay
2836,0.003299999982,0.003299999982,0.007499999832,linear_decay
2837,0.003299999982,0.003299999982,0.007499999832,linear_decay
2838,0.003299999982,0.003299999982,0.007499999832,linear_decay
2839,0.003299999982,0.003299999982,0.007499999832,linear_decay
2840,0.003299999982,0.003299999982,0.007499999832,linear_decay
2841,0.003299999982,0.003299999982,0.007499999832,linear_decay
2842,0.003299999982,0.003299999982,0.007499999832,linear_decay
2843,0.003299999982,0.003299999982,0.007499999832,linear_decay
2844,0.003299999982,0.003299999982,0.007499999832,linear_decay
2845,0.003299999982,0.003299999982,0.007499999832,linear_decay
2846,0.003299999982,0.003299999982,0.007499999832,linear_decay
2847,0.003299999982,0.003299999982,0.007499999832,linear_decay
2848,0.003299999982,0.003299999982,0.007499999832,linear_decay
2849,0.003299999982,0.003299999982,0.007499999832,linear_decay
2850,0.003299999982,0.003299999982,0.007499999832,linear_decay
2851,0.003299999982,0.003299999982,0.007499999832,linear_decay
2852,0.003299999982,0.003299999982,0.007499999832,linear_decay
2853,0.003299999982,0.003299999982,0.007499999832,linear_decay
2854,0.003299999982,0.003299999982,0.007499999832,linear_decay
2855,0.003299999982,0.003299999982,0.007499999832,linear_decay
2856,0.003299999982,0.003299999982,0.007499999832,linear_decay
2857,0.003299999982,0.003299999982,0.007499999832,linear_decay
2858,0.003299999982,0.003299999982,0.007499999832,linear_decay
2859,0.003299999982,0.003299999982,0.007499999832,linear_decay
2860,0.003299999982,0.003299999982,0.007499999832,linear_decay
2861,0.003299999982,0.003299999982,0.007499999832,linear_decay
2862,0.003299999982,0.003299999982,0.007499999832,linear_decay
2863,0.003299999982,0.003299999982,0.007499999832,linear_decay
2864,0.003299999982,0.003299999982,0.007499999832,linear_decay
2865,0.003299999982,0.003299999982,0.007499999832,linear_decay
2866,0.003299999982,0.003299999982,0.007499999832,linear_decay
2867,0.003299999982,0.003299999982,0.007499999832,linear_decay
2868,0.003299999982,0.003299999982,0.007499999832,linear_decay
2869,0.003299999982,0.003299999982,0.007499999832,linear_decay
2870,0.003299999982,0.003299999982,0.007499999832,linear_decay
2871,0.003299999982,0.003299999982,0.007499999832,linear_decay
2872,0.003299999982,0.003299999982,0.007499999832,linear_decay
2873,0.003299999982,0.003299999982,0.007499999832,linear_decay
2874,0.003299999982,0.003299999982,0.007499999832,linear_decay
2875,0.003299999982,0.003299999982,0.007499999832,linear_decay
2876,0.003299999982,0.003299999982,0.007499999832,linear_decay
2877,0.003299999982,0.003299999982,0.007499999832,linear_decay
2878,0.003299999982,0.003299999982,0.007499999832,linear_decay
2879,0.003299999982,0.003299999982,0.007499999832,linear_decay
2880,0.003299999982,0.003299999982,0.007499999832,linear_decay
2881,0.003299999982,0.003299999982,0.007499999832,linear_decay
2882,0.003299999982,0.003299999982,0.007499999832,linear_decay
2883,0.003299999982,0.003299999982,0.007499999832,linear_decay
2884,0.003299999982,0.003299999982,0.007499999832,linear_decay
2885,0.003299999982,0.003299999982,0.007499999832,linear_decay
2886,0.003299999982,0.003299999982,0.007499999832,linear_decay
2887,0.003299999982,0.003299999982,0.007499999832,linear_decay
2888,0.003299999982,0.003299999982,0.007499999832,linear_decay
2889,0.003299999982,0.003299999982,0.007499999832,linear_decay
2890,0.003299999982,0.003299999982,0.007499999832,linear_decay
2891,0.003299999982,0.003299999982,0.007499999832,linear_decay
2892,0.003299999982,0.003299999982,0.007499999832,linear_decay
2893,0.003299999982,0.003299999982,0.007499999832,linear_decay
2894,0.003299999982,0.003299999982,0.007499999832,linear_decay
2895,0.003299999982,0.003299999982,0.007499999832,linear_decay
2896,0.003299999982,0.003299999982,0.007499999832,linear_decay
2897,0.003299999982,0.003299999982,0.007499999832,linear_decay
2898,0.003299999982,0.003299999982,0.007499999832,linear_decay
2899,0.003299999982,0.003299999982,0.007499999832,linear_decay
2900,0.003299999982,0.003299999982,0.007499999832,linear_decay
2901,0.003299999982,0.003299999982,0.007499999832,linear_decay
2902,0.003299999982,0.003299999982,0.007499999832,linear_decay
2903,0.003299999982,0.003299999982,0.007499999832,linear_decay
2904,0.003299999982,0.003299999982,0.007499999832,linear_decay
2905,0.003299999982,0.003299999982,0.007499999832,linear_decay
2906,0.003299999982,0.003299999982,0.007499999832,linear_decay
2907,0.003299999982,0.003299999982,0.007499999832,linear_decay
2908,0.003299999982,0.003299999982,0.007499999832,linear_decay
2909,0.003299999982,0.003299999982,0.007499999832,linear_decay
2910,0.003299999982,0.003299999982,0.007499999832,linear_decay
2911,0.003299999982,0.003299999982,0.007499999832,linear_decay
2912,0.003299999982,0.003299999982,0.007499999832,linear_decay
2913,0.003299999982,0.003299999982,0.007499999832,linear_decay
2914,0.003299999982,0.003299999982,0.007499999832,linear_decay
2915,0.003299999982,0.003299999982,0.007499999832,linear_decay
2916,0.003299999982,0.003299999982,0.007499999832,linear_decay
2917,0.003299999982,0.003299999982,0.007499999832,linear_decay
2918,0.003299999982,0.003299999982,0.007499999832,linear_decay
2919,0.003299999982,0.003299999982,0.007499999832,linear_decay
2920,0.003299999982,0.003299999982,0.007499999832,linear_decay
2921,0.003299999982,0.003299999982,0.007499999832,linear_decay
2922,0.003299999982,0.003299999982,0.007499999832,linear_decay
2923,0.003299999982,0.003299999982,0.007499999832,linear_decay
2924,0.003299999982,0.003299999982,0.007499999832,linear_decay
2925,0.003299999982,0.003299999982,0.007499999832,linear_decay
2926,0.003299999982,0.003299999982,0.007499999832,linear_decay
2927,0.003299999982,0.003299999982,0.007499999832,linear_decay
2928,0.003299999982,0.003299999982,0.007499999832,linear_decay
2929,0.003299999982,0.003299999982,0.007499999832,linear_decay
2930,0.003299999982,0.003299999982,0.007499999832,linear_decay
2931,0.003299999982,0.003299999982,0.007499999832,linear_decay
2932,0.003299999982,0.003299999982,0.007499999832,linear_decay
2933,0.003299999982,0.003299999982,0.007499999832,linear_decay
2934,0.003299999982,0.003299999982,0.007499999832,linear_decay
2935,0.003299999982,0.003299999982,0.007499999832,linear_decay
2936,0.003299999982,0.003299999982,0.007499999832,linear_decay
2937,0.003299999982,0.003299999982,0.007499999832,linear_decay
2938,0.003299999982,0.003299999982,0.007499999832,linear_decay
2939,0.003299999982,0.003299999982,0.007499999832,linear_decay
2940,0.003299999982,0.003299999982,0.007499999832,linear_decay
2941,0.003299999982,0.003299999982,0.007499999832,linear_decay
2942,0.003299999982,0.003299999982,0.007499999832,linear_decay
2943,0.003299999982,0.003299999982,0.007499999832,linear_decay
2944,0.003299999982,0.003299999982,0.007499999832,linear_decay
2945,0.003299999982,0.003299999982,0.007499999832,linear_decay
2946,0.003299999982,0.003299999982,0.007499999832,linear_decay
2947,0.003299999982,0.003299999982,0.007499999832,linear_decay
2948,0.003299999982,0.003299999982,0.007499999832,linear_decay
2949,0.003299999982,0.003299999982,0.007499999832,linear_decay
2950,0.003299999982,0.003299999982,0.007499999832,linear_decay
2951,0.003299999982,0.003299999982,0.007499999832,linear_decay
2952,0.003299999982,0.003299999982,0.007499999832,linear_decay
2953,0.003299999982,0.003299999982,0.007499999832,linear_decay
2954,0.003299999982,0.003299999982,0.007499999832,linear_decay
2955,0.003299999982,0.003299999982,0.007499999832,linear_decay
2956,0.003299999982,0.003299999982,0.007499999832,linear_decay
2957,0.003299999982,0.003299999982,0.007499999832,linear_decay
2958,0.003299999982,0.003299999982,0.007499999832,linear_decay
2959,0.003299999982,0.003299999982,0.007499999832,linear_decay
2960,0.003299999982,0.003299999982,0.007499999832,linear_decay
2961,0.003299999982,0.003299999982,0.007499999832,linear_decay
2962,0.003299999982,0.003299999982,0.007499999832,linear_decay
2963,0.003299999982,0.003299999982,0.007499999832,linear_decay
2964,0.003299999982,0.003299999982,0.007499999832,linear_decay
2965,0.003299999982,0.003299999982,0.007499999832,linear_decay
2966,0.003299999982,0.003299999982,0.007499999832,linear_decay
2967,0.003299999982,0.003299999982,0.007499999832,linear_decay
2968,0.003299999982,0.003299999982,0.007499999832,linear_decay
2969,0.003299999982,0.003299999982,0.007499999832,linear_decay
2970,0.003299999982,0.003299999982,0.007499999832,linear_decay
2971,0.003299999982,0.003299999982,0.007499999832,linear_decay
2972,0.003299999982,0.003299999982,0.007499999832,linear_decay
2973,0.003299999982,0.003299999982,0.007499999832,linear_decay
2974,0.003299999982,0.003299999982,0.007499999832,linear_decay
2975,0.003299999982,0.003299999982,0.007499999832,linear_decay
2976,0.003299999982,0.003299999982,0.007499999832,linear_decay
2977,0.003299999982,0.003299999982,0.007499999832,linear_decay
2978,0.003299999982,0.003299999982,0.007499999832,linear_decay
2979,0.003299999982,0.003299999982,0.007499999832,linear_decay
2980,0.003299999982,0.003299999982,0.007499999832,linear_decay
2981,0.003299999982,0.003299999982,0.007499999832,linear_decay
2982,0.003299999982,0.003299999982,0.007499999832,linear_decay
2983,0.003299999982,0.003299999982,0.007499999832,linear_decay
2984,0.003299999982,0.003299999982,0.007499999832,linear_decay
2985,0.003299999982,0.003299999982,0.007499999832,linear_decay
2986,0.003299999982,0.003299999982,0.007499999832,linear_decay
2987,0.003299999982,0.003299999982,0.007499999832,linear_decay
2988,0.003299999982,0.003299999982,0.007499999832,linear_decay
2989,0.003299999982,0.003299999982,0.007499999832,linear_decay
2990,0.003299999982,0.003299999982,0.007499999832,linear_decay
2991,0.003299999982,0.003299999982,0.007499999832,linear_decay
2992,0.003299999982,0.003299999982,0.007499999832,linear_decay
2993,0.003299999982,0.003299999982,0.007499999832,linear_decay
2994,0.003299999982,0.003299999982,0.007499999832,linear_decay
2995,0.003299999982,0.003299999982,0.007499999832,linear_decay
2996,0.003299999982,0.003299999982,0.007499999832,linear_decay
2997,0.003299999982,0.003299999982,0.007499999832,linear_decay
2998,0.003299999982,0.003299999982,0.007499999832,linear_decay
2999,0.003299999982,0.003299999982,0.007499999832,linear_decay
3000,0.003299999982,0.003299999982,0.007499999832,linear_decay
