configuration_id,layer,tap,condition,solver,init,lambda,converged,converged_flat,stalled,iterations,grad_norm,objective,train_ce,cal_ce,dev_ce,train_exact,cal_exact,dev_exact,selected_step,train_ce_2000,ce_coordinate
L19_SEED_1,9,CTX_CONCAT,1,LEGACY_ADAM,zero,0.0001,true,false,false,2000,,,1.40996272345,2.73199429096,2.6698287024,22,26,24,25,0.00675876868064,z_score
L19_SEED_1,9,CTX_CONCAT,1_mapped,LEGACY_ADAM_MAPPED,zero,0.0001,true,false,false,2000,,,1.40996272345,2.73199429096,2.6698287024,22,26,24,,,whitened
L19_SEED_1,9,CTX_CONCAT,3,LEGACY_ADAM,zero_whitened,0.0001,true,false,false,2000,,,3.46255439622,,,2,,6,0,0.000703505517039,whitened
L19_SEED_1,9,CTX_CONCAT,4,CANONICAL_GD,zero,0.0001,false,false,false,10000,0.00014524628739,0.00639131019214,0.00112114709402,9.9960254571,9.25339765065,32,21,21,,,whitened
L19_SEED_1,9,CTX_CONCAT,4,CANONICAL_LBFGS,zero,0.0001,true,true,false,141,1.93934578198e-08,0.00590854659929,0.001082349009,9.674392385,8.90795227351,32,17,16,,,whitened
L19_SEED_1,9,CTX_CONCAT,5,CANONICAL_GD,mapped_legacy,0.0001,false,false,false,10000,0.000221363111899,0.00652280482615,0.00111856446466,9.83638961713,9.05235516756,32,23,21,,,whitened
L19_SEED_1,9,CTX_CONCAT,5,CANONICAL_LBFGS,mapped_legacy,0.0001,true,true,false,137,1.77767055783e-08,0.00590854660089,0.001082348978,9.67438312472,8.90794204075,32,17,16,,,whitened
L19_SEED_1,9,ATT_UPDATE,1,LEGACY_ADAM,zero,0.0001,true,false,false,2000,,,1.47632577595,2.98863675816,2.75721970187,16,7,6,25,0.0119643983691,z_score
L19_SEED_1,9,ATT_UPDATE,1_mapped,LEGACY_ADAM_MAPPED,zero,0.0001,true,false,false,2000,,,1.47632577595,2.98863675816,2.75721970187,16,7,6,,,whitened
L19_SEED_1,9,ATT_UPDATE,2,LEGACY_ADAM,transport,0.0001,true,false,false,2000,,,1.40996269964,2.73199428877,2.66982868815,22,26,24,0,0.0050517629572,whitened
L19_SEED_1,9,ATT_UPDATE,3,LEGACY_ADAM,zero_whitened,0.0001,true,false,false,2000,,,3.4559602918,,,2,,7,0,0.000667040950204,whitened
L19_SEED_1,9,ATT_UPDATE,4,CANONICAL_GD,zero,0.0001,false,false,false,10000,0.000145246557061,0.00639129486148,0.00112114329697,9.99597678799,9.25335092221,32,21,21,,,whitened
L19_SEED_1,9,ATT_UPDATE,4,CANONICAL_LBFGS,zero,0.0001,true,true,false,141,1.93944019274e-08,0.00590853060287,0.00108234489596,9.6743434158,8.90789783455,32,17,16,,,whitened
L19_SEED_1,9,ATT_UPDATE,5,CANONICAL_GD,mapped_legacy,0.0001,false,false,false,10000,0.000239866968614,0.00656960322674,0.00111909544567,9.87814737725,9.06161061609,32,21,22,,,whitened
L19_SEED_1,9,ATT_UPDATE,5,CANONICAL_LBFGS,mapped_legacy,0.0001,true,true,false,136,1.8531952137e-08,0.00590853060522,0.00108234507308,9.67431916775,8.90788579051,32,17,16,,,whitened
L19_SEED_2,7,CTX_CONCAT,1,LEGACY_ADAM,zero,0.0001,true,false,false,2000,,,1.26208333623,2.54040832748,2.41998103635,30,39,37,25,0.00369356831466,z_score
L19_SEED_2,7,CTX_CONCAT,1_mapped,LEGACY_ADAM_MAPPED,zero,0.0001,true,false,false,2000,,,1.26208333623,2.54040832748,2.41998103635,30,39,37,,,whitened
L19_SEED_2,7,CTX_CONCAT,3,LEGACY_ADAM,zero_whitened,0.0001,true,false,false,2000,,,3.54826732546,,,0,,19,0,0.000816428049654,whitened
L19_SEED_2,7,CTX_CONCAT,4,CANONICAL_GD,zero,0.0001,false,false,false,10000,0.000146325468503,0.00674773347756,0.00122064436666,6.06257321959,5.9883816609,32,34,33,,,whitened
L19_SEED_2,7,CTX_CONCAT,4,CANONICAL_LBFGS,zero,0.0001,true,true,false,143,1.81233646376e-08,0.00626262045518,0.00118182921791,5.88178983043,5.76832829303,32,34,32,,,whitened
L19_SEED_2,7,CTX_CONCAT,5,CANONICAL_GD,mapped_legacy,0.0001,false,false,false,10000,0.000221322645445,0.00687635855237,0.00121757323564,6.04645549032,5.95395486616,32,38,39,,,whitened
L19_SEED_2,7,CTX_CONCAT,5,CANONICAL_LBFGS,mapped_legacy,0.0001,true,true,false,143,1.77521469721e-08,0.00626262045658,0.00118182724169,5.88179598726,5.76832986822,32,34,32,,,whitened
L19_SEED_2,7,ATT_UPDATE,1,LEGACY_ADAM,zero,0.0001,true,false,false,2000,,,1.37554602595,2.56670172085,2.56459978344,24,26,24,25,0.00791289985783,z_score
L19_SEED_2,7,ATT_UPDATE,1_mapped,LEGACY_ADAM_MAPPED,zero,0.0001,true,false,false,2000,,,1.37554602595,2.56670172085,2.56459978344,24,26,24,,,whitened
L19_SEED_2,7,ATT_UPDATE,2,LEGACY_ADAM,transport,0.0001,true,false,false,2000,,,1.26208328989,2.54040833224,2.41998102991,30,39,37,0,0.0034187492493,whitened
L19_SEED_2,7,ATT_UPDATE,3,LEGACY_ADAM,zero_whitened,0.0001,true,false,false,2000,,,1.09722842038,,,32,,27,25,0.000720046156561,whitened
L19_SEED_2,7,ATT_UPDATE,4,CANONICAL_GD,zero,0.0001,false,false,false,10000,0.000146324246764,0.00674771015668,0.00122063615806,6.06288883053,5.98874900543,32,34,33,,,whitened
L19_SEED_2,7,ATT_UPDATE,4,CANONICAL_LBFGS,zero,0.0001,true,true,false,143,1.80747968149e-08,0.00626259877972,0.00118182225924,5.88211051065,5.76868863699,32,34,32,,,whitened
L19_SEED_2,7,ATT_UPDATE,5,CANONICAL_GD,mapped_legacy,0.0001,false,false,false,10000,0.000242731550869,0.00692603888648,0.0012159948218,6.00491606384,5.94721972646,32,39,38,,,whitened
L19_SEED_2,7,ATT_UPDATE,5,CANONICAL_LBFGS,mapped_legacy,0.0001,true,true,false,136,2.01499894063e-08,0.00626259878334,0.00118182133852,5.88213306526,5.7687122121,32,34,32,,,whitened
L19_SEED_4,12,CTX_CONCAT,1,LEGACY_ADAM,zero,0.0001,true,false,false,2000,,,0.539106037785,1.89157521237,2.15778525954,32,60,57,50,0.00282357146442,z_score
L19_SEED_4,12,CTX_CONCAT,1_mapped,LEGACY_ADAM_MAPPED,zero,0.0001,true,false,false,2000,,,0.539106037785,1.89157521237,2.15778525954,32,60,57,,,whitened
L19_SEED_4,12,CTX_CONCAT,3,LEGACY_ADAM,zero_whitened,0.0001,true,false,false,2000,,,1.176250688,,,32,,44,25,0.000750618945522,whitened
L19_SEED_4,12,CTX_CONCAT,4,CANONICAL_GD,zero,0.0001,false,false,false,10000,0.000145668162758,0.00676150223523,0.00122561890597,7.39074170051,7.60616635074,32,55,52,,,whitened
L19_SEED_4,12,CTX_CONCAT,4,CANONICAL_LBFGS,zero,0.0001,true,true,false,144,1.75762356763e-08,0.00628072262157,0.00118570517604,7.25074905995,7.49890994231,32,54,52,,,whitened
L19_SEED_4,12,CTX_CONCAT,5,CANONICAL_GD,mapped_legacy,0.0001,false,false,false,10000,0.000296773132518,0.00705988790408,0.00121836109802,7.06096764376,7.35256842946,32,58,51,,,whitened
L19_SEED_4,12,CTX_CONCAT,5,CANONICAL_LBFGS,mapped_legacy,0.0001,true,true,false,134,1.85880607806e-08,0.00628072262323,0.00118570756597,7.25077616314,7.49892473091,32,54,52,,,whitened
L19_SEED_4,12,ATT_UPDATE,1,LEGACY_ADAM,zero,0.0001,true,false,false,2000,,,0.844332488605,2.16234706816,2.61863500483,29,57,47,50,0.00658390033114,z_score
L19_SEED_4,12,ATT_UPDATE,1_mapped,LEGACY_ADAM_MAPPED,zero,0.0001,true,false,false,2000,,,0.844332488605,2.16234706816,2.61863500483,29,57,47,,,whitened
L19_SEED_4,12,ATT_UPDATE,2,LEGACY_ADAM,transport,0.0001,true,false,false,2000,,,0.539106050788,1.89157516556,2.15778520462,32,60,57,0,0.0014642896665,whitened
L19_SEED_4,12,ATT_UPDATE,3,LEGACY_ADAM,zero_whitened,0.0001,true,false,false,2000,,,3.43598719644,,,0,,6,0,0.000750115089793,whitened
L19_SEED_4,12,ATT_UPDATE,4,CANONICAL_GD,zero,0.0001,false,false,false,10000,0.000145668214631,0.00676151355342,0.00122562234699,7.39055323943,7.6060362344,32,55,52,,,whitened
L19_SEED_4,12,ATT_UPDATE,4,CANONICAL_LBFGS,zero,0.0001,true,true,false,143,2.20364044966e-08,0.00628073382354,0.00118570952826,7.25056571602,7.49876700822,32,54,52,,,whitened
L19_SEED_4,12,ATT_UPDATE,5,CANONICAL_GD,mapped_legacy,0.0001,false,false,false,10000,0.000353278019906,0.00723462933773,0.00121602698357,7.03749204798,7.41935774728,32,58,50,,,whitened
L19_SEED_4,12,ATT_UPDATE,5,CANONICAL_LBFGS,mapped_legacy,0.0001,true,true,false,139,1.74029806728e-08,0.00628073382291,0.00118570987502,7.2505706228,7.49875714342,32,54,52,,,whitened
L18_SEED_2_CONTROL,6,CTX_CONCAT,1,LEGACY_ADAM,zero,0.0001,true,false,false,2000,,,0.59867490429,1.77297868766,1.75001998233,31,69,68,50,0.00353480581882,z_score
L18_SEED_2_CONTROL,6,CTX_CONCAT,1_mapped,LEGACY_ADAM_MAPPED,zero,0.0001,true,false,false,2000,,,0.59867490429,1.77297868766,1.75001998233,31,69,68,,,whitened
L18_SEED_2_CONTROL,6,CTX_CONCAT,3,LEGACY_ADAM,zero_whitened,0.0001,true,false,false,2000,,,3.56948232025,,,0,,2,0,0.000597374809825,whitened
L18_SEED_2_CONTROL,6,CTX_CONCAT,4,CANONICAL_GD,zero,0.0001,false,false,false,10000,0.000150740064389,0.00606491909918,0.00105099349757,5.93676089558,5.62532982446,32,36,35,,,whitened
L18_SEED_2_CONTROL,6,CTX_CONCAT,4,CANONICAL_LBFGS,zero,0.0001,true,true,false,131,1.81900037809e-08,0.00556293855074,0.00100422048443,5.56519289285,5.2755127607,32,32,30,,,whitened
L18_SEED_2_CONTROL,6,CTX_CONCAT,5,CANONICAL_GD,mapped_legacy,0.0001,false,false,false,10000,0.000298112893499,0.00635710679288,0.0010435895261,5.75319927395,5.35162236444,32,38,38,,,whitened
L18_SEED_2_CONTROL,6,CTX_CONCAT,5,CANONICAL_LBFGS,mapped_legacy,0.0001,true,true,false,149,2.10757047898e-08,0.0055629385524,0.00100422028199,5.56517792332,5.27550222562,32,32,30,,,whitened
L18_SEED_2_CONTROL,6,ATT_UPDATE,1,LEGACY_ADAM,zero,0.0001,true,false,false,2000,,,0.610015272949,1.79761703209,1.76400362155,31,65,64,50,0.00385080167953,z_score
L18_SEED_2_CONTROL,6,ATT_UPDATE,1_mapped,LEGACY_ADAM_MAPPED,zero,0.0001,true,false,false,2000,,,0.610015272949,1.79761703209,1.76400362155,31,65,64,,,whitened
L18_SEED_2_CONTROL,6,ATT_UPDATE,2,LEGACY_ADAM,transport,0.0001,true,false,false,2000,,,0.598674916054,1.77297868764,1.75001996961,31,69,68,0,0.000841424130522,whitened
L18_SEED_2_CONTROL,6,ATT_UPDATE,3,LEGACY_ADAM,zero_whitened,0.0001,true,false,false,2000,,,3.42048702696,,,2,,2,0,0.000609120383949,whitened
L18_SEED_2_CONTROL,6,ATT_UPDATE,4,CANONICAL_GD,zero,0.0001,false,false,false,10000,0.000150739985624,0.0060649223277,0.00105099425366,5.93676651148,5.62532991555,32,36,35,,,whitened
L18_SEED_2_CONTROL,6,ATT_UPDATE,4,CANONICAL_LBFGS,zero,0.0001,true,true,false,131,1.81897129965e-08,0.00556294189873,0.00100422128057,5.56519104768,5.27551070073,32,32,30,,,whitened
L18_SEED_2_CONTROL,6,ATT_UPDATE,5,CANONICAL_GD,mapped_legacy,0.0001,false,false,false,10000,0.000298257066983,0.00635598732796,0.00104377957615,5.7099990405,5.33624439677,32,39,38,,,whitened
L18_SEED_2_CONTROL,6,ATT_UPDATE,5,CANONICAL_LBFGS,mapped_legacy,0.0001,true,true,false,147,1.76225214774e-08,0.0055629418995,0.00100422151046,5.5651710244,5.27550397532,32,32,30,,,whitened
L19_SEED_1,1,AFTER_FFN,1,LEGACY_ADAM,zero,0.0001,true,false,false,2000,,,0.240570538442,0.336567028005,0.314247225723,28,138,140,175,0.0234832196535,z_score
L19_SEED_1,1,AFTER_FFN,1_mapped,LEGACY_ADAM_MAPPED,zero,0.0001,true,false,false,2000,,,0.240570538442,0.336567028005,0.314247225723,28,138,140,,,whitened
L19_SEED_1,1,AFTER_FFN,3,LEGACY_ADAM,zero_whitened,0.0001,true,false,false,2000,,,1.08275555537,,,32,,47,25,0.000602160960633,whitened
L19_SEED_1,1,AFTER_FFN,4,CANONICAL_GD,zero,0.0001,false,false,false,10000,0.000149709847549,0.00592940509885,0.00102072502162,8.11697909593,8.43344149093,32,38,43,,,whitened
L19_SEED_1,1,AFTER_FFN,4,CANONICAL_LBFGS,zero,0.0001,true,true,false,132,1.81941085352e-08,0.00542516789461,0.000972651879888,7.77549474245,8.1147527208,32,38,43,,,whitened
L19_SEED_1,1,AFTER_FFN,5,CANONICAL_GD,mapped_legacy,0.0001,false,false,false,10000,0.000355444383143,0.00636100420916,0.00100384326959,7.67023877624,7.94797251321,32,40,43,,,whitened
L19_SEED_1,1,AFTER_FFN,5,CANONICAL_LBFGS,mapped_legacy,0.0001,true,true,false,172,1.56191026694e-08,0.00542516789437,0.000972651313492,7.77556984888,8.11485848486,32,38,43,,,whitened
L19_SEED_1,18,AFTER_FFN,1,LEGACY_ADAM,zero,0.0001,true,false,false,2000,,,0.558002315299,1.34633471062,1.42665693726,28,86,88,50,0.0137820277184,z_score
L19_SEED_1,18,AFTER_FFN,1_mapped,LEGACY_ADAM_MAPPED,zero,0.0001,true,false,false,2000,,,0.558002315299,1.34633471062,1.42665693726,28,86,88,,,whitened
L19_SEED_1,18,AFTER_FFN,3,LEGACY_ADAM,zero_whitened,0.0001,true,false,false,2000,,,1.11481012388,,,31,,41,25,0.000750414579553,whitened
L19_SEED_1,18,AFTER_FFN,4,CANONICAL_GD,zero,0.0001,false,false,false,10000,0.000141793955927,0.00685123055124,0.00123966973752,8.27773888562,8.80780259037,32,35,42,,,whitened
L19_SEED_1,18,AFTER_FFN,4,CANONICAL_LBFGS,zero,0.0001,true,true,false,126,2.61787485045e-08,0.00637857170473,0.00120243735895,8.1456227425,8.70072281726,32,42,49,,,whitened
L19_SEED_1,18,AFTER_FFN,5,CANONICAL_GD,mapped_legacy,0.0001,false,false,false,10000,0.000266665060563,0.00706582831782,0.00122964427975,7.93802600674,8.47847251026,32,42,49,,,whitened
L19_SEED_1,18,AFTER_FFN,5,CANONICAL_LBFGS,mapped_legacy,0.0001,true,true,false,128,1.83301470777e-08,0.00637857170545,0.00120243717347,8.14562080324,8.70069837129,32,42,49,,,whitened
L19_SEED_2,1,AFTER_FFN,1,LEGACY_ADAM,zero,0.0001,true,false,false,2000,,,0.18242598367,0.265110678201,0.277141184256,31,126,124,225,0.0127403475592,z_score
L19_SEED_2,1,AFTER_FFN,1_mapped,LEGACY_ADAM_MAPPED,zero,0.0001,true,false,false,2000,,,0.18242598367,0.265110678201,0.277141184256,31,126,124,,,whitened
L19_SEED_2,1,AFTER_FFN,3,LEGACY_ADAM,zero_whitened,0.0001,true,false,false,2000,,,3.37441808679,,,2,,14,0,0.000697687741841,whitened
L19_SEED_2,1,AFTER_FFN,4,CANONICAL_GD,zero,0.0001,false,false,false,10000,0.000142846928327,0.0067006252042,0.00120674775617,6.50238963969,7.46504021739,32,57,58,,,whitened
L19_SEED_2,1,AFTER_FFN,4,CANONICAL_LBFGS,zero,0.0001,true,true,false,127,1.95582405091e-08,0.00622800783858,0.00116863652725,6.41387309028,7.35485898388,32,56,57,,,whitened
L19_SEED_2,1,AFTER_FFN,5,CANONICAL_GD,mapped_legacy,0.0001,false,false,false,10000,0.000404062212753,0.00730563529939,0.00118003342652,6.02558962185,7.1621998545,32,62,62,,,whitened
L19_SEED_2,1,AFTER_FFN,5,CANONICAL_LBFGS,mapped_legacy,0.0001,true,true,false,123,1.68626305935e-08,0.00622800783756,0.0011686381578,6.41381968967,7.35479812965,32,56,57,,,whitened
L19_SEED_2,18,AFTER_FFN,1,LEGACY_ADAM,zero,0.0001,true,false,false,2000,,,0.431479035827,1.59840534578,1.30273535235,29,76,84,75,0.00981808476838,z_score
L19_SEED_2,18,AFTER_FFN,1_mapped,LEGACY_ADAM_MAPPED,zero,0.0001,true,false,false,2000,,,0.431479035827,1.59840534578,1.30273535235,29,76,84,,,whitened
L19_SEED_2,18,AFTER_FFN,3,LEGACY_ADAM,zero_whitened,0.0001,true,false,false,2000,,,1.06139320688,,,31,,36,25,0.000722870186908,whitened
L19_SEED_2,18,AFTER_FFN,4,CANONICAL_GD,zero,0.0001,false,false,false,10000,0.000152106572431,0.00681539694344,0.00126380938942,6.52888802561,6.30354430018,32,48,43,,,whitened
L19_SEED_2,18,AFTER_FFN,4,CANONICAL_LBFGS,zero,0.0001,true,true,false,140,1.80306086698e-08,0.00631161550604,0.00121156012379,6.2800326681,6.09194079625,32,46,43,,,whitened
L19_SEED_2,18,AFTER_FFN,5,CANONICAL_GD,mapped_legacy,0.0001,false,false,false,10000,0.000332023771724,0.00719316318948,0.00125457819299,6.32329884003,6.07973101706,32,48,45,,,whitened
L19_SEED_2,18,AFTER_FFN,5,CANONICAL_LBFGS,mapped_legacy,0.0001,true,true,false,142,1.6296088212e-08,0.0063116155053,0.00121156058227,6.28002324018,6.09193440453,32,46,43,,,whitened
L19_SEED_4,1,AFTER_FFN,1,LEGACY_ADAM,zero,0.0001,true,false,false,2000,,,0.223816729268,0.216586857031,0.214112267442,29,137,137,275,0.0390859113918,z_score
L19_SEED_4,1,AFTER_FFN,1_mapped,LEGACY_ADAM_MAPPED,zero,0.0001,true,false,false,2000,,,0.223816729268,0.216586857031,0.214112267442,29,137,137,,,whitened
L19_SEED_4,1,AFTER_FFN,3,LEGACY_ADAM,zero_whitened,0.0001,true,false,false,2000,,,3.52997285221,,,0,,1,0,0.000655589665841,whitened
L19_SEED_4,1,AFTER_FFN,4,CANONICAL_GD,zero,0.0001,false,false,false,10000,0.000150199341045,0.00616062264016,0.00108005757717,13.5679089231,8.15256051416,32,46,50,,,whitened
L19_SEED_4,1,AFTER_FFN,4,CANONICAL_LBFGS,zero,0.0001,true,true,false,134,2.40400584676e-08,0.00566078076218,0.00103255761115,13.2924324157,8.06487784755,32,45,49,,,whitened
L19_SEED_4,1,AFTER_FFN,5,CANONICAL_GD,mapped_legacy,0.0001,false,false,false,10000,0.000431467804911,0.00686507651536,0.0010627718836,13.198400978,7.5471991544,32,50,55,,,whitened
L19_SEED_4,1,AFTER_FFN,5,CANONICAL_LBFGS,mapped_legacy,0.0001,true,true,false,136,2.07904029577e-08,0.00566078076112,0.0010325569205,13.2924153087,8.06485691204,32,45,49,,,whitened
L19_SEED_4,18,AFTER_FFN,1,LEGACY_ADAM,zero,0.0001,true,false,false,2000,,,0.257824350264,1.00642255335,1.15098631929,30,100,92,100,0.00570026245269,z_score
L19_SEED_4,18,AFTER_FFN,1_mapped,LEGACY_ADAM_MAPPED,zero,0.0001,true,false,false,2000,,,0.257824350264,1.00642255335,1.15098631929,30,100,92,,,whitened
L19_SEED_4,18,AFTER_FFN,3,LEGACY_ADAM,zero_whitened,0.0001,true,false,false,2000,,,1.08444787195,,,31,,54,25,0.000702208496438,whitened
L19_SEED_4,18,AFTER_FFN,4,CANONICAL_GD,zero,0.0001,false,false,false,10000,0.000153405961549,0.00685038477682,0.00127268914963,6.4721751363,6.60581764337,32,52,57,,,whitened
L19_SEED_4,18,AFTER_FFN,4,CANONICAL_LBFGS,zero,0.0001,true,true,false,148,2.02085648346e-08,0.00635123362714,0.0012167136152,6.20560908422,6.35790215489,32,53,56,,,whitened
L19_SEED_4,18,AFTER_FFN,5,CANONICAL_GD,mapped_legacy,0.0001,false,false,false,10000,0.000359749473732,0.00731137241833,0.00126188428538,5.94060566035,6.18644355325,32,58,61,,,whitened
L19_SEED_4,18,AFTER_FFN,5,CANONICAL_LBFGS,mapped_legacy,0.0001,true,true,false,160,1.68399546391e-08,0.00635123362307,0.00121671161065,6.20562302738,6.35789930892,32,53,56,,,whitened
L18_SEED_2_CONTROL,1,AFTER_FFN,1,LEGACY_ADAM,zero,0.0001,true,false,false,2000,,,0.203745820103,0.285446705189,0.30578193204,29,137,137,200,0.0127410336549,z_score
L18_SEED_2_CONTROL,1,AFTER_FFN,1_mapped,LEGACY_ADAM_MAPPED,zero,0.0001,true,false,false,2000,,,0.203745820103,0.285446705189,0.30578193204,29,137,137,,,whitened
L18_SEED_2_CONTROL,1,AFTER_FFN,3,LEGACY_ADAM,zero_whitened,0.0001,true,false,false,2000,,,0.928055986158,,,32,,74,25,0.000566737608348,whitened
L18_SEED_2_CONTROL,1,AFTER_FFN,4,CANONICAL_GD,zero,0.0001,false,false,false,10000,0.000151187064195,0.00586417675189,0.00100476992796,8.09736588993,8.88259264727,32,68,67,,,whitened
L18_SEED_2_CONTROL,1,AFTER_FFN,4,CANONICAL_LBFGS,zero,0.0001,true,true,false,132,2.03778319116e-08,0.00535734643377,0.000955523835058,7.82032630535,8.57694005812,32,68,67,,,whitened
L18_SEED_2_CONTROL,1,AFTER_FFN,5,CANONICAL_GD,mapped_legacy,0.0001,false,false,false,10000,0.000386529655021,0.00639716692929,0.000985700185182,7.89615789659,8.64024751551,32,67,67,,,whitened
L18_SEED_2_CONTROL,1,AFTER_FFN,5,CANONICAL_LBFGS,mapped_legacy,0.0001,true,true,false,162,1.7129825559e-08,0.00535734643389,0.000955524018793,7.82037054629,8.57698141217,32,68,67,,,whitened
L18_SEED_2_CONTROL,16,AFTER_FFN,1,LEGACY_ADAM,zero,0.0001,true,false,false,2000,,,0.38683501361,1.19571983344,0.943184724423,31,79,81,75,0.00489223588717,z_score
L18_SEED_2_CONTROL,16,AFTER_FFN,1_mapped,LEGACY_ADAM_MAPPED,zero,0.0001,true,false,false,2000,,,0.38683501361,1.19571983344,0.943184724423,31,79,81,,,whitened
L18_SEED_2_CONTROL,16,AFTER_FFN,3,LEGACY_ADAM,zero_whitened,0.0001,true,false,false,2000,,,3.474588653,,,1,,9,0,0.000598676451923,whitened
L18_SEED_2_CONTROL,16,AFTER_FFN,4,CANONICAL_GD,zero,0.0001,false,false,false,10000,0.000149650390099,0.00618086729184,0.0010765679293,7.31093791393,6.65245647182,32,50,46,,,whitened
L18_SEED_2_CONTROL,16,AFTER_FFN,4,CANONICAL_LBFGS,zero,0.0001,true,true,false,136,1.34976497556e-08,0.00568418719632,0.00103124715207,7.25196028541,6.60521677039,32,48,46,,,whitened
L18_SEED_2_CONTROL,16,AFTER_FFN,5,CANONICAL_GD,mapped_legacy,0.0001,false,false,false,10000,0.000316581014822,0.00651950002904,0.00106599270934,6.87113092458,6.30594650106,32,50,50,,,whitened
L18_SEED_2_CONTROL,16,AFTER_FFN,5,CANONICAL_LBFGS,mapped_legacy,0.0001,true,true,false,163,1.28470759132e-08,0.00568418719733,0.00103124737544,7.25196094572,6.60521591825,32,48,46,,,whitened
L19_SEED_1,-1,EMBEDDING,1,LEGACY_ADAM,zero,0.0001,true,false,false,2000,,,0.268373561493,0.103090078079,0.103090078079,28,144,144,2000,0.268373561493,z_score
L19_SEED_1,-1,EMBEDDING,1_mapped,LEGACY_ADAM_MAPPED,zero,0.0001,true,false,false,2000,,,0.268373561493,0.103090078079,0.103090078079,28,144,144,,,whitened
L19_SEED_1,-1,EMBEDDING,4,CANONICAL_GD,zero,0.0001,false,false,false,10000,0.000187995443722,0.274221167444,0.268993371937,0.103529732994,0.103529732994,28,144,144,,,whitened
L19_SEED_1,-1,EMBEDDING,4,CANONICAL_LBFGS,zero,0.0001,true,true,false,701,2.74142848669e-07,0.273602089353,0.26890039187,0.103465651597,0.103465651597,28,144,144,,,whitened
L19_SEED_1,0,AFTER_FFN,1,LEGACY_ADAM,zero,0.0001,true,false,false,2000,,,0.255899384176,0.221691475803,0.231866699278,28,140,141,200,0.0447669761659,z_score
L19_SEED_1,0,AFTER_FFN,1_mapped,LEGACY_ADAM_MAPPED,zero,0.0001,true,false,false,2000,,,0.255899384176,0.221691475803,0.231866699278,28,140,141,,,whitened
L19_SEED_1,0,AFTER_FFN,4,CANONICAL_GD,zero,0.0001,false,false,false,10000,0.000155529670308,0.00565847162627,0.000958851545594,9.27124015572,7.7894935626,32,60,61,,,whitened
L19_SEED_1,0,AFTER_FFN,4,CANONICAL_LBFGS,zero,0.0001,true,true,false,126,1.35141823678e-08,0.00513497999343,0.000902050463195,8.90761705142,7.45345614647,32,59,61,,,whitened
L19_SEED_1,1,AFTER_FFN,1,LEGACY_ADAM,zero,0.0001,true,false,false,2000,,,0.240570538442,0.336567028005,0.314247225723,28,138,140,175,0.0234832196535,z_score
L19_SEED_1,1,AFTER_FFN,1_mapped,LEGACY_ADAM_MAPPED,zero,0.0001,true,false,false,2000,,,0.240570538442,0.336567028005,0.314247225723,28,138,140,,,whitened
L19_SEED_1,1,AFTER_FFN,4,CANONICAL_GD,zero,0.0001,false,false,false,10000,0.000149709847549,0.00592940509885,0.00102072502162,8.11697909593,8.43344149093,32,38,43,,,whitened
L19_SEED_1,1,AFTER_FFN,4,CANONICAL_LBFGS,zero,0.0001,true,true,false,132,1.81941085352e-08,0.00542516789461,0.000972651879888,7.77549474245,8.1147527208,32,38,43,,,whitened
L19_SEED_1,2,AFTER_FFN,1,LEGACY_ADAM,zero,0.0001,true,false,false,2000,,,0.283420221578,0.486054053286,0.434191608475,29,119,131,125,0.0172413926889,z_score
L19_SEED_1,2,AFTER_FFN,1_mapped,LEGACY_ADAM_MAPPED,zero,0.0001,true,false,false,2000,,,0.283420221578,0.486054053286,0.434191608475,29,119,131,,,whitened
L19_SEED_1,2,AFTER_FFN,4,CANONICAL_GD,zero,0.0001,false,false,false,10000,0.000150726662342,0.00644334136851,0.00115012450913,6.50200721426,7.33040359087,32,45,37,,,whitened
L19_SEED_1,2,AFTER_FFN,4,CANONICAL_LBFGS,zero,0.0001,true,true,false,139,1.37519285033e-08,0.00594534719986,0.00110203112757,6.27806657573,7.09124387027,32,46,36,,,whitened
L19_SEED_1,3,AFTER_FFN,1,LEGACY_ADAM,zero,0.0001,true,false,false,2000,,,0.275950046509,0.539755474666,0.471260235392,29,116,124,125,0.0185819634163,z_score
L19_SEED_1,3,AFTER_FFN,1_mapped,LEGACY_ADAM_MAPPED,zero,0.0001,true,false,false,2000,,,0.275950046509,0.539755474666,0.471260235392,29,116,124,,,whitened
L19_SEED_1,3,AFTER_FFN,4,CANONICAL_GD,zero,0.0001,false,false,false,10000,0.000145324267096,0.00625211846182,0.00109412005077,6.06910726687,8.07690605838,32,42,34,,,whitened
L19_SEED_1,3,AFTER_FFN,4,CANONICAL_LBFGS,zero,0.0001,true,true,false,120,1.37758423634e-08,0.00576159851631,0.00105123902278,5.92125888773,7.92396874747,32,42,34,,,whitened
L19_SEED_1,4,AFTER_FFN,1,LEGACY_ADAM,zero,0.0001,true,false,false,2000,,,0.271754754632,0.599606094837,0.558850067474,29,111,119,125,0.0165464779156,z_score
L19_SEED_1,4,AFTER_FFN,1_mapped,LEGACY_ADAM_MAPPED,zero,0.0001,true,false,false,2000,,,0.271754754632,0.599606094837,0.558850067474,29,111,119,,,whitened
L19_SEED_1,4,AFTER_FFN,4,CANONICAL_GD,zero,0.0001,false,false,false,10000,0.000145794612284,0.00636102549003,0.00112275791801,7.8355945333,10.1639648377,32,36,32,,,whitened
L19_SEED_1,4,AFTER_FFN,4,CANONICAL_LBFGS,zero,0.0001,true,true,false,145,1.68352969344e-08,0.00586971974359,0.00107918368273,7.59160321774,9.85988952356,32,35,32,,,whitened
L19_SEED_1,5,AFTER_FFN,1,LEGACY_ADAM,zero,0.0001,true,false,false,2000,,,0.315486951974,0.637830777964,0.603903763191,29,112,119,100,0.0142119531577,z_score
L19_SEED_1,5,AFTER_FFN,1_mapped,LEGACY_ADAM_MAPPED,zero,0.0001,true,false,false,2000,,,0.315486951974,0.637830777964,0.603903763191,29,112,119,,,whitened
L19_SEED_1,5,AFTER_FFN,4,CANONICAL_GD,zero,0.0001,false,false,false,10000,0.000149710155533,0.00621269668166,0.00108976521005,13.6911720175,13.4844299884,32,24,30,,,whitened
L19_SEED_1,5,AFTER_FFN,4,CANONICAL_LBFGS,zero,0.0001,true,true,false,139,1.90986004173e-08,0.00571524902245,0.0010431354066,13.3801383999,13.1673534182,32,24,31,,,whitened
L19_SEED_1,6,AFTER_FFN,1,LEGACY_ADAM,zero,0.0001,true,false,false,2000,,,0.322611828041,0.686088137486,0.664466886582,29,112,118,100,0.0157896846289,z_score
L19_SEED_1,6,AFTER_FFN,1_mapped,LEGACY_ADAM_MAPPED,zero,0.0001,true,false,false,2000,,,0.322611828041,0.686088137486,0.664466886582,29,112,118,,,whitened
L19_SEED_1,6,AFTER_FFN,4,CANONICAL_GD,zero,0.0001,false,false,false,10000,0.000146489410589,0.00681286672918,0.00123739886232,6.46829605202,6.03224537772,32,40,36,,,whitened
L19_SEED_1,6,AFTER_FFN,4,CANONICAL_LBFGS,zero,0.0001,true,true,false,148,2.36599452871e-08,0.00633158717482,0.00119504581401,6.45243787911,6.01339143136,32,40,36,,,whitened
L19_SEED_1,7,AFTER_FFN,1,LEGACY_ADAM,zero,0.0001,true,false,false,2000,,,0.323390574997,0.7555361929,0.763776159159,29,112,116,100,0.0170114671937,z_score
L19_SEED_1,7,AFTER_FFN,1_mapped,LEGACY_ADAM_MAPPED,zero,0.0001,true,false,false,2000,,,0.323390574997,0.7555361929,0.763776159159,29,112,116,,,whitened
L19_SEED_1,7,AFTER_FFN,4,CANONICAL_GD,zero,0.0001,false,false,false,10000,0.000149206572854,0.00648629664868,0.00116171989696,5.90499232395,6.40895093488,32,40,44,,,whitened
L19_SEED_1,7,AFTER_FFN,4,CANONICAL_LBFGS,zero,0.0001,true,true,false,133,2.43140141536e-08,0.00599512591413,0.00111537373712,5.84754470542,6.35155809744,32,40,44,,,whitened
L19_SEED_1,8,AFTER_FFN,1,LEGACY_ADAM,zero,0.0001,true,false,false,2000,,,0.387731533867,0.843349613833,0.861205528883,29,109,111,75,0.0163919080079,z_score
L19_SEED_1,8,AFTER_FFN,1_mapped,LEGACY_ADAM_MAPPED,zero,0.0001,true,false,false,2000,,,0.387731533867,0.843349613833,0.861205528883,29,109,111,,,whitened
L19_SEED_1,8,AFTER_FFN,4,CANONICAL_GD,zero,0.0001,false,false,false,10000,0.000148820716704,0.00674246949059,0.00123136482648,6.58931306193,6.81784791077,32,37,35,,,whitened
L19_SEED_1,8,AFTER_FFN,4,CANONICAL_LBFGS,zero,0.0001,true,true,false,144,2.16125059058e-08,0.00625639039296,0.00118572187233,6.5527625839,6.79262092969,32,35,35,,,whitened
L19_SEED_1,9,AFTER_FFN,1,LEGACY_ADAM,zero,0.0001,true,false,false,2000,,,0.385983482823,0.905373797286,0.938180415316,29,103,107,75,0.0144837992199,z_score
L19_SEED_1,9,AFTER_FFN,1_mapped,LEGACY_ADAM_MAPPED,zero,0.0001,true,false,false,2000,,,0.385983482823,0.905373797286,0.938180415316,29,103,107,,,whitened
L19_SEED_1,9,AFTER_FFN,4,CANONICAL_GD,zero,0.0001,false,false,false,10000,0.000148506602603,0.0064723102684,0.00115265620952,5.98135878333,6.54683897722,32,43,41,,,whitened
L19_SEED_1,9,AFTER_FFN,4,CANONICAL_LBFGS,zero,0.0001,true,true,false,128,1.95536247964e-08,0.00598476148647,0.00110860701859,5.83395314579,6.38130906986,32,42,40,,,whitened
L19_SEED_1,10,AFTER_FFN,1,LEGACY_ADAM,zero,0.0001,true,false,false,2000,,,0.394319642889,0.934809561913,0.964161632891,29,100,106,75,0.014848797131,z_score
L19_SEED_1,10,AFTER_FFN,1_mapped,LEGACY_ADAM_MAPPED,zero,0.0001,true,false,false,2000,,,0.394319642889,0.934809561913,0.964161632891,29,100,106,,,whitened
L19_SEED_1,10,AFTER_FFN,4,CANONICAL_GD,zero,0.0001,false,false,false,10000,0.000149116479344,0.00631490470585,0.00111077713565,7.03090187829,7.40367594813,32,32,31,,,whitened
L19_SEED_1,10,AFTER_FFN,4,CANONICAL_LBFGS,zero,0.0001,true,true,false,144,2.18051490224e-08,0.00582345995091,0.00106629967188,6.89488300673,7.25097905752,32,32,31,,,whitened
L19_SEED_1,11,AFTER_FFN,1,LEGACY_ADAM,zero,0.0001,true,false,false,2000,,,0.400143616684,0.98259208337,1.00416828323,29,99,105,75,0.0155532208501,z_score
L19_SEED_1,11,AFTER_FFN,1_mapped,LEGACY_ADAM_MAPPED,zero,0.0001,true,false,false,2000,,,0.400143616684,0.98259208337,1.00416828323,29,99,105,,,whitened
L19_SEED_1,11,AFTER_FFN,4,CANONICAL_GD,zero,0.0001,false,false,false,10000,0.00015079863141,0.00718651425471,0.00136112399205,7.18426417353,7.55330978031,32,41,36,,,whitened
L19_SEED_1,11,AFTER_FFN,4,CANONICAL_LBFGS,zero,0.0001,true,true,false,157,2.17377095631e-08,0.00670081109896,0.00131100653804,7.08502312169,7.45500877217,32,37,31,,,whitened
L19_SEED_1,12,AFTER_FFN,1,LEGACY_ADAM,zero,0.0001,true,false,false,2000,,,0.387845786871,1.02140346934,1.02807398386,29,97,104,75,0.0143436162115,z_score
L19_SEED_1,12,AFTER_FFN,1_mapped,LEGACY_ADAM_MAPPED,zero,0.0001,true,false,false,2000,,,0.387845786871,1.02140346934,1.02807398386,29,97,104,,,whitened
L19_SEED_1,12,AFTER_FFN,4,CANONICAL_GD,zero,0.0001,false,false,false,10000,0.000150247363775,0.0070933679705,0.00133467299934,8.55058041526,8.71912033211,32,35,37,,,whitened
L19_SEED_1,12,AFTER_FFN,4,CANONICAL_LBFGS,zero,0.0001,true,true,false,150,1.42189214259e-08,0.00660769403661,0.00128465121611,8.42327560555,8.67177156914,32,34,36,,,whitened
L19_SEED_1,13,AFTER_FFN,1,LEGACY_ADAM,zero,0.0001,true,false,false,2000,,,0.556935912318,1.05327864385,1.07634381305,28,96,99,50,0.0140174658178,z_score
L19_SEED_1,13,AFTER_FFN,1_mapped,LEGACY_ADAM_MAPPED,zero,0.0001,true,false,false,2000,,,0.556935912318,1.05327864385,1.07634381305,28,96,99,,,whitened
L19_SEED_1,13,AFTER_FFN,4,CANONICAL_GD,zero,0.0001,false,false,false,10000,0.000147720699639,0.00743875623964,0.0014285171513,7.92508029095,7.73476567709,32,25,26,,,whitened
L19_SEED_1,13,AFTER_FFN,4,CANONICAL_LBFGS,zero,0.0001,true,true,false,144,3.60513785048e-08,0.00696188923285,0.00137732332643,7.84074119951,7.70662353096,32,23,26,,,whitened
L19_SEED_1,14,AFTER_FFN,1,LEGACY_ADAM,zero,0.0001,true,false,false,2000,,,0.547372710752,1.1473770955,1.17408240027,28,94,98,50,0.0137606899177,z_score
L19_SEED_1,14,AFTER_FFN,1_mapped,LEGACY_ADAM_MAPPED,zero,0.0001,true,false,false,2000,,,0.547372710752,1.1473770955,1.17408240027,28,94,98,,,whitened
L19_SEED_1,14,AFTER_FFN,4,CANONICAL_GD,zero,0.0001,false,false,false,10000,0.000145767186262,0.00785362218629,0.00155464609159,7.76536559895,7.82296215881,32,25,31,,,whitened
L19_SEED_1,14,AFTER_FFN,4,CANONICAL_LBFGS,zero,0.0001,true,true,false,177,2.48394566506e-08,0.00737576578673,0.00150153508646,7.48409320318,7.5311602923,32,31,38,,,whitened
L19_SEED_1,15,AFTER_FFN,1,LEGACY_ADAM,zero,0.0001,true,false,false,2000,,,0.547515624051,1.18718135712,1.2100205744,28,94,97,50,0.0131514614801,z_score
L19_SEED_1,15,AFTER_FFN,1_mapped,LEGACY_ADAM_MAPPED,zero,0.0001,true,false,false,2000,,,0.547515624051,1.18718135712,1.2100205744,28,94,97,,,whitened
L19_SEED_1,15,AFTER_FFN,4,CANONICAL_GD,zero,0.0001,false,false,false,10000,0.000151772620395,0.00806647838451,0.00164194300276,9.05219882048,10.8708182131,32,31,31,,,whitened
L19_SEED_1,15,AFTER_FFN,4,CANONICAL_LBFGS,zero,0.0001,true,true,false,197,1.82547179353e-08,0.00758474814842,0.00157726725432,8.73830265393,10.5182220294,32,31,31,,,whitened
L19_SEED_1,16,AFTER_FFN,1,LEGACY_ADAM,zero,0.0001,true,false,false,2000,,,0.552614929587,1.2284731282,1.25855760559,28,94,95,50,0.0136893424498,z_score
L19_SEED_1,16,AFTER_FFN,1_mapped,LEGACY_ADAM_MAPPED,zero,0.0001,true,false,false,2000,,,0.552614929587,1.2284731282,1.25855760559,28,94,95,,,whitened
L19_SEED_1,16,AFTER_FFN,4,CANONICAL_GD,zero,0.0001,false,false,false,10000,0.000143512209171,0.00724497078678,0.00136534781226,8.38885595758,9.76569351241,32,30,36,,,whitened
L19_SEED_1,16,AFTER_FFN,4,CANONICAL_LBFGS,zero,0.0001,true,true,false,141,3.21943315181e-08,0.0067705812887,0.00132064329613,8.24587700293,9.62917328877,32,30,36,,,whitened
L19_SEED_1,17,AFTER_FFN,1,LEGACY_ADAM,zero,0.0001,true,false,false,2000,,,0.558741746506,1.28387245801,1.34312578617,28,88,88,50,0.0140898707248,z_score
L19_SEED_1,17,AFTER_FFN,1_mapped,LEGACY_ADAM_MAPPED,zero,0.0001,true,false,false,2000,,,0.558741746506,1.28387245801,1.34312578617,28,88,88,,,whitened
L19_SEED_1,17,AFTER_FFN,4,CANONICAL_GD,zero,0.0001,false,false,false,10000,0.00014275951006,0.0068003250661,0.00123066639192,7.82741532533,9.38387274454,32,37,42,,,whitened
L19_SEED_1,17,AFTER_FFN,4,CANONICAL_LBFGS,zero,0.0001,true,true,false,123,1.52234922106e-08,0.00632443745052,0.00119245549748,7.72241947799,9.28106625519,32,37,42,,,whitened
L19_SEED_1,18,AFTER_FFN,1,LEGACY_ADAM,zero,0.0001,true,false,false,2000,,,0.558002315299,1.34633471062,1.42665693726,28,86,88,50,0.0137820277184,z_score
L19_SEED_1,18,AFTER_FFN,1_mapped,LEGACY_ADAM_MAPPED,zero,0.0001,true,false,false,2000,,,0.558002315299,1.34633471062,1.42665693726,28,86,88,,,whitened
L19_SEED_1,18,AFTER_FFN,4,CANONICAL_GD,zero,0.0001,false,false,false,10000,0.000141793955927,0.00685123055124,0.00123966973752,8.27773888562,8.80780259037,32,35,42,,,whitened
L19_SEED_1,18,AFTER_FFN,4,CANONICAL_LBFGS,zero,0.0001,true,true,false,126,2.61787485045e-08,0.00637857170473,0.00120243735895,8.1456227425,8.70072281726,32,42,49,,,whitened
L19_SEED_1,18,PRE_LN_FINAL,1,LEGACY_ADAM,zero,0.0001,true,false,false,2000,,,0.556058995022,1.34297818603,1.41987519106,28,86,88,50,0.0136452650614,z_score
L19_SEED_1,18,PRE_LN_FINAL,1_mapped,LEGACY_ADAM_MAPPED,zero,0.0001,true,false,false,2000,,,0.556058995022,1.34297818603,1.41987519106,28,86,88,,,whitened
L19_SEED_1,18,PRE_LN_FINAL,4,CANONICAL_GD,zero,0.0001,false,false,false,10000,0.000142613767192,0.00661592156601,0.00118061839812,7.65672583399,8.77998455755,32,36,44,,,whitened
L19_SEED_1,18,PRE_LN_FINAL,4,CANONICAL_LBFGS,zero,0.0001,true,true,false,129,1.20496773872e-08,0.00613802336664,0.00114255338178,7.52133728138,8.61497725439,32,35,44,,,whitened
L19_SEED_1,18,POST_LN_FINAL,1,LEGACY_ADAM,zero,0.0001,true,false,false,2000,,,0.564606283688,1.38216366277,1.47144975962,28,88,90,50,0.0181665448567,z_score
L19_SEED_1,18,POST_LN_FINAL,1_mapped,LEGACY_ADAM_MAPPED,zero,0.0001,true,false,false,2000,,,0.564606283681,1.38216365962,1.47144975511,28,88,90,,,whitened
L19_SEED_1,18,POST_LN_FINAL,4,CANONICAL_GD,zero,0.0001,false,false,false,10000,0.000141812265871,0.00677713882873,0.0012203593375,8.41105173198,8.41081114962,32,32,40,,,whitened
L19_SEED_1,18,POST_LN_FINAL,4,CANONICAL_LBFGS,zero,0.0001,true,true,false,125,1.64284487398e-08,0.00630220212,0.00118291676458,8.22210964528,8.21940338999,32,31,41,,,whitened
L19_SEED_2,-1,EMBEDDING,1,LEGACY_ADAM,zero,0.0001,true,false,false,2000,,,0.26840655769,0.103093851008,0.103093851008,28,144,144,2000,0.26840655769,z_score
L19_SEED_2,-1,EMBEDDING,1_mapped,LEGACY_ADAM_MAPPED,zero,0.0001,true,false,false,2000,,,0.26840655769,0.103093851008,0.103093851008,28,144,144,,,whitened
L19_SEED_2,-1,EMBEDDING,4,CANONICAL_GD,zero,0.0001,false,false,false,10000,0.000187995443722,0.274221167444,0.268993371937,0.103529732994,0.103529732994,28,144,144,,,whitened
L19_SEED_2,-1,EMBEDDING,4,CANONICAL_LBFGS,zero,0.0001,true,true,false,778,2.2129686508e-07,0.273602089294,0.268900377884,0.103465649742,0.103465649742,28,144,144,,,whitened
L19_SEED_2,0,AFTER_FFN,1,LEGACY_ADAM,zero,0.0001,true,false,false,2000,,,0.205594322963,0.202912855037,0.210853728206,29,139,138,225,0.0231705610796,z_score
L19_SEED_2,0,AFTER_FFN,1_mapped,LEGACY_ADAM_MAPPED,zero,0.0001,true,false,false,2000,,,0.205594322963,0.202912855037,0.210853728206,29,139,138,,,whitened
L19_SEED_2,0,AFTER_FFN,4,CANONICAL_GD,zero,0.0001,false,false,false,10000,0.00015539330712,0.00590567163087,0.00101986749925,13.7319926678,15.7828447084,32,41,50,,,whitened
L19_SEED_2,0,AFTER_FFN,4,CANONICAL_LBFGS,zero,0.0001,true,true,false,107,1.53231124292e-08,0.00538673586277,0.000964079092221,13.5197281332,15.6089232684,32,41,50,,,whitened
L19_SEED_2,1,AFTER_FFN,1,LEGACY_ADAM,zero,0.0001,true,false,false,2000,,,0.18242598367,0.265110678201,0.277141184256,31,126,124,225,0.0127403475592,z_score
L19_SEED_2,1,AFTER_FFN,1_mapped,LEGACY_ADAM_MAPPED,zero,0.0001,true,false,false,2000,,,0.18242598367,0.265110678201,0.277141184256,31,126,124,,,whitened
L19_SEED_2,1,AFTER_FFN,4,CANONICAL_GD,zero,0.0001,false,false,false,10000,0.000142846928327,0.0067006252042,0.00120674775617,6.50238963969,7.46504021739,32,57,58,,,whitened
L19_SEED_2,1,AFTER_FFN,4,CANONICAL_LBFGS,zero,0.0001,true,true,false,127,1.95582405091e-08,0.00622800783858,0.00116863652725,6.41387309028,7.35485898388,32,56,57,,,whitened
L19_SEED_2,2,AFTER_FFN,1,LEGACY_ADAM,zero,0.0001,true,false,false,2000,,,0.164242911336,0.364896715316,0.365010104659,31,124,119,225,0.0100048865926,z_score
L19_SEED_2,2,AFTER_FFN,1_mapped,LEGACY_ADAM_MAPPED,zero,0.0001,true,false,false,2000,,,0.164242911336,0.364896715316,0.365010104659,31,124,119,,,whitened
L19_SEED_2,2,AFTER_FFN,4,CANONICAL_GD,zero,0.0001,false,false,false,10000,0.000146185641342,0.00636433351258,0.00114354631611,4.77751688373,5.73484120812,32,70,59,,,whitened
L19_SEED_2,2,AFTER_FFN,4,CANONICAL_LBFGS,zero,0.0001,true,true,false,112,1.07670257521e-08,0.00586347657158,0.00109597019295,4.72960132852,5.73259931986,32,65,55,,,whitened
L19_SEED_2,3,AFTER_FFN,1,LEGACY_ADAM,zero,0.0001,true,false,false,2000,,,0.164593636301,0.457245702751,0.42961138482,31,119,119,200,0.00755257718145,z_score
L19_SEED_2,3,AFTER_FFN,1_mapped,LEGACY_ADAM_MAPPED,zero,0.0001,true,false,false,2000,,,0.164593636301,0.457245702751,0.42961138482,31,119,119,,,whitened
L19_SEED_2,3,AFTER_FFN,4,CANONICAL_GD,zero,0.0001,false,false,false,10000,0.000142372709234,0.00707865560283,0.00133851180141,9.43030515457,8.29833620582,32,58,64,,,whitened
L19_SEED_2,3,AFTER_FFN,4,CANONICAL_LBFGS,zero,0.0001,true,true,false,124,1.66394675943e-08,0.00658730281885,0.00128884014492,9.45475270753,8.26726125404,32,58,63,,,whitened
L19_SEED_2,4,AFTER_FFN,1,LEGACY_ADAM,zero,0.0001,true,false,false,2000,,,0.177231886323,0.529141636784,0.496249020593,32,107,106,175,0.00654964910286,z_score
L19_SEED_2,4,AFTER_FFN,1_mapped,LEGACY_ADAM_MAPPED,zero,0.0001,true,false,false,2000,,,0.177231886323,0.529141636784,0.496249020593,32,107,106,,,whitened
L19_SEED_2,4,AFTER_FFN,4,CANONICAL_GD,zero,0.0001,false,false,false,10000,0.000148559129053,0.00655088147692,0.00118356059106,5.63679844409,4.86408517073,32,66,75,,,whitened
L19_SEED_2,4,AFTER_FFN,4,CANONICAL_LBFGS,zero,0.0001,true,true,false,133,1.88056633342e-08,0.00605787995153,0.00113674437693,5.51727657743,4.78613330832,32,67,75,,,whitened
L19_SEED_2,5,AFTER_FFN,1,LEGACY_ADAM,zero,0.0001,true,false,false,2000,,,0.191887323364,0.618533500725,0.577258183357,32,102,104,150,0.00583684838578,z_score
L19_SEED_2,5,AFTER_FFN,1_mapped,LEGACY_ADAM_MAPPED,zero,0.0001,true,false,false,2000,,,0.191887323364,0.618533500725,0.577258183357,32,102,104,,,whitened
L19_SEED_2,5,AFTER_FFN,4,CANONICAL_GD,zero,0.0001,false,false,false,10000,0.000146783409907,0.00629028200705,0.00111182129877,3.8777109187,5.32055900366,32,73,72,,,whitened
L19_SEED_2,5,AFTER_FFN,4,CANONICAL_LBFGS,zero,0.0001,true,true,false,114,1.59064180741e-08,0.00579578295416,0.00106689538881,3.79299545687,5.18022421906,32,73,71,,,whitened
L19_SEED_2,6,AFTER_FFN,1,LEGACY_ADAM,zero,0.0001,true,false,false,2000,,,0.203906414397,0.700583697001,0.65377488421,32,100,102,150,0.00640787984392,z_score
L19_SEED_2,6,AFTER_FFN,1_mapped,LEGACY_ADAM_MAPPED,zero,0.0001,true,false,false,2000,,,0.203906414397,0.700583697001,0.65377488421,32,100,102,,,whitened
L19_SEED_2,6,AFTER_FFN,4,CANONICAL_GD,zero,0.0001,false,false,false,10000,0.000145288272665,0.00640876445113,0.00113923065205,6.21875284099,5.63194572284,32,69,73,,,whitened
L19_SEED_2,6,AFTER_FFN,4,CANONICAL_LBFGS,zero,0.0001,true,true,false,121,3.27765481804e-08,0.00592139389931,0.00109786030636,6.18530777802,5.57819697516,32,63,68,,,whitened
L19_SEED_2,7,AFTER_FFN,1,LEGACY_ADAM,zero,0.0001,true,false,false,2000,,,0.228159608672,0.779123580206,0.711951425726,31,95,99,125,0.00601748698727,z_score
L19_SEED_2,7,AFTER_FFN,1_mapped,LEGACY_ADAM_MAPPED,zero,0.0001,true,false,false,2000,,,0.228159608672,0.779123580206,0.711951425726,31,95,99,,,whitened
L19_SEED_2,7,AFTER_FFN,4,CANONICAL_GD,zero,0.0001,false,false,false,10000,0.000149774591806,0.0061566591443,0.00107633573868,3.81313267473,4.21496769004,32,74,79,,,whitened
L19_SEED_2,7,AFTER_FFN,4,CANONICAL_LBFGS,zero,0.0001,true,true,false,122,1.85651291088e-08,0.0056584442735,0.00102996482332,3.77687110384,4.16022393313,32,74,76,,,whitened
L19_SEED_2,8,AFTER_FFN,1,LEGACY_ADAM,zero,0.0001,true,false,false,2000,,,0.236679763867,0.887621643816,0.806468190675,31,88,94,125,0.00670624873912,z_score
L19_SEED_2,8,AFTER_FFN,1_mapped,LEGACY_ADAM_MAPPED,zero,0.0001,true,false,false,2000,,,0.236679763867,0.887621643816,0.806468190675,31,88,94,,,whitened
L19_SEED_2,8,AFTER_FFN,4,CANONICAL_GD,zero,0.0001,false,false,false,10000,0.00015065038662,0.00617395225726,0.00108023795107,5.76256411598,5.94960684599,32,52,48,,,whitened
L19_SEED_2,8,AFTER_FFN,4,CANONICAL_LBFGS,zero,0.0001,true,true,false,141,1.94906073642e-08,0.00567434949457,0.00103323879176,5.62731123704,5.81914504992,32,51,47,,,whitened
L19_SEED_2,9,AFTER_FFN,1,LEGACY_ADAM,zero,0.0001,true,false,false,2000,,,0.251118328603,0.964825623389,0.843786635788,31,87,94,125,0.00745778244823,z_score
L19_SEED_2,9,AFTER_FFN,1_mapped,LEGACY_ADAM_MAPPED,zero,0.0001,true,false,false,2000,,,0.251118328603,0.964825623389,0.843786635788,31,87,94,,,whitened
L19_SEED_2,9,AFTER_FFN,4,CANONICAL_GD,zero,0.0001,false,false,false,10000,0.000150550840078,0.00616366320479,0.00107281744574,10.9786412732,9.04569132506,32,42,48,,,whitened
L19_SEED_2,9,AFTER_FFN,4,CANONICAL_LBFGS,zero,0.0001,true,true,false,133,2.5212344431e-08,0.00566423377288,0.00102576618535,10.5155843103,8.7004761316,32,41,46,,,whitened
L19_SEED_2,10,AFTER_FFN,1,LEGACY_ADAM,zero,0.0001,true,false,false,2000,,,0.309164385747,1.04544439075,0.897754112083,30,98,102,100,0.00791488969768,z_score
L19_SEED_2,10,AFTER_FFN,1_mapped,LEGACY_ADAM_MAPPED,zero,0.0001,true,false,false,2000,,,0.309164385747,1.04544439075,0.897754112083,30,98,102,,,whitened
L19_SEED_2,10,AFTER_FFN,4,CANONICAL_GD,zero,0.0001,false,false,false,10000,0.000153835169328,0.00597956303229,0.00103412675524,12.9348123901,10.4163685367,32,39,37,,,whitened
L19_SEED_2,10,AFTER_FFN,4,CANONICAL_LBFGS,zero,0.0001,true,true,false,136,1.21202127714e-08,0.00546721413415,0.000981606674382,12.4366637437,10.0533882679,32,39,37,,,whitened
L19_SEED_2,11,AFTER_FFN,1,LEGACY_ADAM,zero,0.0001,true,false,false,2000,,,0.301748947022,1.12800039393,0.977396267736,30,97,103,100,0.00763865025788,z_score
L19_SEED_2,11,AFTER_FFN,1_mapped,LEGACY_ADAM_MAPPED,zero,0.0001,true,false,false,2000,,,0.301748947022,1.12800039393,0.977396267736,30,97,103,,,whitened
L19_SEED_2,11,AFTER_FFN,4,CANONICAL_GD,zero,0.0001,false,false,false,10000,0.000151298345416,0.00629438790452,0.00111335764145,5.65130995484,4.85116307938,32,55,59,,,whitened
L19_SEED_2,11,AFTER_FFN,4,CANONICAL_LBFGS,zero,0.0001,true,true,false,136,1.87056967398e-08,0.00579209590303,0.0010650675813,5.50902919941,4.73549103521,32,55,59,,,whitened
L19_SEED_2,12,AFTER_FFN,1,LEGACY_ADAM,zero,0.0001,true,false,false,2000,,,0.315710547832,1.15417932137,0.984803689826,30,98,102,100,0.00835380005915,z_score
L19_SEED_2,12,AFTER_FFN,1_mapped,LEGACY_ADAM_MAPPED,zero,0.0001,true,false,false,2000,,,0.315710547832,1.15417932137,0.984803689826,30,98,102,,,whitened
L19_SEED_2,12,AFTER_FFN,4,CANONICAL_GD,zero,0.0001,false,false,false,10000,0.000152601582771,0.006249886411,0.00110047148242,5.72169588248,4.96135645748,32,55,57,,,whitened
L19_SEED_2,12,AFTER_FFN,4,CANONICAL_LBFGS,zero,0.0001,true,true,false,157,1.65051436218e-08,0.00574487241136,0.00105092571241,5.590486548,4.8517345847,32,55,57,,,whitened
L19_SEED_2,13,AFTER_FFN,1,LEGACY_ADAM,zero,0.0001,true,false,false,2000,,,0.322947812188,1.22030992645,1.02498785968,30,92,98,100,0.00899699563532,z_score
L19_SEED_2,13,AFTER_FFN,1_mapped,LEGACY_ADAM_MAPPED,zero,0.0001,true,false,false,2000,,,0.322947812188,1.22030992645,1.02498785968,30,92,98,,,whitened
L19_SEED_2,13,AFTER_FFN,4,CANONICAL_GD,zero,0.0001,false,false,false,10000,0.000153110495666,0.00655761686872,0.00118097208116,7.68545407487,6.55918451759,32,40,38,,,whitened
L19_SEED_2,13,AFTER_FFN,4,CANONICAL_LBFGS,zero,0.0001,true,true,false,137,1.30160197442e-08,0.00605229742546,0.00113015346053,7.55108431999,6.48857755353,32,38,37,,,whitened
L19_SEED_2,14,AFTER_FFN,1,LEGACY_ADAM,zero,0.0001,true,false,false,2000,,,0.317060352738,1.34433748462,1.11756401057,31,79,88,100,0.00868705297714,z_score
L19_SEED_2,14,AFTER_FFN,1_mapped,LEGACY_ADAM_MAPPED,zero,0.0001,true,false,false,2000,,,0.317060352738,1.34433748462,1.11756401057,31,79,88,,,whitened
L19_SEED_2,14,AFTER_FFN,4,CANONICAL_GD,zero,0.0001,false,false,false,10000,0.000152178208732,0.00631479471236,0.00111936844615,6.91807180218,5.90406751419,32,40,38,,,whitened
L19_SEED_2,14,AFTER_FFN,4,CANONICAL_LBFGS,zero,0.0001,true,true,false,122,2.11132033714e-08,0.0058077443535,0.00106887720377,6.7729847884,5.77347148528,32,46,44,,,whitened
L19_SEED_2,15,AFTER_FFN,1,LEGACY_ADAM,zero,0.0001,true,false,false,2000,,,0.321176386378,1.38774189505,1.13573847545,31,78,87,100,0.00920464315975,z_score
L19_SEED_2,15,AFTER_FFN,1_mapped,LEGACY_ADAM_MAPPED,zero,0.0001,true,false,false,2000,,,0.321176386378,1.38774189505,1.13573847545,31,78,87,,,whitened
L19_SEED_2,15,AFTER_FFN,4,CANONICAL_GD,zero,0.0001,false,false,false,10000,0.000152811251748,0.00637013570431,0.00113668713274,5.85301862516,5.260893755,32,61,56,,,whitened
L19_SEED_2,15,AFTER_FFN,4,CANONICAL_LBFGS,zero,0.0001,true,true,false,134,2.85540704416e-08,0.00586047080298,0.00108509298761,5.70032944655,5.11425767359,32,61,56,,,whitened
L19_SEED_2,16,AFTER_FFN,1,LEGACY_ADAM,zero,0.0001,true,false,false,2000,,,0.324483634814,1.42988662742,1.14043268989,31,77,86,100,0.00938379057597,z_score
L19_SEED_2,16,AFTER_FFN,1_mapped,LEGACY_ADAM_MAPPED,zero,0.0001,true,false,false,2000,,,0.324483634814,1.42988662742,1.14043268989,31,77,86,,,whitened
L19_SEED_2,16,AFTER_FFN,4,CANONICAL_GD,zero,0.0001,false,false,false,10000,0.000150881997995,0.00659434714511,0.00119893884563,6.37679536223,5.94381063826,32,61,52,,,whitened
L19_SEED_2,16,AFTER_FFN,4,CANONICAL_LBFGS,zero,0.0001,true,true,false,124,1.4905555547e-08,0.00608947423713,0.00114822971346,6.21844755539,5.79569535692,32,61,51,,,whitened
L19_SEED_2,17,AFTER_FFN,1,LEGACY_ADAM,zero,0.0001,true,false,false,2000,,,0.4295279868,1.51240897705,1.23040143474,29,84,91,75,0.00947114690623,z_score
L19_SEED_2,17,AFTER_FFN,1_mapped,LEGACY_ADAM_MAPPED,zero,0.0001,true,false,false,2000,,,0.4295279868,1.51240897705,1.23040143474,29,84,91,,,whitened
L19_SEED_2,17,AFTER_FFN,4,CANONICAL_GD,zero,0.0001,false,false,false,10000,0.000151601895448,0.00669582688075,0.0012258274579,6.50996419283,6.0227537055,32,64,58,,,whitened
L19_SEED_2,17,AFTER_FFN,4,CANONICAL_LBFGS,zero,0.0001,true,true,false,140,1.88931565397e-08,0.00619099820747,0.00117453756977,6.24921509892,5.80614911599,32,65,58,,,whitened
L19_SEED_2,18,AFTER_FFN,1,LEGACY_ADAM,zero,0.0001,true,false,false,2000,,,0.431479035827,1.59840534578,1.30273535235,29,76,84,75,0.00981808476838,z_score
L19_SEED_2,18,AFTER_FFN,1_mapped,LEGACY_ADAM_MAPPED,zero,0.0001,true,false,false,2000,,,0.431479035827,1.59840534578,1.30273535235,29,76,84,,,whitened
L19_SEED_2,18,AFTER_FFN,4,CANONICAL_GD,zero,0.0001,false,false,false,10000,0.000152106572431,0.00681539694344,0.00126380938942,6.52888802561,6.30354430018,32,48,43,,,whitened
L19_SEED_2,18,AFTER_FFN,4,CANONICAL_LBFGS,zero,0.0001,true,true,false,140,1.80306086698e-08,0.00631161550604,0.00121156012379,6.2800326681,6.09194079625,32,46,43,,,whitened
L19_SEED_2,18,PRE_LN_FINAL,1,LEGACY_ADAM,zero,0.0001,true,false,false,2000,,,0.428706743725,1.58540595422,1.28769753395,29,76,84,75,0.0096482502412,z_score
L19_SEED_2,18,PRE_LN_FINAL,1_mapped,LEGACY_ADAM_MAPPED,zero,0.0001,true,false,false,2000,,,0.428706743725,1.58540595422,1.28769753395,29,76,84,,,whitened
L19_SEED_2,18,PRE_LN_FINAL,4,CANONICAL_GD,zero,0.0001,false,false,false,10000,0.000151924088663,0.00685428144992,0.00127395142764,6.503392341,6.20749897339,32,55,51,,,whitened
L19_SEED_2,18,PRE_LN_FINAL,4,CANONICAL_LBFGS,zero,0.0001,true,true,false,142,2.00139577495e-08,0.00635080982025,0.00122118242686,6.24614060657,5.99111262644,32,55,49,,,whitened
L19_SEED_2,18,POST_LN_FINAL,1,LEGACY_ADAM,zero,0.0001,true,false,false,2000,,,0.630313762426,1.63038520165,1.37890650956,29,82,91,50,0.014727576216,z_score
L19_SEED_2,18,POST_LN_FINAL,1_mapped,LEGACY_ADAM_MAPPED,zero,0.0001,true,false,false,2000,,,0.630313763702,1.63038519551,1.3789065051,29,82,91,,,whitened
L19_SEED_2,18,POST_LN_FINAL,4,CANONICAL_GD,zero,0.0001,false,false,false,10000,0.000154031628925,0.00829437706984,0.00172969213004,8.12830179192,8.52313287185,32,55,50,,,whitened
L19_SEED_2,18,POST_LN_FINAL,4,CANONICAL_LBFGS,zero,0.0001,true,true,false,178,3.27999923289e-08,0.00780734621901,0.00165251908152,7.88059056996,8.28445502486,32,55,50,,,whitened
L19_SEED_4,-1,EMBEDDING,1,LEGACY_ADAM,zero,0.0001,true,false,false,2000,,,0.268329657093,0.103018005071,0.103018005071,28,144,144,2000,0.268329657093,z_score
L19_SEED_4,-1,EMBEDDING,1_mapped,LEGACY_ADAM_MAPPED,zero,0.0001,true,false,false,2000,,,0.268329657093,0.103018005071,0.103018005071,28,144,144,,,whitened
L19_SEED_4,-1,EMBEDDING,4,CANONICAL_GD,zero,0.0001,false,false,false,10000,0.000187995443722,0.274221167444,0.268993371937,0.103529732994,0.103529732994,28,144,144,,,whitened
L19_SEED_4,-1,EMBEDDING,4,CANONICAL_LBFGS,zero,0.0001,true,true,false,901,2.34145419035e-07,0.273602089364,0.268900393922,0.103465649699,0.103465649699,28,144,144,,,whitened
L19_SEED_4,0,AFTER_FFN,1,LEGACY_ADAM,zero,0.0001,true,false,false,2000,,,0.23558917151,0.19261354029,0.19737189219,29,137,135,250,0.0556998643623,z_score
L19_SEED_4,0,AFTER_FFN,1_mapped,LEGACY_ADAM_MAPPED,zero,0.0001,true,false,false,2000,,,0.23558917151,0.19261354029,0.19737189219,29,137,135,,,whitened
L19_SEED_4,0,AFTER_FFN,4,CANONICAL_GD,zero,0.0001,false,false,false,10000,0.000153944521555,0.00579081457369,0.00099230932597,22.4583717228,19.257214043,32,37,33,,,whitened
L19_SEED_4,0,AFTER_FFN,4,CANONICAL_LBFGS,zero,0.0001,true,true,false,138,1.523099086e-08,0.00527433362256,0.000938797410732,21.8848503762,18.7986944427,32,37,34,,,whitened
L19_SEED_4,1,AFTER_FFN,1,LEGACY_ADAM,zero,0.0001,true,false,false,2000,,,0.223816729268,0.216586857031,0.214112267442,29,137,137,275,0.0390859113918,z_score
L19_SEED_4,1,AFTER_FFN,1_mapped,LEGACY_ADAM_MAPPED,zero,0.0001,true,false,false,2000,,,0.223816729268,0.216586857031,0.214112267442,29,137,137,,,whitened
L19_SEED_4,1,AFTER_FFN,4,CANONICAL_GD,zero,0.0001,false,false,false,10000,0.000150199341045,0.00616062264016,0.00108005757717,13.5679089231,8.15256051416,32,46,50,,,whitened
L19_SEED_4,1,AFTER_FFN,4,CANONICAL_LBFGS,zero,0.0001,true,true,false,134,2.40400584676e-08,0.00566078076218,0.00103255761115,13.2924324157,8.06487784755,32,45,49,,,whitened
L19_SEED_4,2,AFTER_FFN,1,LEGACY_ADAM,zero,0.0001,true,false,false,2000,,,0.201711296588,0.227675602252,0.241859257189,29,136,134,300,0.0334187976844,z_score
L19_SEED_4,2,AFTER_FFN,1_mapped,LEGACY_ADAM_MAPPED,zero,0.0001,true,false,false,2000,,,0.201711296588,0.227675602252,0.241859257189,29,136,134,,,whitened
L19_SEED_4,2,AFTER_FFN,4,CANONICAL_GD,zero,0.0001,false,false,false,10000,0.000149985783798,0.00608501728935,0.00105410085368,13.0750939091,12.6477340654,32,36,39,,,whitened
L19_SEED_4,2,AFTER_FFN,4,CANONICAL_LBFGS,zero,0.0001,true,true,false,139,1.80538726779e-08,0.00558488086519,0.0010072312913,12.8208202735,12.4111411324,32,32,33,,,whitened
L19_SEED_4,3,AFTER_FFN,1,LEGACY_ADAM,zero,0.0001,true,false,false,2000,,,0.196499587382,0.251756147844,0.291632298687,30,130,127,275,0.022142783555,z_score
L19_SEED_4,3,AFTER_FFN,1_mapped,LEGACY_ADAM_MAPPED,zero,0.0001,true,false,false,2000,,,0.196499587382,0.251756147844,0.291632298687,30,130,127,,,whitened
L19_SEED_4,3,AFTER_FFN,4,CANONICAL_GD,zero,0.0001,false,false,false,10000,0.000151306037111,0.0062910165954,0.00111279352631,17.8746339812,11.9562705344,32,33,35,,,whitened
L19_SEED_4,3,AFTER_FFN,4,CANONICAL_LBFGS,zero,0.0001,true,true,false,126,1.6055681221e-08,0.00579053239432,0.00106350568025,17.6448386911,11.8790741741,32,33,31,,,whitened
L19_SEED_4,4,AFTER_FFN,1,LEGACY_ADAM,zero,0.0001,true,false,false,2000,,,0.198039442761,0.286807397695,0.337271708733,30,127,123,275,0.0205741174173,z_score
L19_SEED_4,4,AFTER_FFN,1_mapped,LEGACY_ADAM_MAPPED,zero,0.0001,true,false,false,2000,,,0.198039442761,0.286807397695,0.337271708733,30,127,123,,,whitened
L19_SEED_4,4,AFTER_FFN,4,CANONICAL_GD,zero,0.0001,false,false,false,10000,0.000149058195646,0.00635380555598,0.00111128244106,6.5290216072,5.19563448897,32,60,64,,,whitened
L19_SEED_4,4,AFTER_FFN,4,CANONICAL_LBFGS,zero,0.0001,true,true,false,139,1.37761353251e-08,0.00586452510242,0.00106754599121,6.36205177241,5.08424281279,32,60,64,,,whitened
L19_SEED_4,5,AFTER_FFN,1,LEGACY_ADAM,zero,0.0001,true,false,false,2000,,,0.207475953971,0.33465430917,0.372498719081,30,123,120,225,0.0150707504282,z_score
L19_SEED_4,5,AFTER_FFN,1_mapped,LEGACY_ADAM_MAPPED,zero,0.0001,true,false,false,2000,,,0.207475953971,0.33465430917,0.372498719081,30,123,120,,,whitened
L19_SEED_4,5,AFTER_FFN,4,CANONICAL_GD,zero,0.0001,false,false,false,10000,0.000139161898577,0.00702093848231,0.00130481855953,16.9188141835,15.161358499,32,24,26,,,whitened
L19_SEED_4,5,AFTER_FFN,4,CANONICAL_LBFGS,zero,0.0001,true,true,false,128,2.28125697393e-08,0.00654593318241,0.00126456792474,16.6668489545,14.9125333911,32,24,26,,,whitened
L19_SEED_4,6,AFTER_FFN,1,LEGACY_ADAM,zero,0.0001,true,false,false,2000,,,0.216823561268,0.37825989873,0.398880812445,30,122,121,200,0.013260508107,z_score
L19_SEED_4,6,AFTER_FFN,1_mapped,LEGACY_ADAM_MAPPED,zero,0.0001,true,false,false,2000,,,0.216823561268,0.37825989873,0.398880812445,30,122,121,,,whitened
L19_SEED_4,6,AFTER_FFN,4,CANONICAL_GD,zero,0.0001,false,false,false,10000,0.000144668684001,0.00645306152408,0.00114271779346,8.16409866518,7.86100012429,32,46,47,,,whitened
L19_SEED_4,6,AFTER_FFN,4,CANONICAL_LBFGS,zero,0.0001,true,true,false,136,1.92651894522e-08,0.00596499812653,0.00109991996448,7.8602613254,7.59347567058,32,47,47,,,whitened
L19_SEED_4,7,AFTER_FFN,1,LEGACY_ADAM,zero,0.0001,true,false,false,2000,,,0.210017156342,0.407934653753,0.426543596337,30,123,120,200,0.0115035607518,z_score
L19_SEED_4,7,AFTER_FFN,1_mapped,LEGACY_ADAM_MAPPED,zero,0.0001,true,false,false,2000,,,0.210017156342,0.407934653753,0.426543596337,30,123,120,,,whitened
L19_SEED_4,7,AFTER_FFN,4,CANONICAL_GD,zero,0.0001,false,false,false,10000,0.00015030768641,0.00600522083099,0.00103402120066,8.17596846811,7.21838222696,32,52,52,,,whitened
L19_SEED_4,7,AFTER_FFN,4,CANONICAL_LBFGS,zero,0.0001,true,true,false,133,2.00963964058e-08,0.0055035586728,0.000986937106778,7.91935523784,6.96778570487,32,52,51,,,whitened
L19_SEED_4,8,AFTER_FFN,1,LEGACY_ADAM,zero,0.0001,true,false,false,2000,,,0.227319593207,0.443136851789,0.447451543853,29,127,126,175,0.0101860718221,z_score
L19_SEED_4,8,AFTER_FFN,1_mapped,LEGACY_ADAM_MAPPED,zero,0.0001,true,false,false,2000,,,0.227319593207,0.443136851789,0.447451543853,29,127,126,,,whitened
L19_SEED_4,8,AFTER_FFN,4,CANONICAL_GD,zero,0.0001,false,false,false,10000,0.000149730675621,0.00623913632857,0.0010881853528,8.84237413088,6.81337053848,32,43,41,,,whitened
L19_SEED_4,8,AFTER_FFN,4,CANONICAL_LBFGS,zero,0.0001,true,true,false,129,1.75107073029e-08,0.00574242103115,0.00104176650808,8.78755062534,6.7534839704,32,39,41,,,whitened
L19_SEED_4,9,AFTER_FFN,1,LEGACY_ADAM,zero,0.0001,true,false,false,2000,,,0.216935249923,0.483629008887,0.497116285113,30,120,119,175,0.0088872367012,z_score
L19_SEED_4,9,AFTER_FFN,1_mapped,LEGACY_ADAM_MAPPED,zero,0.0001,true,false,false,2000,,,0.216935249923,0.483629008887,0.497116285113,30,120,119,,,whitened
L19_SEED_4,9,AFTER_FFN,4,CANONICAL_GD,zero,0.0001,false,false,false,10000,0.000143360954382,0.00709928782002,0.00131930736832,6.30691134001,5.5958108339,32,60,53,,,whitened
L19_SEED_4,9,AFTER_FFN,4,CANONICAL_LBFGS,zero,0.0001,true,true,false,141,1.65119168676e-08,0.00662411444515,0.00127582252546,6.28914670375,5.60838099288,32,59,53,,,whitened
L19_SEED_4,10,AFTER_FFN,1,LEGACY_ADAM,zero,0.0001,true,false,false,2000,,,0.221806454004,0.519198032471,0.54964695184,30,120,117,150,0.00744627262339,z_score
L19_SEED_4,10,AFTER_FFN,1_mapped,LEGACY_ADAM_MAPPED,zero,0.0001,true,false,false,2000,,,0.221806454004,0.519198032471,0.54964695184,30,120,117,,,whitened
L19_SEED_4,10,AFTER_FFN,4,CANONICAL_GD,zero,0.0001,false,false,false,10000,0.000139449742859,0.00710488075618,0.00130716488974,6.40117299934,5.10008691098,32,57,56,,,whitened
L19_SEED_4,10,AFTER_FFN,4,CANONICAL_LBFGS,zero,0.0001,true,true,false,116,2.22876018746e-08,0.00663391185968,0.00126859653783,6.25355284992,4.92569010226,32,58,57,,,whitened
L19_SEED_4,11,AFTER_FFN,1,LEGACY_ADAM,zero,0.0001,true,false,false,2000,,,0.235890272404,0.586158738907,0.619760405556,30,118,112,125,0.0067043549539,z_score
L19_SEED_4,11,AFTER_FFN,1_mapped,LEGACY_ADAM_MAPPED,zero,0.0001,true,false,false,2000,,,0.235890272404,0.586158738907,0.619760405556,30,118,112,,,whitened
L19_SEED_4,11,AFTER_FFN,4,CANONICAL_GD,zero,0.0001,false,false,false,10000,0.000145999804054,0.00664830936484,0.00119403611463,11.7831525933,8.92134825863,32,45,44,,,whitened
L19_SEED_4,11,AFTER_FFN,4,CANONICAL_LBFGS,zero,0.0001,true,true,false,123,1.55898560759e-08,0.00615887543331,0.00115021425045,11.4860248314,8.73285915697,32,45,44,,,whitened
L19_SEED_4,12,AFTER_FFN,1,LEGACY_ADAM,zero,0.0001,true,false,false,2000,,,0.227774110757,0.657543474864,0.702577239928,30,117,110,125,0.00664625015062,z_score
L19_SEED_4,12,AFTER_FFN,1_mapped,LEGACY_ADAM_MAPPED,zero,0.0001,true,false,false,2000,,,0.227774110757,0.657543474864,0.702577239928,30,117,110,,,whitened
L19_SEED_4,12,AFTER_FFN,4,CANONICAL_GD,zero,0.0001,false,false,false,10000,0.000141472871169,0.00708449996224,0.00130183355986,6.72579354977,7.91191988595,32,50,45,,,whitened
L19_SEED_4,12,AFTER_FFN,4,CANONICAL_LBFGS,zero,0.0001,true,true,false,131,1.85916654185e-08,0.00661065575709,0.0012627694651,6.57695163223,7.75310393929,32,50,44,,,whitened
L19_SEED_4,13,AFTER_FFN,1,LEGACY_ADAM,zero,0.0001,true,false,false,2000,,,0.265041944156,0.728797115469,0.791908850245,30,111,103,100,0.00632703888992,z_score
L19_SEED_4,13,AFTER_FFN,1_mapped,LEGACY_ADAM_MAPPED,zero,0.0001,true,false,false,2000,,,0.265041944156,0.728797115469,0.791908850245,30,111,103,,,whitened
L19_SEED_4,13,AFTER_FFN,4,CANONICAL_GD,zero,0.0001,false,false,false,10000,0.000146281244879,0.00669570487915,0.00119987098312,10.1280186428,9.53442385592,32,38,32,,,whitened
L19_SEED_4,13,AFTER_FFN,4,CANONICAL_LBFGS,zero,0.0001,true,true,false,131,1.60145817562e-08,0.00621334834322,0.00115771407184,10.0506933257,9.38888993304,32,37,32,,,whitened
L19_SEED_4,14,AFTER_FFN,1,LEGACY_ADAM,zero,0.0001,true,false,false,2000,,,0.264884561632,0.76389346393,0.818988420188,30,110,102,100,0.00623122813222,z_score
L19_SEED_4,14,AFTER_FFN,1_mapped,LEGACY_ADAM_MAPPED,zero,0.0001,true,false,false,2000,,,0.264884561632,0.76389346393,0.818988420188,30,110,102,,,whitened
L19_SEED_4,14,AFTER_FFN,4,CANONICAL_GD,zero,0.0001,false,false,false,10000,0.000150601265006,0.00667036205835,0.001206765967,8.505545031,8.00664023077,32,48,39,,,whitened
L19_SEED_4,14,AFTER_FFN,4,CANONICAL_LBFGS,zero,0.0001,true,true,false,139,1.87234578492e-08,0.00617414827062,0.00115939423209,8.22637068095,7.72580573202,32,49,39,,,whitened
L19_SEED_4,15,AFTER_FFN,1,LEGACY_ADAM,zero,0.0001,true,false,false,2000,,,0.258633037185,0.806982453874,0.888623713602,30,107,102,100,0.00616559372957,z_score
L19_SEED_4,15,AFTER_FFN,1_mapped,LEGACY_ADAM_MAPPED,zero,0.0001,true,false,false,2000,,,0.258633037185,0.806982453874,0.888623713602,30,107,102,,,whitened
L19_SEED_4,15,AFTER_FFN,4,CANONICAL_GD,zero,0.0001,false,false,false,10000,0.000150426864279,0.0065850614078,0.00118378987202,6.42205930417,6.25610378196,32,56,49,,,whitened
L19_SEED_4,15,AFTER_FFN,4,CANONICAL_LBFGS,zero,0.0001,true,true,false,137,2.21865862751e-08,0.00608983702675,0.00113628140532,6.15344911354,5.99147383336,32,56,49,,,whitened
L19_SEED_4,16,AFTER_FFN,1,LEGACY_ADAM,zero,0.0001,true,false,false,2000,,,0.257826857552,0.88284708584,0.991272482209,30,106,100,100,0.00599244459594,z_score
L19_SEED_4,16,AFTER_FFN,1_mapped,LEGACY_ADAM_MAPPED,zero,0.0001,true,false,false,2000,,,0.257826857552,0.88284708584,0.991272482209,30,106,100,,,whitened
L19_SEED_4,16,AFTER_FFN,4,CANONICAL_GD,zero,0.0001,false,false,false,10000,0.000153160116603,0.00682416585411,0.00125564275453,7.12699780786,6.67815980067,32,56,48,,,whitened
L19_SEED_4,16,AFTER_FFN,4,CANONICAL_LBFGS,zero,0.0001,true,true,false,152,2.29192374608e-08,0.00632334984146,0.00120275693399,6.90571182556,6.49418762144,32,55,48,,,whitened
L19_SEED_4,17,AFTER_FFN,1,LEGACY_ADAM,zero,0.0001,true,false,false,2000,,,0.256636690117,0.961397441709,1.09724918436,30,100,94,100,0.00575096829412,z_score
L19_SEED_4,17,AFTER_FFN,1_mapped,LEGACY_ADAM_MAPPED,zero,0.0001,true,false,false,2000,,,0.256636690117,0.961397441709,1.09724918436,30,100,94,,,whitened
L19_SEED_4,17,AFTER_FFN,4,CANONICAL_GD,zero,0.0001,false,false,false,10000,0.000151827337596,0.00681023194911,0.001251145688,9.44086003261,8.35196232339,32,41,45,,,whitened
L19_SEED_4,17,AFTER_FFN,4,CANONICAL_LBFGS,zero,0.0001,true,false,false,145,7.53296680066e-09,0.00631332494615,0.00119905255646,9.3492504379,8.2617720002,32,42,44,,,whitened
L19_SEED_4,18,AFTER_FFN,1,LEGACY_ADAM,zero,0.0001,true,false,false,2000,,,0.257824350264,1.00642255335,1.15098631929,30,100,92,100,0.00570026245269,z_score
L19_SEED_4,18,AFTER_FFN,1_mapped,LEGACY_ADAM_MAPPED,zero,0.0001,true,false,false,2000,,,0.257824350264,1.00642255335,1.15098631929,30,100,92,,,whitened
L19_SEED_4,18,AFTER_FFN,4,CANONICAL_GD,zero,0.0001,false,false,false,10000,0.000153405961549,0.00685038477682,0.00127268914963,6.4721751363,6.60581764337,32,52,57,,,whitened
L19_SEED_4,18,AFTER_FFN,4,CANONICAL_LBFGS,zero,0.0001,true,true,false,148,2.02085648346e-08,0.00635123362714,0.0012167136152,6.20560908422,6.35790215489,32,53,56,,,whitened
L19_SEED_4,18,PRE_LN_FINAL,1,LEGACY_ADAM,zero,0.0001,true,false,false,2000,,,0.254343469459,1.00266475986,1.14236322842,30,100,93,100,0.00572109967323,z_score
L19_SEED_4,18,PRE_LN_FINAL,1_mapped,LEGACY_ADAM_MAPPED,zero,0.0001,true,false,false,2000,,,0.254343469459,1.00266475986,1.14236322842,30,100,93,,,whitened
L19_SEED_4,18,PRE_LN_FINAL,4,CANONICAL_GD,zero,0.0001,false,false,false,10000,0.000150320286988,0.00660200677305,0.00119103909386,8.79023927894,8.29782028917,32,42,47,,,whitened
L19_SEED_4,18,PRE_LN_FINAL,4,CANONICAL_LBFGS,zero,0.0001,true,true,false,135,1.58152602878e-08,0.00610784327718,0.00114158618802,8.61233891302,8.12866967835,32,42,47,,,whitened
L19_SEED_4,18,POST_LN_FINAL,1,LEGACY_ADAM,zero,0.0001,true,false,false,2000,,,0.246341763808,0.994014972277,1.08566543227,30,96,95,100,0.00587346932473,z_score
L19_SEED_4,18,POST_LN_FINAL,1_mapped,LEGACY_ADAM_MAPPED,zero,0.0001,true,false,false,2000,,,0.246341764121,0.994014974055,1.08566543329,30,96,95,,,whitened
L19_SEED_4,18,POST_LN_FINAL,4,CANONICAL_GD,zero,0.0001,false,false,false,10000,0.000146881082618,0.00690579029216,0.00126697873253,9.62205658247,9.57499297207,32,47,55,,,whitened
L19_SEED_4,18,POST_LN_FINAL,4,CANONICAL_LBFGS,zero,0.0001,true,true,false,139,1.60816203892e-08,0.00642189778142,0.00122153507275,9.52137330492,9.49795147411,32,47,55,,,whitened
L18_SEED_2_CONTROL,-1,EMBEDDING,1,LEGACY_ADAM,zero,0.0001,true,false,false,2000,,,0.268391928569,0.103086974046,0.103086974046,28,144,144,2000,0.268391928569,z_score
L18_SEED_2_CONTROL,-1,EMBEDDING,1_mapped,LEGACY_ADAM_MAPPED,zero,0.0001,true,false,false,2000,,,0.268391928569,0.103086974046,0.103086974046,28,144,144,,,whitened
L18_SEED_2_CONTROL,-1,EMBEDDING,4,CANONICAL_GD,zero,0.0001,false,false,false,10000,0.000187995443722,0.274221167444,0.268993371937,0.103529732994,0.103529732994,28,144,144,,,whitened
L18_SEED_2_CONTROL,-1,EMBEDDING,4,CANONICAL_LBFGS,zero,0.0001,true,true,false,873,1.29234971966e-07,0.273602089347,0.26890040542,0.103465686238,0.103465686238,28,144,144,,,whitened
L18_SEED_2_CONTROL,0,AFTER_FFN,1,LEGACY_ADAM,zero,0.0001,true,false,false,2000,,,0.209814190274,0.226294903172,0.250274848913,29,138,134,225,0.0219002706531,z_score
L18_SEED_2_CONTROL,0,AFTER_FFN,1_mapped,LEGACY_ADAM_MAPPED,zero,0.0001,true,false,false,2000,,,0.209814190274,0.226294903172,0.250274848913,29,138,134,,,whitened
L18_SEED_2_CONTROL,0,AFTER_FFN,4,CANONICAL_GD,zero,0.0001,false,false,false,10000,0.000155734262457,0.00566810280157,0.000961732665457,16.8543978206,18.7256021065,32,43,42,,,whitened
L18_SEED_2_CONTROL,0,AFTER_FFN,4,CANONICAL_LBFGS,zero,0.0001,true,false,false,115,9.2489061005e-09,0.0051446544059,0.000904977970317,16.2437901136,18.0744131921,32,43,42,,,whitened
L18_SEED_2_CONTROL,1,AFTER_FFN,1,LEGACY_ADAM,zero,0.0001,true,false,false,2000,,,0.203745820103,0.285446705189,0.30578193204,29,137,137,200,0.0127410336549,z_score
L18_SEED_2_CONTROL,1,AFTER_FFN,1_mapped,LEGACY_ADAM_MAPPED,zero,0.0001,true,false,false,2000,,,0.203745820103,0.285446705189,0.30578193204,29,137,137,,,whitened
L18_SEED_2_CONTROL,1,AFTER_FFN,4,CANONICAL_GD,zero,0.0001,false,false,false,10000,0.000151187064195,0.00586417675189,0.00100476992796,8.09736588993,8.88259264727,32,68,67,,,whitened
L18_SEED_2_CONTROL,1,AFTER_FFN,4,CANONICAL_LBFGS,zero,0.0001,true,true,false,132,2.03778319116e-08,0.00535734643377,0.000955523835058,7.82032630535,8.57694005812,32,68,67,,,whitened
L18_SEED_2_CONTROL,2,AFTER_FFN,1,LEGACY_ADAM,zero,0.0001,true,false,false,2000,,,0.192892600675,0.338167153078,0.36339184441,31,123,118,200,0.00952038401728,z_score
L18_SEED_2_CONTROL,2,AFTER_FFN,1_mapped,LEGACY_ADAM_MAPPED,zero,0.0001,true,false,false,2000,,,0.192892600675,0.338167153078,0.36339184441,31,123,118,,,whitened
L18_SEED_2_CONTROL,2,AFTER_FFN,4,CANONICAL_GD,zero,0.0001,false,false,false,10000,0.000151416281055,0.00598777933056,0.00104428262846,4.18550086812,4.24011532694,32,82,75,,,whitened
L18_SEED_2_CONTROL,2,AFTER_FFN,4,CANONICAL_LBFGS,zero,0.0001,true,true,false,109,1.53582452119e-08,0.00547682001692,0.000993336295109,4.13451946526,4.17898319871,32,82,75,,,whitened
L18_SEED_2_CONTROL,3,AFTER_FFN,1,LEGACY_ADAM,zero,0.0001,true,false,false,2000,,,0.193758401545,0.411874181492,0.433287140375,31,121,117,175,0.00776804328667,z_score
L18_SEED_2_CONTROL,3,AFTER_FFN,1_mapped,LEGACY_ADAM_MAPPED,zero,0.0001,true,false,false,2000,,,0.193758401545,0.411874181492,0.433287140375,31,121,117,,,whitened
L18_SEED_2_CONTROL,3,AFTER_FFN,4,CANONICAL_GD,zero,0.0001,false,false,false,10000,0.000149052807517,0.00618762064794,0.00109915471087,5.67189059227,6.60903010572,32,65,63,,,whitened
L18_SEED_2_CONTROL,3,AFTER_FFN,4,CANONICAL_LBFGS,zero,0.0001,true,true,false,110,3.19985694589e-08,0.00568304300436,0.00105111887092,5.63959487118,6.55535228887,32,64,63,,,whitened
L18_SEED_2_CONTROL,4,AFTER_FFN,1,LEGACY_ADAM,zero,0.0001,true,false,false,2000,,,0.202746946112,0.448645601254,0.472913828201,32,110,103,150,0.00619000007314,z_score
L18_SEED_2_CONTROL,4,AFTER_FFN,1_mapped,LEGACY_ADAM_MAPPED,zero,0.0001,true,false,false,2000,,,0.202746946112,0.448645601254,0.472913828201,32,110,103,,,whitened
L18_SEED_2_CONTROL,4,AFTER_FFN,4,CANONICAL_GD,zero,0.0001,false,false,false,10000,0.000155089778257,0.00585612891048,0.00100556323358,3.84112741371,3.8155403862,32,82,83,,,whitened
L18_SEED_2_CONTROL,4,AFTER_FFN,4,CANONICAL_LBFGS,zero,0.0001,true,true,false,133,1.92029894764e-08,0.00533959444782,0.000951747714091,3.7284562541,3.70247643394,32,82,83,,,whitened
L18_SEED_2_CONTROL,5,AFTER_FFN,1,LEGACY_ADAM,zero,0.0001,true,false,false,2000,,,0.194359692284,0.587060987515,0.595113741312,32,103,102,150,0.00518739918444,z_score
L18_SEED_2_CONTROL,5,AFTER_FFN,1_mapped,LEGACY_ADAM_MAPPED,zero,0.0001,true,false,false,2000,,,0.194359692284,0.587060987515,0.595113741312,32,103,102,,,whitened
L18_SEED_2_CONTROL,5,AFTER_FFN,4,CANONICAL_GD,zero,0.0001,false,false,false,10000,0.000154490288604,0.00585203054049,0.00100295261588,4.01335824831,4.67690789136,32,85,78,,,whitened
L18_SEED_2_CONTROL,5,AFTER_FFN,4,CANONICAL_LBFGS,zero,0.0001,true,true,false,154,1.60590946246e-08,0.00533705255906,0.000949678444153,3.87779118823,4.52274075554,32,85,78,,,whitened
L18_SEED_2_CONTROL,6,AFTER_FFN,1,LEGACY_ADAM,zero,0.0001,true,false,false,2000,,,0.251049510664,0.695211277598,0.6667771733,32,93,96,125,0.00546373601794,z_score
L18_SEED_2_CONTROL,6,AFTER_FFN,1_mapped,LEGACY_ADAM_MAPPED,zero,0.0001,true,false,false,2000,,,0.251049510664,0.695211277598,0.6667771733,32,93,96,,,whitened
L18_SEED_2_CONTROL,6,AFTER_FFN,4,CANONICAL_GD,zero,0.0001,false,false,false,10000,0.00015301214812,0.00589619577299,0.00101070046877,4.9127367066,6.00913394688,32,66,60,,,whitened
L18_SEED_2_CONTROL,6,AFTER_FFN,4,CANONICAL_LBFGS,zero,0.0001,true,true,false,133,1.694279545e-08,0.00538660241133,0.000959902026537,4.73937440867,5.79565195088,32,66,59,,,whitened
L18_SEED_2_CONTROL,7,AFTER_FFN,1,LEGACY_ADAM,zero,0.0001,true,false,false,2000,,,0.242711901191,0.743388826442,0.683146905377,32,92,92,125,0.00537270036924,z_score
L18_SEED_2_CONTROL,7,AFTER_FFN,1_mapped,LEGACY_ADAM_MAPPED,zero,0.0001,true,false,false,2000,,,0.242711901191,0.743388826442,0.683146905377,32,92,92,,,whitened
L18_SEED_2_CONTROL,7,AFTER_FFN,4,CANONICAL_GD,zero,0.0001,false,false,false,10000,0.000138261946174,0.00701836853432,0.00130244639853,10.3391877382,10.3642610848,32,38,35,,,whitened
L18_SEED_2_CONTROL,7,AFTER_FFN,4,CANONICAL_LBFGS,zero,0.0001,true,true,false,123,2.00966223101e-08,0.00654769462932,0.00126509134901,10.4759196255,10.4177501405,32,37,34,,,whitened
L18_SEED_2_CONTROL,8,AFTER_FFN,1,LEGACY_ADAM,zero,0.0001,true,false,false,2000,,,0.23257349276,0.780862697324,0.73821063547,32,92,91,125,0.00494902083741,z_score
L18_SEED_2_CONTROL,8,AFTER_FFN,1_mapped,LEGACY_ADAM_MAPPED,zero,0.0001,true,false,false,2000,,,0.23257349276,0.780862697324,0.73821063547,32,92,91,,,whitened
L18_SEED_2_CONTROL,8,AFTER_FFN,4,CANONICAL_GD,zero,0.0001,false,false,false,10000,0.000149031553186,0.00619231930607,0.00108539464317,8.00700457703,9.93528796212,32,38,27,,,whitened
L18_SEED_2_CONTROL,8,AFTER_FFN,4,CANONICAL_LBFGS,zero,0.0001,true,true,false,129,1.24751703126e-08,0.00569425868098,0.00103951810184,7.90841927651,9.80190428344,32,38,27,,,whitened
L18_SEED_2_CONTROL,9,AFTER_FFN,1,LEGACY_ADAM,zero,0.0001,true,false,false,2000,,,0.240730679806,0.827441060814,0.731364984128,32,91,91,125,0.00530159162546,z_score
L18_SEED_2_CONTROL,9,AFTER_FFN,1_mapped,LEGACY_ADAM_MAPPED,zero,0.0001,true,false,false,2000,,,0.240730679806,0.827441060814,0.731364984128,32,91,91,,,whitened
L18_SEED_2_CONTROL,9,AFTER_FFN,4,CANONICAL_GD,zero,0.0001,false,false,false,10000,0.000151209752758,0.00609398482165,0.00105929251234,9.55445294814,9.90988927316,32,37,31,,,whitened
L18_SEED_2_CONTROL,9,AFTER_FFN,4,CANONICAL_LBFGS,zero,0.0001,true,true,false,137,1.5389358154e-08,0.00559115545247,0.0010116087758,9.31019666183,9.73265245063,32,36,31,,,whitened
L18_SEED_2_CONTROL,10,AFTER_FFN,1,LEGACY_ADAM,zero,0.0001,true,false,false,2000,,,0.292407401532,0.868977650676,0.738910681035,31,93,97,100,0.00527127737105,z_score
L18_SEED_2_CONTROL,10,AFTER_FFN,1_mapped,LEGACY_ADAM_MAPPED,zero,0.0001,true,false,false,2000,,,0.292407401532,0.868977650676,0.738910681035,31,93,97,,,whitened
L18_SEED_2_CONTROL,10,AFTER_FFN,4,CANONICAL_GD,zero,0.0001,false,false,false,10000,0.000141357475418,0.0066747111407,0.00120550175856,7.80177495887,8.20599647938,32,47,52,,,whitened
L18_SEED_2_CONTROL,10,AFTER_FFN,4,CANONICAL_LBFGS,zero,0.0001,true,true,false,115,1.80182279897e-08,0.00619270200578,0.00116490553424,7.76774960283,8.13801281286,32,47,51,,,whitened
L18_SEED_2_CONTROL,11,AFTER_FFN,1,LEGACY_ADAM,zero,0.0001,true,false,false,2000,,,0.279158882053,0.901264078596,0.78244296958,32,89,92,100,0.00481680548475,z_score
L18_SEED_2_CONTROL,11,AFTER_FFN,1_mapped,LEGACY_ADAM_MAPPED,zero,0.0001,true,false,false,2000,,,0.279158882053,0.901264078596,0.78244296958,32,89,92,,,whitened
L18_SEED_2_CONTROL,11,AFTER_FFN,4,CANONICAL_GD,zero,0.0001,false,false,false,10000,0.000149337776453,0.00596620151539,0.00102856194345,7.28540086538,7.20512859976,32,56,51,,,whitened
L18_SEED_2_CONTROL,11,AFTER_FFN,4,CANONICAL_LBFGS,zero,0.0001,true,true,false,131,1.76886475064e-08,0.00546166380095,0.000980024026459,7.10468031831,7.02606974548,32,47,44,,,whitened
L18_SEED_2_CONTROL,12,AFTER_FFN,1,LEGACY_ADAM,zero,0.0001,true,false,false,2000,,,0.29250011238,0.954761360219,0.794682192562,31,90,95,100,0.00507274902676,z_score
L18_SEED_2_CONTROL,12,AFTER_FFN,1_mapped,LEGACY_ADAM_MAPPED,zero,0.0001,true,false,false,2000,,,0.29250011238,0.954761360219,0.794682192562,31,90,95,,,whitened
L18_SEED_2_CONTROL,12,AFTER_FFN,4,CANONICAL_GD,zero,0.0001,false,false,false,10000,0.000147617021444,0.00614245769456,0.00106965425116,7.86874954983,7.25965748968,32,38,41,,,whitened
L18_SEED_2_CONTROL,12,AFTER_FFN,4,CANONICAL_LBFGS,zero,0.0001,true,true,false,132,2.16318152829e-08,0.00564600790833,0.00102470037154,7.71499214403,7.1100782161,32,29,32,,,whitened
L18_SEED_2_CONTROL,13,AFTER_FFN,1,LEGACY_ADAM,zero,0.0001,true,false,false,2000,,,0.293838103668,1.01532971266,0.820809826563,31,86,91,100,0.00516348061785,z_score
L18_SEED_2_CONTROL,13,AFTER_FFN,1_mapped,LEGACY_ADAM_MAPPED,zero,0.0001,true,false,false,2000,,,0.293838103668,1.01532971266,0.820809826563,31,86,91,,,whitened
L18_SEED_2_CONTROL,13,AFTER_FFN,4,CANONICAL_GD,zero,0.0001,false,false,false,10000,0.000152767292442,0.00607870597181,0.0010559612281,5.77436970493,5.02820285738,32,52,57,,,whitened
L18_SEED_2_CONTROL,13,AFTER_FFN,4,CANONICAL_LBFGS,zero,0.0001,true,true,false,159,2.44893363073e-08,0.0055717981485,0.00100592942501,5.73351753467,4.99969270666,32,52,56,,,whitened
L18_SEED_2_CONTROL,14,AFTER_FFN,1,LEGACY_ADAM,zero,0.0001,true,false,false,2000,,,0.290912976638,1.07481825338,0.857248880432,32,78,82,100,0.00497777961481,z_score
L18_SEED_2_CONTROL,14,AFTER_FFN,1_mapped,LEGACY_ADAM_MAPPED,zero,0.0001,true,false,false,2000,,,0.290912976638,1.07481825338,0.857248880432,32,78,82,,,whitened
L18_SEED_2_CONTROL,14,AFTER_FFN,4,CANONICAL_GD,zero,0.0001,false,false,false,10000,0.000146850195666,0.00654511902864,0.00116292045472,8.90805527381,8.41731853558,32,35,34,,,whitened
L18_SEED_2_CONTROL,14,AFTER_FFN,4,CANONICAL_LBFGS,zero,0.0001,true,true,false,131,1.70329996147e-08,0.00605953882829,0.00112119154799,8.81386542088,8.35865927136,32,35,34,,,whitened
L18_SEED_2_CONTROL,15,AFTER_FFN,1,LEGACY_ADAM,zero,0.0001,true,false,false,2000,,,0.289432531929,1.14182098176,0.880207457428,32,77,80,100,0.00492357741747,z_score
L18_SEED_2_CONTROL,15,AFTER_FFN,1_mapped,LEGACY_ADAM_MAPPED,zero,0.0001,true,false,false,2000,,,0.289432531929,1.14182098176,0.880207457428,32,77,80,,,whitened
L18_SEED_2_CONTROL,15,AFTER_FFN,4,CANONICAL_GD,zero,0.0001,false,false,false,10000,0.000146989777962,0.00645783213382,0.00114176241655,8.85895056544,9.29979699352,32,35,29,,,whitened
L18_SEED_2_CONTROL,15,AFTER_FFN,4,CANONICAL_LBFGS,zero,0.0001,true,true,false,134,2.67359960114e-08,0.00597391918559,0.00110054562224,8.63024472559,9.08115332333,32,35,29,,,whitened
L18_SEED_2_CONTROL,16,AFTER_FFN,1,LEGACY_ADAM,zero,0.0001,true,false,false,2000,,,0.38683501361,1.19571983344,0.943184724423,31,79,81,75,0.00489223588717,z_score
L18_SEED_2_CONTROL,16,AFTER_FFN,1_mapped,LEGACY_ADAM_MAPPED,zero,0.0001,true,false,false,2000,,,0.38683501361,1.19571983344,0.943184724423,31,79,81,,,whitened
L18_SEED_2_CONTROL,16,AFTER_FFN,4,CANONICAL_GD,zero,0.0001,false,false,false,10000,0.000149650390099,0.00618086729184,0.0010765679293,7.31093791393,6.65245647182,32,50,46,,,whitened
L18_SEED_2_CONTROL,16,AFTER_FFN,4,CANONICAL_LBFGS,zero,0.0001,true,true,false,136,1.34976497556e-08,0.00568418719632,0.00103124715207,7.25196028541,6.60521677039,32,48,46,,,whitened
L18_SEED_2_CONTROL,17,AFTER_FFN,1,LEGACY_ADAM,zero,0.0001,true,false,false,2000,,,0.387082906273,1.29925549373,1.00636308244,31,77,78,75,0.00480571604236,z_score
L18_SEED_2_CONTROL,17,AFTER_FFN,1_mapped,LEGACY_ADAM_MAPPED,zero,0.0001,true,false,false,2000,,,0.387082906273,1.29925549373,1.00636308244,31,77,78,,,whitened
L18_SEED_2_CONTROL,17,AFTER_FFN,4,CANONICAL_GD,zero,0.0001,false,false,false,10000,0.000147208802764,0.00642651654508,0.00113485576855,5.81502024889,5.13551493959,32,63,65,,,whitened
L18_SEED_2_CONTROL,17,AFTER_FFN,4,CANONICAL_LBFGS,zero,0.0001,true,true,false,144,1.50371677836e-08,0.00594014178563,0.00109323299277,5.67759218432,5.0243994748,32,63,65,,,whitened
L18_SEED_2_CONTROL,17,PRE_LN_FINAL,1,LEGACY_ADAM,zero,0.0001,true,false,false,2000,,,0.385119441305,1.2736696927,0.989854658893,31,77,78,75,0.00483476009647,z_score
L18_SEED_2_CONTROL,17,PRE_LN_FINAL,1_mapped,LEGACY_ADAM_MAPPED,zero,0.0001,true,false,false,2000,,,0.385119441305,1.2736696927,0.989854658893,31,77,78,,,whitened
L18_SEED_2_CONTROL,17,PRE_LN_FINAL,4,CANONICAL_GD,zero,0.0001,false,false,false,10000,0.000152600885009,0.00620342863713,0.00108381348307,6.45836748124,5.20474826378,32,57,59,,,whitened
L18_SEED_2_CONTROL,17,PRE_LN_FINAL,4,CANONICAL_LBFGS,zero,0.0001,true,true,false,142,2.04443923971e-08,0.00570127961813,0.0010353832862,6.40459948511,5.1804392543,32,57,58,,,whitened
L18_SEED_2_CONTROL,17,POST_LN_FINAL,1,LEGACY_ADAM,zero,0.0001,true,false,false,2000,,,0.622130258846,1.30972565068,1.08316729149,30,91,95,50,0.005919756118,z_score
L18_SEED_2_CONTROL,17,POST_LN_FINAL,1_mapped,LEGACY_ADAM_MAPPED,zero,0.0001,true,false,false,2000,,,0.622130259002,1.30972565397,1.08316729599,30,91,95,,,whitened
L18_SEED_2_CONTROL,17,POST_LN_FINAL,4,CANONICAL_GD,zero,0.0001,false,false,false,10000,0.000149807161963,0.00655255452786,0.00116826414467,6.81665079732,6.21532686088,32,44,50,,,whitened
L18_SEED_2_CONTROL,17,POST_LN_FINAL,4,CANONICAL_LBFGS,zero,0.0001,true,true,false,137,1.7441475716e-08,0.00606225996339,0.00112347625115,6.83773495389,6.25338948973,32,44,48,,,whitened
L19_SEED_1,11,NORM1,1,LEGACY_ADAM,zero,0.0001,true,false,false,2000,,,0.413382311349,1.00249272382,1.00806256704,28,98,103,75,0.0202704695947,z_score
L19_SEED_1,11,NORM1,1_mapped,LEGACY_ADAM_MAPPED,zero,0.0001,true,false,false,2000,,,0.413382311724,1.00249272531,1.00806257175,28,98,103,,,whitened
L19_SEED_1,11,NORM1,4,CANONICAL_GD,zero,0.0001,false,false,false,10000,0.000148278318351,0.00710452535311,0.00132583548627,7.55133517406,7.35537494009,32,37,39,,,whitened
L19_SEED_1,11,NORM1,4,CANONICAL_LBFGS,zero,0.0001,true,true,false,145,2.42906626075e-08,0.00662624243042,0.00128271005258,7.5526178377,7.35318172643,32,30,29,,,whitened
L19_SEED_1,11,AFTER_ATTN,1,LEGACY_ADAM,zero,0.0001,true,false,false,2000,,,0.381780972497,0.991958701636,1.03336398336,29,99,104,75,0.0141928441493,z_score
L19_SEED_1,11,AFTER_ATTN,1_mapped,LEGACY_ADAM_MAPPED,zero,0.0001,true,false,false,2000,,,0.381780972497,0.991958701636,1.03336398336,29,99,104,,,whitened
L19_SEED_1,11,AFTER_ATTN,4,CANONICAL_GD,zero,0.0001,false,false,false,10000,0.000148264533112,0.00712124914014,0.00132675074672,7.24663791579,7.6748583208,32,40,38,,,whitened
L19_SEED_1,11,AFTER_ATTN,4,CANONICAL_LBFGS,zero,0.0001,true,true,false,161,4.21444268091e-08,0.0066433823394,0.00128247786163,7.11034380338,7.49182623755,32,36,34,,,whitened
L19_SEED_1,12,NORM1,1,LEGACY_ADAM,zero,0.0001,true,false,false,2000,,,0.41666263913,1.05695886599,1.08862804361,28,95,101,75,0.0222542385319,z_score
L19_SEED_1,12,NORM1,1_mapped,LEGACY_ADAM_MAPPED,zero,0.0001,true,false,false,2000,,,0.416662639197,1.05695886695,1.08862804589,28,95,101,,,whitened
L19_SEED_1,12,NORM1,4,CANONICAL_GD,zero,0.0001,false,false,false,10000,0.000151067539691,0.00736866229938,0.00141009465018,7.93540664946,7.93469742976,32,38,39,,,whitened
L19_SEED_1,12,NORM1,4,CANONICAL_LBFGS,zero,0.0001,true,true,false,164,2.42972495456e-08,0.00688511171925,0.00136023141853,7.87103585391,7.91466190365,32,38,37,,,whitened
L19_SEED_1,12,AFTER_ATTN,1,LEGACY_ADAM,zero,0.0001,true,false,false,2000,,,0.54410278834,1.02527781697,1.07400324856,28,103,107,50,0.0132462098826,z_score
L19_SEED_1,12,AFTER_ATTN,1_mapped,LEGACY_ADAM_MAPPED,zero,0.0001,true,false,false,2000,,,0.54410278834,1.02527781697,1.07400324856,28,103,107,,,whitened
L19_SEED_1,12,AFTER_ATTN,4,CANONICAL_GD,zero,0.0001,false,false,false,10000,0.000151424434548,0.00724448578688,0.00137766755814,7.17201850634,7.90882550112,32,34,32,,,whitened
L19_SEED_1,12,AFTER_ATTN,4,CANONICAL_LBFGS,zero,0.0001,true,true,false,164,1.87318166095e-08,0.0067586523837,0.00132700632503,7.13778527022,7.88750011784,32,32,32,,,whitened
L19_SEED_1,13,NORM1,1,LEGACY_ADAM,zero,0.0001,true,false,false,2000,,,0.565985768139,1.07735185333,1.14818430041,28,90,93,50,0.0197852515269,z_score
L19_SEED_1,13,NORM1,1_mapped,LEGACY_ADAM_MAPPED,zero,0.0001,true,false,false,2000,,,0.565985768133,1.07735185409,1.14818430589,28,90,93,,,whitened
L19_SEED_1,13,NORM1,4,CANONICAL_GD,zero,0.0001,false,false,false,10000,0.000144741795506,0.0071477755623,0.00132714752681,9.40083851573,9.33018135183,32,36,35,,,whitened
L19_SEED_1,13,NORM1,4,CANONICAL_LBFGS,zero,0.0001,true,true,false,132,2.83464534203e-08,0.00667644328656,0.00128648026973,9.29705765369,9.23744966556,32,34,35,,,whitened
L19_SEED_1,13,AFTER_ATTN,1,LEGACY_ADAM,zero,0.0001,true,false,false,2000,,,0.536938747131,1.07418803565,1.11825884244,28,94,99,50,0.0130458230786,z_score
L19_SEED_1,13,AFTER_ATTN,1_mapped,LEGACY_ADAM_MAPPED,zero,0.0001,true,false,false,2000,,,0.536938747131,1.07418803565,1.11825884244,28,94,99,,,whitened
L19_SEED_1,13,AFTER_ATTN,4,CANONICAL_GD,zero,0.0001,false,false,false,10000,0.000147545092866,0.00753790046022,0.00146592861189,8.92122072924,9.56942546918,32,26,27,,,whitened
L19_SEED_1,13,AFTER_ATTN,4,CANONICAL_LBFGS,zero,0.0001,true,true,false,153,4.43213208795e-08,0.00705915856836,0.00141292827902,8.70090182729,9.39924972307,32,26,27,,,whitened
L19_SEED_1,14,NORM1,1,LEGACY_ADAM,zero,0.0001,true,false,false,2000,,,0.565880218365,1.11065242174,1.18903621199,28,89,93,50,0.0191811828076,z_score
L19_SEED_1,14,NORM1,1_mapped,LEGACY_ADAM_MAPPED,zero,0.0001,true,false,false,2000,,,0.565880218175,1.11065241983,1.1890362119,28,89,93,,,whitened
L19_SEED_1,14,NORM1,4,CANONICAL_GD,zero,0.0001,false,false,false,10000,0.00014051125558,0.00739318109794,0.00138649393937,9.89520153931,9.96776968844,32,20,25,,,whitened
L19_SEED_1,14,NORM1,4,CANONICAL_LBFGS,zero,0.0001,true,true,false,138,1.14317228143e-08,0.00692946737615,0.00134974135677,9.87004001061,9.99256813044,32,19,25,,,whitened
L19_SEED_1,14,AFTER_ATTN,1,LEGACY_ADAM,zero,0.0001,true,false,false,2000,,,0.544637887613,1.14151670787,1.18955296679,28,95,100,50,0.0133695860573,z_score
L19_SEED_1,14,AFTER_ATTN,1_mapped,LEGACY_ADAM_MAPPED,zero,0.0001,true,false,false,2000,,,0.544637887613,1.14151670787,1.18955296679,28,95,100,,,whitened
L19_SEED_1,14,AFTER_ATTN,4,CANONICAL_GD,zero,0.0001,false,false,false,10000,0.00014837780923,0.00763592028527,0.0015002841557,6.59691500942,6.71821468914,32,38,38,,,whitened
L19_SEED_1,14,AFTER_ATTN,4,CANONICAL_LBFGS,zero,0.0001,true,true,false,162,2.26338510388e-08,0.00715711272944,0.00144289775698,6.36619103022,6.45542167601,32,32,32,,,whitened
L19_SEED_1,15,NORM1,1,LEGACY_ADAM,zero,0.0001,true,false,false,2000,,,0.558405523899,1.20569002979,1.30062037131,28,89,90,50,0.019089699985,z_score
L19_SEED_1,15,NORM1,1_mapped,LEGACY_ADAM_MAPPED,zero,0.0001,true,false,false,2000,,,0.558405523527,1.20569003095,1.30062036559,28,89,90,,,whitened
L19_SEED_1,15,NORM1,4,CANONICAL_GD,zero,0.0001,false,false,false,10000,0.000140477005436,0.00759586508978,0.00144983681103,12.3341566479,13.3072528452,32,16,17,,,whitened
L19_SEED_1,15,NORM1,4,CANONICAL_LBFGS,zero,0.0001,true,true,false,156,1.16758174106e-08,0.00712973158942,0.00140853575693,12.2893557244,13.284185314,32,15,16,,,whitened
L19_SEED_1,15,AFTER_ATTN,1,LEGACY_ADAM,zero,0.0001,true,false,false,2000,,,0.545607304752,1.19189321896,1.22838664228,28,94,97,50,0.0132188201765,z_score
L19_SEED_1,15,AFTER_ATTN,1_mapped,LEGACY_ADAM_MAPPED,zero,0.0001,true,false,false,2000,,,0.545607304752,1.19189321896,1.22838664228,28,94,97,,,whitened
L19_SEED_1,15,AFTER_ATTN,4,CANONICAL_GD,zero,0.0001,false,false,false,10000,0.000148786727305,0.00737387226213,0.00142520324272,6.68003821584,7.4046993041,32,44,48,,,whitened
L19_SEED_1,15,AFTER_ATTN,4,CANONICAL_LBFGS,zero,0.0001,true,true,false,153,2.25639260598e-08,0.00689030482454,0.00137072171488,6.45717265161,7.22300598999,32,44,51,,,whitened
L19_SEED_1,16,NORM1,1,LEGACY_ADAM,zero,0.0001,true,false,false,2000,,,0.559059155143,1.24358877942,1.32451950454,28,87,90,50,0.0183015592853,z_score
L19_SEED_1,16,NORM1,1_mapped,LEGACY_ADAM_MAPPED,zero,0.0001,true,false,false,2000,,,0.559059154887,1.24358877244,1.32451949142,28,87,90,,,whitened
L19_SEED_1,16,NORM1,4,CANONICAL_GD,zero,0.0001,false,false,false,10000,0.000143198389048,0.00767687932835,0.00147786036704,15.8984608683,17.7523311792,32,15,21,,,whitened
L19_SEED_1,16,NORM1,4,CANONICAL_LBFGS,zero,0.0001,true,true,false,155,3.31238770534e-08,0.00720962917985,0.00143506413364,15.8219247234,17.6264891418,32,15,21,,,whitened
L19_SEED_1,16,AFTER_ATTN,1,LEGACY_ADAM,zero,0.0001,true,false,false,2000,,,0.55036571405,1.23108679317,1.2781086362,28,94,94,50,0.0134298930509,z_score
L19_SEED_1,16,AFTER_ATTN,1_mapped,LEGACY_ADAM_MAPPED,zero,0.0001,true,false,false,2000,,,0.55036571405,1.23108679317,1.2781086362,28,94,94,,,whitened
L19_SEED_1,16,AFTER_ATTN,4,CANONICAL_GD,zero,0.0001,false,false,false,10000,0.000151555578094,0.00812772995581,0.0016676902198,7.20768684159,9.10693621896,32,27,33,,,whitened
L19_SEED_1,16,AFTER_ATTN,4,CANONICAL_LBFGS,zero,0.0001,true,true,false,177,1.66953449373e-08,0.00764427622886,0.00160096923839,6.88994968329,8.75503390616,32,34,41,,,whitened
L19_SEED_1,17,NORM1,1,LEGACY_ADAM,zero,0.0001,true,false,false,2000,,,0.562755718758,1.27515898,1.36754810525,28,88,89,50,0.0185371515794,z_score
L19_SEED_1,17,NORM1,1_mapped,LEGACY_ADAM_MAPPED,zero,0.0001,true,false,false,2000,,,0.562755719771,1.27515898069,1.36754810935,28,88,89,,,whitened
L19_SEED_1,17,NORM1,4,CANONICAL_GD,zero,0.0001,false,false,false,10000,0.000139567481176,0.00696963017063,0.00126839166965,10.4106720285,11.2841030679,32,18,24,,,whitened
L19_SEED_1,17,NORM1,4,CANONICAL_LBFGS,zero,0.0001,true,true,false,117,2.31075544658e-08,0.00650225505874,0.00123388214718,10.2400027072,11.1505893258,32,18,24,,,whitened
L19_SEED_1,17,AFTER_ATTN,1,LEGACY_ADAM,zero,0.0001,true,false,false,2000,,,0.5540887105,1.28165505872,1.34455561287,28,88,88,50,0.0135460141381,z_score
L19_SEED_1,17,AFTER_ATTN,1_mapped,LEGACY_ADAM_MAPPED,zero,0.0001,true,false,false,2000,,,0.5540887105,1.28165505872,1.34455561287,28,88,88,,,whitened
L19_SEED_1,17,AFTER_ATTN,4,CANONICAL_GD,zero,0.0001,false,false,false,10000,0.000142718614933,0.00674881244033,0.00122023320914,7.91644998481,9.44999191075,32,32,37,,,whitened
L19_SEED_1,17,AFTER_ATTN,4,CANONICAL_LBFGS,zero,0.0001,true,true,false,124,1.16835960165e-08,0.00627253488454,0.00118168078503,7.77546264527,9.3083053103,32,32,37,,,whitened
L19_SEED_1,18,NORM1,1,LEGACY_ADAM,zero,0.0001,true,false,false,2000,,,0.567865959522,1.35382740151,1.4356124916,28,88,89,50,0.019250193525,z_score
L19_SEED_1,18,NORM1,1_mapped,LEGACY_ADAM_MAPPED,zero,0.0001,true,false,false,2000,,,0.567865959823,1.35382739798,1.43561248048,28,88,89,,,whitened
L19_SEED_1,18,NORM1,4,CANONICAL_GD,zero,0.0001,false,false,false,10000,0.000141845247907,0.00681882964477,0.00123160939244,8.96701650399,9.28071398669,32,29,41,,,whitened
L19_SEED_1,18,NORM1,4,CANONICAL_LBFGS,zero,0.0001,true,true,false,127,2.98982128215e-08,0.0063433735551,0.00119420201154,8.76002562028,9.06967744603,32,29,41,,,whitened
L19_SEED_1,18,AFTER_ATTN,1,LEGACY_ADAM,zero,0.0001,true,false,false,2000,,,0.556058995022,1.34297818603,1.41987519106,28,86,88,50,0.0136452650614,z_score
L19_SEED_1,18,AFTER_ATTN,1_mapped,LEGACY_ADAM_MAPPED,zero,0.0001,true,false,false,2000,,,0.556058995022,1.34297818603,1.41987519106,28,86,88,,,whitened
L19_SEED_1,18,AFTER_ATTN,4,CANONICAL_GD,zero,0.0001,false,false,false,10000,0.000142613767192,0.00661592156601,0.00118061839812,7.65672583399,8.77998455755,32,36,44,,,whitened
L19_SEED_1,18,AFTER_ATTN,4,CANONICAL_LBFGS,zero,0.0001,true,true,false,129,1.20496773872e-08,0.00613802336664,0.00114255338178,7.52133728138,8.61497725439,32,35,44,,,whitened
L19_SEED_2,11,NORM1,1,LEGACY_ADAM,zero,0.0001,true,false,false,2000,,,0.406892131253,1.07575312948,0.93149987199,30,97,106,75,0.0112443344674,z_score
L19_SEED_2,11,NORM1,1_mapped,LEGACY_ADAM_MAPPED,zero,0.0001,true,false,false,2000,,,0.406892131876,1.07575313295,0.931499874074,30,97,106,,,whitened
L19_SEED_2,11,NORM1,4,CANONICAL_GD,zero,0.0001,false,false,false,10000,0.000150449972062,0.00653461114049,0.00116757378241,5.58108823692,5.34853993772,32,54,57,,,whitened
L19_SEED_2,11,NORM1,4,CANONICAL_LBFGS,zero,0.0001,true,true,false,140,2.10067168166e-08,0.00604112100277,0.00112229997003,5.54875077302,5.2934911951,32,54,57,,,whitened
L19_SEED_2,11,AFTER_ATTN,1,LEGACY_ADAM,zero,0.0001,true,false,false,2000,,,0.287652177313,1.13435751104,0.985050643951,31,85,92,100,0.00693369361387,z_score
L19_SEED_2,11,AFTER_ATTN,1_mapped,LEGACY_ADAM_MAPPED,zero,0.0001,true,false,false,2000,,,0.287652177313,1.13435751104,0.985050643951,31,85,92,,,whitened
L19_SEED_2,11,AFTER_ATTN,4,CANONICAL_GD,zero,0.0001,false,false,false,10000,0.000151187561502,0.0061478494117,0.00107358126603,7.32149788156,6.15189138276,32,45,47,,,whitened
L19_SEED_2,11,AFTER_ATTN,4,CANONICAL_LBFGS,zero,0.0001,true,true,false,134,2.38006639209e-08,0.00564713706524,0.00102564783655,7.14735743957,6.02075097981,32,44,47,,,whitened
L19_SEED_2,12,NORM1,1,LEGACY_ADAM,zero,0.0001,true,false,false,2000,,,0.405143115772,1.14717563244,0.970068594434,30,94,103,75,0.011480284583,z_score
L19_SEED_2,12,NORM1,1_mapped,LEGACY_ADAM_MAPPED,zero,0.0001,true,false,false,2000,,,0.405143115677,1.14717563499,0.970068592684,30,94,103,,,whitened
L19_SEED_2,12,NORM1,4,CANONICAL_GD,zero,0.0001,false,false,false,10000,0.000148152509689,0.00697517798182,0.00129120313426,6.71742045257,6.95531115689,32,57,56,,,whitened
L19_SEED_2,12,NORM1,4,CANONICAL_LBFGS,zero,0.0001,true,true,false,133,1.8265428595e-08,0.00648716323407,0.0012467212722,6.69056049301,6.88766568997,32,57,55,,,whitened
L19_SEED_2,12,AFTER_ATTN,1,LEGACY_ADAM,zero,0.0001,true,false,false,2000,,,0.296812923587,1.17496650293,1.00807056632,30,98,102,100,0.00760224123395,z_score
L19_SEED_2,12,AFTER_ATTN,1_mapped,LEGACY_ADAM_MAPPED,zero,0.0001,true,false,false,2000,,,0.296812923587,1.17496650293,1.00807056632,30,98,102,,,whitened
L19_SEED_2,12,AFTER_ATTN,4,CANONICAL_GD,zero,0.0001,false,false,false,10000,0.000151920724928,0.00620094082743,0.00109049877398,5.96972309243,5.1886616135,32,51,55,,,whitened
L19_SEED_2,12,AFTER_ATTN,4,CANONICAL_LBFGS,zero,0.0001,true,true,false,138,1.73960963244e-08,0.0056942840409,0.0010406200662,5.82339742582,5.06815478395,32,50,54,,,whitened
L19_SEED_2,13,NORM1,1,LEGACY_ADAM,zero,0.0001,true,false,false,2000,,,0.423289876323,1.2018884202,1.00558687107,30,92,100,75,0.0121805922151,z_score
L19_SEED_2,13,NORM1,1_mapped,LEGACY_ADAM_MAPPED,zero,0.0001,true,false,false,2000,,,0.423289875387,1.20188841619,1.0055868679,30,92,100,,,whitened
L19_SEED_2,13,NORM1,4,CANONICAL_GD,zero,0.0001,false,false,false,10000,0.000154127047557,0.00737647373038,0.0014295768153,7.49211090794,7.78386139481,32,42,38,,,whitened
L19_SEED_2,13,NORM1,4,CANONICAL_LBFGS,zero,0.0001,true,true,false,149,4.78398480527e-08,0.00688095028833,0.00137099361006,7.51698002553,7.78212775012,32,42,38,,,whitened
L19_SEED_2,13,AFTER_ATTN,1,LEGACY_ADAM,zero,0.0001,true,false,false,2000,,,0.304177987275,1.2305528844,1.03673721857,31,81,87,100,0.00813730847217,z_score
L19_SEED_2,13,AFTER_ATTN,1_mapped,LEGACY_ADAM_MAPPED,zero,0.0001,true,false,false,2000,,,0.304177987275,1.2305528844,1.03673721857,31,81,87,,,whitened
L19_SEED_2,13,AFTER_ATTN,4,CANONICAL_GD,zero,0.0001,false,false,false,10000,0.00015207975228,0.00660766098993,0.00119186356834,6.17526419427,5.2993156827,32,40,42,,,whitened
L19_SEED_2,13,AFTER_ATTN,4,CANONICAL_LBFGS,zero,0.0001,true,true,false,144,1.67028573477e-08,0.00610727961973,0.00114289296692,6.05351650273,5.1945837655,32,40,42,,,whitened
L19_SEED_2,14,NORM1,1,LEGACY_ADAM,zero,0.0001,true,false,false,2000,,,0.428394903238,1.23097348329,1.03507602802,30,89,99,75,0.0130522516264,z_score
L19_SEED_2,14,NORM1,1_mapped,LEGACY_ADAM_MAPPED,zero,0.0001,true,false,false,2000,,,0.428394903329,1.23097348437,1.03507602938,30,89,99,,,whitened
L19_SEED_2,14,NORM1,4,CANONICAL_GD,zero,0.0001,false,false,false,10000,0.000155768032171,0.00787560746945,0.00158214258844,7.62185889017,7.39879847923,32,49,52,,,whitened
L19_SEED_2,14,NORM1,4,CANONICAL_LBFGS,zero,0.0001,true,true,false,160,3.27468074393e-08,0.00738028829773,0.00151867091569,7.51922629174,7.31315702843,32,48,50,,,whitened
L19_SEED_2,14,AFTER_ATTN,1,LEGACY_ADAM,zero,0.0001,true,false,false,2000,,,0.306479453551,1.34894525956,1.13507452488,31,80,87,100,0.00809262021663,z_score
L19_SEED_2,14,AFTER_ATTN,1_mapped,LEGACY_ADAM_MAPPED,zero,0.0001,true,false,false,2000,,,0.306479453551,1.34894525956,1.13507452488,31,80,87,,,whitened
L19_SEED_2,14,AFTER_ATTN,4,CANONICAL_GD,zero,0.0001,false,false,false,10000,0.000151632730991,0.00632013237889,0.00111862901434,7.71110183029,6.3250274233,32,49,44,,,whitened
L19_SEED_2,14,AFTER_ATTN,4,CANONICAL_LBFGS,zero,0.0001,true,true,false,137,1.70106144526e-08,0.00581566309642,0.00106949306475,7.53335999612,6.17399965624,32,49,43,,,whitened
L19_SEED_2,15,NORM1,1,LEGACY_ADAM,zero,0.0001,true,false,false,2000,,,0.42867611516,1.33309623479,1.12721171602,29,89,100,75,0.0123994695882,z_score
L19_SEED_2,15,NORM1,1_mapped,LEGACY_ADAM_MAPPED,zero,0.0001,true,false,false,2000,,,0.42867611558,1.33309623565,1.12721171644,29,89,100,,,whitened
L19_SEED_2,15,NORM1,4,CANONICAL_GD,zero,0.0001,false,false,false,10000,0.000156534643873,0.00744987030287,0.00147315230859,7.41412050438,7.9886510328,32,49,46,,,whitened
L19_SEED_2,15,NORM1,4,CANONICAL_LBFGS,zero,0.0001,true,true,false,151,3.06683690168e-08,0.0069456424698,0.00140619110526,7.35725882506,7.89082784419,32,49,47,,,whitened
L19_SEED_2,15,AFTER_ATTN,1,LEGACY_ADAM,zero,0.0001,true,false,false,2000,,,0.312306874712,1.38983863501,1.13956527826,31,78,88,100,0.00874436997691,z_score
L19_SEED_2,15,AFTER_ATTN,1_mapped,LEGACY_ADAM_MAPPED,zero,0.0001,true,false,false,2000,,,0.312306874712,1.38983863501,1.13956527826,31,78,88,,,whitened
L19_SEED_2,15,AFTER_ATTN,4,CANONICAL_GD,zero,0.0001,false,false,false,10000,0.000152024591875,0.00630095467837,0.00111558026251,6.12054797019,5.43676024588,32,51,51,,,whitened
L19_SEED_2,15,AFTER_ATTN,4,CANONICAL_LBFGS,zero,0.0001,true,true,false,121,1.72110965637e-08,0.00579373976056,0.00106515378059,5.99147726788,5.31816915164,32,38,39,,,whitened
L19_SEED_2,16,NORM1,1,LEGACY_ADAM,zero,0.0001,true,false,false,2000,,,0.438247641842,1.42246149359,1.2052282055,29,88,97,75,0.0135367589622,z_score
L19_SEED_2,16,NORM1,1_mapped,LEGACY_ADAM_MAPPED,zero,0.0001,true,false,false,2000,,,0.438247640887,1.42246149445,1.20522820661,29,88,97,,,whitened
L19_SEED_2,16,NORM1,4,CANONICAL_GD,zero,0.0001,false,false,false,10000,0.000157559102278,0.00762052460021,0.00153555848715,6.66264833322,6.92337660726,32,62,57,,,whitened
L19_SEED_2,16,NORM1,4,CANONICAL_LBFGS,zero,0.0001,true,true,false,148,4.36811817282e-08,0.00711687720113,0.00146312907336,6.51518242638,6.76202017043,32,62,55,,,whitened
L19_SEED_2,16,AFTER_ATTN,1,LEGACY_ADAM,zero,0.0001,true,false,false,2000,,,0.418736197323,1.43513165047,1.17218590872,30,74,85,75,0.0089275837425,z_score
L19_SEED_2,16,AFTER_ATTN,1_mapped,LEGACY_ADAM_MAPPED,zero,0.0001,true,false,false,2000,,,0.418736197323,1.43513165047,1.17218590872,30,74,85,,,whitened
L19_SEED_2,16,AFTER_ATTN,4,CANONICAL_GD,zero,0.0001,false,false,false,10000,0.000151175245788,0.00669961123906,0.00122876855346,6.42604261568,5.4872470913,32,72,66,,,whitened
L19_SEED_2,16,AFTER_ATTN,4,CANONICAL_LBFGS,zero,0.0001,true,true,false,126,2.23528896537e-08,0.00619429205325,0.0011774630153,6.29381526348,5.37853791411,32,67,60,,,whitened
L19_SEED_2,17,NORM1,1,LEGACY_ADAM,zero,0.0001,true,false,false,2000,,,0.640940475327,1.46797943536,1.27223309729,29,84,94,50,0.0135221658787,z_score
L19_SEED_2,17,NORM1,1_mapped,LEGACY_ADAM_MAPPED,zero,0.0001,true,false,false,2000,,,0.640940475975,1.4679794352,1.27223309714,29,84,94,,,whitened
L19_SEED_2,17,NORM1,4,CANONICAL_GD,zero,0.0001,false,false,false,10000,0.000152146307452,0.00732529033526,0.00142757783605,6.74870990285,7.04765878961,32,64,54,,,whitened
L19_SEED_2,17,NORM1,4,CANONICAL_LBFGS,zero,0.0001,true,true,false,170,1.8482271759e-08,0.00683183658491,0.00136771048333,6.56633714071,6.85378111566,32,64,54,,,whitened
L19_SEED_2,17,AFTER_ATTN,1,LEGACY_ADAM,zero,0.0001,true,false,false,2000,,,0.427253445002,1.50119964862,1.2185211518,29,85,93,75,0.00943844021302,z_score
L19_SEED_2,17,AFTER_ATTN,1_mapped,LEGACY_ADAM_MAPPED,zero,0.0001,true,false,false,2000,,,0.427253445002,1.50119964862,1.2185211518,29,85,93,,,whitened
L19_SEED_2,17,AFTER_ATTN,4,CANONICAL_GD,zero,0.0001,false,false,false,10000,0.000151078895034,0.00654010557286,0.00118040754052,6.90589621105,6.16003373676,32,65,60,,,whitened
L19_SEED_2,17,AFTER_ATTN,4,CANONICAL_LBFGS,zero,0.0001,true,true,false,137,1.37660361119e-08,0.00603362809825,0.00112967743524,6.66486021385,5.94107519562,32,71,65,,,whitened
L19_SEED_2,18,NORM1,1,LEGACY_ADAM,zero,0.0001,true,false,false,2000,,,0.638129839624,1.55271780818,1.32324289685,29,83,93,50,0.0141371163897,z_score
L19_SEED_2,18,NORM1,1_mapped,LEGACY_ADAM_MAPPED,zero,0.0001,true,false,false,2000,,,0.638129838738,1.55271781359,1.32324290305,29,83,93,,,whitened
L19_SEED_2,18,NORM1,4,CANONICAL_GD,zero,0.0001,false,false,false,10000,0.000153530225869,0.00804397299508,0.00164458362424,7.74557379155,8.01749393873,32,62,56,,,whitened
L19_SEED_2,18,NORM1,4,CANONICAL_LBFGS,zero,0.0001,true,true,false,175,2.13439196484e-08,0.0075556747979,0.00157291943609,7.49516540916,7.77808461941,32,62,56,,,whitened
L19_SEED_2,18,AFTER_ATTN,1,LEGACY_ADAM,zero,0.0001,true,false,false,2000,,,0.428706743725,1.58540595422,1.28769753395,29,76,84,75,0.0096482502412,z_score
L19_SEED_2,18,AFTER_ATTN,1_mapped,LEGACY_ADAM_MAPPED,zero,0.0001,true,false,false,2000,,,0.428706743725,1.58540595422,1.28769753395,29,76,84,,,whitened
L19_SEED_2,18,AFTER_ATTN,4,CANONICAL_GD,zero,0.0001,false,false,false,10000,0.000151924088663,0.00685428144992,0.00127395142764,6.503392341,6.20749897339,32,55,51,,,whitened
L19_SEED_2,18,AFTER_ATTN,4,CANONICAL_LBFGS,zero,0.0001,true,true,false,142,2.00139577495e-08,0.00635080982025,0.00122118242686,6.24614060657,5.99111262644,32,55,49,,,whitened
L19_SEED_4,11,NORM1,1,LEGACY_ADAM,zero,0.0001,true,false,false,2000,,,0.230222583239,0.538893969679,0.49832403557,29,125,125,150,0.00927941577245,z_score
L19_SEED_4,11,NORM1,1_mapped,LEGACY_ADAM_MAPPED,zero,0.0001,true,false,false,2000,,,0.230222583738,0.538893967927,0.498324045889,29,125,125,,,whitened
L19_SEED_4,11,NORM1,4,CANONICAL_GD,zero,0.0001,false,false,false,10000,0.000141954999285,0.00719500288129,0.00133282477108,11.6936931895,11.7332353462,32,50,51,,,whitened
L19_SEED_4,11,NORM1,4,CANONICAL_LBFGS,zero,0.0001,true,true,false,127,2.002714161e-08,0.00671857312892,0.00129286645054,11.6537850109,11.7077103727,32,47,51,,,whitened
L19_SEED_4,11,AFTER_ATTN,1,LEGACY_ADAM,zero,0.0001,true,false,false,2000,,,0.229097667524,0.58105206726,0.647192976632,30,119,112,125,0.00633700096632,z_score
L19_SEED_4,11,AFTER_ATTN,1_mapped,LEGACY_ADAM_MAPPED,zero,0.0001,true,false,false,2000,,,0.229097667524,0.58105206726,0.647192976632,30,119,112,,,whitened
L19_SEED_4,11,AFTER_ATTN,4,CANONICAL_GD,zero,0.0001,false,false,false,10000,0.000144150895824,0.00703569397002,0.00130023570524,7.17998146656,5.86202418492,32,45,49,,,whitened
L19_SEED_4,11,AFTER_ATTN,4,CANONICAL_LBFGS,zero,0.0001,true,true,false,128,1.75246394653e-08,0.00654716731631,0.00125601701381,6.97382130607,5.71687276596,32,48,48,,,whitened
L19_SEED_4,12,NORM1,1,LEGACY_ADAM,zero,0.0001,true,false,false,2000,,,0.242882513278,0.581435033146,0.575733382245,29,125,125,125,0.00773804011373,z_score
L19_SEED_4,12,NORM1,1_mapped,LEGACY_ADAM_MAPPED,zero,0.0001,true,false,false,2000,,,0.242882512248,0.581435030826,0.575733388774,29,125,125,,,whitened
L19_SEED_4,12,NORM1,4,CANONICAL_GD,zero,0.0001,false,false,false,10000,0.000139014626383,0.00775793309312,0.00147770089539,10.1568576639,10.2633328032,32,52,50,,,whitened
L19_SEED_4,12,NORM1,4,CANONICAL_LBFGS,zero,0.0001,true,true,false,147,1.98756557672e-08,0.0072909515579,0.00143911923837,10.102398853,10.2207941108,32,52,49,,,whitened
L19_SEED_4,12,AFTER_ATTN,1,LEGACY_ADAM,zero,0.0001,true,false,false,2000,,,0.265646874024,0.652566752741,0.702499751087,30,111,102,100,0.00611773307168,z_score
L19_SEED_4,12,AFTER_ATTN,1_mapped,LEGACY_ADAM_MAPPED,zero,0.0001,true,false,false,2000,,,0.265646874024,0.652566752741,0.702499751087,30,111,102,,,whitened
L19_SEED_4,12,AFTER_ATTN,4,CANONICAL_GD,zero,0.0001,false,false,false,10000,0.000142585746529,0.00696357551146,0.00127297094142,6.94649295204,7.4404837224,32,57,50,,,whitened
L19_SEED_4,12,AFTER_ATTN,4,CANONICAL_LBFGS,zero,0.0001,true,true,false,126,2.52164498728e-08,0.0064862214725,0.00123300120808,6.79048225249,7.32416988317,32,56,50,,,whitened
L19_SEED_4,13,NORM1,1,LEGACY_ADAM,zero,0.0001,true,false,false,2000,,,0.236753229796,0.641424716294,0.65515901957,30,111,107,125,0.00749572815581,z_score
L19_SEED_4,13,NORM1,1_mapped,LEGACY_ADAM_MAPPED,zero,0.0001,true,false,false,2000,,,0.236753229089,0.641424720652,0.655159020046,30,111,107,,,whitened
L19_SEED_4,13,NORM1,4,CANONICAL_GD,zero,0.0001,false,false,false,10000,0.000139612552401,0.00714878169809,0.00131045093272,8.44998348743,8.96699165237,32,56,60,,,whitened
L19_SEED_4,13,NORM1,4,CANONICAL_LBFGS,zero,0.0001,true,true,false,132,1.65763595556e-08,0.00667986330756,0.00127298270811,8.41277155144,8.89129191471,32,57,60,,,whitened
L19_SEED_4,13,AFTER_ATTN,1,LEGACY_ADAM,zero,0.0001,true,false,false,2000,,,0.262036491744,0.707050999302,0.765784453961,30,110,104,100,0.00618042193606,z_score
L19_SEED_4,13,AFTER_ATTN,1_mapped,LEGACY_ADAM_MAPPED,zero,0.0001,true,false,false,2000,,,0.262036491744,0.707050999302,0.765784453961,30,110,104,,,whitened
L19_SEED_4,13,AFTER_ATTN,4,CANONICAL_GD,zero,0.0001,false,false,false,10000,0.000142674484843,0.00699869115028,0.00127921768542,9.39777658308,9.3245360028,32,36,36,,,whitened
L19_SEED_4,13,AFTER_ATTN,4,CANONICAL_LBFGS,zero,0.0001,true,true,false,120,1.36684069775e-08,0.00651853372971,0.00123832655143,9.4333084934,9.31298085184,32,37,36,,,whitened
L19_SEED_4,14,NORM1,1,LEGACY_ADAM,zero,0.0001,true,false,false,2000,,,0.269344831783,0.731820040762,0.748386515104,29,116,111,100,0.00671962744303,z_score
L19_SEED_4,14,NORM1,1_mapped,LEGACY_ADAM_MAPPED,zero,0.0001,true,false,false,2000,,,0.269344831274,0.731820028311,0.748386503722,29,116,111,,,whitened
L19_SEED_4,14,NORM1,4,CANONICAL_GD,zero,0.0001,false,false,false,10000,0.00014265623172,0.00689303724859,0.00125112243242,7.10191205592,7.65162632356,32,63,65,,,whitened
L19_SEED_4,14,NORM1,4,CANONICAL_LBFGS,zero,0.0001,true,true,false,151,1.80701549028e-08,0.00641691138184,0.00121182590543,7.0809169535,7.6247021597,32,63,65,,,whitened
L19_SEED_4,14,AFTER_ATTN,1,LEGACY_ADAM,zero,0.0001,true,false,false,2000,,,0.259774380904,0.765569050281,0.826943002803,30,109,102,100,0.00631519367042,z_score
L19_SEED_4,14,AFTER_ATTN,1_mapped,LEGACY_ADAM_MAPPED,zero,0.0001,true,false,false,2000,,,0.259774380904,0.765569050281,0.826943002803,30,109,102,,,whitened
L19_SEED_4,14,AFTER_ATTN,4,CANONICAL_GD,zero,0.0001,false,false,false,10000,0.000149874789633,0.00649316369293,0.00115777920187,10.7061843005,9.80468751625,32,41,31,,,whitened
L19_SEED_4,14,AFTER_ATTN,4,CANONICAL_LBFGS,zero,0.0001,true,true,false,118,2.13557532559e-08,0.00599864638881,0.00111131758754,10.5064323498,9.57870967009,32,41,31,,,whitened
L19_SEED_4,15,NORM1,1,LEGACY_ADAM,zero,0.0001,true,false,false,2000,,,0.264068322385,0.769843892455,0.784070833347,30,110,105,100,0.00652592732741,z_score
L19_SEED_4,15,NORM1,1_mapped,LEGACY_ADAM_MAPPED,zero,0.0001,true,false,false,2000,,,0.264068322091,0.769843893263,0.784070834645,30,110,105,,,whitened
L19_SEED_4,15,NORM1,4,CANONICAL_GD,zero,0.0001,false,false,false,10000,0.000146794577446,0.0067535035633,0.00122256950422,6.87082787697,7.38975500919,32,64,64,,,whitened
L19_SEED_4,15,NORM1,4,CANONICAL_LBFGS,zero,0.0001,true,true,false,136,1.9230395554e-08,0.00626735666521,0.00117924449269,6.83009861039,7.33239637891,32,64,63,,,whitened
L19_SEED_4,15,AFTER_ATTN,1,LEGACY_ADAM,zero,0.0001,true,false,false,2000,,,0.254742526494,0.816504013266,0.898794460739,30,107,104,100,0.00605851524286,z_score
L19_SEED_4,15,AFTER_ATTN,1_mapped,LEGACY_ADAM_MAPPED,zero,0.0001,true,false,false,2000,,,0.254742526494,0.816504013266,0.898794460739,30,107,104,,,whitened
L19_SEED_4,15,AFTER_ATTN,4,CANONICAL_GD,zero,0.0001,false,false,false,10000,0.00014903399863,0.00651425624585,0.00116303436336,7.39315095321,7.19258540061,32,48,43,,,whitened
L19_SEED_4,15,AFTER_ATTN,4,CANONICAL_LBFGS,zero,0.0001,true,true,false,135,1.98260328789e-08,0.0060222841295,0.00111768553513,7.05972488565,6.86158217024,32,40,36,,,whitened
L19_SEED_4,16,NORM1,1,LEGACY_ADAM,zero,0.0001,true,false,false,2000,,,0.262523357682,0.834799793772,0.873299216045,29,111,112,100,0.00669903469518,z_score
L19_SEED_4,16,NORM1,1_mapped,LEGACY_ADAM_MAPPED,zero,0.0001,true,false,false,2000,,,0.262523357471,0.834799782095,0.873299208839,29,111,112,,,whitened
L19_SEED_4,16,NORM1,4,CANONICAL_GD,zero,0.0001,false,false,false,10000,0.000145767759237,0.00664376745371,0.00118846397089,6.4687678828,6.81314705824,32,62,59,,,whitened
L19_SEED_4,16,NORM1,4,CANONICAL_LBFGS,zero,0.0001,true,true,false,152,2.95680351636e-08,0.00616004474907,0.00114684755936,6.44586295869,6.78521588517,32,62,57,,,whitened
L19_SEED_4,16,AFTER_ATTN,1,LEGACY_ADAM,zero,0.0001,true,false,false,2000,,,0.253326224106,0.871698984281,0.973667106762,30,105,101,100,0.00598914528895,z_score
L19_SEED_4,16,AFTER_ATTN,1_mapped,LEGACY_ADAM_MAPPED,zero,0.0001,true,false,false,2000,,,0.253326224106,0.871698984281,0.973667106762,30,105,101,,,whitened
L19_SEED_4,16,AFTER_ATTN,4,CANONICAL_GD,zero,0.0001,false,false,false,10000,0.000153876230678,0.00678804730607,0.00125628154458,11.1016833754,10.3367140444,32,40,37,,,whitened
L19_SEED_4,16,AFTER_ATTN,4,CANONICAL_LBFGS,zero,0.0001,true,true,false,152,1.2507425742e-08,0.00628651482074,0.00120245660658,10.9017373828,10.0871923247,32,40,37,,,whitened
L19_SEED_4,17,NORM1,1,LEGACY_ADAM,zero,0.0001,true,false,false,2000,,,0.255577602186,0.902812352936,0.961475661002,29,109,108,100,0.00624242305139,z_score
L19_SEED_4,17,NORM1,1_mapped,LEGACY_ADAM_MAPPED,zero,0.0001,true,false,false,2000,,,0.255577601166,0.902812347405,0.96147565559,29,109,108,,,whitened
L19_SEED_4,17,NORM1,4,CANONICAL_GD,zero,0.0001,false,false,false,10000,0.000148365160671,0.00695766181174,0.00127901199917,7.28350303444,7.42147938517,32,60,57,,,whitened
L19_SEED_4,17,NORM1,4,CANONICAL_LBFGS,zero,0.0001,true,true,false,148,5.94763898745e-08,0.00646990801543,0.00123232979845,7.22224296611,7.36729801557,32,58,58,,,whitened
L19_SEED_4,17,AFTER_ATTN,1,LEGACY_ADAM,zero,0.0001,true,false,false,2000,,,0.253122645033,0.959331267711,1.09180542258,30,100,95,100,0.00579320912063,z_score
L19_SEED_4,17,AFTER_ATTN,1_mapped,LEGACY_ADAM_MAPPED,zero,0.0001,true,false,false,2000,,,0.253122645033,0.959331267711,1.09180542258,30,100,95,,,whitened
L19_SEED_4,17,AFTER_ATTN,4,CANONICAL_GD,zero,0.0001,false,false,false,10000,0.000152146636272,0.00672718596936,0.00122744740739,7.85906235663,7.27069689513,32,64,62,,,whitened
L19_SEED_4,17,AFTER_ATTN,4,CANONICAL_LBFGS,zero,0.0001,true,true,false,138,2.03805989098e-08,0.00622818045885,0.00117600947119,7.57410309997,7.05704639212,32,58,55,,,whitened
L19_SEED_4,18,NORM1,1,LEGACY_ADAM,zero,0.0001,true,false,false,2000,,,0.249736291314,0.962681681872,1.04828447183,30,101,100,100,0.00588607182647,z_score
L19_SEED_4,18,NORM1,1_mapped,LEGACY_ADAM_MAPPED,zero,0.0001,true,false,false,2000,,,0.249736292655,0.962681673829,1.04828446378,30,101,100,,,whitened
L19_SEED_4,18,NORM1,4,CANONICAL_GD,zero,0.0001,false,false,false,10000,0.000148483509695,0.00701557130681,0.00130107822834,8.52068190208,8.64018046827,32,58,59,,,whitened
L19_SEED_4,18,NORM1,4,CANONICAL_LBFGS,zero,0.0001,true,true,false,149,2.0209055787e-08,0.00652830550978,0.00125218811118,8.43655802887,8.54871278573,32,58,59,,,whitened
L19_SEED_4,18,AFTER_ATTN,1,LEGACY_ADAM,zero,0.0001,true,false,false,2000,,,0.254343469459,1.00266475986,1.14236322842,30,100,93,100,0.00572109967323,z_score
L19_SEED_4,18,AFTER_ATTN,1_mapped,LEGACY_ADAM_MAPPED,zero,0.0001,true,false,false,2000,,,0.254343469459,1.00266475986,1.14236322842,30,100,93,,,whitened
L19_SEED_4,18,AFTER_ATTN,4,CANONICAL_GD,zero,0.0001,false,false,false,10000,0.000150320286988,0.00660200677305,0.00119103909386,8.79023927894,8.29782028917,32,42,47,,,whitened
L19_SEED_4,18,AFTER_ATTN,4,CANONICAL_LBFGS,zero,0.0001,true,true,false,135,1.58152602878e-08,0.00610784327718,0.00114158618802,8.61233891302,8.12866967835,32,42,47,,,whitened
L18_SEED_2_CONTROL,10,NORM1,1,LEGACY_ADAM,zero,0.0001,true,false,false,2000,,,0.31313314602,0.797117934438,0.704390050157,30,106,111,100,0.00669529510586,z_score
L18_SEED_2_CONTROL,10,NORM1,1_mapped,LEGACY_ADAM_MAPPED,zero,0.0001,true,false,false,2000,,,0.313133145793,0.797117931618,0.704390048356,30,106,111,,,whitened
L18_SEED_2_CONTROL,10,NORM1,4,CANONICAL_GD,zero,0.0001,false,false,false,10000,0.000145013118468,0.00664939078625,0.00119548761832,8.8069183483,9.36531292836,32,31,34,,,whitened
L18_SEED_2_CONTROL,10,NORM1,4,CANONICAL_LBFGS,zero,0.0001,true,true,false,127,1.35631179651e-08,0.00616697719992,0.00115338343342,8.6489905187,9.26111995468,32,31,32,,,whitened
L18_SEED_2_CONTROL,10,AFTER_ATTN,1,LEGACY_ADAM,zero,0.0001,true,false,false,2000,,,0.284595116181,0.874147278969,0.752287518806,32,88,92,100,0.00487147934655,z_score
L18_SEED_2_CONTROL,10,AFTER_ATTN,1_mapped,LEGACY_ADAM_MAPPED,zero,0.0001,true,false,false,2000,,,0.284595116181,0.874147278969,0.752287518806,32,88,92,,,whitened
L18_SEED_2_CONTROL,10,AFTER_ATTN,4,CANONICAL_GD,zero,0.0001,false,false,false,10000,0.000147386028192,0.00621922261086,0.00108769642726,10.5966052476,10.0656167023,32,43,42,,,whitened
L18_SEED_2_CONTROL,10,AFTER_ATTN,4,CANONICAL_LBFGS,zero,0.0001,true,true,false,150,1.34585076407e-08,0.00572750934054,0.00104469850406,10.3917699341,9.85338960932,32,36,35,,,whitened
L18_SEED_2_CONTROL,11,NORM1,1,LEGACY_ADAM,zero,0.0001,true,false,false,2000,,,0.30839794922,0.837423674874,0.718032174103,30,106,110,100,0.00652168629759,z_score
L18_SEED_2_CONTROL,11,NORM1,1_mapped,LEGACY_ADAM_MAPPED,zero,0.0001,true,false,false,2000,,,0.308397948936,0.837423676935,0.718032176542,30,106,110,,,whitened
L18_SEED_2_CONTROL,11,NORM1,4,CANONICAL_GD,zero,0.0001,false,false,false,10000,0.000139446648738,0.00686391383089,0.00125773418735,8.19923548488,7.44711640104,32,35,42,,,whitened
L18_SEED_2_CONTROL,11,NORM1,4,CANONICAL_LBFGS,zero,0.0001,true,true,false,114,1.70707842134e-08,0.00638850533866,0.00121875393678,8.1528168577,7.47847529939,32,35,41,,,whitened
L18_SEED_2_CONTROL,11,AFTER_ATTN,1,LEGACY_ADAM,zero,0.0001,true,false,false,2000,,,0.269376476654,0.911724364991,0.791179147524,32,87,92,100,0.00458338318676,z_score
L18_SEED_2_CONTROL,11,AFTER_ATTN,1_mapped,LEGACY_ADAM_MAPPED,zero,0.0001,true,false,false,2000,,,0.269376476654,0.911724364991,0.791179147524,32,87,92,,,whitened
L18_SEED_2_CONTROL,11,AFTER_ATTN,4,CANONICAL_GD,zero,0.0001,false,false,false,10000,0.000147884968272,0.00600967410773,0.00103862364041,8.60180802691,8.5409498479,32,40,45,,,whitened
L18_SEED_2_CONTROL,11,AFTER_ATTN,4,CANONICAL_LBFGS,zero,0.0001,true,true,false,131,2.11817497918e-08,0.00551058831707,0.000992595071804,8.37695865535,8.33426789401,32,40,45,,,whitened
L18_SEED_2_CONTROL,12,NORM1,1,LEGACY_ADAM,zero,0.0001,true,false,false,2000,,,0.29924347482,0.898692240733,0.776663368626,30,106,110,100,0.00601874928761,z_score
L18_SEED_2_CONTROL,12,NORM1,1_mapped,LEGACY_ADAM_MAPPED,zero,0.0001,true,false,false,2000,,,0.299243473864,0.898692237213,0.776663366259,30,106,110,,,whitened
L18_SEED_2_CONTROL,12,NORM1,4,CANONICAL_GD,zero,0.0001,false,false,false,10000,0.000138601132251,0.00805028637338,0.0016050308019,6.95812542523,6.07214267345,32,50,51,,,whitened
L18_SEED_2_CONTROL,12,NORM1,4,CANONICAL_LBFGS,zero,0.0001,true,true,false,139,1.56085366084e-08,0.00757863666197,0.00155778370204,6.8810642235,6.01651787504,32,50,51,,,whitened
L18_SEED_2_CONTROL,12,AFTER_ATTN,1,LEGACY_ADAM,zero,0.0001,true,false,false,2000,,,0.277967820726,0.949478478898,0.79186215643,32,88,92,100,0.00469881275687,z_score
L18_SEED_2_CONTROL,12,AFTER_ATTN,1_mapped,LEGACY_ADAM_MAPPED,zero,0.0001,true,false,false,2000,,,0.277967820726,0.949478478898,0.79186215643,32,88,92,,,whitened
L18_SEED_2_CONTROL,12,AFTER_ATTN,4,CANONICAL_GD,zero,0.0001,false,false,false,10000,0.00015109633946,0.00599401671826,0.00103600830923,5.90546713285,5.60176440119,32,50,45,,,whitened
L18_SEED_2_CONTROL,12,AFTER_ATTN,4,CANONICAL_LBFGS,zero,0.0001,true,true,false,133,1.91795831824e-08,0.00548843132851,0.000987099411699,5.76774738622,5.46849397311,32,50,45,,,whitened
L18_SEED_2_CONTROL,13,NORM1,1,LEGACY_ADAM,zero,0.0001,true,false,false,2000,,,0.311509553152,0.944026949643,0.798924956974,31,92,95,100,0.00603083326021,z_score
L18_SEED_2_CONTROL,13,NORM1,1_mapped,LEGACY_ADAM_MAPPED,zero,0.0001,true,false,false,2000,,,0.311509553393,0.944026952146,0.798924958437,31,92,95,,,whitened
L18_SEED_2_CONTROL,13,NORM1,4,CANONICAL_GD,zero,0.0001,false,false,false,10000,0.000138777440631,0.00724854229116,0.00135110181936,5.71298209234,4.94577688904,32,56,66,,,whitened
L18_SEED_2_CONTROL,13,NORM1,4,CANONICAL_LBFGS,zero,0.0001,true,true,false,129,1.52316833457e-08,0.00677956167722,0.00131249654039,5.61377997126,4.89112622596,32,56,66,,,whitened
L18_SEED_2_CONTROL,13,AFTER_ATTN,1,LEGACY_ADAM,zero,0.0001,true,false,false,2000,,,0.277753295611,1.00518950284,0.807224654889,32,85,89,100,0.00469216226262,z_score
L18_SEED_2_CONTROL,13,AFTER_ATTN,1_mapped,LEGACY_ADAM_MAPPED,zero,0.0001,true,false,false,2000,,,0.277753295611,1.00518950284,0.807224654889,32,85,89,,,whitened
L18_SEED_2_CONTROL,13,AFTER_ATTN,4,CANONICAL_GD,zero,0.0001,false,false,false,10000,0.000152846908154,0.00597399014998,0.00103258709006,5.4982780418,4.64951418272,32,48,56,,,whitened
L18_SEED_2_CONTROL,13,AFTER_ATTN,4,CANONICAL_LBFGS,zero,0.0001,true,true,false,141,2.03860637671e-08,0.00546361369137,0.000981513812803,5.37748509571,4.55247347232,32,41,48,,,whitened
L18_SEED_2_CONTROL,14,NORM1,1,LEGACY_ADAM,zero,0.0001,true,false,false,2000,,,0.314818474443,1.00532220606,0.820481037599,30,101,103,100,0.00626795906662,z_score
L18_SEED_2_CONTROL,14,NORM1,1_mapped,LEGACY_ADAM_MAPPED,zero,0.0001,true,false,false,2000,,,0.314818473648,1.00532220372,0.820481039484,30,101,103,,,whitened
L18_SEED_2_CONTROL,14,NORM1,4,CANONICAL_GD,zero,0.0001,false,false,false,10000,0.000143535142303,0.00704508453177,0.00128702791317,4.84293343242,4.62772764684,32,61,61,,,whitened
L18_SEED_2_CONTROL,14,NORM1,4,CANONICAL_LBFGS,zero,0.0001,true,true,false,123,1.54686739965e-08,0.00656789848622,0.00124671895176,4.79094178224,4.61621858792,32,61,61,,,whitened
L18_SEED_2_CONTROL,14,AFTER_ATTN,1,LEGACY_ADAM,zero,0.0001,true,false,false,2000,,,0.280986761036,1.07953600927,0.857233081057,32,78,84,100,0.00471149493466,z_score
L18_SEED_2_CONTROL,14,AFTER_ATTN,1_mapped,LEGACY_ADAM_MAPPED,zero,0.0001,true,false,false,2000,,,0.280986761036,1.07953600927,0.857233081057,32,78,84,,,whitened
L18_SEED_2_CONTROL,14,AFTER_ATTN,4,CANONICAL_GD,zero,0.0001,false,false,false,10000,0.000147429199079,0.00658175178727,0.00117545989522,9.2126597755,8.45046221661,32,26,27,,,whitened
L18_SEED_2_CONTROL,14,AFTER_ATTN,4,CANONICAL_LBFGS,zero,0.0001,true,true,false,121,2.33362902152e-08,0.00609235793991,0.00113148428768,9.0188958463,8.27528141478,32,26,27,,,whitened
L18_SEED_2_CONTROL,15,NORM1,1,LEGACY_ADAM,zero,0.0001,true,false,false,2000,,,0.316908277055,1.10962307574,0.896240179781,30,94,92,100,0.00586147602836,z_score
L18_SEED_2_CONTROL,15,NORM1,1_mapped,LEGACY_ADAM_MAPPED,zero,0.0001,true,false,false,2000,,,0.316908276143,1.10962307683,0.896240178124,30,94,92,,,whitened
L18_SEED_2_CONTROL,15,NORM1,4,CANONICAL_GD,zero,0.0001,false,false,false,10000,0.000144349058379,0.00713995690234,0.00130996366099,4.61442084334,4.36549463499,32,57,62,,,whitened
L18_SEED_2_CONTROL,15,NORM1,4,CANONICAL_LBFGS,zero,0.0001,true,true,false,139,2.02090781308e-08,0.00666274928873,0.00126953665559,4.61075293728,4.37549989572,32,58,62,,,whitened
L18_SEED_2_CONTROL,15,AFTER_ATTN,1,LEGACY_ADAM,zero,0.0001,true,false,false,2000,,,0.281642882371,1.14017101621,0.884415548212,32,77,80,100,0.0047088674618,z_score
L18_SEED_2_CONTROL,15,AFTER_ATTN,1_mapped,LEGACY_ADAM_MAPPED,zero,0.0001,true,false,false,2000,,,0.281642882371,1.14017101621,0.884415548212,32,77,80,,,whitened
L18_SEED_2_CONTROL,15,AFTER_ATTN,4,CANONICAL_GD,zero,0.0001,false,false,false,10000,0.00014347947647,0.00680057964412,0.00121980739799,6.88536574131,6.2902354628,32,44,38,,,whitened
L18_SEED_2_CONTROL,15,AFTER_ATTN,4,CANONICAL_LBFGS,zero,0.0001,true,true,false,131,2.51482977487e-08,0.00632891084827,0.00118325747656,6.71120511202,6.15450258275,32,44,38,,,whitened
L18_SEED_2_CONTROL,16,NORM1,1,LEGACY_ADAM,zero,0.0001,true,false,false,2000,,,0.422047989928,1.15906224188,0.94943451145,30,93,92,75,0.00592876521631,z_score
L18_SEED_2_CONTROL,16,NORM1,1_mapped,LEGACY_ADAM_MAPPED,zero,0.0001,true,false,false,2000,,,0.422047989321,1.15906225699,0.94943452642,30,93,92,,,whitened
L18_SEED_2_CONTROL,16,NORM1,4,CANONICAL_GD,zero,0.0001,false,false,false,10000,0.000143388773875,0.00679613585288,0.00122543399949,6.25482837146,5.85900121809,32,53,57,,,whitened
L18_SEED_2_CONTROL,16,NORM1,4,CANONICAL_LBFGS,zero,0.0001,true,true,false,117,1.92896386797e-08,0.00632192413805,0.00118774388137,6.15420152426,5.74563693972,32,53,56,,,whitened
L18_SEED_2_CONTROL,16,AFTER_ATTN,1,LEGACY_ADAM,zero,0.0001,true,false,false,2000,,,0.37854683267,1.20084908278,0.946716942839,31,78,81,75,0.0046574358904,z_score
L18_SEED_2_CONTROL,16,AFTER_ATTN,1_mapped,LEGACY_ADAM_MAPPED,zero,0.0001,true,false,false,2000,,,0.37854683267,1.20084908278,0.946716942839,31,78,81,,,whitened
L18_SEED_2_CONTROL,16,AFTER_ATTN,4,CANONICAL_GD,zero,0.0001,false,false,false,10000,0.000148000871224,0.00628608738694,0.00109902199521,8.83529494706,8.07927760499,32,40,42,,,whitened
L18_SEED_2_CONTROL,16,AFTER_ATTN,4,CANONICAL_LBFGS,zero,0.0001,true,true,false,135,1.57017493216e-08,0.00579711366404,0.00105648736163,8.68129440424,7.95012738161,32,39,42,,,whitened
L18_SEED_2_CONTROL,17,NORM1,1,LEGACY_ADAM,zero,0.0001,true,false,false,2000,,,0.423211370665,1.24070726301,0.985014000091,30,89,92,75,0.00576143904596,z_score
L18_SEED_2_CONTROL,17,NORM1,1_mapped,LEGACY_ADAM_MAPPED,zero,0.0001,true,false,false,2000,,,0.423211370508,1.24070725499,0.985013992732,30,89,92,,,whitened
L18_SEED_2_CONTROL,17,NORM1,4,CANONICAL_GD,zero,0.0001,false,false,false,10000,0.000141477743856,0.00695391274076,0.00125830457023,3.84490967387,3.92621002802,32,59,64,,,whitened
L18_SEED_2_CONTROL,17,NORM1,4,CANONICAL_LBFGS,zero,0.0001,true,true,false,133,1.77437130559e-08,0.00648484772651,0.00122207291715,3.87065182786,3.95893090508,32,59,64,,,whitened
L18_SEED_2_CONTROL,17,AFTER_ATTN,1,LEGACY_ADAM,zero,0.0001,true,false,false,2000,,,0.385119441305,1.2736696927,0.989854658893,31,77,78,75,0.00483476009647,z_score
L18_SEED_2_CONTROL,17,AFTER_ATTN,1_mapped,LEGACY_ADAM_MAPPED,zero,0.0001,true,false,false,2000,,,0.385119441305,1.2736696927,0.989854658893,31,77,78,,,whitened
L18_SEED_2_CONTROL,17,AFTER_ATTN,4,CANONICAL_GD,zero,0.0001,false,false,false,10000,0.000152600885009,0.00620342863713,0.00108381348307,6.45836748124,5.20474826378,32,57,59,,,whitened
L18_SEED_2_CONTROL,17,AFTER_ATTN,4,CANONICAL_LBFGS,zero,0.0001,true,true,false,142,2.04443923971e-08,0.00570127961813,0.0010353832862,6.40459948511,5.1804392543,32,57,58,,,whitened
L19_SEED_1,0,ATT_UPDATE,sensitivity,CANONICAL_LBFGS,zero_lambda_sensitivity,1e-05,true,true,false,246,1.44242098894e-08,0.000870557959307,0.00013488051279,,11.0083507875,,,16,,,whitened
L19_SEED_1,0,ATT_UPDATE,sensitivity,CANONICAL_LBFGS,zero_lambda_sensitivity,0.001,true,true,false,77,3.10805780735e-08,0.0371137191714,0.00828862421103,,6.90521154831,,,21,,,whitened
L19_SEED_2,0,ATT_UPDATE,sensitivity,CANONICAL_LBFGS,zero_lambda_sensitivity,1e-05,true,true,false,251,1.37412345338e-08,0.000933714013562,0.00014910306255,,7.20478560346,,,34,,,whitened
L19_SEED_2,0,ATT_UPDATE,sensitivity,CANONICAL_LBFGS,zero_lambda_sensitivity,0.001,true,true,false,83,6.72797152628e-08,0.0388067230236,0.00891029264528,,4.44567001725,,,32,,,whitened
L19_SEED_4,0,ATT_UPDATE,sensitivity,CANONICAL_LBFGS,zero_lambda_sensitivity,1e-05,true,true,false,361,2.04675645093e-08,0.000936257947806,0.000149316529478,,9.61168817437,,,52,,,whitened
L19_SEED_4,0,ATT_UPDATE,sensitivity,CANONICAL_LBFGS,zero_lambda_sensitivity,0.001,true,true,false,96,3.277702686e-08,0.0388982772208,0.00894596977008,,5.53390147459,,,52,,,whitened
L18_SEED_2_CONTROL,0,ATT_UPDATE,sensitivity,CANONICAL_LBFGS,zero_lambda_sensitivity,1e-05,true,true,false,284,1.45821248126e-08,0.000815196363565,0.000124603437671,,6.40064310544,,,32,,,whitened
L18_SEED_2_CONTROL,0,ATT_UPDATE,sensitivity,CANONICAL_LBFGS,zero_lambda_sensitivity,0.001,true,true,false,77,3.59238831788e-08,0.0351877430907,0.00773727403725,,4.2122767038,,,29,,,whitened
